id,slug,name,branch,level,position_type,province,city,parent_office_id
o0,councilor-of-danglas-abra-o0,"Councilor of Danglas, Abra",legislative,city,elected,ABRA,DANGLAS,o27
o1,councilor-of-la-paz-abra-o1,"Councilor of La Paz, Abra",legislative,city,elected,ABRA,LA PAZ,o27
o2,councilor-of-manabo-abra-o2,"Councilor of Manabo, Abra",legislative,city,elected,ABRA,MANABO,o27
o3,councilor-of-tayum-abra-o3,"Councilor of Tayum, Abra",legislative,city,elected,ABRA,TAYUM,o27
o4,councilor-of-lagangilang-abra-o4,"Councilor of Lagangilang, Abra",legislative,city,elected,ABRA,LAGANGILANG,o27
o5,councilor-of-lagayan-abra-o5,"Councilor of Lagayan, Abra",legislative,city,elected,ABRA,LAGAYAN,o27
o6,councilor-of-malibcong-abra-o6,"Councilor of Malibcong, Abra",legislative,city,elected,ABRA,MALIBCONG,o27
o7,councilor-of-sal-lapadan-abra-o7,"Councilor of Sal Lapadan, Abra",legislative,city,elected,ABRA,SAL LAPADAN,o27
o8,councilor-of-bucay-abra-o8,"Councilor of Bucay, Abra",legislative,city,elected,ABRA,BUCAY,o27
o9,councilor-of-dolores-abra-o9,"Councilor of Dolores, Abra",legislative,city,elected,ABRA,DOLORES,o27
o10,councilor-of-penarrubia-abra-o10,"Councilor of Penarrubia, Abra",legislative,city,elected,ABRA,PENARRUBIA,o27
o11,councilor-of-bangued-abra-o11,"Councilor of Bangued, Abra",legislative,city,elected,ABRA,BANGUED,o27
o12,councilor-of-bucloc-abra-o12,"Councilor of Bucloc, Abra",legislative,city,elected,ABRA,BUCLOC,o27
o13,councilor-of-daguioman-abra-o13,"Councilor of Daguioman, Abra",legislative,city,elected,ABRA,DAGUIOMAN,o27
o14,councilor-of-villaviciosa-abra-o14,"Councilor of Villaviciosa, Abra",legislative,city,elected,ABRA,VILLAVICIOSA,o27
o15,councilor-of-boliney-abra-o15,"Councilor of Boliney, Abra",legislative,city,elected,ABRA,BOLINEY,o27
o16,councilor-of-lacub-abra-o16,"Councilor of Lacub, Abra",legislative,city,elected,ABRA,LACUB,o27
o17,councilor-of-san-juan-abra-o17,"Councilor of San Juan, Abra",legislative,city,elected,ABRA,SAN JUAN,o27
o18,councilor-of-tubo-abra-o18,"Councilor of Tubo, Abra",legislative,city,elected,ABRA,TUBO,o27
o19,councilor-of-pilar-abra-o19,"Councilor of Pilar, Abra",legislative,city,elected,ABRA,PILAR,o27
o20,councilor-of-licuan-baay-abra-o20,"Councilor of Licuan Baay, Abra",legislative,city,elected,ABRA,LICUAN BAAY,o27
o21,councilor-of-pidigan-abra-o21,"Councilor of Pidigan, Abra",legislative,city,elected,ABRA,PIDIGAN,o27
o22,councilor-of-langiden-abra-o22,"Councilor of Langiden, Abra",legislative,city,elected,ABRA,LANGIDEN,o27
o23,councilor-of-luba-abra-o23,"Councilor of Luba, Abra",legislative,city,elected,ABRA,LUBA,o27
o24,councilor-of-san-isidro-abra-o24,"Councilor of San Isidro, Abra",legislative,city,elected,ABRA,SAN ISIDRO,o27
o25,councilor-of-tineg-abra-o25,"Councilor of Tineg, Abra",legislative,city,elected,ABRA,TINEG,o27
o26,councilor-of-san-quintin-abra-o26,"Councilor of San Quintin, Abra",legislative,city,elected,ABRA,SAN QUINTIN,o27
o27,governor-of-abra-o27,Governor of Abra,executive,provincial,elected,ABRA,,
o28,mayor-of-danglas-abra-o28,"Mayor of Danglas, Abra",executive,city,elected,ABRA,DANGLAS,o27
o29,mayor-of-malibcong-abra-o29,"Mayor of Malibcong, Abra",executive,city,elected,ABRA,MALIBCONG,o27
o30,mayor-of-boliney-abra-o30,"Mayor of Boliney, Abra",executive,city,elected,ABRA,BOLINEY,o27
o31,mayor-of-lacub-abra-o31,"Mayor of Lacub, Abra",executive,city,elected,ABRA,LACUB,o27
o32,mayor-of-licuan-baay-abra-o32,"Mayor of Licuan Baay, Abra",executive,city,elected,ABRA,LICUAN BAAY,o27
o33,mayor-of-tineg-abra-o33,"Mayor of Tineg, Abra",executive,city,elected,ABRA,TINEG,o27
o34,mayor-of-bucay-abra-o34,"Mayor of Bucay, Abra",executive,city,elected,ABRA,BUCAY,o27
o35,mayor-of-la-paz-abra-o35,"Mayor of La Paz, Abra",executive,city,elected,ABRA,LA PAZ,o27
o36,mayor-of-sal-lapadan-abra-o36,"Mayor of Sal Lapadan, Abra",executive,city,elected,ABRA,SAL LAPADAN,o27
o37,mayor-of-langiden-abra-o37,"Mayor of Langiden, Abra",executive,city,elected,ABRA,LANGIDEN,o27
o38,mayor-of-daguioman-abra-o38,"Mayor of Daguioman, Abra",executive,city,elected,ABRA,DAGUIOMAN,o27
o39,mayor-of-san-quintin-abra-o39,"Mayor of San Quintin, Abra",executive,city,elected,ABRA,SAN QUINTIN,o27
o40,mayor-of-manabo-abra-o40,"Mayor of Manabo, Abra",executive,city,elected,ABRA,MANABO,o27
o41,mayor-of-penarrubia-abra-o41,"Mayor of Penarrubia, Abra",executive,city,elected,ABRA,PENARRUBIA,o27
o42,mayor-of-tayum-abra-o42,"Mayor of Tayum, Abra",executive,city,elected,ABRA,TAYUM,o27
o43,mayor-of-dolores-abra-o43,"Mayor of Dolores, Abra",executive,city,elected,ABRA,DOLORES,o27
o44,mayor-of-villaviciosa-abra-o44,"Mayor of Villaviciosa, Abra",executive,city,elected,ABRA,VILLAVICIOSA,o27
o45,mayor-of-lagayan-abra-o45,"Mayor of Lagayan, Abra",executive,city,elected,ABRA,LAGAYAN,o27
o46,mayor-of-bucloc-abra-o46,"Mayor of Bucloc, Abra",executive,city,elected,ABRA,BUCLOC,o27
o47,mayor-of-san-isidro-abra-o47,"Mayor of San Isidro, Abra",executive,city,elected,ABRA,SAN ISIDRO,o27
o48,mayor-of-pidigan-abra-o48,"Mayor of Pidigan, Abra",executive,city,elected,ABRA,PIDIGAN,o27
o49,mayor-of-luba-abra-o49,"Mayor of Luba, Abra",executive,city,elected,ABRA,LUBA,o27
o50,mayor-of-tubo-abra-o50,"Mayor of Tubo, Abra",executive,city,elected,ABRA,TUBO,o27
o51,mayor-of-lagangilang-abra-o51,"Mayor of Lagangilang, Abra",executive,city,elected,ABRA,LAGANGILANG,o27
o52,mayor-of-pilar-abra-o52,"Mayor of Pilar, Abra",executive,city,elected,ABRA,PILAR,o27
o53,mayor-of-san-juan-abra-o53,"Mayor of San Juan, Abra",executive,city,elected,ABRA,SAN JUAN,o27
o54,mayor-of-bangued-abra-o54,"Mayor of Bangued, Abra",executive,city,elected,ABRA,BANGUED,o27
o55,representative-abra-o55,"Representative, , Abra",legislative,national,elected,ABRA,,
o56,provincial-board-member-of-abra-o56,Provincial Board Member of Abra,legislative,provincial,elected,ABRA,,
o57,vice-governor-of-abra-o57,Vice Governor of Abra,executive,provincial,elected,ABRA,,
o58,vice-mayor-of-penarrubia-abra-o58,"Vice Mayor of Penarrubia, Abra",executive,city,elected,ABRA,PENARRUBIA,o27
o59,vice-mayor-of-la-paz-abra-o59,"Vice Mayor of La Paz, Abra",executive,city,elected,ABRA,LA PAZ,o27
o60,vice-mayor-of-daguioman-abra-o60,"Vice Mayor of Daguioman, Abra",executive,city,elected,ABRA,DAGUIOMAN,o27
o61,vice-mayor-of-san-juan-abra-o61,"Vice Mayor of San Juan, Abra",executive,city,elected,ABRA,SAN JUAN,o27
o62,vice-mayor-of-boliney-abra-o62,"Vice Mayor of Boliney, Abra",executive,city,elected,ABRA,BOLINEY,o27
o63,vice-mayor-of-sal-lapadan-abra-o63,"Vice Mayor of Sal Lapadan, Abra",executive,city,elected,ABRA,SAL LAPADAN,o27
o64,vice-mayor-of-villaviciosa-abra-o64,"Vice Mayor of Villaviciosa, Abra",executive,city,elected,ABRA,VILLAVICIOSA,o27
o65,vice-mayor-of-bucay-abra-o65,"Vice Mayor of Bucay, Abra",executive,city,elected,ABRA,BUCAY,o27
o66,vice-mayor-of-pilar-abra-o66,"Vice Mayor of Pilar, Abra",executive,city,elected,ABRA,PILAR,o27
o67,vice-mayor-of-lacub-abra-o67,"Vice Mayor of Lacub, Abra",executive,city,elected,ABRA,LACUB,o27
o68,vice-mayor-of-pidigan-abra-o68,"Vice Mayor of Pidigan, Abra",executive,city,elected,ABRA,PIDIGAN,o27
o69,vice-mayor-of-danglas-abra-o69,"Vice Mayor of Danglas, Abra",executive,city,elected,ABRA,DANGLAS,o27
o70,vice-mayor-of-langiden-abra-o70,"Vice Mayor of Langiden, Abra",executive,city,elected,ABRA,LANGIDEN,o27
o71,vice-mayor-of-san-isidro-abra-o71,"Vice Mayor of San Isidro, Abra",executive,city,elected,ABRA,SAN ISIDRO,o27
o72,vice-mayor-of-bucloc-abra-o72,"Vice Mayor of Bucloc, Abra",executive,city,elected,ABRA,BUCLOC,o27
o73,vice-mayor-of-tineg-abra-o73,"Vice Mayor of Tineg, Abra",executive,city,elected,ABRA,TINEG,o27
o74,vice-mayor-of-luba-abra-o74,"Vice Mayor of Luba, Abra",executive,city,elected,ABRA,LUBA,o27
o75,vice-mayor-of-tubo-abra-o75,"Vice Mayor of Tubo, Abra",executive,city,elected,ABRA,TUBO,o27
o76,vice-mayor-of-tayum-abra-o76,"Vice Mayor of Tayum, Abra",executive,city,elected,ABRA,TAYUM,o27
o77,vice-mayor-of-lagangilang-abra-o77,"Vice Mayor of Lagangilang, Abra",executive,city,elected,ABRA,LAGANGILANG,o27
o78,vice-mayor-of-lagayan-abra-o78,"Vice Mayor of Lagayan, Abra",executive,city,elected,ABRA,LAGAYAN,o27
o79,vice-mayor-of-licuan-baay-abra-o79,"Vice Mayor of Licuan Baay, Abra",executive,city,elected,ABRA,LICUAN BAAY,o27
o80,vice-mayor-of-malibcong-abra-o80,"Vice Mayor of Malibcong, Abra",executive,city,elected,ABRA,MALIBCONG,o27
o81,vice-mayor-of-manabo-abra-o81,"Vice Mayor of Manabo, Abra",executive,city,elected,ABRA,MANABO,o27
o82,vice-mayor-of-san-quintin-abra-o82,"Vice Mayor of San Quintin, Abra",executive,city,elected,ABRA,SAN QUINTIN,o27
o83,vice-mayor-of-bangued-abra-o83,"Vice Mayor of Bangued, Abra",executive,city,elected,ABRA,BANGUED,o27
o84,vice-mayor-of-dolores-abra-o84,"Vice Mayor of Dolores, Abra",executive,city,elected,ABRA,DOLORES,o27
o85,councilor-of-magallanes-agusan-del-norte-o85,"Councilor of Magallanes, Agusan Del Norte",legislative,city,elected,AGUSAN DEL NORTE,MAGALLANES,o97
o86,councilor-of-las-nieves-agusan-del-norte-o86,"Councilor of Las Nieves, Agusan Del Norte",legislative,city,elected,AGUSAN DEL NORTE,LAS NIEVES,o97
o87,councilor-of-buenavista-agusan-del-norte-o87,"Councilor of Buenavista, Agusan Del Norte",legislative,city,elected,AGUSAN DEL NORTE,BUENAVISTA,o97
o88,councilor-of-kitcharao-agusan-del-norte-o88,"Councilor of Kitcharao, Agusan Del Norte",legislative,city,elected,AGUSAN DEL NORTE,KITCHARAO,o97
o89,councilor-of-cabadbaran-agusan-del-norte-o89,"Councilor of Cabadbaran, Agusan Del Norte",legislative,city,elected,AGUSAN DEL NORTE,CABADBARAN,o97
o90,councilor-of-nasipit-agusan-del-norte-o90,"Councilor of Nasipit, Agusan Del Norte",legislative,city,elected,AGUSAN DEL NORTE,NASIPIT,o97
o91,councilor-of-butuan-agusan-del-norte-o91,"Councilor of Butuan, Agusan Del Norte",legislative,city,elected,AGUSAN DEL NORTE,BUTUAN,o97
o92,councilor-of-remedios-t-romualdez-agusan-del-norte-o92,"Councilor of Remedios T Romualdez, Agusan Del Norte",legislative,city,elected,AGUSAN DEL NORTE,REMEDIOS T ROMUALDEZ,o97
o93,councilor-of-tubay-agusan-del-norte-o93,"Councilor of Tubay, Agusan Del Norte",legislative,city,elected,AGUSAN DEL NORTE,TUBAY,o97
o94,councilor-of-carmen-agusan-del-norte-o94,"Councilor of Carmen, Agusan Del Norte",legislative,city,elected,AGUSAN DEL NORTE,CARMEN,o97
o95,councilor-of-santiago-agusan-del-norte-o95,"Councilor of Santiago, Agusan Del Norte",legislative,city,elected,AGUSAN DEL NORTE,SANTIAGO,o97
o96,councilor-of-jabonga-agusan-del-norte-o96,"Councilor of Jabonga, Agusan Del Norte",legislative,city,elected,AGUSAN DEL NORTE,JABONGA,o97
o97,governor-of-agusan-del-norte-o97,Governor of Agusan Del Norte,executive,provincial,elected,AGUSAN DEL NORTE,,
o98,mayor-of-carmen-agusan-del-norte-o98,"Mayor of Carmen, Agusan Del Norte",executive,city,elected,AGUSAN DEL NORTE,CARMEN,o97
o99,mayor-of-nasipit-agusan-del-norte-o99,"Mayor of Nasipit, Agusan Del Norte",executive,city,elected,AGUSAN DEL NORTE,NASIPIT,o97
o100,mayor-of-magallanes-agusan-del-norte-o100,"Mayor of Magallanes, Agusan Del Norte",executive,city,elected,AGUSAN DEL NORTE,MAGALLANES,o97
o101,mayor-of-tubay-agusan-del-norte-o101,"Mayor of Tubay, Agusan Del Norte",executive,city,elected,AGUSAN DEL NORTE,TUBAY,o97
o102,mayor-of-cabadbaran-agusan-del-norte-o102,"Mayor of Cabadbaran, Agusan Del Norte",executive,city,elected,AGUSAN DEL NORTE,CABADBARAN,o97
o103,mayor-of-santiago-agusan-del-norte-o103,"Mayor of Santiago, Agusan Del Norte",executive,city,elected,AGUSAN DEL NORTE,SANTIAGO,o97
o104,mayor-of-kitcharao-agusan-del-norte-o104,"Mayor of Kitcharao, Agusan Del Norte",executive,city,elected,AGUSAN DEL NORTE,KITCHARAO,o97
o105,mayor-of-jabonga-agusan-del-norte-o105,"Mayor of Jabonga, Agusan Del Norte",executive,city,elected,AGUSAN DEL NORTE,JABONGA,o97
o106,mayor-of-butuan-agusan-del-norte-o106,"Mayor of Butuan, Agusan Del Norte",executive,city,elected,AGUSAN DEL NORTE,BUTUAN,o97
o107,mayor-of-buenavista-agusan-del-norte-o107,"Mayor of Buenavista, Agusan Del Norte",executive,city,elected,AGUSAN DEL NORTE,BUENAVISTA,o97
o108,mayor-of-las-nieves-agusan-del-norte-o108,"Mayor of Las Nieves, Agusan Del Norte",executive,city,elected,AGUSAN DEL NORTE,LAS NIEVES,o97
o109,mayor-of-remedios-t-romualdez-agusan-del-norte-o109,"Mayor of Remedios T Romualdez, Agusan Del Norte",executive,city,elected,AGUSAN DEL NORTE,REMEDIOS T ROMUALDEZ,o97
o110,representative-agusan-del-norte-o110,"Representative, , Agusan Del Norte",legislative,national,elected,AGUSAN DEL NORTE,,
o111,provincial-board-member-of-agusan-del-norte-o111,Provincial Board Member of Agusan Del Norte,legislative,provincial,elected,AGUSAN DEL NORTE,,
o112,vice-governor-of-agusan-del-norte-o112,Vice Governor of Agusan Del Norte,executive,provincial,elected,AGUSAN DEL NORTE,,
o113,vice-mayor-of-las-nieves-agusan-del-norte-o113,"Vice Mayor of Las Nieves, Agusan Del Norte",executive,city,elected,AGUSAN DEL NORTE,LAS NIEVES,o97
o114,vice-mayor-of-butuan-agusan-del-norte-o114,"Vice Mayor of Butuan, Agusan Del Norte",executive,city,elected,AGUSAN DEL NORTE,BUTUAN,o97
o115,vice-mayor-of-cabadbaran-agusan-del-norte-o115,"Vice Mayor of Cabadbaran, Agusan Del Norte",executive,city,elected,AGUSAN DEL NORTE,CABADBARAN,o97
o116,vice-mayor-of-nasipit-agusan-del-norte-o116,"Vice Mayor of Nasipit, Agusan Del Norte",executive,city,elected,AGUSAN DEL NORTE,NASIPIT,o97
o117,vice-mayor-of-tubay-agusan-del-norte-o117,"Vice Mayor of Tubay, Agusan Del Norte",executive,city,elected,AGUSAN DEL NORTE,TUBAY,o97
o118,vice-mayor-of-remedios-t-romualdez-agusan-del-norte-o118,"Vice Mayor of Remedios T Romualdez, Agusan Del Norte",executive,city,elected,AGUSAN DEL NORTE,REMEDIOS T ROMUALDEZ,o97
o119,vice-mayor-of-santiago-agusan-del-norte-o119,"Vice Mayor of Santiago, Agusan Del Norte",executive,city,elected,AGUSAN DEL NORTE,SANTIAGO,o97
o120,vice-mayor-of-buenavista-agusan-del-norte-o120,"Vice Mayor of Buenavista, Agusan Del Norte",executive,city,elected,AGUSAN DEL NORTE,BUENAVISTA,o97
o121,vice-mayor-of-jabonga-agusan-del-norte-o121,"Vice Mayor of Jabonga, Agusan Del Norte",executive,city,elected,AGUSAN DEL NORTE,JABONGA,o97
o122,vice-mayor-of-kitcharao-agusan-del-norte-o122,"Vice Mayor of Kitcharao, Agusan Del Norte",executive,city,elected,AGUSAN DEL NORTE,KITCHARAO,o97
o123,vice-mayor-of-magallanes-agusan-del-norte-o123,"Vice Mayor of Magallanes, Agusan Del Norte",executive,city,elected,AGUSAN DEL NORTE,MAGALLANES,o97
o124,vice-mayor-of-carmen-agusan-del-norte-o124,"Vice Mayor of Carmen, Agusan Del Norte",executive,city,elected,AGUSAN DEL NORTE,CARMEN,o97
o125,councilor-of-san-luis-agusan-del-sur-o125,"Councilor of San Luis, Agusan Del Sur",legislative,city,elected,AGUSAN DEL SUR,SAN LUIS,o139
o126,councilor-of-bayugan-agusan-del-sur-o126,"Councilor of Bayugan, Agusan Del Sur",legislative,city,elected,AGUSAN DEL SUR,BAYUGAN,o139
o127,councilor-of-bunawan-agusan-del-sur-o127,"Councilor of Bunawan, Agusan Del Sur",legislative,city,elected,AGUSAN DEL SUR,BUNAWAN,o139
o128,councilor-of-san-francisco-agusan-del-sur-o128,"Councilor of San Francisco, Agusan Del Sur",legislative,city,elected,AGUSAN DEL SUR,SAN FRANCISCO,o139
o129,councilor-of-veruela-agusan-del-sur-o129,"Councilor of Veruela, Agusan Del Sur",legislative,city,elected,AGUSAN DEL SUR,VERUELA,o139
o130,councilor-of-loreto-agusan-del-sur-o130,"Councilor of Loreto, Agusan Del Sur",legislative,city,elected,AGUSAN DEL SUR,LORETO,o139
o131,councilor-of-trento-agusan-del-sur-o131,"Councilor of Trento, Agusan Del Sur",legislative,city,elected,AGUSAN DEL SUR,TRENTO,o139
o132,councilor-of-rosario-agusan-del-sur-o132,"Councilor of Rosario, Agusan Del Sur",legislative,city,elected,AGUSAN DEL SUR,ROSARIO,o139
o133,councilor-of-sibagat-agusan-del-sur-o133,"Councilor of Sibagat, Agusan Del Sur",legislative,city,elected,AGUSAN DEL SUR,SIBAGAT,o139
o134,councilor-of-esperanza-agusan-del-sur-o134,"Councilor of Esperanza, Agusan Del Sur",legislative,city,elected,AGUSAN DEL SUR,ESPERANZA,o139
o135,councilor-of-prosperidad-agusan-del-sur-o135,"Councilor of Prosperidad, Agusan Del Sur",legislative,city,elected,AGUSAN DEL SUR,PROSPERIDAD,o139
o136,councilor-of-santa-josefa-agusan-del-sur-o136,"Councilor of Santa Josefa, Agusan Del Sur",legislative,city,elected,AGUSAN DEL SUR,SANTA JOSEFA,o139
o137,councilor-of-la-paz-agusan-del-sur-o137,"Councilor of La Paz, Agusan Del Sur",legislative,city,elected,AGUSAN DEL SUR,LA PAZ,o139
o138,councilor-of-talacogon-agusan-del-sur-o138,"Councilor of Talacogon, Agusan Del Sur",legislative,city,elected,AGUSAN DEL SUR,TALACOGON,o139
o139,governor-of-agusan-del-sur-o139,Governor of Agusan Del Sur,executive,provincial,elected,AGUSAN DEL SUR,,
o140,mayor-of-bayugan-agusan-del-sur-o140,"Mayor of Bayugan, Agusan Del Sur",executive,city,elected,AGUSAN DEL SUR,BAYUGAN,o139
o141,mayor-of-rosario-agusan-del-sur-o141,"Mayor of Rosario, Agusan Del Sur",executive,city,elected,AGUSAN DEL SUR,ROSARIO,o139
o142,mayor-of-san-luis-agusan-del-sur-o142,"Mayor of San Luis, Agusan Del Sur",executive,city,elected,AGUSAN DEL SUR,SAN LUIS,o139
o143,mayor-of-prosperidad-agusan-del-sur-o143,"Mayor of Prosperidad, Agusan Del Sur",executive,city,elected,AGUSAN DEL SUR,PROSPERIDAD,o139
o144,mayor-of-san-francisco-agusan-del-sur-o144,"Mayor of San Francisco, Agusan Del Sur",executive,city,elected,AGUSAN DEL SUR,SAN FRANCISCO,o139
o145,mayor-of-veruela-agusan-del-sur-o145,"Mayor of Veruela, Agusan Del Sur",executive,city,elected,AGUSAN DEL SUR,VERUELA,o139
o146,mayor-of-sibagat-agusan-del-sur-o146,"Mayor of Sibagat, Agusan Del Sur",executive,city,elected,AGUSAN DEL SUR,SIBAGAT,o139
o147,mayor-of-bunawan-agusan-del-sur-o147,"Mayor of Bunawan, Agusan Del Sur",executive,city,elected,AGUSAN DEL SUR,BUNAWAN,o139
o148,mayor-of-trento-agusan-del-sur-o148,"Mayor of Trento, Agusan Del Sur",executive,city,elected,AGUSAN DEL SUR,TRENTO,o139
o149,mayor-of-talacogon-agusan-del-sur-o149,"Mayor of Talacogon, Agusan Del Sur",executive,city,elected,AGUSAN DEL SUR,TALACOGON,o139
o150,mayor-of-esperanza-agusan-del-sur-o150,"Mayor of Esperanza, Agusan Del Sur",executive,city,elected,AGUSAN DEL SUR,ESPERANZA,o139
o151,mayor-of-la-paz-agusan-del-sur-o151,"Mayor of La Paz, Agusan Del Sur",executive,city,elected,AGUSAN DEL SUR,LA PAZ,o139
o152,mayor-of-santa-josefa-agusan-del-sur-o152,"Mayor of Santa Josefa, Agusan Del Sur",executive,city,elected,AGUSAN DEL SUR,SANTA JOSEFA,o139
o153,mayor-of-loreto-agusan-del-sur-o153,"Mayor of Loreto, Agusan Del Sur",executive,city,elected,AGUSAN DEL SUR,LORETO,o139
o154,representative-agusan-del-sur-o154,"Representative, , Agusan Del Sur",legislative,national,elected,AGUSAN DEL SUR,,
o155,provincial-board-member-of-agusan-del-sur-o155,Provincial Board Member of Agusan Del Sur,legislative,provincial,elected,AGUSAN DEL SUR,,
o156,vice-governor-of-agusan-del-sur-o156,Vice Governor of Agusan Del Sur,executive,provincial,elected,AGUSAN DEL SUR,,
o157,vice-mayor-of-esperanza-agusan-del-sur-o157,"Vice Mayor of Esperanza, Agusan Del Sur",executive,city,elected,AGUSAN DEL SUR,ESPERANZA,o139
o158,vice-mayor-of-trento-agusan-del-sur-o158,"Vice Mayor of Trento, Agusan Del Sur",executive,city,elected,AGUSAN DEL SUR,TRENTO,o139
o159,vice-mayor-of-san-luis-agusan-del-sur-o159,"Vice Mayor of San Luis, Agusan Del Sur",executive,city,elected,AGUSAN DEL SUR,SAN LUIS,o139
o160,vice-mayor-of-sibagat-agusan-del-sur-o160,"Vice Mayor of Sibagat, Agusan Del Sur",executive,city,elected,AGUSAN DEL SUR,SIBAGAT,o139
o161,vice-mayor-of-prosperidad-agusan-del-sur-o161,"Vice Mayor of Prosperidad, Agusan Del Sur",executive,city,elected,AGUSAN DEL SUR,PROSPERIDAD,o139
o162,vice-mayor-of-bayugan-agusan-del-sur-o162,"Vice Mayor of Bayugan, Agusan Del Sur",executive,city,elected,AGUSAN DEL SUR,BAYUGAN,o139
o163,vice-mayor-of-bunawan-agusan-del-sur-o163,"Vice Mayor of Bunawan, Agusan Del Sur",executive,city,elected,AGUSAN DEL SUR,BUNAWAN,o139
o164,vice-mayor-of-loreto-agusan-del-sur-o164,"Vice Mayor of Loreto, Agusan Del Sur",executive,city,elected,AGUSAN DEL SUR,LORETO,o139
o165,vice-mayor-of-la-paz-agusan-del-sur-o165,"Vice Mayor of La Paz, Agusan Del Sur",executive,city,elected,AGUSAN DEL SUR,LA PAZ,o139
o166,vice-mayor-of-veruela-agusan-del-sur-o166,"Vice Mayor of Veruela, Agusan Del Sur",executive,city,elected,AGUSAN DEL SUR,VERUELA,o139
o167,vice-mayor-of-rosario-agusan-del-sur-o167,"Vice Mayor of Rosario, Agusan Del Sur",executive,city,elected,AGUSAN DEL SUR,ROSARIO,o139
o168,vice-mayor-of-santa-josefa-agusan-del-sur-o168,"Vice Mayor of Santa Josefa, Agusan Del Sur",executive,city,elected,AGUSAN DEL SUR,SANTA JOSEFA,o139
o169,vice-mayor-of-talacogon-agusan-del-sur-o169,"Vice Mayor of Talacogon, Agusan Del Sur",executive,city,elected,AGUSAN DEL SUR,TALACOGON,o139
o170,vice-mayor-of-san-francisco-agusan-del-sur-o170,"Vice Mayor of San Francisco, Agusan Del Sur",executive,city,elected,AGUSAN DEL SUR,SAN FRANCISCO,o139
o171,councilor-of-banga-aklan-o171,"Councilor of Banga, Aklan",legislative,city,elected,AKLAN,BANGA,o188
o172,councilor-of-tangalan-aklan-o172,"Councilor of Tangalan, Aklan",legislative,city,elected,AKLAN,TANGALAN,o188
o173,councilor-of-nabas-aklan-o173,"Councilor of Nabas, Aklan",legislative,city,elected,AKLAN,NABAS,o188
o174,councilor-of-new-washington-aklan-o174,"Councilor of New Washington, Aklan",legislative,city,elected,AKLAN,NEW WASHINGTON,o188
o175,councilor-of-lezo-aklan-o175,"Councilor of Lezo, Aklan",legislative,city,elected,AKLAN,LEZO,o188
o176,councilor-of-malay-aklan-o176,"Councilor of Malay, Aklan",legislative,city,elected,AKLAN,MALAY,o188
o177,councilor-of-ibajay-aklan-o177,"Councilor of Ibajay, Aklan",legislative,city,elected,AKLAN,IBAJAY,o188
o178,councilor-of-numancia-aklan-o178,"Councilor of Numancia, Aklan",legislative,city,elected,AKLAN,NUMANCIA,o188
o179,councilor-of-balete-aklan-o179,"Councilor of Balete, Aklan",legislative,city,elected,AKLAN,BALETE,o188
o180,councilor-of-altavas-aklan-o180,"Councilor of Altavas, Aklan",legislative,city,elected,AKLAN,ALTAVAS,o188
o181,councilor-of-kalibo-aklan-o181,"Councilor of Kalibo, Aklan",legislative,city,elected,AKLAN,KALIBO,o188
o182,councilor-of-batan-aklan-o182,"Councilor of Batan, Aklan",legislative,city,elected,AKLAN,BATAN,o188
o183,councilor-of-madalag-aklan-o183,"Councilor of Madalag, Aklan",legislative,city,elected,AKLAN,MADALAG,o188
o184,councilor-of-makato-aklan-o184,"Councilor of Makato, Aklan",legislative,city,elected,AKLAN,MAKATO,o188
o185,councilor-of-malinao-aklan-o185,"Councilor of Malinao, Aklan",legislative,city,elected,AKLAN,MALINAO,o188
o186,councilor-of-buruanga-aklan-o186,"Councilor of Buruanga, Aklan",legislative,city,elected,AKLAN,BURUANGA,o188
o187,councilor-of-libacao-aklan-o187,"Councilor of Libacao, Aklan",legislative,city,elected,AKLAN,LIBACAO,o188
o188,governor-of-aklan-o188,Governor of Aklan,executive,provincial,elected,AKLAN,,
o189,mayor-of-balete-aklan-o189,"Mayor of Balete, Aklan",executive,city,elected,AKLAN,BALETE,o188
o190,mayor-of-malay-aklan-o190,"Mayor of Malay, Aklan",executive,city,elected,AKLAN,MALAY,o188
o191,mayor-of-lezo-aklan-o191,"Mayor of Lezo, Aklan",executive,city,elected,AKLAN,LEZO,o188
o192,mayor-of-banga-aklan-o192,"Mayor of Banga, Aklan",executive,city,elected,AKLAN,BANGA,o188
o193,mayor-of-ibajay-aklan-o193,"Mayor of Ibajay, Aklan",executive,city,elected,AKLAN,IBAJAY,o188
o194,mayor-of-nabas-aklan-o194,"Mayor of Nabas, Aklan",executive,city,elected,AKLAN,NABAS,o188
o195,mayor-of-malinao-aklan-o195,"Mayor of Malinao, Aklan",executive,city,elected,AKLAN,MALINAO,o188
o196,mayor-of-buruanga-aklan-o196,"Mayor of Buruanga, Aklan",executive,city,elected,AKLAN,BURUANGA,o188
o197,mayor-of-makato-aklan-o197,"Mayor of Makato, Aklan",executive,city,elected,AKLAN,MAKATO,o188
o198,mayor-of-libacao-aklan-o198,"Mayor of Libacao, Aklan",executive,city,elected,AKLAN,LIBACAO,o188
o199,mayor-of-madalag-aklan-o199,"Mayor of Madalag, Aklan",executive,city,elected,AKLAN,MADALAG,o188
o200,mayor-of-new-washington-aklan-o200,"Mayor of New Washington, Aklan",executive,city,elected,AKLAN,NEW WASHINGTON,o188
o201,mayor-of-batan-aklan-o201,"Mayor of Batan, Aklan",executive,city,elected,AKLAN,BATAN,o188
o202,mayor-of-kalibo-aklan-o202,"Mayor of Kalibo, Aklan",executive,city,elected,AKLAN,KALIBO,o188
o203,mayor-of-altavas-aklan-o203,"Mayor of Altavas, Aklan",executive,city,elected,AKLAN,ALTAVAS,o188
o204,mayor-of-numancia-aklan-o204,"Mayor of Numancia, Aklan",executive,city,elected,AKLAN,NUMANCIA,o188
o205,mayor-of-tangalan-aklan-o205,"Mayor of Tangalan, Aklan",executive,city,elected,AKLAN,TANGALAN,o188
o206,representative-aklan-o206,"Representative, , Aklan",legislative,national,elected,AKLAN,,
o207,provincial-board-member-of-aklan-o207,Provincial Board Member of Aklan,legislative,provincial,elected,AKLAN,,
o208,vice-governor-of-aklan-o208,Vice Governor of Aklan,executive,provincial,elected,AKLAN,,
o209,vice-mayor-of-batan-aklan-o209,"Vice Mayor of Batan, Aklan",executive,city,elected,AKLAN,BATAN,o188
o210,vice-mayor-of-ibajay-aklan-o210,"Vice Mayor of Ibajay, Aklan",executive,city,elected,AKLAN,IBAJAY,o188
o211,vice-mayor-of-lezo-aklan-o211,"Vice Mayor of Lezo, Aklan",executive,city,elected,AKLAN,LEZO,o188
o212,vice-mayor-of-malay-aklan-o212,"Vice Mayor of Malay, Aklan",executive,city,elected,AKLAN,MALAY,o188
o213,vice-mayor-of-madalag-aklan-o213,"Vice Mayor of Madalag, Aklan",executive,city,elected,AKLAN,MADALAG,o188
o214,vice-mayor-of-tangalan-aklan-o214,"Vice Mayor of Tangalan, Aklan",executive,city,elected,AKLAN,TANGALAN,o188
o215,vice-mayor-of-altavas-aklan-o215,"Vice Mayor of Altavas, Aklan",executive,city,elected,AKLAN,ALTAVAS,o188
o216,vice-mayor-of-malinao-aklan-o216,"Vice Mayor of Malinao, Aklan",executive,city,elected,AKLAN,MALINAO,o188
o217,vice-mayor-of-numancia-aklan-o217,"Vice Mayor of Numancia, Aklan",executive,city,elected,AKLAN,NUMANCIA,o188
o218,vice-mayor-of-new-washington-aklan-o218,"Vice Mayor of New Washington, Aklan",executive,city,elected,AKLAN,NEW WASHINGTON,o188
o219,vice-mayor-of-balete-aklan-o219,"Vice Mayor of Balete, Aklan",executive,city,elected,AKLAN,BALETE,o188
o220,vice-mayor-of-buruanga-aklan-o220,"Vice Mayor of Buruanga, Aklan",executive,city,elected,AKLAN,BURUANGA,o188
o221,vice-mayor-of-kalibo-aklan-o221,"Vice Mayor of Kalibo, Aklan",executive,city,elected,AKLAN,KALIBO,o188
o222,vice-mayor-of-makato-aklan-o222,"Vice Mayor of Makato, Aklan",executive,city,elected,AKLAN,MAKATO,o188
o223,vice-mayor-of-banga-aklan-o223,"Vice Mayor of Banga, Aklan",executive,city,elected,AKLAN,BANGA,o188
o224,vice-mayor-of-libacao-aklan-o224,"Vice Mayor of Libacao, Aklan",executive,city,elected,AKLAN,LIBACAO,o188
o225,vice-mayor-of-nabas-aklan-o225,"Vice Mayor of Nabas, Aklan",executive,city,elected,AKLAN,NABAS,o188
o226,councilor-of-manito-albay-o226,"Councilor of Manito, Albay",legislative,city,elected,ALBAY,MANITO,o244
o227,councilor-of-tabaco-albay-o227,"Councilor of Tabaco, Albay",legislative,city,elected,ALBAY,TABACO,o244
o228,councilor-of-legazpi-albay-o228,"Councilor of Legazpi, Albay",legislative,city,elected,ALBAY,LEGAZPI,o244
o229,councilor-of-bacacay-albay-o229,"Councilor of Bacacay, Albay",legislative,city,elected,ALBAY,BACACAY,o244
o230,councilor-of-jovellar-albay-o230,"Councilor of Jovellar, Albay",legislative,city,elected,ALBAY,JOVELLAR,o244
o231,councilor-of-polangui-albay-o231,"Councilor of Polangui, Albay",legislative,city,elected,ALBAY,POLANGUI,o244
o232,councilor-of-santo-domingo-albay-o232,"Councilor of Santo Domingo, Albay",legislative,city,elected,ALBAY,SANTO DOMINGO,o244
o233,councilor-of-malinao-albay-o233,"Councilor of Malinao, Albay",legislative,city,elected,ALBAY,MALINAO,o244
o234,councilor-of-rapu-rapu-albay-o234,"Councilor of Rapu Rapu, Albay",legislative,city,elected,ALBAY,RAPU RAPU,o244
o235,councilor-of-malilipot-albay-o235,"Councilor of Malilipot, Albay",legislative,city,elected,ALBAY,MALILIPOT,o244
o236,councilor-of-tiwi-albay-o236,"Councilor of Tiwi, Albay",legislative,city,elected,ALBAY,TIWI,o244
o237,councilor-of-ligao-albay-o237,"Councilor of Ligao, Albay",legislative,city,elected,ALBAY,LIGAO,o244
o238,councilor-of-guinobatan-albay-o238,"Councilor of Guinobatan, Albay",legislative,city,elected,ALBAY,GUINOBATAN,o244
o239,councilor-of-camalig-albay-o239,"Councilor of Camalig, Albay",legislative,city,elected,ALBAY,CAMALIG,o244
o240,councilor-of-daraga-albay-o240,"Councilor of Daraga, Albay",legislative,city,elected,ALBAY,DARAGA,o244
o241,councilor-of-pio-duran-albay-o241,"Councilor of Pio Duran, Albay",legislative,city,elected,ALBAY,PIO DURAN,o244
o242,councilor-of-libon-albay-o242,"Councilor of Libon, Albay",legislative,city,elected,ALBAY,LIBON,o244
o243,councilor-of-oas-albay-o243,"Councilor of Oas, Albay",legislative,city,elected,ALBAY,OAS,o244
o244,governor-of-albay-o244,Governor of Albay,executive,provincial,elected,ALBAY,,
o245,mayor-of-santo-domingo-albay-o245,"Mayor of Santo Domingo, Albay",executive,city,elected,ALBAY,SANTO DOMINGO,o244
o246,mayor-of-jovellar-albay-o246,"Mayor of Jovellar, Albay",executive,city,elected,ALBAY,JOVELLAR,o244
o247,mayor-of-bacacay-albay-o247,"Mayor of Bacacay, Albay",executive,city,elected,ALBAY,BACACAY,o244
o248,mayor-of-malilipot-albay-o248,"Mayor of Malilipot, Albay",executive,city,elected,ALBAY,MALILIPOT,o244
o249,mayor-of-tabaco-albay-o249,"Mayor of Tabaco, Albay",executive,city,elected,ALBAY,TABACO,o244
o250,mayor-of-manito-albay-o250,"Mayor of Manito, Albay",executive,city,elected,ALBAY,MANITO,o244
o251,mayor-of-libon-albay-o251,"Mayor of Libon, Albay",executive,city,elected,ALBAY,LIBON,o244
o252,mayor-of-guinobatan-albay-o252,"Mayor of Guinobatan, Albay",executive,city,elected,ALBAY,GUINOBATAN,o244
o253,mayor-of-rapu-rapu-albay-o253,"Mayor of Rapu Rapu, Albay",executive,city,elected,ALBAY,RAPU RAPU,o244
o254,mayor-of-ligao-albay-o254,"Mayor of Ligao, Albay",executive,city,elected,ALBAY,LIGAO,o244
o255,mayor-of-tiwi-albay-o255,"Mayor of Tiwi, Albay",executive,city,elected,ALBAY,TIWI,o244
o256,mayor-of-daraga-albay-o256,"Mayor of Daraga, Albay",executive,city,elected,ALBAY,DARAGA,o244
o257,mayor-of-malinao-albay-o257,"Mayor of Malinao, Albay",executive,city,elected,ALBAY,MALINAO,o244
o258,mayor-of-camalig-albay-o258,"Mayor of Camalig, Albay",executive,city,elected,ALBAY,CAMALIG,o244
o259,mayor-of-oas-albay-o259,"Mayor of Oas, Albay",executive,city,elected,ALBAY,OAS,o244
o260,mayor-of-legazpi-albay-o260,"Mayor of Legazpi, Albay",executive,city,elected,ALBAY,LEGAZPI,o244
o261,mayor-of-polangui-albay-o261,"Mayor of Polangui, Albay",executive,city,elected,ALBAY,POLANGUI,o244
o262,mayor-of-pio-duran-albay-o262,"Mayor of Pio Duran, Albay",executive,city,elected,ALBAY,PIO DURAN,o244
o263,representative-albay-o263,"Representative, , Albay",legislative,national,elected,ALBAY,,
o264,provincial-board-member-of-albay-o264,Provincial Board Member of Albay,legislative,provincial,elected,ALBAY,,
o265,vice-governor-of-albay-o265,Vice Governor of Albay,executive,provincial,elected,ALBAY,,
o266,vice-mayor-of-guinobatan-albay-o266,"Vice Mayor of Guinobatan, Albay",executive,city,elected,ALBAY,GUINOBATAN,o244
o267,vice-mayor-of-manito-albay-o267,"Vice Mayor of Manito, Albay",executive,city,elected,ALBAY,MANITO,o244
o268,vice-mayor-of-camalig-albay-o268,"Vice Mayor of Camalig, Albay",executive,city,elected,ALBAY,CAMALIG,o244
o269,vice-mayor-of-santo-domingo-albay-o269,"Vice Mayor of Santo Domingo, Albay",executive,city,elected,ALBAY,SANTO DOMINGO,o244
o270,vice-mayor-of-daraga-albay-o270,"Vice Mayor of Daraga, Albay",executive,city,elected,ALBAY,DARAGA,o244
o271,vice-mayor-of-bacacay-albay-o271,"Vice Mayor of Bacacay, Albay",executive,city,elected,ALBAY,BACACAY,o244
o272,vice-mayor-of-ligao-albay-o272,"Vice Mayor of Ligao, Albay",executive,city,elected,ALBAY,LIGAO,o244
o273,vice-mayor-of-jovellar-albay-o273,"Vice Mayor of Jovellar, Albay",executive,city,elected,ALBAY,JOVELLAR,o244
o274,vice-mayor-of-tiwi-albay-o274,"Vice Mayor of Tiwi, Albay",executive,city,elected,ALBAY,TIWI,o244
o275,vice-mayor-of-malinao-albay-o275,"Vice Mayor of Malinao, Albay",executive,city,elected,ALBAY,MALINAO,o244
o276,vice-mayor-of-pio-duran-albay-o276,"Vice Mayor of Pio Duran, Albay",executive,city,elected,ALBAY,PIO DURAN,o244
o277,vice-mayor-of-malilipot-albay-o277,"Vice Mayor of Malilipot, Albay",executive,city,elected,ALBAY,MALILIPOT,o244
o278,vice-mayor-of-tabaco-albay-o278,"Vice Mayor of Tabaco, Albay",executive,city,elected,ALBAY,TABACO,o244
o279,vice-mayor-of-polangui-albay-o279,"Vice Mayor of Polangui, Albay",executive,city,elected,ALBAY,POLANGUI,o244
o280,vice-mayor-of-legazpi-albay-o280,"Vice Mayor of Legazpi, Albay",executive,city,elected,ALBAY,LEGAZPI,o244
o281,vice-mayor-of-rapu-rapu-albay-o281,"Vice Mayor of Rapu Rapu, Albay",executive,city,elected,ALBAY,RAPU RAPU,o244
o282,vice-mayor-of-libon-albay-o282,"Vice Mayor of Libon, Albay",executive,city,elected,ALBAY,LIBON,o244
o283,vice-mayor-of-oas-albay-o283,"Vice Mayor of Oas, Albay",executive,city,elected,ALBAY,OAS,o244
o284,councilor-of-bugasong-antique-o284,"Councilor of Bugasong, Antique",legislative,city,elected,ANTIQUE,BUGASONG,o302
o285,councilor-of-libertad-antique-o285,"Councilor of Libertad, Antique",legislative,city,elected,ANTIQUE,LIBERTAD,o302
o286,councilor-of-culasi-antique-o286,"Councilor of Culasi, Antique",legislative,city,elected,ANTIQUE,CULASI,o302
o287,councilor-of-patnongon-antique-o287,"Councilor of Patnongon, Antique",legislative,city,elected,ANTIQUE,PATNONGON,o302
o288,councilor-of-laua-an-antique-o288,"Councilor of Laua An, Antique",legislative,city,elected,ANTIQUE,LAUA AN,o302
o289,councilor-of-san-remigio-antique-o289,"Councilor of San Remigio, Antique",legislative,city,elected,ANTIQUE,SAN REMIGIO,o302
o290,councilor-of-belison-antique-o290,"Councilor of Belison, Antique",legislative,city,elected,ANTIQUE,BELISON,o302
o291,councilor-of-caluya-antique-o291,"Councilor of Caluya, Antique",legislative,city,elected,ANTIQUE,CALUYA,o302
o292,councilor-of-hamtic-antique-o292,"Councilor of Hamtic, Antique",legislative,city,elected,ANTIQUE,HAMTIC,o302
o293,councilor-of-tobias-fornier-antique-o293,"Councilor of Tobias Fornier, Antique",legislative,city,elected,ANTIQUE,TOBIAS FORNIER,o302
o294,councilor-of-san-jose-antique-o294,"Councilor of San Jose, Antique",legislative,city,elected,ANTIQUE,SAN JOSE,o302
o295,councilor-of-sibalom-antique-o295,"Councilor of Sibalom, Antique",legislative,city,elected,ANTIQUE,SIBALOM,o302
o296,councilor-of-pandan-antique-o296,"Councilor of Pandan, Antique",legislative,city,elected,ANTIQUE,PANDAN,o302
o297,councilor-of-tibiao-antique-o297,"Councilor of Tibiao, Antique",legislative,city,elected,ANTIQUE,TIBIAO,o302
o298,councilor-of-sebaste-antique-o298,"Councilor of Sebaste, Antique",legislative,city,elected,ANTIQUE,SEBASTE,o302
o299,councilor-of-barbaza-antique-o299,"Councilor of Barbaza, Antique",legislative,city,elected,ANTIQUE,BARBAZA,o302
o300,councilor-of-valderrama-antique-o300,"Councilor of Valderrama, Antique",legislative,city,elected,ANTIQUE,VALDERRAMA,o302
o301,councilor-of-anini-y-antique-o301,"Councilor of Anini Y, Antique",legislative,city,elected,ANTIQUE,ANINI Y,o302
o302,governor-of-antique-o302,Governor of Antique,executive,provincial,elected,ANTIQUE,,
o303,mayor-of-culasi-antique-o303,"Mayor of Culasi, Antique",executive,city,elected,ANTIQUE,CULASI,o302
o304,mayor-of-patnongon-antique-o304,"Mayor of Patnongon, Antique",executive,city,elected,ANTIQUE,PATNONGON,o302
o305,mayor-of-tobias-fornier-antique-o305,"Mayor of Tobias Fornier, Antique",executive,city,elected,ANTIQUE,TOBIAS FORNIER,o302
o306,mayor-of-san-remigio-antique-o306,"Mayor of San Remigio, Antique",executive,city,elected,ANTIQUE,SAN REMIGIO,o302
o307,mayor-of-san-jose-antique-o307,"Mayor of San Jose, Antique",executive,city,elected,ANTIQUE,SAN JOSE,o302
o308,mayor-of-caluya-antique-o308,"Mayor of Caluya, Antique",executive,city,elected,ANTIQUE,CALUYA,o302
o309,mayor-of-sibalom-antique-o309,"Mayor of Sibalom, Antique",executive,city,elected,ANTIQUE,SIBALOM,o302
o310,mayor-of-bugasong-antique-o310,"Mayor of Bugasong, Antique",executive,city,elected,ANTIQUE,BUGASONG,o302
o311,mayor-of-barbaza-antique-o311,"Mayor of Barbaza, Antique",executive,city,elected,ANTIQUE,BARBAZA,o302
o312,mayor-of-laua-an-antique-o312,"Mayor of Laua An, Antique",executive,city,elected,ANTIQUE,LAUA AN,o302
o313,mayor-of-hamtic-antique-o313,"Mayor of Hamtic, Antique",executive,city,elected,ANTIQUE,HAMTIC,o302
o314,mayor-of-belison-antique-o314,"Mayor of Belison, Antique",executive,city,elected,ANTIQUE,BELISON,o302
o315,mayor-of-anini-y-antique-o315,"Mayor of Anini Y, Antique",executive,city,elected,ANTIQUE,ANINI Y,o302
o316,mayor-of-sebaste-antique-o316,"Mayor of Sebaste, Antique",executive,city,elected,ANTIQUE,SEBASTE,o302
o317,mayor-of-valderrama-antique-o317,"Mayor of Valderrama, Antique",executive,city,elected,ANTIQUE,VALDERRAMA,o302
o318,mayor-of-pandan-antique-o318,"Mayor of Pandan, Antique",executive,city,elected,ANTIQUE,PANDAN,o302
o319,mayor-of-tibiao-antique-o319,"Mayor of Tibiao, Antique",executive,city,elected,ANTIQUE,TIBIAO,o302
o320,mayor-of-libertad-antique-o320,"Mayor of Libertad, Antique",executive,city,elected,ANTIQUE,LIBERTAD,o302
o321,representative-antique-o321,"Representative, , Antique",legislative,national,elected,ANTIQUE,,
o322,provincial-board-member-of-antique-o322,Provincial Board Member of Antique,legislative,provincial,elected,ANTIQUE,,
o323,vice-governor-of-antique-o323,Vice Governor of Antique,executive,provincial,elected,ANTIQUE,,
o324,vice-mayor-of-valderrama-antique-o324,"Vice Mayor of Valderrama, Antique",executive,city,elected,ANTIQUE,VALDERRAMA,o302
o325,vice-mayor-of-bugasong-antique-o325,"Vice Mayor of Bugasong, Antique",executive,city,elected,ANTIQUE,BUGASONG,o302
o326,vice-mayor-of-patnongon-antique-o326,"Vice Mayor of Patnongon, Antique",executive,city,elected,ANTIQUE,PATNONGON,o302
o327,vice-mayor-of-pandan-antique-o327,"Vice Mayor of Pandan, Antique",executive,city,elected,ANTIQUE,PANDAN,o302
o328,vice-mayor-of-culasi-antique-o328,"Vice Mayor of Culasi, Antique",executive,city,elected,ANTIQUE,CULASI,o302
o329,vice-mayor-of-libertad-antique-o329,"Vice Mayor of Libertad, Antique",executive,city,elected,ANTIQUE,LIBERTAD,o302
o330,vice-mayor-of-belison-antique-o330,"Vice Mayor of Belison, Antique",executive,city,elected,ANTIQUE,BELISON,o302
o331,vice-mayor-of-caluya-antique-o331,"Vice Mayor of Caluya, Antique",executive,city,elected,ANTIQUE,CALUYA,o302
o332,vice-mayor-of-hamtic-antique-o332,"Vice Mayor of Hamtic, Antique",executive,city,elected,ANTIQUE,HAMTIC,o302
o333,vice-mayor-of-tibiao-antique-o333,"Vice Mayor of Tibiao, Antique",executive,city,elected,ANTIQUE,TIBIAO,o302
o334,vice-mayor-of-barbaza-antique-o334,"Vice Mayor of Barbaza, Antique",executive,city,elected,ANTIQUE,BARBAZA,o302
o335,vice-mayor-of-san-remigio-antique-o335,"Vice Mayor of San Remigio, Antique",executive,city,elected,ANTIQUE,SAN REMIGIO,o302
o336,vice-mayor-of-san-jose-antique-o336,"Vice Mayor of San Jose, Antique",executive,city,elected,ANTIQUE,SAN JOSE,o302
o337,vice-mayor-of-laua-an-antique-o337,"Vice Mayor of Laua An, Antique",executive,city,elected,ANTIQUE,LAUA AN,o302
o338,vice-mayor-of-anini-y-antique-o338,"Vice Mayor of Anini Y, Antique",executive,city,elected,ANTIQUE,ANINI Y,o302
o339,vice-mayor-of-tobias-fornier-antique-o339,"Vice Mayor of Tobias Fornier, Antique",executive,city,elected,ANTIQUE,TOBIAS FORNIER,o302
o340,vice-mayor-of-sebaste-antique-o340,"Vice Mayor of Sebaste, Antique",executive,city,elected,ANTIQUE,SEBASTE,o302
o341,vice-mayor-of-sibalom-antique-o341,"Vice Mayor of Sibalom, Antique",executive,city,elected,ANTIQUE,SIBALOM,o302
o342,councilor-of-conner-apayao-o342,"Councilor of Conner, Apayao",legislative,city,elected,APAYAO,CONNER,o349
o343,councilor-of-kabugao-apayao-o343,"Councilor of Kabugao, Apayao",legislative,city,elected,APAYAO,KABUGAO,o349
o344,councilor-of-pudtol-apayao-o344,"Councilor of Pudtol, Apayao",legislative,city,elected,APAYAO,PUDTOL,o349
o345,councilor-of-calanasan-apayao-o345,"Councilor of Calanasan, Apayao",legislative,city,elected,APAYAO,CALANASAN,o349
o346,councilor-of-luna-apayao-o346,"Councilor of Luna, Apayao",legislative,city,elected,APAYAO,LUNA,o349
o347,councilor-of-santa-marcela-apayao-o347,"Councilor of Santa Marcela, Apayao",legislative,city,elected,APAYAO,SANTA MARCELA,o349
o348,councilor-of-flora-apayao-o348,"Councilor of Flora, Apayao",legislative,city,elected,APAYAO,FLORA,o349
o349,governor-of-apayao-o349,Governor of Apayao,executive,provincial,elected,APAYAO,,
o350,mayor-of-calanasan-apayao-o350,"Mayor of Calanasan, Apayao",executive,city,elected,APAYAO,CALANASAN,o349
o351,mayor-of-conner-apayao-o351,"Mayor of Conner, Apayao",executive,city,elected,APAYAO,CONNER,o349
o352,mayor-of-flora-apayao-o352,"Mayor of Flora, Apayao",executive,city,elected,APAYAO,FLORA,o349
o353,mayor-of-pudtol-apayao-o353,"Mayor of Pudtol, Apayao",executive,city,elected,APAYAO,PUDTOL,o349
o354,mayor-of-santa-marcela-apayao-o354,"Mayor of Santa Marcela, Apayao",executive,city,elected,APAYAO,SANTA MARCELA,o349
o355,mayor-of-kabugao-apayao-o355,"Mayor of Kabugao, Apayao",executive,city,elected,APAYAO,KABUGAO,o349
o356,mayor-of-luna-apayao-o356,"Mayor of Luna, Apayao",executive,city,elected,APAYAO,LUNA,o349
o357,representative-apayao-o357,"Representative, , Apayao",legislative,national,elected,APAYAO,,
o358,provincial-board-member-of-apayao-o358,Provincial Board Member of Apayao,legislative,provincial,elected,APAYAO,,
o359,vice-governor-of-apayao-o359,Vice Governor of Apayao,executive,provincial,elected,APAYAO,,
o360,vice-mayor-of-luna-apayao-o360,"Vice Mayor of Luna, Apayao",executive,city,elected,APAYAO,LUNA,o349
o361,vice-mayor-of-flora-apayao-o361,"Vice Mayor of Flora, Apayao",executive,city,elected,APAYAO,FLORA,o349
o362,vice-mayor-of-conner-apayao-o362,"Vice Mayor of Conner, Apayao",executive,city,elected,APAYAO,CONNER,o349
o363,vice-mayor-of-kabugao-apayao-o363,"Vice Mayor of Kabugao, Apayao",executive,city,elected,APAYAO,KABUGAO,o349
o364,vice-mayor-of-calanasan-apayao-o364,"Vice Mayor of Calanasan, Apayao",executive,city,elected,APAYAO,CALANASAN,o349
o365,vice-mayor-of-pudtol-apayao-o365,"Vice Mayor of Pudtol, Apayao",executive,city,elected,APAYAO,PUDTOL,o349
o366,vice-mayor-of-santa-marcela-apayao-o366,"Vice Mayor of Santa Marcela, Apayao",executive,city,elected,APAYAO,SANTA MARCELA,o349
o367,councilor-of-san-luis-aurora-o367,"Councilor of San Luis, Aurora",legislative,city,elected,AURORA,SAN LUIS,o375
o368,councilor-of-dilasag-aurora-o368,"Councilor of Dilasag, Aurora",legislative,city,elected,AURORA,DILASAG,o375
o369,councilor-of-casiguran-aurora-o369,"Councilor of Casiguran, Aurora",legislative,city,elected,AURORA,CASIGURAN,o375
o370,councilor-of-baler-aurora-o370,"Councilor of Baler, Aurora",legislative,city,elected,AURORA,BALER,o375
o371,councilor-of-maria-aurora-aurora-o371,"Councilor of Maria Aurora, Aurora",legislative,city,elected,AURORA,MARIA AURORA,o375
o372,councilor-of-dingalan-aurora-o372,"Councilor of Dingalan, Aurora",legislative,city,elected,AURORA,DINGALAN,o375
o373,councilor-of-dinalungan-aurora-o373,"Councilor of Dinalungan, Aurora",legislative,city,elected,AURORA,DINALUNGAN,o375
o374,councilor-of-dipaculao-aurora-o374,"Councilor of Dipaculao, Aurora",legislative,city,elected,AURORA,DIPACULAO,o375
o375,governor-of-aurora-o375,Governor of Aurora,executive,provincial,elected,AURORA,,
o376,mayor-of-dilasag-aurora-o376,"Mayor of Dilasag, Aurora",executive,city,elected,AURORA,DILASAG,o375
o377,mayor-of-casiguran-aurora-o377,"Mayor of Casiguran, Aurora",executive,city,elected,AURORA,CASIGURAN,o375
o378,mayor-of-baler-aurora-o378,"Mayor of Baler, Aurora",executive,city,elected,AURORA,BALER,o375
o379,mayor-of-dinalungan-aurora-o379,"Mayor of Dinalungan, Aurora",executive,city,elected,AURORA,DINALUNGAN,o375
o380,mayor-of-maria-aurora-aurora-o380,"Mayor of Maria Aurora, Aurora",executive,city,elected,AURORA,MARIA AURORA,o375
o381,mayor-of-dingalan-aurora-o381,"Mayor of Dingalan, Aurora",executive,city,elected,AURORA,DINGALAN,o375
o382,mayor-of-san-luis-aurora-o382,"Mayor of San Luis, Aurora",executive,city,elected,AURORA,SAN LUIS,o375
o383,mayor-of-dipaculao-aurora-o383,"Mayor of Dipaculao, Aurora",executive,city,elected,AURORA,DIPACULAO,o375
o384,representative-aurora-o384,"Representative, , Aurora",legislative,national,elected,AURORA,,
o385,provincial-board-member-of-aurora-o385,Provincial Board Member of Aurora,legislative,provincial,elected,AURORA,,
o386,vice-governor-of-aurora-o386,Vice Governor of Aurora,executive,provincial,elected,AURORA,,
o387,vice-mayor-of-maria-aurora-aurora-o387,"Vice Mayor of Maria Aurora, Aurora",executive,city,elected,AURORA,MARIA AURORA,o375
o388,vice-mayor-of-dilasag-aurora-o388,"Vice Mayor of Dilasag, Aurora",executive,city,elected,AURORA,DILASAG,o375
o389,vice-mayor-of-san-luis-aurora-o389,"Vice Mayor of San Luis, Aurora",executive,city,elected,AURORA,SAN LUIS,o375
o390,vice-mayor-of-baler-aurora-o390,"Vice Mayor of Baler, Aurora",executive,city,elected,AURORA,BALER,o375
o391,vice-mayor-of-casiguran-aurora-o391,"Vice Mayor of Casiguran, Aurora",executive,city,elected,AURORA,CASIGURAN,o375
o392,vice-mayor-of-dinalungan-aurora-o392,"Vice Mayor of Dinalungan, Aurora",executive,city,elected,AURORA,DINALUNGAN,o375
o393,vice-mayor-of-dipaculao-aurora-o393,"Vice Mayor of Dipaculao, Aurora",executive,city,elected,AURORA,DIPACULAO,o375
o394,vice-mayor-of-dingalan-aurora-o394,"Vice Mayor of Dingalan, Aurora",executive,city,elected,AURORA,DINGALAN,o375
o395,councilor-of-tuburan-basilan-o395,"Councilor of Tuburan, Basilan",legislative,city,elected,BASILAN,TUBURAN,o402
o396,councilor-of-lantawan-basilan-o396,"Councilor of Lantawan, Basilan",legislative,city,elected,BASILAN,LANTAWAN,o402
o397,councilor-of-maluso-basilan-o397,"Councilor of Maluso, Basilan",legislative,city,elected,BASILAN,MALUSO,o402
o398,councilor-of-isabela-basilan-o398,"Councilor of Isabela, Basilan",legislative,city,elected,BASILAN,ISABELA,o402
o399,councilor-of-lamitan-basilan-o399,"Councilor of Lamitan, Basilan",legislative,city,elected,BASILAN,LAMITAN,o402
o400,councilor-of-tipo-tipo-basilan-o400,"Councilor of Tipo Tipo, Basilan",legislative,city,elected,BASILAN,TIPO TIPO,o402
o401,councilor-of-sumisip-basilan-o401,"Councilor of Sumisip, Basilan",legislative,city,elected,BASILAN,SUMISIP,o402
o402,governor-of-basilan-o402,Governor of Basilan,executive,provincial,elected,BASILAN,,
o403,mayor-of-isabela-basilan-o403,"Mayor of Isabela, Basilan",executive,city,elected,BASILAN,ISABELA,o402
o404,mayor-of-sumisip-basilan-o404,"Mayor of Sumisip, Basilan",executive,city,elected,BASILAN,SUMISIP,o402
o405,mayor-of-lantawan-basilan-o405,"Mayor of Lantawan, Basilan",executive,city,elected,BASILAN,LANTAWAN,o402
o406,mayor-of-tuburan-basilan-o406,"Mayor of Tuburan, Basilan",executive,city,elected,BASILAN,TUBURAN,o402
o407,mayor-of-tipo-tipo-basilan-o407,"Mayor of Tipo Tipo, Basilan",executive,city,elected,BASILAN,TIPO TIPO,o402
o408,mayor-of-lamitan-basilan-o408,"Mayor of Lamitan, Basilan",executive,city,elected,BASILAN,LAMITAN,o402
o409,mayor-of-maluso-basilan-o409,"Mayor of Maluso, Basilan",executive,city,elected,BASILAN,MALUSO,o402
o410,representative-basilan-o410,"Representative, , Basilan",legislative,national,elected,BASILAN,,
o411,provincial-board-member-of-basilan-o411,Provincial Board Member of Basilan,legislative,provincial,elected,BASILAN,,
o412,vice-governor-of-basilan-o412,Vice Governor of Basilan,executive,provincial,elected,BASILAN,,
o413,vice-mayor-of-tipo-tipo-basilan-o413,"Vice Mayor of Tipo Tipo, Basilan",executive,city,elected,BASILAN,TIPO TIPO,o402
o414,vice-mayor-of-lantawan-basilan-o414,"Vice Mayor of Lantawan, Basilan",executive,city,elected,BASILAN,LANTAWAN,o402
o415,vice-mayor-of-lamitan-basilan-o415,"Vice Mayor of Lamitan, Basilan",executive,city,elected,BASILAN,LAMITAN,o402
o416,vice-mayor-of-sumisip-basilan-o416,"Vice Mayor of Sumisip, Basilan",executive,city,elected,BASILAN,SUMISIP,o402
o417,vice-mayor-of-maluso-basilan-o417,"Vice Mayor of Maluso, Basilan",executive,city,elected,BASILAN,MALUSO,o402
o418,vice-mayor-of-tuburan-basilan-o418,"Vice Mayor of Tuburan, Basilan",executive,city,elected,BASILAN,TUBURAN,o402
o419,vice-mayor-of-isabela-basilan-o419,"Vice Mayor of Isabela, Basilan",executive,city,elected,BASILAN,ISABELA,o402
o420,councilor-of-samal-bataan-o420,"Councilor of Samal, Bataan",legislative,city,elected,BATAAN,SAMAL,o432
o421,councilor-of-morong-bataan-o421,"Councilor of Morong, Bataan",legislative,city,elected,BATAAN,MORONG,o432
o422,councilor-of-orion-bataan-o422,"Councilor of Orion, Bataan",legislative,city,elected,BATAAN,ORION,o432
o423,councilor-of-bagac-bataan-o423,"Councilor of Bagac, Bataan",legislative,city,elected,BATAAN,BAGAC,o432
o424,councilor-of-dinalupihan-bataan-o424,"Councilor of Dinalupihan, Bataan",legislative,city,elected,BATAAN,DINALUPIHAN,o432
o425,councilor-of-abucay-bataan-o425,"Councilor of Abucay, Bataan",legislative,city,elected,BATAAN,ABUCAY,o432
o426,councilor-of-balanga-bataan-o426,"Councilor of Balanga, Bataan",legislative,city,elected,BATAAN,BALANGA,o432
o427,councilor-of-hermosa-bataan-o427,"Councilor of Hermosa, Bataan",legislative,city,elected,BATAAN,HERMOSA,o432
o428,councilor-of-orani-bataan-o428,"Councilor of Orani, Bataan",legislative,city,elected,BATAAN,ORANI,o432
o429,councilor-of-limay-bataan-o429,"Councilor of Limay, Bataan",legislative,city,elected,BATAAN,LIMAY,o432
o430,councilor-of-mariveles-bataan-o430,"Councilor of Mariveles, Bataan",legislative,city,elected,BATAAN,MARIVELES,o432
o431,councilor-of-pilar-bataan-o431,"Councilor of Pilar, Bataan",legislative,city,elected,BATAAN,PILAR,o432
o432,governor-of-bataan-o432,Governor of Bataan,executive,provincial,elected,BATAAN,,
o433,mayor-of-samal-bataan-o433,"Mayor of Samal, Bataan",executive,city,elected,BATAAN,SAMAL,o432
o434,mayor-of-hermosa-bataan-o434,"Mayor of Hermosa, Bataan",executive,city,elected,BATAAN,HERMOSA,o432
o435,mayor-of-limay-bataan-o435,"Mayor of Limay, Bataan",executive,city,elected,BATAAN,LIMAY,o432
o436,mayor-of-balanga-bataan-o436,"Mayor of Balanga, Bataan",executive,city,elected,BATAAN,BALANGA,o432
o437,mayor-of-morong-bataan-o437,"Mayor of Morong, Bataan",executive,city,elected,BATAAN,MORONG,o432
o438,mayor-of-orani-bataan-o438,"Mayor of Orani, Bataan",executive,city,elected,BATAAN,ORANI,o432
o439,mayor-of-dinalupihan-bataan-o439,"Mayor of Dinalupihan, Bataan",executive,city,elected,BATAAN,DINALUPIHAN,o432
o440,mayor-of-mariveles-bataan-o440,"Mayor of Mariveles, Bataan",executive,city,elected,BATAAN,MARIVELES,o432
o441,mayor-of-orion-bataan-o441,"Mayor of Orion, Bataan",executive,city,elected,BATAAN,ORION,o432
o442,mayor-of-bagac-bataan-o442,"Mayor of Bagac, Bataan",executive,city,elected,BATAAN,BAGAC,o432
o443,mayor-of-abucay-bataan-o443,"Mayor of Abucay, Bataan",executive,city,elected,BATAAN,ABUCAY,o432
o444,mayor-of-pilar-bataan-o444,"Mayor of Pilar, Bataan",executive,city,elected,BATAAN,PILAR,o432
o445,representative-bataan-o445,"Representative, , Bataan",legislative,national,elected,BATAAN,,
o446,provincial-board-member-of-bataan-o446,Provincial Board Member of Bataan,legislative,provincial,elected,BATAAN,,
o447,vice-governor-of-bataan-o447,Vice Governor of Bataan,executive,provincial,elected,BATAAN,,
o448,vice-mayor-of-limay-bataan-o448,"Vice Mayor of Limay, Bataan",executive,city,elected,BATAAN,LIMAY,o432
o449,vice-mayor-of-bagac-bataan-o449,"Vice Mayor of Bagac, Bataan",executive,city,elected,BATAAN,BAGAC,o432
o450,vice-mayor-of-orion-bataan-o450,"Vice Mayor of Orion, Bataan",executive,city,elected,BATAAN,ORION,o432
o451,vice-mayor-of-morong-bataan-o451,"Vice Mayor of Morong, Bataan",executive,city,elected,BATAAN,MORONG,o432
o452,vice-mayor-of-samal-bataan-o452,"Vice Mayor of Samal, Bataan",executive,city,elected,BATAAN,SAMAL,o432
o453,vice-mayor-of-dinalupihan-bataan-o453,"Vice Mayor of Dinalupihan, Bataan",executive,city,elected,BATAAN,DINALUPIHAN,o432
o454,vice-mayor-of-mariveles-bataan-o454,"Vice Mayor of Mariveles, Bataan",executive,city,elected,BATAAN,MARIVELES,o432
o455,vice-mayor-of-hermosa-bataan-o455,"Vice Mayor of Hermosa, Bataan",executive,city,elected,BATAAN,HERMOSA,o432
o456,vice-mayor-of-pilar-bataan-o456,"Vice Mayor of Pilar, Bataan",executive,city,elected,BATAAN,PILAR,o432
o457,vice-mayor-of-orani-bataan-o457,"Vice Mayor of Orani, Bataan",executive,city,elected,BATAAN,ORANI,o432
o458,vice-mayor-of-abucay-bataan-o458,"Vice Mayor of Abucay, Bataan",executive,city,elected,BATAAN,ABUCAY,o432
o459,vice-mayor-of-balanga-bataan-o459,"Vice Mayor of Balanga, Bataan",executive,city,elected,BATAAN,BALANGA,o432
o460,councilor-of-basco-batanes-o460,"Councilor of Basco, Batanes",legislative,city,elected,BATANES,BASCO,o466
o461,councilor-of-ivana-batanes-o461,"Councilor of Ivana, Batanes",legislative,city,elected,BATANES,IVANA,o466
o462,councilor-of-sabtang-batanes-o462,"Councilor of Sabtang, Batanes",legislative,city,elected,BATANES,SABTANG,o466
o463,councilor-of-itbayat-batanes-o463,"Councilor of Itbayat, Batanes",legislative,city,elected,BATANES,ITBAYAT,o466
o464,councilor-of-mahatao-batanes-o464,"Councilor of Mahatao, Batanes",legislative,city,elected,BATANES,MAHATAO,o466
o465,councilor-of-uyugan-batanes-o465,"Councilor of Uyugan, Batanes",legislative,city,elected,BATANES,UYUGAN,o466
o466,governor-of-batanes-o466,Governor of Batanes,executive,provincial,elected,BATANES,,
o467,mayor-of-mahatao-batanes-o467,"Mayor of Mahatao, Batanes",executive,city,elected,BATANES,MAHATAO,o466
o468,mayor-of-ivana-batanes-o468,"Mayor of Ivana, Batanes",executive,city,elected,BATANES,IVANA,o466
o469,mayor-of-sabtang-batanes-o469,"Mayor of Sabtang, Batanes",executive,city,elected,BATANES,SABTANG,o466
o470,mayor-of-itbayat-batanes-o470,"Mayor of Itbayat, Batanes",executive,city,elected,BATANES,ITBAYAT,o466
o471,mayor-of-uyugan-batanes-o471,"Mayor of Uyugan, Batanes",executive,city,elected,BATANES,UYUGAN,o466
o472,mayor-of-basco-batanes-o472,"Mayor of Basco, Batanes",executive,city,elected,BATANES,BASCO,o466
o473,representative-batanes-o473,"Representative, , Batanes",legislative,national,elected,BATANES,,
o474,provincial-board-member-of-batanes-o474,Provincial Board Member of Batanes,legislative,provincial,elected,BATANES,,
o475,vice-governor-of-batanes-o475,Vice Governor of Batanes,executive,provincial,elected,BATANES,,
o476,vice-mayor-of-sabtang-batanes-o476,"Vice Mayor of Sabtang, Batanes",executive,city,elected,BATANES,SABTANG,o466
o477,vice-mayor-of-uyugan-batanes-o477,"Vice Mayor of Uyugan, Batanes",executive,city,elected,BATANES,UYUGAN,o466
o478,vice-mayor-of-itbayat-batanes-o478,"Vice Mayor of Itbayat, Batanes",executive,city,elected,BATANES,ITBAYAT,o466
o479,vice-mayor-of-mahatao-batanes-o479,"Vice Mayor of Mahatao, Batanes",executive,city,elected,BATANES,MAHATAO,o466
o480,vice-mayor-of-basco-batanes-o480,"Vice Mayor of Basco, Batanes",executive,city,elected,BATANES,BASCO,o466
o481,vice-mayor-of-ivana-batanes-o481,"Vice Mayor of Ivana, Batanes",executive,city,elected,BATANES,IVANA,o466
o482,councilor-of-san-juan-batangas-o482,"Councilor of San Juan, Batangas",legislative,city,elected,BATANGAS,SAN JUAN,o516
o483,councilor-of-san-nicolas-batangas-o483,"Councilor of San Nicolas, Batangas",legislative,city,elected,BATANGAS,SAN NICOLAS,o516
o484,councilor-of-batangas-batangas-o484,"Councilor of Batangas, Batangas",legislative,city,elected,BATANGAS,BATANGAS,o516
o485,councilor-of-cuenca-batangas-o485,"Councilor of Cuenca, Batangas",legislative,city,elected,BATANGAS,CUENCA,o516
o486,councilor-of-lipa-batangas-o486,"Councilor of Lipa, Batangas",legislative,city,elected,BATANGAS,LIPA,o516
o487,councilor-of-san-pascual-batangas-o487,"Councilor of San Pascual, Batangas",legislative,city,elected,BATANGAS,SAN PASCUAL,o516
o488,councilor-of-balayan-batangas-o488,"Councilor of Balayan, Batangas",legislative,city,elected,BATANGAS,BALAYAN,o516
o489,councilor-of-taal-batangas-o489,"Councilor of Taal, Batangas",legislative,city,elected,BATANGAS,TAAL,o516
o490,councilor-of-ibaan-batangas-o490,"Councilor of Ibaan, Batangas",legislative,city,elected,BATANGAS,IBAAN,o516
o491,councilor-of-mabini-batangas-o491,"Councilor of Mabini, Batangas",legislative,city,elected,BATANGAS,MABINI,o516
o492,councilor-of-laurel-batangas-o492,"Councilor of Laurel, Batangas",legislative,city,elected,BATANGAS,LAUREL,o516
o493,councilor-of-lobo-batangas-o493,"Councilor of Lobo, Batangas",legislative,city,elected,BATANGAS,LOBO,o516
o494,councilor-of-nasugbu-batangas-o494,"Councilor of Nasugbu, Batangas",legislative,city,elected,BATANGAS,NASUGBU,o516
o495,councilor-of-taysan-batangas-o495,"Councilor of Taysan, Batangas",legislative,city,elected,BATANGAS,TAYSAN,o516
o496,councilor-of-santo-tomas-batangas-o496,"Councilor of Santo Tomas, Batangas",legislative,city,elected,BATANGAS,SANTO TOMAS,o516
o497,councilor-of-calaca-batangas-o497,"Councilor of Calaca, Batangas",legislative,city,elected,BATANGAS,CALACA,o516
o498,councilor-of-san-luis-batangas-o498,"Councilor of San Luis, Batangas",legislative,city,elected,BATANGAS,SAN LUIS,o516
o499,councilor-of-santa-teresita-batangas-o499,"Councilor of Santa Teresita, Batangas",legislative,city,elected,BATANGAS,SANTA TERESITA,o516
o500,councilor-of-lemery-batangas-o500,"Councilor of Lemery, Batangas",legislative,city,elected,BATANGAS,LEMERY,o516
o501,councilor-of-calatagan-batangas-o501,"Councilor of Calatagan, Batangas",legislative,city,elected,BATANGAS,CALATAGAN,o516
o502,councilor-of-talisay-batangas-o502,"Councilor of Talisay, Batangas",legislative,city,elected,BATANGAS,TALISAY,o516
o503,councilor-of-tingloy-batangas-o503,"Councilor of Tingloy, Batangas",legislative,city,elected,BATANGAS,TINGLOY,o516
o504,councilor-of-agoncillo-batangas-o504,"Councilor of Agoncillo, Batangas",legislative,city,elected,BATANGAS,AGONCILLO,o516
o505,councilor-of-tanauan-batangas-o505,"Councilor of Tanauan, Batangas",legislative,city,elected,BATANGAS,TANAUAN,o516
o506,councilor-of-balete-batangas-o506,"Councilor of Balete, Batangas",legislative,city,elected,BATANGAS,BALETE,o516
o507,councilor-of-bauan-batangas-o507,"Councilor of Bauan, Batangas",legislative,city,elected,BATANGAS,BAUAN,o516
o508,councilor-of-tuy-batangas-o508,"Councilor of Tuy, Batangas",legislative,city,elected,BATANGAS,TUY,o516
o509,councilor-of-alitagtag-batangas-o509,"Councilor of Alitagtag, Batangas",legislative,city,elected,BATANGAS,ALITAGTAG,o516
o510,councilor-of-padre-garcia-batangas-o510,"Councilor of Padre Garcia, Batangas",legislative,city,elected,BATANGAS,PADRE GARCIA,o516
o511,councilor-of-malvar-batangas-o511,"Councilor of Malvar, Batangas",legislative,city,elected,BATANGAS,MALVAR,o516
o512,councilor-of-lian-batangas-o512,"Councilor of Lian, Batangas",legislative,city,elected,BATANGAS,LIAN,o516
o513,councilor-of-rosario-batangas-o513,"Councilor of Rosario, Batangas",legislative,city,elected,BATANGAS,ROSARIO,o516
o514,councilor-of-mataas-na-kahoy-batangas-o514,"Councilor of Mataas Na Kahoy, Batangas",legislative,city,elected,BATANGAS,MATAAS NA KAHOY,o516
o515,councilor-of-san-jose-batangas-o515,"Councilor of San Jose, Batangas",legislative,city,elected,BATANGAS,SAN JOSE,o516
o516,governor-of-batangas-o516,Governor of Batangas,executive,provincial,elected,BATANGAS,,
o517,mayor-of-nasugbu-batangas-o517,"Mayor of Nasugbu, Batangas",executive,city,elected,BATANGAS,NASUGBU,o516
o518,mayor-of-san-nicolas-batangas-o518,"Mayor of San Nicolas, Batangas",executive,city,elected,BATANGAS,SAN NICOLAS,o516
o519,mayor-of-tingloy-batangas-o519,"Mayor of Tingloy, Batangas",executive,city,elected,BATANGAS,TINGLOY,o516
o520,mayor-of-lemery-batangas-o520,"Mayor of Lemery, Batangas",executive,city,elected,BATANGAS,LEMERY,o516
o521,mayor-of-taal-batangas-o521,"Mayor of Taal, Batangas",executive,city,elected,BATANGAS,TAAL,o516
o522,mayor-of-tuy-batangas-o522,"Mayor of Tuy, Batangas",executive,city,elected,BATANGAS,TUY,o516
o523,mayor-of-ibaan-batangas-o523,"Mayor of Ibaan, Batangas",executive,city,elected,BATANGAS,IBAAN,o516
o524,mayor-of-cuenca-batangas-o524,"Mayor of Cuenca, Batangas",executive,city,elected,BATANGAS,CUENCA,o516
o525,mayor-of-tanauan-batangas-o525,"Mayor of Tanauan, Batangas",executive,city,elected,BATANGAS,TANAUAN,o516
o526,mayor-of-agoncillo-batangas-o526,"Mayor of Agoncillo, Batangas",executive,city,elected,BATANGAS,AGONCILLO,o516
o527,mayor-of-batangas-batangas-o527,"Mayor of Batangas, Batangas",executive,city,elected,BATANGAS,BATANGAS,o516
o528,mayor-of-bauan-batangas-o528,"Mayor of Bauan, Batangas",executive,city,elected,BATANGAS,BAUAN,o516
o529,mayor-of-balayan-batangas-o529,"Mayor of Balayan, Batangas",executive,city,elected,BATANGAS,BALAYAN,o516
o530,mayor-of-santa-teresita-batangas-o530,"Mayor of Santa Teresita, Batangas",executive,city,elected,BATANGAS,SANTA TERESITA,o516
o531,mayor-of-san-jose-batangas-o531,"Mayor of San Jose, Batangas",executive,city,elected,BATANGAS,SAN JOSE,o516
o532,mayor-of-calaca-batangas-o532,"Mayor of Calaca, Batangas",executive,city,elected,BATANGAS,CALACA,o516
o533,mayor-of-mataas-na-kahoy-batangas-o533,"Mayor of Mataas Na Kahoy, Batangas",executive,city,elected,BATANGAS,MATAAS NA KAHOY,o516
o534,mayor-of-san-luis-batangas-o534,"Mayor of San Luis, Batangas",executive,city,elected,BATANGAS,SAN LUIS,o516
o535,mayor-of-san-pascual-batangas-o535,"Mayor of San Pascual, Batangas",executive,city,elected,BATANGAS,SAN PASCUAL,o516
o536,mayor-of-san-juan-batangas-o536,"Mayor of San Juan, Batangas",executive,city,elected,BATANGAS,SAN JUAN,o516
o537,mayor-of-talisay-batangas-o537,"Mayor of Talisay, Batangas",executive,city,elected,BATANGAS,TALISAY,o516
o538,mayor-of-calatagan-batangas-o538,"Mayor of Calatagan, Batangas",executive,city,elected,BATANGAS,CALATAGAN,o516
o539,mayor-of-balete-batangas-o539,"Mayor of Balete, Batangas",executive,city,elected,BATANGAS,BALETE,o516
o540,mayor-of-laurel-batangas-o540,"Mayor of Laurel, Batangas",executive,city,elected,BATANGAS,LAUREL,o516
o541,mayor-of-lobo-batangas-o541,"Mayor of Lobo, Batangas",executive,city,elected,BATANGAS,LOBO,o516
o542,mayor-of-taysan-batangas-o542,"Mayor of Taysan, Batangas",executive,city,elected,BATANGAS,TAYSAN,o516
o543,mayor-of-lipa-batangas-o543,"Mayor of Lipa, Batangas",executive,city,elected,BATANGAS,LIPA,o516
o544,mayor-of-alitagtag-batangas-o544,"Mayor of Alitagtag, Batangas",executive,city,elected,BATANGAS,ALITAGTAG,o516
o545,mayor-of-malvar-batangas-o545,"Mayor of Malvar, Batangas",executive,city,elected,BATANGAS,MALVAR,o516
o546,mayor-of-padre-garcia-batangas-o546,"Mayor of Padre Garcia, Batangas",executive,city,elected,BATANGAS,PADRE GARCIA,o516
o547,mayor-of-santo-tomas-batangas-o547,"Mayor of Santo Tomas, Batangas",executive,city,elected,BATANGAS,SANTO TOMAS,o516
o548,mayor-of-mabini-batangas-o548,"Mayor of Mabini, Batangas",executive,city,elected,BATANGAS,MABINI,o516
o549,mayor-of-lian-batangas-o549,"Mayor of Lian, Batangas",executive,city,elected,BATANGAS,LIAN,o516
o550,mayor-of-rosario-batangas-o550,"Mayor of Rosario, Batangas",executive,city,elected,BATANGAS,ROSARIO,o516
o551,representative-batangas-o551,"Representative, , Batangas",legislative,national,elected,BATANGAS,,
o552,provincial-board-member-of-batangas-o552,Provincial Board Member of Batangas,legislative,provincial,elected,BATANGAS,,
o553,vice-governor-of-batangas-o553,Vice Governor of Batangas,executive,provincial,elected,BATANGAS,,
o554,vice-mayor-of-rosario-batangas-o554,"Vice Mayor of Rosario, Batangas",executive,city,elected,BATANGAS,ROSARIO,o516
o555,vice-mayor-of-tuy-batangas-o555,"Vice Mayor of Tuy, Batangas",executive,city,elected,BATANGAS,TUY,o516
o556,vice-mayor-of-lobo-batangas-o556,"Vice Mayor of Lobo, Batangas",executive,city,elected,BATANGAS,LOBO,o516
o557,vice-mayor-of-malvar-batangas-o557,"Vice Mayor of Malvar, Batangas",executive,city,elected,BATANGAS,MALVAR,o516
o558,vice-mayor-of-laurel-batangas-o558,"Vice Mayor of Laurel, Batangas",executive,city,elected,BATANGAS,LAUREL,o516
o559,vice-mayor-of-san-pascual-batangas-o559,"Vice Mayor of San Pascual, Batangas",executive,city,elected,BATANGAS,SAN PASCUAL,o516
o560,vice-mayor-of-calaca-batangas-o560,"Vice Mayor of Calaca, Batangas",executive,city,elected,BATANGAS,CALACA,o516
o561,vice-mayor-of-san-nicolas-batangas-o561,"Vice Mayor of San Nicolas, Batangas",executive,city,elected,BATANGAS,SAN NICOLAS,o516
o562,vice-mayor-of-mabini-batangas-o562,"Vice Mayor of Mabini, Batangas",executive,city,elected,BATANGAS,MABINI,o516
o563,vice-mayor-of-batangas-batangas-o563,"Vice Mayor of Batangas, Batangas",executive,city,elected,BATANGAS,BATANGAS,o516
o564,vice-mayor-of-taysan-batangas-o564,"Vice Mayor of Taysan, Batangas",executive,city,elected,BATANGAS,TAYSAN,o516
o565,vice-mayor-of-san-luis-batangas-o565,"Vice Mayor of San Luis, Batangas",executive,city,elected,BATANGAS,SAN LUIS,o516
o566,vice-mayor-of-alitagtag-batangas-o566,"Vice Mayor of Alitagtag, Batangas",executive,city,elected,BATANGAS,ALITAGTAG,o516
o567,vice-mayor-of-mataas-na-kahoy-batangas-o567,"Vice Mayor of Mataas Na Kahoy, Batangas",executive,city,elected,BATANGAS,MATAAS NA KAHOY,o516
o568,vice-mayor-of-tanauan-batangas-o568,"Vice Mayor of Tanauan, Batangas",executive,city,elected,BATANGAS,TANAUAN,o516
o569,vice-mayor-of-bauan-batangas-o569,"Vice Mayor of Bauan, Batangas",executive,city,elected,BATANGAS,BAUAN,o516
o570,vice-mayor-of-lian-batangas-o570,"Vice Mayor of Lian, Batangas",executive,city,elected,BATANGAS,LIAN,o516
o571,vice-mayor-of-balayan-batangas-o571,"Vice Mayor of Balayan, Batangas",executive,city,elected,BATANGAS,BALAYAN,o516
o572,vice-mayor-of-talisay-batangas-o572,"Vice Mayor of Talisay, Batangas",executive,city,elected,BATANGAS,TALISAY,o516
o573,vice-mayor-of-lipa-batangas-o573,"Vice Mayor of Lipa, Batangas",executive,city,elected,BATANGAS,LIPA,o516
o574,vice-mayor-of-santo-tomas-batangas-o574,"Vice Mayor of Santo Tomas, Batangas",executive,city,elected,BATANGAS,SANTO TOMAS,o516
o575,vice-mayor-of-tingloy-batangas-o575,"Vice Mayor of Tingloy, Batangas",executive,city,elected,BATANGAS,TINGLOY,o516
o576,vice-mayor-of-cuenca-batangas-o576,"Vice Mayor of Cuenca, Batangas",executive,city,elected,BATANGAS,CUENCA,o516
o577,vice-mayor-of-santa-teresita-batangas-o577,"Vice Mayor of Santa Teresita, Batangas",executive,city,elected,BATANGAS,SANTA TERESITA,o516
o578,vice-mayor-of-taal-batangas-o578,"Vice Mayor of Taal, Batangas",executive,city,elected,BATANGAS,TAAL,o516
o579,vice-mayor-of-san-juan-batangas-o579,"Vice Mayor of San Juan, Batangas",executive,city,elected,BATANGAS,SAN JUAN,o516
o580,vice-mayor-of-lemery-batangas-o580,"Vice Mayor of Lemery, Batangas",executive,city,elected,BATANGAS,LEMERY,o516
o581,vice-mayor-of-padre-garcia-batangas-o581,"Vice Mayor of Padre Garcia, Batangas",executive,city,elected,BATANGAS,PADRE GARCIA,o516
o582,vice-mayor-of-agoncillo-batangas-o582,"Vice Mayor of Agoncillo, Batangas",executive,city,elected,BATANGAS,AGONCILLO,o516
o583,vice-mayor-of-san-jose-batangas-o583,"Vice Mayor of San Jose, Batangas",executive,city,elected,BATANGAS,SAN JOSE,o516
o584,vice-mayor-of-balete-batangas-o584,"Vice Mayor of Balete, Batangas",executive,city,elected,BATANGAS,BALETE,o516
o585,vice-mayor-of-ibaan-batangas-o585,"Vice Mayor of Ibaan, Batangas",executive,city,elected,BATANGAS,IBAAN,o516
o586,vice-mayor-of-nasugbu-batangas-o586,"Vice Mayor of Nasugbu, Batangas",executive,city,elected,BATANGAS,NASUGBU,o516
o587,vice-mayor-of-calatagan-batangas-o587,"Vice Mayor of Calatagan, Batangas",executive,city,elected,BATANGAS,CALATAGAN,o516
o588,councilor-of-kabayan-benguet-o588,"Councilor of Kabayan, Benguet",legislative,city,elected,BENGUET,KABAYAN,o602
o589,councilor-of-atok-benguet-o589,"Councilor of Atok, Benguet",legislative,city,elected,BENGUET,ATOK,o602
o590,councilor-of-bakun-benguet-o590,"Councilor of Bakun, Benguet",legislative,city,elected,BENGUET,BAKUN,o602
o591,councilor-of-kapangan-benguet-o591,"Councilor of Kapangan, Benguet",legislative,city,elected,BENGUET,KAPANGAN,o602
o592,councilor-of-baguio-benguet-o592,"Councilor of Baguio, Benguet",legislative,city,elected,BENGUET,BAGUIO,o602
o593,councilor-of-bokod-benguet-o593,"Councilor of Bokod, Benguet",legislative,city,elected,BENGUET,BOKOD,o602
o594,councilor-of-tuba-benguet-o594,"Councilor of Tuba, Benguet",legislative,city,elected,BENGUET,TUBA,o602
o595,councilor-of-mankayan-benguet-o595,"Councilor of Mankayan, Benguet",legislative,city,elected,BENGUET,MANKAYAN,o602
o596,councilor-of-kibungan-benguet-o596,"Councilor of Kibungan, Benguet",legislative,city,elected,BENGUET,KIBUNGAN,o602
o597,councilor-of-sablan-benguet-o597,"Councilor of Sablan, Benguet",legislative,city,elected,BENGUET,SABLAN,o602
o598,councilor-of-buguias-benguet-o598,"Councilor of Buguias, Benguet",legislative,city,elected,BENGUET,BUGUIAS,o602
o599,councilor-of-tublay-benguet-o599,"Councilor of Tublay, Benguet",legislative,city,elected,BENGUET,TUBLAY,o602
o600,councilor-of-itogon-benguet-o600,"Councilor of Itogon, Benguet",legislative,city,elected,BENGUET,ITOGON,o602
o601,councilor-of-la-trinidad-benguet-o601,"Councilor of La Trinidad, Benguet",legislative,city,elected,BENGUET,LA TRINIDAD,o602
o602,governor-of-benguet-o602,Governor of Benguet,executive,provincial,elected,BENGUET,,
o603,mayor-of-atok-benguet-o603,"Mayor of Atok, Benguet",executive,city,elected,BENGUET,ATOK,o602
o604,mayor-of-tuba-benguet-o604,"Mayor of Tuba, Benguet",executive,city,elected,BENGUET,TUBA,o602
o605,mayor-of-buguias-benguet-o605,"Mayor of Buguias, Benguet",executive,city,elected,BENGUET,BUGUIAS,o602
o606,mayor-of-la-trinidad-benguet-o606,"Mayor of La Trinidad, Benguet",executive,city,elected,BENGUET,LA TRINIDAD,o602
o607,mayor-of-itogon-benguet-o607,"Mayor of Itogon, Benguet",executive,city,elected,BENGUET,ITOGON,o602
o608,mayor-of-kapangan-benguet-o608,"Mayor of Kapangan, Benguet",executive,city,elected,BENGUET,KAPANGAN,o602
o609,mayor-of-mankayan-benguet-o609,"Mayor of Mankayan, Benguet",executive,city,elected,BENGUET,MANKAYAN,o602
o610,mayor-of-bokod-benguet-o610,"Mayor of Bokod, Benguet",executive,city,elected,BENGUET,BOKOD,o602
o611,mayor-of-kabayan-benguet-o611,"Mayor of Kabayan, Benguet",executive,city,elected,BENGUET,KABAYAN,o602
o612,mayor-of-kibungan-benguet-o612,"Mayor of Kibungan, Benguet",executive,city,elected,BENGUET,KIBUNGAN,o602
o613,mayor-of-bakun-benguet-o613,"Mayor of Bakun, Benguet",executive,city,elected,BENGUET,BAKUN,o602
o614,mayor-of-sablan-benguet-o614,"Mayor of Sablan, Benguet",executive,city,elected,BENGUET,SABLAN,o602
o615,mayor-of-tublay-benguet-o615,"Mayor of Tublay, Benguet",executive,city,elected,BENGUET,TUBLAY,o602
o616,mayor-of-baguio-benguet-o616,"Mayor of Baguio, Benguet",executive,city,elected,BENGUET,BAGUIO,o602
o617,representative-benguet-o617,"Representative, , Benguet",legislative,national,elected,BENGUET,,
o618,provincial-board-member-of-benguet-o618,Provincial Board Member of Benguet,legislative,provincial,elected,BENGUET,,
o619,vice-governor-of-benguet-o619,Vice Governor of Benguet,executive,provincial,elected,BENGUET,,
o620,vice-mayor-of-tuba-benguet-o620,"Vice Mayor of Tuba, Benguet",executive,city,elected,BENGUET,TUBA,o602
o621,vice-mayor-of-bokod-benguet-o621,"Vice Mayor of Bokod, Benguet",executive,city,elected,BENGUET,BOKOD,o602
o622,vice-mayor-of-kabayan-benguet-o622,"Vice Mayor of Kabayan, Benguet",executive,city,elected,BENGUET,KABAYAN,o602
o623,vice-mayor-of-kapangan-benguet-o623,"Vice Mayor of Kapangan, Benguet",executive,city,elected,BENGUET,KAPANGAN,o602
o624,vice-mayor-of-la-trinidad-benguet-o624,"Vice Mayor of La Trinidad, Benguet",executive,city,elected,BENGUET,LA TRINIDAD,o602
o625,vice-mayor-of-mankayan-benguet-o625,"Vice Mayor of Mankayan, Benguet",executive,city,elected,BENGUET,MANKAYAN,o602
o626,vice-mayor-of-itogon-benguet-o626,"Vice Mayor of Itogon, Benguet",executive,city,elected,BENGUET,ITOGON,o602
o627,vice-mayor-of-atok-benguet-o627,"Vice Mayor of Atok, Benguet",executive,city,elected,BENGUET,ATOK,o602
o628,vice-mayor-of-sablan-benguet-o628,"Vice Mayor of Sablan, Benguet",executive,city,elected,BENGUET,SABLAN,o602
o629,vice-mayor-of-bakun-benguet-o629,"Vice Mayor of Bakun, Benguet",executive,city,elected,BENGUET,BAKUN,o602
o630,vice-mayor-of-buguias-benguet-o630,"Vice Mayor of Buguias, Benguet",executive,city,elected,BENGUET,BUGUIAS,o602
o631,vice-mayor-of-tublay-benguet-o631,"Vice Mayor of Tublay, Benguet",executive,city,elected,BENGUET,TUBLAY,o602
o632,vice-mayor-of-kibungan-benguet-o632,"Vice Mayor of Kibungan, Benguet",executive,city,elected,BENGUET,KIBUNGAN,o602
o633,vice-mayor-of-baguio-benguet-o633,"Vice Mayor of Baguio, Benguet",executive,city,elected,BENGUET,BAGUIO,o602
o634,councilor-of-maripipi-biliran-o634,"Councilor of Maripipi, Biliran",legislative,city,elected,BILIRAN,MARIPIPI,o642
o635,councilor-of-almeria-biliran-o635,"Councilor of Almeria, Biliran",legislative,city,elected,BILIRAN,ALMERIA,o642
o636,councilor-of-naval-biliran-o636,"Councilor of Naval, Biliran",legislative,city,elected,BILIRAN,NAVAL,o642
o637,councilor-of-biliran-biliran-o637,"Councilor of Biliran, Biliran",legislative,city,elected,BILIRAN,BILIRAN,o642
o638,councilor-of-caibiran-biliran-o638,"Councilor of Caibiran, Biliran",legislative,city,elected,BILIRAN,CAIBIRAN,o642
o639,councilor-of-culaba-biliran-o639,"Councilor of Culaba, Biliran",legislative,city,elected,BILIRAN,CULABA,o642
o640,councilor-of-cabucgayan-biliran-o640,"Councilor of Cabucgayan, Biliran",legislative,city,elected,BILIRAN,CABUCGAYAN,o642
o641,councilor-of-kawayan-biliran-o641,"Councilor of Kawayan, Biliran",legislative,city,elected,BILIRAN,KAWAYAN,o642
o642,governor-of-biliran-o642,Governor of Biliran,executive,provincial,elected,BILIRAN,,
o643,mayor-of-kawayan-biliran-o643,"Mayor of Kawayan, Biliran",executive,city,elected,BILIRAN,KAWAYAN,o642
o644,mayor-of-naval-biliran-o644,"Mayor of Naval, Biliran",executive,city,elected,BILIRAN,NAVAL,o642
o645,mayor-of-culaba-biliran-o645,"Mayor of Culaba, Biliran",executive,city,elected,BILIRAN,CULABA,o642
o646,mayor-of-cabucgayan-biliran-o646,"Mayor of Cabucgayan, Biliran",executive,city,elected,BILIRAN,CABUCGAYAN,o642
o647,mayor-of-maripipi-biliran-o647,"Mayor of Maripipi, Biliran",executive,city,elected,BILIRAN,MARIPIPI,o642
o648,mayor-of-caibiran-biliran-o648,"Mayor of Caibiran, Biliran",executive,city,elected,BILIRAN,CAIBIRAN,o642
o649,mayor-of-biliran-biliran-o649,"Mayor of Biliran, Biliran",executive,city,elected,BILIRAN,BILIRAN,o642
o650,mayor-of-almeria-biliran-o650,"Mayor of Almeria, Biliran",executive,city,elected,BILIRAN,ALMERIA,o642
o651,representative-biliran-o651,"Representative, , Biliran",legislative,national,elected,BILIRAN,,
o652,provincial-board-member-of-biliran-o652,Provincial Board Member of Biliran,legislative,provincial,elected,BILIRAN,,
o653,vice-governor-of-biliran-o653,Vice Governor of Biliran,executive,provincial,elected,BILIRAN,,
o654,vice-mayor-of-caibiran-biliran-o654,"Vice Mayor of Caibiran, Biliran",executive,city,elected,BILIRAN,CAIBIRAN,o642
o655,vice-mayor-of-naval-biliran-o655,"Vice Mayor of Naval, Biliran",executive,city,elected,BILIRAN,NAVAL,o642
o656,vice-mayor-of-culaba-biliran-o656,"Vice Mayor of Culaba, Biliran",executive,city,elected,BILIRAN,CULABA,o642
o657,vice-mayor-of-biliran-biliran-o657,"Vice Mayor of Biliran, Biliran",executive,city,elected,BILIRAN,BILIRAN,o642
o658,vice-mayor-of-almeria-biliran-o658,"Vice Mayor of Almeria, Biliran",executive,city,elected,BILIRAN,ALMERIA,o642
o659,vice-mayor-of-maripipi-biliran-o659,"Vice Mayor of Maripipi, Biliran",executive,city,elected,BILIRAN,MARIPIPI,o642
o660,vice-mayor-of-cabucgayan-biliran-o660,"Vice Mayor of Cabucgayan, Biliran",executive,city,elected,BILIRAN,CABUCGAYAN,o642
o661,vice-mayor-of-kawayan-biliran-o661,"Vice Mayor of Kawayan, Biliran",executive,city,elected,BILIRAN,KAWAYAN,o642
o662,councilor-of-pres-c-p-garcia-bohol-o662,"Councilor of Pres C P Garcia, Bohol",legislative,city,elected,BOHOL,PRES C P GARCIA,o710
o663,councilor-of-ubay-bohol-o663,"Councilor of Ubay, Bohol",legislative,city,elected,BOHOL,UBAY,o710
o664,councilor-of-jetafe-bohol-o664,"Councilor of Jetafe, Bohol",legislative,city,elected,BOHOL,JETAFE,o710
o665,councilor-of-antequera-bohol-o665,"Councilor of Antequera, Bohol",legislative,city,elected,BOHOL,ANTEQUERA,o710
o666,councilor-of-duero-bohol-o666,"Councilor of Duero, Bohol",legislative,city,elected,BOHOL,DUERO,o710
o667,councilor-of-sierra-bullones-bohol-o667,"Councilor of Sierra Bullones, Bohol",legislative,city,elected,BOHOL,SIERRA BULLONES,o710
o668,councilor-of-carmen-bohol-o668,"Councilor of Carmen, Bohol",legislative,city,elected,BOHOL,CARMEN,o710
o669,councilor-of-batuan-bohol-o669,"Councilor of Batuan, Bohol",legislative,city,elected,BOHOL,BATUAN,o710
o670,councilor-of-dimiao-bohol-o670,"Councilor of Dimiao, Bohol",legislative,city,elected,BOHOL,DIMIAO,o710
o671,councilor-of-garcia-hernandez-bohol-o671,"Councilor of Garcia Hernandez, Bohol",legislative,city,elected,BOHOL,GARCIA HERNANDEZ,o710
o672,councilor-of-inabanga-bohol-o672,"Councilor of Inabanga, Bohol",legislative,city,elected,BOHOL,INABANGA,o710
o673,councilor-of-clarin-bohol-o673,"Councilor of Clarin, Bohol",legislative,city,elected,BOHOL,CLARIN,o710
o674,councilor-of-san-miguel-bohol-o674,"Councilor of San Miguel, Bohol",legislative,city,elected,BOHOL,SAN MIGUEL,o710
o675,councilor-of-pilar-bohol-o675,"Councilor of Pilar, Bohol",legislative,city,elected,BOHOL,PILAR,o710
o676,councilor-of-anda-bohol-o676,"Councilor of Anda, Bohol",legislative,city,elected,BOHOL,ANDA,o710
o677,councilor-of-candijay-bohol-o677,"Councilor of Candijay, Bohol",legislative,city,elected,BOHOL,CANDIJAY,o710
o678,councilor-of-guindulman-bohol-o678,"Councilor of Guindulman, Bohol",legislative,city,elected,BOHOL,GUINDULMAN,o710
o679,councilor-of-tagbilaran-bohol-o679,"Councilor of Tagbilaran, Bohol",legislative,city,elected,BOHOL,TAGBILARAN,o710
o680,councilor-of-catigbian-bohol-o680,"Councilor of Catigbian, Bohol",legislative,city,elected,BOHOL,CATIGBIAN,o710
o681,councilor-of-baclayon-bohol-o681,"Councilor of Baclayon, Bohol",legislative,city,elected,BOHOL,BACLAYON,o710
o682,councilor-of-trinidad-bohol-o682,"Councilor of Trinidad, Bohol",legislative,city,elected,BOHOL,TRINIDAD,o710
o683,councilor-of-panglao-bohol-o683,"Councilor of Panglao, Bohol",legislative,city,elected,BOHOL,PANGLAO,o710
o684,councilor-of-tubigon-bohol-o684,"Councilor of Tubigon, Bohol",legislative,city,elected,BOHOL,TUBIGON,o710
o685,councilor-of-talibon-bohol-o685,"Councilor of Talibon, Bohol",legislative,city,elected,BOHOL,TALIBON,o710
o686,councilor-of-maribojoc-bohol-o686,"Councilor of Maribojoc, Bohol",legislative,city,elected,BOHOL,MARIBOJOC,o710
o687,councilor-of-balilihan-bohol-o687,"Councilor of Balilihan, Bohol",legislative,city,elected,BOHOL,BALILIHAN,o710
o688,councilor-of-san-isidro-bohol-o688,"Councilor of San Isidro, Bohol",legislative,city,elected,BOHOL,SAN ISIDRO,o710
o689,councilor-of-bien-unido-bohol-o689,"Councilor of Bien Unido, Bohol",legislative,city,elected,BOHOL,BIEN UNIDO,o710
o690,councilor-of-alicia-bohol-o690,"Councilor of Alicia, Bohol",legislative,city,elected,BOHOL,ALICIA,o710
o691,councilor-of-sagbayan-bohol-o691,"Councilor of Sagbayan, Bohol",legislative,city,elected,BOHOL,SAGBAYAN,o710
o692,councilor-of-buenavista-bohol-o692,"Councilor of Buenavista, Bohol",legislative,city,elected,BOHOL,BUENAVISTA,o710
o693,councilor-of-lila-bohol-o693,"Councilor of Lila, Bohol",legislative,city,elected,BOHOL,LILA,o710
o694,councilor-of-loboc-bohol-o694,"Councilor of Loboc, Bohol",legislative,city,elected,BOHOL,LOBOC,o710
o695,councilor-of-sikatuna-bohol-o695,"Councilor of Sikatuna, Bohol",legislative,city,elected,BOHOL,SIKATUNA,o710
o696,councilor-of-alburquerque-bohol-o696,"Councilor of Alburquerque, Bohol",legislative,city,elected,BOHOL,ALBURQUERQUE,o710
o697,councilor-of-corella-bohol-o697,"Councilor of Corella, Bohol",legislative,city,elected,BOHOL,CORELLA,o710
o698,councilor-of-loay-bohol-o698,"Councilor of Loay, Bohol",legislative,city,elected,BOHOL,LOAY,o710
o699,councilor-of-sevilla-bohol-o699,"Councilor of Sevilla, Bohol",legislative,city,elected,BOHOL,SEVILLA,o710
o700,councilor-of-cortes-bohol-o700,"Councilor of Cortes, Bohol",legislative,city,elected,BOHOL,CORTES,o710
o701,councilor-of-mabini-bohol-o701,"Councilor of Mabini, Bohol",legislative,city,elected,BOHOL,MABINI,o710
o702,councilor-of-valencia-bohol-o702,"Councilor of Valencia, Bohol",legislative,city,elected,BOHOL,VALENCIA,o710
o703,councilor-of-jagna-bohol-o703,"Councilor of Jagna, Bohol",legislative,city,elected,BOHOL,JAGNA,o710
o704,councilor-of-dagohoy-bohol-o704,"Councilor of Dagohoy, Bohol",legislative,city,elected,BOHOL,DAGOHOY,o710
o705,councilor-of-loon-bohol-o705,"Councilor of Loon, Bohol",legislative,city,elected,BOHOL,LOON,o710
o706,councilor-of-calape-bohol-o706,"Councilor of Calape, Bohol",legislative,city,elected,BOHOL,CALAPE,o710
o707,councilor-of-danao-bohol-o707,"Councilor of Danao, Bohol",legislative,city,elected,BOHOL,DANAO,o710
o708,councilor-of-dauis-bohol-o708,"Councilor of Dauis, Bohol",legislative,city,elected,BOHOL,DAUIS,o710
o709,councilor-of-bilar-bohol-o709,"Councilor of Bilar, Bohol",legislative,city,elected,BOHOL,BILAR,o710
o710,governor-of-bohol-o710,Governor of Bohol,executive,provincial,elected,BOHOL,,
o711,mayor-of-dimiao-bohol-o711,"Mayor of Dimiao, Bohol",executive,city,elected,BOHOL,DIMIAO,o710
o712,mayor-of-panglao-bohol-o712,"Mayor of Panglao, Bohol",executive,city,elected,BOHOL,PANGLAO,o710
o713,mayor-of-ubay-bohol-o713,"Mayor of Ubay, Bohol",executive,city,elected,BOHOL,UBAY,o710
o714,mayor-of-anda-bohol-o714,"Mayor of Anda, Bohol",executive,city,elected,BOHOL,ANDA,o710
o715,mayor-of-dagohoy-bohol-o715,"Mayor of Dagohoy, Bohol",executive,city,elected,BOHOL,DAGOHOY,o710
o716,mayor-of-pilar-bohol-o716,"Mayor of Pilar, Bohol",executive,city,elected,BOHOL,PILAR,o710
o717,mayor-of-talibon-bohol-o717,"Mayor of Talibon, Bohol",executive,city,elected,BOHOL,TALIBON,o710
o718,mayor-of-lila-bohol-o718,"Mayor of Lila, Bohol",executive,city,elected,BOHOL,LILA,o710
o719,mayor-of-dauis-bohol-o719,"Mayor of Dauis, Bohol",executive,city,elected,BOHOL,DAUIS,o710
o720,mayor-of-pres-c-p-garcia-bohol-o720,"Mayor of Pres C P Garcia, Bohol",executive,city,elected,BOHOL,PRES C P GARCIA,o710
o721,mayor-of-carmen-bohol-o721,"Mayor of Carmen, Bohol",executive,city,elected,BOHOL,CARMEN,o710
o722,mayor-of-bilar-bohol-o722,"Mayor of Bilar, Bohol",executive,city,elected,BOHOL,BILAR,o710
o723,mayor-of-candijay-bohol-o723,"Mayor of Candijay, Bohol",executive,city,elected,BOHOL,CANDIJAY,o710
o724,mayor-of-jetafe-bohol-o724,"Mayor of Jetafe, Bohol",executive,city,elected,BOHOL,JETAFE,o710
o725,mayor-of-danao-bohol-o725,"Mayor of Danao, Bohol",executive,city,elected,BOHOL,DANAO,o710
o726,mayor-of-balilihan-bohol-o726,"Mayor of Balilihan, Bohol",executive,city,elected,BOHOL,BALILIHAN,o710
o727,mayor-of-batuan-bohol-o727,"Mayor of Batuan, Bohol",executive,city,elected,BOHOL,BATUAN,o710
o728,mayor-of-clarin-bohol-o728,"Mayor of Clarin, Bohol",executive,city,elected,BOHOL,CLARIN,o710
o729,mayor-of-sevilla-bohol-o729,"Mayor of Sevilla, Bohol",executive,city,elected,BOHOL,SEVILLA,o710
o730,mayor-of-catigbian-bohol-o730,"Mayor of Catigbian, Bohol",executive,city,elected,BOHOL,CATIGBIAN,o710
o731,mayor-of-san-miguel-bohol-o731,"Mayor of San Miguel, Bohol",executive,city,elected,BOHOL,SAN MIGUEL,o710
o732,mayor-of-bien-unido-bohol-o732,"Mayor of Bien Unido, Bohol",executive,city,elected,BOHOL,BIEN UNIDO,o710
o733,mayor-of-trinidad-bohol-o733,"Mayor of Trinidad, Bohol",executive,city,elected,BOHOL,TRINIDAD,o710
o734,mayor-of-guindulman-bohol-o734,"Mayor of Guindulman, Bohol",executive,city,elected,BOHOL,GUINDULMAN,o710
o735,mayor-of-calape-bohol-o735,"Mayor of Calape, Bohol",executive,city,elected,BOHOL,CALAPE,o710
o736,mayor-of-inabanga-bohol-o736,"Mayor of Inabanga, Bohol",executive,city,elected,BOHOL,INABANGA,o710
o737,mayor-of-cortes-bohol-o737,"Mayor of Cortes, Bohol",executive,city,elected,BOHOL,CORTES,o710
o738,mayor-of-tubigon-bohol-o738,"Mayor of Tubigon, Bohol",executive,city,elected,BOHOL,TUBIGON,o710
o739,mayor-of-valencia-bohol-o739,"Mayor of Valencia, Bohol",executive,city,elected,BOHOL,VALENCIA,o710
o740,mayor-of-jagna-bohol-o740,"Mayor of Jagna, Bohol",executive,city,elected,BOHOL,JAGNA,o710
o741,mayor-of-loon-bohol-o741,"Mayor of Loon, Bohol",executive,city,elected,BOHOL,LOON,o710
o742,mayor-of-sierra-bullones-bohol-o742,"Mayor of Sierra Bullones, Bohol",executive,city,elected,BOHOL,SIERRA BULLONES,o710
o743,mayor-of-sikatuna-bohol-o743,"Mayor of Sikatuna, Bohol",executive,city,elected,BOHOL,SIKATUNA,o710
o744,mayor-of-alicia-bohol-o744,"Mayor of Alicia, Bohol",executive,city,elected,BOHOL,ALICIA,o710
o745,mayor-of-mabini-bohol-o745,"Mayor of Mabini, Bohol",executive,city,elected,BOHOL,MABINI,o710
o746,mayor-of-corella-bohol-o746,"Mayor of Corella, Bohol",executive,city,elected,BOHOL,CORELLA,o710
o747,mayor-of-antequera-bohol-o747,"Mayor of Antequera, Bohol",executive,city,elected,BOHOL,ANTEQUERA,o710
o748,mayor-of-maribojoc-bohol-o748,"Mayor of Maribojoc, Bohol",executive,city,elected,BOHOL,MARIBOJOC,o710
o749,mayor-of-san-isidro-bohol-o749,"Mayor of San Isidro, Bohol",executive,city,elected,BOHOL,SAN ISIDRO,o710
o750,mayor-of-loboc-bohol-o750,"Mayor of Loboc, Bohol",executive,city,elected,BOHOL,LOBOC,o710
o751,mayor-of-garcia-hernandez-bohol-o751,"Mayor of Garcia Hernandez, Bohol",executive,city,elected,BOHOL,GARCIA HERNANDEZ,o710
o752,mayor-of-duero-bohol-o752,"Mayor of Duero, Bohol",executive,city,elected,BOHOL,DUERO,o710
o753,mayor-of-loay-bohol-o753,"Mayor of Loay, Bohol",executive,city,elected,BOHOL,LOAY,o710
o754,mayor-of-buenavista-bohol-o754,"Mayor of Buenavista, Bohol",executive,city,elected,BOHOL,BUENAVISTA,o710
o755,mayor-of-tagbilaran-bohol-o755,"Mayor of Tagbilaran, Bohol",executive,city,elected,BOHOL,TAGBILARAN,o710
o756,mayor-of-sagbayan-bohol-o756,"Mayor of Sagbayan, Bohol",executive,city,elected,BOHOL,SAGBAYAN,o710
o757,mayor-of-alburquerque-bohol-o757,"Mayor of Alburquerque, Bohol",executive,city,elected,BOHOL,ALBURQUERQUE,o710
o758,mayor-of-baclayon-bohol-o758,"Mayor of Baclayon, Bohol",executive,city,elected,BOHOL,BACLAYON,o710
o759,representative-bohol-o759,"Representative, , Bohol",legislative,national,elected,BOHOL,,
o760,provincial-board-member-of-bohol-o760,Provincial Board Member of Bohol,legislative,provincial,elected,BOHOL,,
o761,vice-governor-of-bohol-o761,Vice Governor of Bohol,executive,provincial,elected,BOHOL,,
o762,vice-mayor-of-buenavista-bohol-o762,"Vice Mayor of Buenavista, Bohol",executive,city,elected,BOHOL,BUENAVISTA,o710
o763,vice-mayor-of-dagohoy-bohol-o763,"Vice Mayor of Dagohoy, Bohol",executive,city,elected,BOHOL,DAGOHOY,o710
o764,vice-mayor-of-talibon-bohol-o764,"Vice Mayor of Talibon, Bohol",executive,city,elected,BOHOL,TALIBON,o710
o765,vice-mayor-of-bien-unido-bohol-o765,"Vice Mayor of Bien Unido, Bohol",executive,city,elected,BOHOL,BIEN UNIDO,o710
o766,vice-mayor-of-garcia-hernandez-bohol-o766,"Vice Mayor of Garcia Hernandez, Bohol",executive,city,elected,BOHOL,GARCIA HERNANDEZ,o710
o767,vice-mayor-of-dimiao-bohol-o767,"Vice Mayor of Dimiao, Bohol",executive,city,elected,BOHOL,DIMIAO,o710
o768,vice-mayor-of-loon-bohol-o768,"Vice Mayor of Loon, Bohol",executive,city,elected,BOHOL,LOON,o710
o769,vice-mayor-of-pilar-bohol-o769,"Vice Mayor of Pilar, Bohol",executive,city,elected,BOHOL,PILAR,o710
o770,vice-mayor-of-san-miguel-bohol-o770,"Vice Mayor of San Miguel, Bohol",executive,city,elected,BOHOL,SAN MIGUEL,o710
o771,vice-mayor-of-alburquerque-bohol-o771,"Vice Mayor of Alburquerque, Bohol",executive,city,elected,BOHOL,ALBURQUERQUE,o710
o772,vice-mayor-of-sevilla-bohol-o772,"Vice Mayor of Sevilla, Bohol",executive,city,elected,BOHOL,SEVILLA,o710
o773,vice-mayor-of-loay-bohol-o773,"Vice Mayor of Loay, Bohol",executive,city,elected,BOHOL,LOAY,o710
o774,vice-mayor-of-sierra-bullones-bohol-o774,"Vice Mayor of Sierra Bullones, Bohol",executive,city,elected,BOHOL,SIERRA BULLONES,o710
o775,vice-mayor-of-tagbilaran-bohol-o775,"Vice Mayor of Tagbilaran, Bohol",executive,city,elected,BOHOL,TAGBILARAN,o710
o776,vice-mayor-of-lila-bohol-o776,"Vice Mayor of Lila, Bohol",executive,city,elected,BOHOL,LILA,o710
o777,vice-mayor-of-cortes-bohol-o777,"Vice Mayor of Cortes, Bohol",executive,city,elected,BOHOL,CORTES,o710
o778,vice-mayor-of-duero-bohol-o778,"Vice Mayor of Duero, Bohol",executive,city,elected,BOHOL,DUERO,o710
o779,vice-mayor-of-inabanga-bohol-o779,"Vice Mayor of Inabanga, Bohol",executive,city,elected,BOHOL,INABANGA,o710
o780,vice-mayor-of-balilihan-bohol-o780,"Vice Mayor of Balilihan, Bohol",executive,city,elected,BOHOL,BALILIHAN,o710
o781,vice-mayor-of-loboc-bohol-o781,"Vice Mayor of Loboc, Bohol",executive,city,elected,BOHOL,LOBOC,o710
o782,vice-mayor-of-panglao-bohol-o782,"Vice Mayor of Panglao, Bohol",executive,city,elected,BOHOL,PANGLAO,o710
o783,vice-mayor-of-candijay-bohol-o783,"Vice Mayor of Candijay, Bohol",executive,city,elected,BOHOL,CANDIJAY,o710
o784,vice-mayor-of-jetafe-bohol-o784,"Vice Mayor of Jetafe, Bohol",executive,city,elected,BOHOL,JETAFE,o710
o785,vice-mayor-of-tubigon-bohol-o785,"Vice Mayor of Tubigon, Bohol",executive,city,elected,BOHOL,TUBIGON,o710
o786,vice-mayor-of-valencia-bohol-o786,"Vice Mayor of Valencia, Bohol",executive,city,elected,BOHOL,VALENCIA,o710
o787,vice-mayor-of-ubay-bohol-o787,"Vice Mayor of Ubay, Bohol",executive,city,elected,BOHOL,UBAY,o710
o788,vice-mayor-of-trinidad-bohol-o788,"Vice Mayor of Trinidad, Bohol",executive,city,elected,BOHOL,TRINIDAD,o710
o789,vice-mayor-of-sagbayan-bohol-o789,"Vice Mayor of Sagbayan, Bohol",executive,city,elected,BOHOL,SAGBAYAN,o710
o790,vice-mayor-of-guindulman-bohol-o790,"Vice Mayor of Guindulman, Bohol",executive,city,elected,BOHOL,GUINDULMAN,o710
o791,vice-mayor-of-catigbian-bohol-o791,"Vice Mayor of Catigbian, Bohol",executive,city,elected,BOHOL,CATIGBIAN,o710
o792,vice-mayor-of-alicia-bohol-o792,"Vice Mayor of Alicia, Bohol",executive,city,elected,BOHOL,ALICIA,o710
o793,vice-mayor-of-maribojoc-bohol-o793,"Vice Mayor of Maribojoc, Bohol",executive,city,elected,BOHOL,MARIBOJOC,o710
o794,vice-mayor-of-jagna-bohol-o794,"Vice Mayor of Jagna, Bohol",executive,city,elected,BOHOL,JAGNA,o710
o795,vice-mayor-of-antequera-bohol-o795,"Vice Mayor of Antequera, Bohol",executive,city,elected,BOHOL,ANTEQUERA,o710
o796,vice-mayor-of-sikatuna-bohol-o796,"Vice Mayor of Sikatuna, Bohol",executive,city,elected,BOHOL,SIKATUNA,o710
o797,vice-mayor-of-dauis-bohol-o797,"Vice Mayor of Dauis, Bohol",executive,city,elected,BOHOL,DAUIS,o710
o798,vice-mayor-of-calape-bohol-o798,"Vice Mayor of Calape, Bohol",executive,city,elected,BOHOL,CALAPE,o710
o799,vice-mayor-of-san-isidro-bohol-o799,"Vice Mayor of San Isidro, Bohol",executive,city,elected,BOHOL,SAN ISIDRO,o710
o800,vice-mayor-of-batuan-bohol-o800,"Vice Mayor of Batuan, Bohol",executive,city,elected,BOHOL,BATUAN,o710
o801,vice-mayor-of-mabini-bohol-o801,"Vice Mayor of Mabini, Bohol",executive,city,elected,BOHOL,MABINI,o710
o802,vice-mayor-of-anda-bohol-o802,"Vice Mayor of Anda, Bohol",executive,city,elected,BOHOL,ANDA,o710
o803,vice-mayor-of-bilar-bohol-o803,"Vice Mayor of Bilar, Bohol",executive,city,elected,BOHOL,BILAR,o710
o804,vice-mayor-of-corella-bohol-o804,"Vice Mayor of Corella, Bohol",executive,city,elected,BOHOL,CORELLA,o710
o805,vice-mayor-of-carmen-bohol-o805,"Vice Mayor of Carmen, Bohol",executive,city,elected,BOHOL,CARMEN,o710
o806,vice-mayor-of-baclayon-bohol-o806,"Vice Mayor of Baclayon, Bohol",executive,city,elected,BOHOL,BACLAYON,o710
o807,vice-mayor-of-danao-bohol-o807,"Vice Mayor of Danao, Bohol",executive,city,elected,BOHOL,DANAO,o710
o808,vice-mayor-of-pres-c-p-garcia-bohol-o808,"Vice Mayor of Pres C P Garcia, Bohol",executive,city,elected,BOHOL,PRES C P GARCIA,o710
o809,vice-mayor-of-clarin-bohol-o809,"Vice Mayor of Clarin, Bohol",executive,city,elected,BOHOL,CLARIN,o710
o810,councilor-of-sumilao-bukidnon-o810,"Councilor of Sumilao, Bukidnon",legislative,city,elected,BUKIDNON,SUMILAO,o832
o811,councilor-of-don-carlos-bukidnon-o811,"Councilor of Don Carlos, Bukidnon",legislative,city,elected,BUKIDNON,DON CARLOS,o832
o812,councilor-of-san-fernando-bukidnon-o812,"Councilor of San Fernando, Bukidnon",legislative,city,elected,BUKIDNON,SAN FERNANDO,o832
o813,councilor-of-valencia-bukidnon-o813,"Councilor of Valencia, Bukidnon",legislative,city,elected,BUKIDNON,VALENCIA,o832
o814,councilor-of-pangantucan-bukidnon-o814,"Councilor of Pangantucan, Bukidnon",legislative,city,elected,BUKIDNON,PANGANTUCAN,o832
o815,councilor-of-baungon-bukidnon-o815,"Councilor of Baungon, Bukidnon",legislative,city,elected,BUKIDNON,BAUNGON,o832
o816,councilor-of-cabanglasan-bukidnon-o816,"Councilor of Cabanglasan, Bukidnon",legislative,city,elected,BUKIDNON,CABANGLASAN,o832
o817,councilor-of-impasug-ong-bukidnon-o817,"Councilor of Impasug Ong, Bukidnon",legislative,city,elected,BUKIDNON,IMPASUG ONG,o832
o818,councilor-of-kitaotao-bukidnon-o818,"Councilor of Kitaotao, Bukidnon",legislative,city,elected,BUKIDNON,KITAOTAO,o832
o819,councilor-of-quezon-bukidnon-o819,"Councilor of Quezon, Bukidnon",legislative,city,elected,BUKIDNON,QUEZON,o832
o820,councilor-of-lantapan-bukidnon-o820,"Councilor of Lantapan, Bukidnon",legislative,city,elected,BUKIDNON,LANTAPAN,o832
o821,councilor-of-maramag-bukidnon-o821,"Councilor of Maramag, Bukidnon",legislative,city,elected,BUKIDNON,MARAMAG,o832
o822,councilor-of-kibawe-bukidnon-o822,"Councilor of Kibawe, Bukidnon",legislative,city,elected,BUKIDNON,KIBAWE,o832
o823,councilor-of-malaybalay-bukidnon-o823,"Councilor of Malaybalay, Bukidnon",legislative,city,elected,BUKIDNON,MALAYBALAY,o832
o824,councilor-of-libona-bukidnon-o824,"Councilor of Libona, Bukidnon",legislative,city,elected,BUKIDNON,LIBONA,o832
o825,councilor-of-damulog-bukidnon-o825,"Councilor of Damulog, Bukidnon",legislative,city,elected,BUKIDNON,DAMULOG,o832
o826,councilor-of-malitbog-bukidnon-o826,"Councilor of Malitbog, Bukidnon",legislative,city,elected,BUKIDNON,MALITBOG,o832
o827,councilor-of-kalilangan-bukidnon-o827,"Councilor of Kalilangan, Bukidnon",legislative,city,elected,BUKIDNON,KALILANGAN,o832
o828,councilor-of-kadingilan-bukidnon-o828,"Councilor of Kadingilan, Bukidnon",legislative,city,elected,BUKIDNON,KADINGILAN,o832
o829,councilor-of-manolo-fortich-bukidnon-o829,"Councilor of Manolo Fortich, Bukidnon",legislative,city,elected,BUKIDNON,MANOLO FORTICH,o832
o830,councilor-of-dangcagan-bukidnon-o830,"Councilor of Dangcagan, Bukidnon",legislative,city,elected,BUKIDNON,DANGCAGAN,o832
o831,councilor-of-talakag-bukidnon-o831,"Councilor of Talakag, Bukidnon",legislative,city,elected,BUKIDNON,TALAKAG,o832
o832,governor-of-bukidnon-o832,Governor of Bukidnon,executive,provincial,elected,BUKIDNON,,
o833,mayor-of-manolo-fortich-bukidnon-o833,"Mayor of Manolo Fortich, Bukidnon",executive,city,elected,BUKIDNON,MANOLO FORTICH,o832
o834,mayor-of-kalilangan-bukidnon-o834,"Mayor of Kalilangan, Bukidnon",executive,city,elected,BUKIDNON,KALILANGAN,o832
o835,mayor-of-sumilao-bukidnon-o835,"Mayor of Sumilao, Bukidnon",executive,city,elected,BUKIDNON,SUMILAO,o832
o836,mayor-of-kadingilan-bukidnon-o836,"Mayor of Kadingilan, Bukidnon",executive,city,elected,BUKIDNON,KADINGILAN,o832
o837,mayor-of-dangcagan-bukidnon-o837,"Mayor of Dangcagan, Bukidnon",executive,city,elected,BUKIDNON,DANGCAGAN,o832
o838,mayor-of-malitbog-bukidnon-o838,"Mayor of Malitbog, Bukidnon",executive,city,elected,BUKIDNON,MALITBOG,o832
o839,mayor-of-cabanglasan-bukidnon-o839,"Mayor of Cabanglasan, Bukidnon",executive,city,elected,BUKIDNON,CABANGLASAN,o832
o840,mayor-of-san-fernando-bukidnon-o840,"Mayor of San Fernando, Bukidnon",executive,city,elected,BUKIDNON,SAN FERNANDO,o832
o841,mayor-of-malaybalay-bukidnon-o841,"Mayor of Malaybalay, Bukidnon",executive,city,elected,BUKIDNON,MALAYBALAY,o832
o842,mayor-of-valencia-bukidnon-o842,"Mayor of Valencia, Bukidnon",executive,city,elected,BUKIDNON,VALENCIA,o832
o843,mayor-of-pangantucan-bukidnon-o843,"Mayor of Pangantucan, Bukidnon",executive,city,elected,BUKIDNON,PANGANTUCAN,o832
o844,mayor-of-kitaotao-bukidnon-o844,"Mayor of Kitaotao, Bukidnon",executive,city,elected,BUKIDNON,KITAOTAO,o832
o845,mayor-of-damulog-bukidnon-o845,"Mayor of Damulog, Bukidnon",executive,city,elected,BUKIDNON,DAMULOG,o832
o846,mayor-of-quezon-bukidnon-o846,"Mayor of Quezon, Bukidnon",executive,city,elected,BUKIDNON,QUEZON,o832
o847,mayor-of-baungon-bukidnon-o847,"Mayor of Baungon, Bukidnon",executive,city,elected,BUKIDNON,BAUNGON,o832
o848,mayor-of-kibawe-bukidnon-o848,"Mayor of Kibawe, Bukidnon",executive,city,elected,BUKIDNON,KIBAWE,o832
o849,mayor-of-libona-bukidnon-o849,"Mayor of Libona, Bukidnon",executive,city,elected,BUKIDNON,LIBONA,o832
o850,mayor-of-don-carlos-bukidnon-o850,"Mayor of Don Carlos, Bukidnon",executive,city,elected,BUKIDNON,DON CARLOS,o832
o851,mayor-of-talakag-bukidnon-o851,"Mayor of Talakag, Bukidnon",executive,city,elected,BUKIDNON,TALAKAG,o832
o852,mayor-of-maramag-bukidnon-o852,"Mayor of Maramag, Bukidnon",executive,city,elected,BUKIDNON,MARAMAG,o832
o853,mayor-of-impasug-ong-bukidnon-o853,"Mayor of Impasug Ong, Bukidnon",executive,city,elected,BUKIDNON,IMPASUG ONG,o832
o854,mayor-of-lantapan-bukidnon-o854,"Mayor of Lantapan, Bukidnon",executive,city,elected,BUKIDNON,LANTAPAN,o832
o855,representative-bukidnon-o855,"Representative, , Bukidnon",legislative,national,elected,BUKIDNON,,
o856,provincial-board-member-of-bukidnon-o856,Provincial Board Member of Bukidnon,legislative,provincial,elected,BUKIDNON,,
o857,vice-governor-of-bukidnon-o857,Vice Governor of Bukidnon,executive,provincial,elected,BUKIDNON,,
o858,vice-mayor-of-dangcagan-bukidnon-o858,"Vice Mayor of Dangcagan, Bukidnon",executive,city,elected,BUKIDNON,DANGCAGAN,o832
o859,vice-mayor-of-lantapan-bukidnon-o859,"Vice Mayor of Lantapan, Bukidnon",executive,city,elected,BUKIDNON,LANTAPAN,o832
o860,vice-mayor-of-libona-bukidnon-o860,"Vice Mayor of Libona, Bukidnon",executive,city,elected,BUKIDNON,LIBONA,o832
o861,vice-mayor-of-sumilao-bukidnon-o861,"Vice Mayor of Sumilao, Bukidnon",executive,city,elected,BUKIDNON,SUMILAO,o832
o862,vice-mayor-of-quezon-bukidnon-o862,"Vice Mayor of Quezon, Bukidnon",executive,city,elected,BUKIDNON,QUEZON,o832
o863,vice-mayor-of-kadingilan-bukidnon-o863,"Vice Mayor of Kadingilan, Bukidnon",executive,city,elected,BUKIDNON,KADINGILAN,o832
o864,vice-mayor-of-valencia-bukidnon-o864,"Vice Mayor of Valencia, Bukidnon",executive,city,elected,BUKIDNON,VALENCIA,o832
o865,vice-mayor-of-damulog-bukidnon-o865,"Vice Mayor of Damulog, Bukidnon",executive,city,elected,BUKIDNON,DAMULOG,o832
o866,vice-mayor-of-baungon-bukidnon-o866,"Vice Mayor of Baungon, Bukidnon",executive,city,elected,BUKIDNON,BAUNGON,o832
o867,vice-mayor-of-malaybalay-bukidnon-o867,"Vice Mayor of Malaybalay, Bukidnon",executive,city,elected,BUKIDNON,MALAYBALAY,o832
o868,vice-mayor-of-manolo-fortich-bukidnon-o868,"Vice Mayor of Manolo Fortich, Bukidnon",executive,city,elected,BUKIDNON,MANOLO FORTICH,o832
o869,vice-mayor-of-talakag-bukidnon-o869,"Vice Mayor of Talakag, Bukidnon",executive,city,elected,BUKIDNON,TALAKAG,o832
o870,vice-mayor-of-cabanglasan-bukidnon-o870,"Vice Mayor of Cabanglasan, Bukidnon",executive,city,elected,BUKIDNON,CABANGLASAN,o832
o871,vice-mayor-of-kalilangan-bukidnon-o871,"Vice Mayor of Kalilangan, Bukidnon",executive,city,elected,BUKIDNON,KALILANGAN,o832
o872,vice-mayor-of-malitbog-bukidnon-o872,"Vice Mayor of Malitbog, Bukidnon",executive,city,elected,BUKIDNON,MALITBOG,o832
o873,vice-mayor-of-don-carlos-bukidnon-o873,"Vice Mayor of Don Carlos, Bukidnon",executive,city,elected,BUKIDNON,DON CARLOS,o832
o874,vice-mayor-of-impasug-ong-bukidnon-o874,"Vice Mayor of Impasug Ong, Bukidnon",executive,city,elected,BUKIDNON,IMPASUG ONG,o832
o875,vice-mayor-of-kitaotao-bukidnon-o875,"Vice Mayor of Kitaotao, Bukidnon",executive,city,elected,BUKIDNON,KITAOTAO,o832
o876,vice-mayor-of-maramag-bukidnon-o876,"Vice Mayor of Maramag, Bukidnon",executive,city,elected,BUKIDNON,MARAMAG,o832
o877,vice-mayor-of-san-fernando-bukidnon-o877,"Vice Mayor of San Fernando, Bukidnon",executive,city,elected,BUKIDNON,SAN FERNANDO,o832
o878,vice-mayor-of-pangantucan-bukidnon-o878,"Vice Mayor of Pangantucan, Bukidnon",executive,city,elected,BUKIDNON,PANGANTUCAN,o832
o879,vice-mayor-of-kibawe-bukidnon-o879,"Vice Mayor of Kibawe, Bukidnon",executive,city,elected,BUKIDNON,KIBAWE,o832
o880,councilor-of-guiguinto-bulacan-o880,"Councilor of Guiguinto, Bulacan",legislative,city,elected,BULACAN,GUIGUINTO,o904
o881,councilor-of-meycauayan-bulacan-o881,"Councilor of Meycauayan, Bulacan",legislative,city,elected,BULACAN,MEYCAUAYAN,o904
o882,councilor-of-san-jose-del-monte-bulacan-o882,"Councilor of San Jose Del Monte, Bulacan",legislative,city,elected,BULACAN,SAN JOSE DEL MONTE,o904
o883,councilor-of-angat-bulacan-o883,"Councilor of Angat, Bulacan",legislative,city,elected,BULACAN,ANGAT,o904
o884,councilor-of-malolos-bulacan-o884,"Councilor of Malolos, Bulacan",legislative,city,elected,BULACAN,MALOLOS,o904
o885,councilor-of-marilao-bulacan-o885,"Councilor of Marilao, Bulacan",legislative,city,elected,BULACAN,MARILAO,o904
o886,councilor-of-dona-remedios-trinidad-bulacan-o886,"Councilor of Dona Remedios Trinidad, Bulacan",legislative,city,elected,BULACAN,DONA REMEDIOS TRINIDAD,o904
o887,councilor-of-san-rafael-bulacan-o887,"Councilor of San Rafael, Bulacan",legislative,city,elected,BULACAN,SAN RAFAEL,o904
o888,councilor-of-bocaue-bulacan-o888,"Councilor of Bocaue, Bulacan",legislative,city,elected,BULACAN,BOCAUE,o904
o889,councilor-of-pandi-bulacan-o889,"Councilor of Pandi, Bulacan",legislative,city,elected,BULACAN,PANDI,o904
o890,councilor-of-san-ildefonso-bulacan-o890,"Councilor of San Ildefonso, Bulacan",legislative,city,elected,BULACAN,SAN ILDEFONSO,o904
o891,councilor-of-calumpit-bulacan-o891,"Councilor of Calumpit, Bulacan",legislative,city,elected,BULACAN,CALUMPIT,o904
o892,councilor-of-hagonoy-bulacan-o892,"Councilor of Hagonoy, Bulacan",legislative,city,elected,BULACAN,HAGONOY,o904
o893,councilor-of-plaridel-bulacan-o893,"Councilor of Plaridel, Bulacan",legislative,city,elected,BULACAN,PLARIDEL,o904
o894,councilor-of-bustos-bulacan-o894,"Councilor of Bustos, Bulacan",legislative,city,elected,BULACAN,BUSTOS,o904
o895,councilor-of-san-miguel-bulacan-o895,"Councilor of San Miguel, Bulacan",legislative,city,elected,BULACAN,SAN MIGUEL,o904
o896,councilor-of-santa-maria-bulacan-o896,"Councilor of Santa Maria, Bulacan",legislative,city,elected,BULACAN,SANTA MARIA,o904
o897,councilor-of-pulilan-bulacan-o897,"Councilor of Pulilan, Bulacan",legislative,city,elected,BULACAN,PULILAN,o904
o898,councilor-of-obando-bulacan-o898,"Councilor of Obando, Bulacan",legislative,city,elected,BULACAN,OBANDO,o904
o899,councilor-of-bulacan-bulacan-o899,"Councilor of Bulacan, Bulacan",legislative,city,elected,BULACAN,BULACAN,o904
o900,councilor-of-baliuag-bulacan-o900,"Councilor of Baliuag, Bulacan",legislative,city,elected,BULACAN,BALIUAG,o904
o901,councilor-of-norzagaray-bulacan-o901,"Councilor of Norzagaray, Bulacan",legislative,city,elected,BULACAN,NORZAGARAY,o904
o902,councilor-of-balagtas-bulacan-o902,"Councilor of Balagtas, Bulacan",legislative,city,elected,BULACAN,BALAGTAS,o904
o903,councilor-of-paombong-bulacan-o903,"Councilor of Paombong, Bulacan",legislative,city,elected,BULACAN,PAOMBONG,o904
o904,governor-of-bulacan-o904,Governor of Bulacan,executive,provincial,elected,BULACAN,,
o905,mayor-of-meycauayan-bulacan-o905,"Mayor of Meycauayan, Bulacan",executive,city,elected,BULACAN,MEYCAUAYAN,o904
o906,mayor-of-pandi-bulacan-o906,"Mayor of Pandi, Bulacan",executive,city,elected,BULACAN,PANDI,o904
o907,mayor-of-pulilan-bulacan-o907,"Mayor of Pulilan, Bulacan",executive,city,elected,BULACAN,PULILAN,o904
o908,mayor-of-balagtas-bulacan-o908,"Mayor of Balagtas, Bulacan",executive,city,elected,BULACAN,BALAGTAS,o904
o909,mayor-of-guiguinto-bulacan-o909,"Mayor of Guiguinto, Bulacan",executive,city,elected,BULACAN,GUIGUINTO,o904
o910,mayor-of-angat-bulacan-o910,"Mayor of Angat, Bulacan",executive,city,elected,BULACAN,ANGAT,o904
o911,mayor-of-malolos-bulacan-o911,"Mayor of Malolos, Bulacan",executive,city,elected,BULACAN,MALOLOS,o904
o912,mayor-of-marilao-bulacan-o912,"Mayor of Marilao, Bulacan",executive,city,elected,BULACAN,MARILAO,o904
o913,mayor-of-san-ildefonso-bulacan-o913,"Mayor of San Ildefonso, Bulacan",executive,city,elected,BULACAN,SAN ILDEFONSO,o904
o914,mayor-of-paombong-bulacan-o914,"Mayor of Paombong, Bulacan",executive,city,elected,BULACAN,PAOMBONG,o904
o915,mayor-of-obando-bulacan-o915,"Mayor of Obando, Bulacan",executive,city,elected,BULACAN,OBANDO,o904
o916,mayor-of-norzagaray-bulacan-o916,"Mayor of Norzagaray, Bulacan",executive,city,elected,BULACAN,NORZAGARAY,o904
o917,mayor-of-bulacan-bulacan-o917,"Mayor of Bulacan, Bulacan",executive,city,elected,BULACAN,BULACAN,o904
o918,mayor-of-hagonoy-bulacan-o918,"Mayor of Hagonoy, Bulacan",executive,city,elected,BULACAN,HAGONOY,o904
o919,mayor-of-calumpit-bulacan-o919,"Mayor of Calumpit, Bulacan",executive,city,elected,BULACAN,CALUMPIT,o904
o920,mayor-of-dona-remedios-trinidad-bulacan-o920,"Mayor of Dona Remedios Trinidad, Bulacan",executive,city,elected,BULACAN,DONA REMEDIOS TRINIDAD,o904
o921,mayor-of-santa-maria-bulacan-o921,"Mayor of Santa Maria, Bulacan",executive,city,elected,BULACAN,SANTA MARIA,o904
o922,mayor-of-bustos-bulacan-o922,"Mayor of Bustos, Bulacan",executive,city,elected,BULACAN,BUSTOS,o904
o923,mayor-of-san-jose-del-monte-bulacan-o923,"Mayor of San Jose Del Monte, Bulacan",executive,city,elected,BULACAN,SAN JOSE DEL MONTE,o904
o924,mayor-of-baliuag-bulacan-o924,"Mayor of Baliuag, Bulacan",executive,city,elected,BULACAN,BALIUAG,o904
o925,mayor-of-san-miguel-bulacan-o925,"Mayor of San Miguel, Bulacan",executive,city,elected,BULACAN,SAN MIGUEL,o904
o926,mayor-of-san-rafael-bulacan-o926,"Mayor of San Rafael, Bulacan",executive,city,elected,BULACAN,SAN RAFAEL,o904
o927,mayor-of-bocaue-bulacan-o927,"Mayor of Bocaue, Bulacan",executive,city,elected,BULACAN,BOCAUE,o904
o928,mayor-of-plaridel-bulacan-o928,"Mayor of Plaridel, Bulacan",executive,city,elected,BULACAN,PLARIDEL,o904
o929,representative-bulacan-o929,"Representative, , Bulacan",legislative,national,elected,BULACAN,,
o930,provincial-board-member-of-bulacan-o930,Provincial Board Member of Bulacan,legislative,provincial,elected,BULACAN,,
o931,vice-governor-of-bulacan-o931,Vice Governor of Bulacan,executive,provincial,elected,BULACAN,,
o932,vice-mayor-of-calumpit-bulacan-o932,"Vice Mayor of Calumpit, Bulacan",executive,city,elected,BULACAN,CALUMPIT,o904
o933,vice-mayor-of-meycauayan-bulacan-o933,"Vice Mayor of Meycauayan, Bulacan",executive,city,elected,BULACAN,MEYCAUAYAN,o904
o934,vice-mayor-of-hagonoy-bulacan-o934,"Vice Mayor of Hagonoy, Bulacan",executive,city,elected,BULACAN,HAGONOY,o904
o935,vice-mayor-of-malolos-bulacan-o935,"Vice Mayor of Malolos, Bulacan",executive,city,elected,BULACAN,MALOLOS,o904
o936,vice-mayor-of-santa-maria-bulacan-o936,"Vice Mayor of Santa Maria, Bulacan",executive,city,elected,BULACAN,SANTA MARIA,o904
o937,vice-mayor-of-baliuag-bulacan-o937,"Vice Mayor of Baliuag, Bulacan",executive,city,elected,BULACAN,BALIUAG,o904
o938,vice-mayor-of-paombong-bulacan-o938,"Vice Mayor of Paombong, Bulacan",executive,city,elected,BULACAN,PAOMBONG,o904
o939,vice-mayor-of-san-miguel-bulacan-o939,"Vice Mayor of San Miguel, Bulacan",executive,city,elected,BULACAN,SAN MIGUEL,o904
o940,vice-mayor-of-san-jose-del-monte-bulacan-o940,"Vice Mayor of San Jose Del Monte, Bulacan",executive,city,elected,BULACAN,SAN JOSE DEL MONTE,o904
o941,vice-mayor-of-pulilan-bulacan-o941,"Vice Mayor of Pulilan, Bulacan",executive,city,elected,BULACAN,PULILAN,o904
o942,vice-mayor-of-norzagaray-bulacan-o942,"Vice Mayor of Norzagaray, Bulacan",executive,city,elected,BULACAN,NORZAGARAY,o904
o943,vice-mayor-of-bocaue-bulacan-o943,"Vice Mayor of Bocaue, Bulacan",executive,city,elected,BULACAN,BOCAUE,o904
o944,vice-mayor-of-plaridel-bulacan-o944,"Vice Mayor of Plaridel, Bulacan",executive,city,elected,BULACAN,PLARIDEL,o904
o945,vice-mayor-of-guiguinto-bulacan-o945,"Vice Mayor of Guiguinto, Bulacan",executive,city,elected,BULACAN,GUIGUINTO,o904
o946,vice-mayor-of-angat-bulacan-o946,"Vice Mayor of Angat, Bulacan",executive,city,elected,BULACAN,ANGAT,o904
o947,vice-mayor-of-bulacan-bulacan-o947,"Vice Mayor of Bulacan, Bulacan",executive,city,elected,BULACAN,BULACAN,o904
o948,vice-mayor-of-bustos-bulacan-o948,"Vice Mayor of Bustos, Bulacan",executive,city,elected,BULACAN,BUSTOS,o904
o949,vice-mayor-of-dona-remedios-trinidad-bulacan-o949,"Vice Mayor of Dona Remedios Trinidad, Bulacan",executive,city,elected,BULACAN,DONA REMEDIOS TRINIDAD,o904
o950,vice-mayor-of-san-ildefonso-bulacan-o950,"Vice Mayor of San Ildefonso, Bulacan",executive,city,elected,BULACAN,SAN ILDEFONSO,o904
o951,vice-mayor-of-pandi-bulacan-o951,"Vice Mayor of Pandi, Bulacan",executive,city,elected,BULACAN,PANDI,o904
o952,vice-mayor-of-marilao-bulacan-o952,"Vice Mayor of Marilao, Bulacan",executive,city,elected,BULACAN,MARILAO,o904
o953,vice-mayor-of-obando-bulacan-o953,"Vice Mayor of Obando, Bulacan",executive,city,elected,BULACAN,OBANDO,o904
o954,vice-mayor-of-balagtas-bulacan-o954,"Vice Mayor of Balagtas, Bulacan",executive,city,elected,BULACAN,BALAGTAS,o904
o955,vice-mayor-of-san-rafael-bulacan-o955,"Vice Mayor of San Rafael, Bulacan",executive,city,elected,BULACAN,SAN RAFAEL,o904
o956,councilor-of-iguig-cagayan-o956,"Councilor of Iguig, Cagayan",legislative,city,elected,CAGAYAN,IGUIG,o985
o957,councilor-of-tuguegarao-cagayan-o957,"Councilor of Tuguegarao, Cagayan",legislative,city,elected,CAGAYAN,TUGUEGARAO,o985
o958,councilor-of-penablanca-cagayan-o958,"Councilor of Penablanca, Cagayan",legislative,city,elected,CAGAYAN,PENABLANCA,o985
o959,councilor-of-lasam-cagayan-o959,"Councilor of Lasam, Cagayan",legislative,city,elected,CAGAYAN,LASAM,o985
o960,councilor-of-buguey-cagayan-o960,"Councilor of Buguey, Cagayan",legislative,city,elected,CAGAYAN,BUGUEY,o985
o961,councilor-of-santo-nino-cagayan-o961,"Councilor of Santo Nino, Cagayan",legislative,city,elected,CAGAYAN,SANTO NINO,o985
o962,councilor-of-gonzaga-cagayan-o962,"Councilor of Gonzaga, Cagayan",legislative,city,elected,CAGAYAN,GONZAGA,o985
o963,councilor-of-calayan-cagayan-o963,"Councilor of Calayan, Cagayan",legislative,city,elected,CAGAYAN,CALAYAN,o985
o964,councilor-of-claveria-cagayan-o964,"Councilor of Claveria, Cagayan",legislative,city,elected,CAGAYAN,CLAVERIA,o985
o965,councilor-of-tuao-cagayan-o965,"Councilor of Tuao, Cagayan",legislative,city,elected,CAGAYAN,TUAO,o985
o966,councilor-of-gattaran-cagayan-o966,"Councilor of Gattaran, Cagayan",legislative,city,elected,CAGAYAN,GATTARAN,o985
o967,councilor-of-piat-cagayan-o967,"Councilor of Piat, Cagayan",legislative,city,elected,CAGAYAN,PIAT,o985
o968,councilor-of-aparri-cagayan-o968,"Councilor of Aparri, Cagayan",legislative,city,elected,CAGAYAN,APARRI,o985
o969,councilor-of-baggao-cagayan-o969,"Councilor of Baggao, Cagayan",legislative,city,elected,CAGAYAN,BAGGAO,o985
o970,councilor-of-ballesteros-cagayan-o970,"Councilor of Ballesteros, Cagayan",legislative,city,elected,CAGAYAN,BALLESTEROS,o985
o971,councilor-of-rizal-cagayan-o971,"Councilor of Rizal, Cagayan",legislative,city,elected,CAGAYAN,RIZAL,o985
o972,councilor-of-camalaniugan-cagayan-o972,"Councilor of Camalaniugan, Cagayan",legislative,city,elected,CAGAYAN,CAMALANIUGAN,o985
o973,councilor-of-lal-lo-cagayan-o973,"Councilor of Lal Lo, Cagayan",legislative,city,elected,CAGAYAN,LAL LO,o985
o974,councilor-of-sanchez-mira-cagayan-o974,"Councilor of Sanchez Mira, Cagayan",legislative,city,elected,CAGAYAN,SANCHEZ MIRA,o985
o975,councilor-of-pamplona-cagayan-o975,"Councilor of Pamplona, Cagayan",legislative,city,elected,CAGAYAN,PAMPLONA,o985
o976,councilor-of-santa-ana-cagayan-o976,"Councilor of Santa Ana, Cagayan",legislative,city,elected,CAGAYAN,SANTA ANA,o985
o977,councilor-of-amulung-cagayan-o977,"Councilor of Amulung, Cagayan",legislative,city,elected,CAGAYAN,AMULUNG,o985
o978,councilor-of-santa-teresita-cagayan-o978,"Councilor of Santa Teresita, Cagayan",legislative,city,elected,CAGAYAN,SANTA TERESITA,o985
o979,councilor-of-enrile-cagayan-o979,"Councilor of Enrile, Cagayan",legislative,city,elected,CAGAYAN,ENRILE,o985
o980,councilor-of-alcala-cagayan-o980,"Councilor of Alcala, Cagayan",legislative,city,elected,CAGAYAN,ALCALA,o985
o981,councilor-of-santa-praxedes-cagayan-o981,"Councilor of Santa Praxedes, Cagayan",legislative,city,elected,CAGAYAN,SANTA PRAXEDES,o985
o982,councilor-of-solana-cagayan-o982,"Councilor of Solana, Cagayan",legislative,city,elected,CAGAYAN,SOLANA,o985
o983,councilor-of-allacapan-cagayan-o983,"Councilor of Allacapan, Cagayan",legislative,city,elected,CAGAYAN,ALLACAPAN,o985
o984,councilor-of-abulug-cagayan-o984,"Councilor of Abulug, Cagayan",legislative,city,elected,CAGAYAN,ABULUG,o985
o985,governor-of-cagayan-o985,Governor of Cagayan,executive,provincial,elected,CAGAYAN,,
o986,mayor-of-lasam-cagayan-o986,"Mayor of Lasam, Cagayan",executive,city,elected,CAGAYAN,LASAM,o985
o987,mayor-of-abulug-cagayan-o987,"Mayor of Abulug, Cagayan",executive,city,elected,CAGAYAN,ABULUG,o985
o988,mayor-of-buguey-cagayan-o988,"Mayor of Buguey, Cagayan",executive,city,elected,CAGAYAN,BUGUEY,o985
o989,mayor-of-alcala-cagayan-o989,"Mayor of Alcala, Cagayan",executive,city,elected,CAGAYAN,ALCALA,o985
o990,mayor-of-claveria-cagayan-o990,"Mayor of Claveria, Cagayan",executive,city,elected,CAGAYAN,CLAVERIA,o985
o991,mayor-of-camalaniugan-cagayan-o991,"Mayor of Camalaniugan, Cagayan",executive,city,elected,CAGAYAN,CAMALANIUGAN,o985
o992,mayor-of-piat-cagayan-o992,"Mayor of Piat, Cagayan",executive,city,elected,CAGAYAN,PIAT,o985
o993,mayor-of-santa-praxedes-cagayan-o993,"Mayor of Santa Praxedes, Cagayan",executive,city,elected,CAGAYAN,SANTA PRAXEDES,o985
o994,mayor-of-solana-cagayan-o994,"Mayor of Solana, Cagayan",executive,city,elected,CAGAYAN,SOLANA,o985
o995,mayor-of-amulung-cagayan-o995,"Mayor of Amulung, Cagayan",executive,city,elected,CAGAYAN,AMULUNG,o985
o996,mayor-of-rizal-cagayan-o996,"Mayor of Rizal, Cagayan",executive,city,elected,CAGAYAN,RIZAL,o985
o997,mayor-of-sanchez-mira-cagayan-o997,"Mayor of Sanchez Mira, Cagayan",executive,city,elected,CAGAYAN,SANCHEZ MIRA,o985
o998,mayor-of-santa-teresita-cagayan-o998,"Mayor of Santa Teresita, Cagayan",executive,city,elected,CAGAYAN,SANTA TERESITA,o985
o999,mayor-of-gonzaga-cagayan-o999,"Mayor of Gonzaga, Cagayan",executive,city,elected,CAGAYAN,GONZAGA,o985
o1000,mayor-of-calayan-cagayan-o1000,"Mayor of Calayan, Cagayan",executive,city,elected,CAGAYAN,CALAYAN,o985
o1001,mayor-of-tuao-cagayan-o1001,"Mayor of Tuao, Cagayan",executive,city,elected,CAGAYAN,TUAO,o985
o1002,mayor-of-gattaran-cagayan-o1002,"Mayor of Gattaran, Cagayan",executive,city,elected,CAGAYAN,GATTARAN,o985
o1003,mayor-of-allacapan-cagayan-o1003,"Mayor of Allacapan, Cagayan",executive,city,elected,CAGAYAN,ALLACAPAN,o985
o1004,mayor-of-santo-nino-cagayan-o1004,"Mayor of Santo Nino, Cagayan",executive,city,elected,CAGAYAN,SANTO NINO,o985
o1005,mayor-of-lal-lo-cagayan-o1005,"Mayor of Lal Lo, Cagayan",executive,city,elected,CAGAYAN,LAL LO,o985
o1006,mayor-of-baggao-cagayan-o1006,"Mayor of Baggao, Cagayan",executive,city,elected,CAGAYAN,BAGGAO,o985
o1007,mayor-of-santa-ana-cagayan-o1007,"Mayor of Santa Ana, Cagayan",executive,city,elected,CAGAYAN,SANTA ANA,o985
o1008,mayor-of-pamplona-cagayan-o1008,"Mayor of Pamplona, Cagayan",executive,city,elected,CAGAYAN,PAMPLONA,o985
o1009,mayor-of-penablanca-cagayan-o1009,"Mayor of Penablanca, Cagayan",executive,city,elected,CAGAYAN,PENABLANCA,o985
o1010,mayor-of-tuguegarao-cagayan-o1010,"Mayor of Tuguegarao, Cagayan",executive,city,elected,CAGAYAN,TUGUEGARAO,o985
o1011,mayor-of-iguig-cagayan-o1011,"Mayor of Iguig, Cagayan",executive,city,elected,CAGAYAN,IGUIG,o985
o1012,mayor-of-aparri-cagayan-o1012,"Mayor of Aparri, Cagayan",executive,city,elected,CAGAYAN,APARRI,o985
o1013,mayor-of-enrile-cagayan-o1013,"Mayor of Enrile, Cagayan",executive,city,elected,CAGAYAN,ENRILE,o985
o1014,mayor-of-ballesteros-cagayan-o1014,"Mayor of Ballesteros, Cagayan",executive,city,elected,CAGAYAN,BALLESTEROS,o985
o1015,representative-cagayan-o1015,"Representative, , Cagayan",legislative,national,elected,CAGAYAN,,
o1016,provincial-board-member-of-cagayan-o1016,Provincial Board Member of Cagayan,legislative,provincial,elected,CAGAYAN,,
o1017,vice-governor-of-cagayan-o1017,Vice Governor of Cagayan,executive,provincial,elected,CAGAYAN,,
o1018,vice-mayor-of-claveria-cagayan-o1018,"Vice Mayor of Claveria, Cagayan",executive,city,elected,CAGAYAN,CLAVERIA,o985
o1019,vice-mayor-of-santa-praxedes-cagayan-o1019,"Vice Mayor of Santa Praxedes, Cagayan",executive,city,elected,CAGAYAN,SANTA PRAXEDES,o985
o1020,vice-mayor-of-buguey-cagayan-o1020,"Vice Mayor of Buguey, Cagayan",executive,city,elected,CAGAYAN,BUGUEY,o985
o1021,vice-mayor-of-camalaniugan-cagayan-o1021,"Vice Mayor of Camalaniugan, Cagayan",executive,city,elected,CAGAYAN,CAMALANIUGAN,o985
o1022,vice-mayor-of-abulug-cagayan-o1022,"Vice Mayor of Abulug, Cagayan",executive,city,elected,CAGAYAN,ABULUG,o985
o1023,vice-mayor-of-sanchez-mira-cagayan-o1023,"Vice Mayor of Sanchez Mira, Cagayan",executive,city,elected,CAGAYAN,SANCHEZ MIRA,o985
o1024,vice-mayor-of-lal-lo-cagayan-o1024,"Vice Mayor of Lal Lo, Cagayan",executive,city,elected,CAGAYAN,LAL LO,o985
o1025,vice-mayor-of-tuguegarao-cagayan-o1025,"Vice Mayor of Tuguegarao, Cagayan",executive,city,elected,CAGAYAN,TUGUEGARAO,o985
o1026,vice-mayor-of-santo-nino-cagayan-o1026,"Vice Mayor of Santo Nino, Cagayan",executive,city,elected,CAGAYAN,SANTO NINO,o985
o1027,vice-mayor-of-lasam-cagayan-o1027,"Vice Mayor of Lasam, Cagayan",executive,city,elected,CAGAYAN,LASAM,o985
o1028,vice-mayor-of-calayan-cagayan-o1028,"Vice Mayor of Calayan, Cagayan",executive,city,elected,CAGAYAN,CALAYAN,o985
o1029,vice-mayor-of-piat-cagayan-o1029,"Vice Mayor of Piat, Cagayan",executive,city,elected,CAGAYAN,PIAT,o985
o1030,vice-mayor-of-rizal-cagayan-o1030,"Vice Mayor of Rizal, Cagayan",executive,city,elected,CAGAYAN,RIZAL,o985
o1031,vice-mayor-of-enrile-cagayan-o1031,"Vice Mayor of Enrile, Cagayan",executive,city,elected,CAGAYAN,ENRILE,o985
o1032,vice-mayor-of-solana-cagayan-o1032,"Vice Mayor of Solana, Cagayan",executive,city,elected,CAGAYAN,SOLANA,o985
o1033,vice-mayor-of-santa-teresita-cagayan-o1033,"Vice Mayor of Santa Teresita, Cagayan",executive,city,elected,CAGAYAN,SANTA TERESITA,o985
o1034,vice-mayor-of-iguig-cagayan-o1034,"Vice Mayor of Iguig, Cagayan",executive,city,elected,CAGAYAN,IGUIG,o985
o1035,vice-mayor-of-amulung-cagayan-o1035,"Vice Mayor of Amulung, Cagayan",executive,city,elected,CAGAYAN,AMULUNG,o985
o1036,vice-mayor-of-santa-ana-cagayan-o1036,"Vice Mayor of Santa Ana, Cagayan",executive,city,elected,CAGAYAN,SANTA ANA,o985
o1037,vice-mayor-of-penablanca-cagayan-o1037,"Vice Mayor of Penablanca, Cagayan",executive,city,elected,CAGAYAN,PENABLANCA,o985
o1038,vice-mayor-of-gattaran-cagayan-o1038,"Vice Mayor of Gattaran, Cagayan",executive,city,elected,CAGAYAN,GATTARAN,o985
o1039,vice-mayor-of-tuao-cagayan-o1039,"Vice Mayor of Tuao, Cagayan",executive,city,elected,CAGAYAN,TUAO,o985
o1040,vice-mayor-of-allacapan-cagayan-o1040,"Vice Mayor of Allacapan, Cagayan",executive,city,elected,CAGAYAN,ALLACAPAN,o985
o1041,vice-mayor-of-aparri-cagayan-o1041,"Vice Mayor of Aparri, Cagayan",executive,city,elected,CAGAYAN,APARRI,o985
o1042,vice-mayor-of-baggao-cagayan-o1042,"Vice Mayor of Baggao, Cagayan",executive,city,elected,CAGAYAN,BAGGAO,o985
o1043,vice-mayor-of-ballesteros-cagayan-o1043,"Vice Mayor of Ballesteros, Cagayan",executive,city,elected,CAGAYAN,BALLESTEROS,o985
o1044,vice-mayor-of-gonzaga-cagayan-o1044,"Vice Mayor of Gonzaga, Cagayan",executive,city,elected,CAGAYAN,GONZAGA,o985
o1045,vice-mayor-of-alcala-cagayan-o1045,"Vice Mayor of Alcala, Cagayan",executive,city,elected,CAGAYAN,ALCALA,o985
o1046,vice-mayor-of-pamplona-cagayan-o1046,"Vice Mayor of Pamplona, Cagayan",executive,city,elected,CAGAYAN,PAMPLONA,o985
o1047,councilor-of-mercedes-camarines-norte-o1047,"Councilor of Mercedes, Camarines Norte",legislative,city,elected,CAMARINES NORTE,MERCEDES,o1059
o1048,councilor-of-talisay-camarines-norte-o1048,"Councilor of Talisay, Camarines Norte",legislative,city,elected,CAMARINES NORTE,TALISAY,o1059
o1049,councilor-of-basud-camarines-norte-o1049,"Councilor of Basud, Camarines Norte",legislative,city,elected,CAMARINES NORTE,BASUD,o1059
o1050,councilor-of-san-lorenzo-ruiz-camarines-norte-o1050,"Councilor of San Lorenzo Ruiz, Camarines Norte",legislative,city,elected,CAMARINES NORTE,SAN LORENZO RUIZ,o1059
o1051,councilor-of-san-vicente-camarines-norte-o1051,"Councilor of San Vicente, Camarines Norte",legislative,city,elected,CAMARINES NORTE,SAN VICENTE,o1059
o1052,councilor-of-capalonga-camarines-norte-o1052,"Councilor of Capalonga, Camarines Norte",legislative,city,elected,CAMARINES NORTE,CAPALONGA,o1059
o1053,councilor-of-jose-panganiban-camarines-norte-o1053,"Councilor of Jose Panganiban, Camarines Norte",legislative,city,elected,CAMARINES NORTE,JOSE PANGANIBAN,o1059
o1054,councilor-of-paracale-camarines-norte-o1054,"Councilor of Paracale, Camarines Norte",legislative,city,elected,CAMARINES NORTE,PARACALE,o1059
o1055,councilor-of-vinzons-camarines-norte-o1055,"Councilor of Vinzons, Camarines Norte",legislative,city,elected,CAMARINES NORTE,VINZONS,o1059
o1056,councilor-of-daet-camarines-norte-o1056,"Councilor of Daet, Camarines Norte",legislative,city,elected,CAMARINES NORTE,DAET,o1059
o1057,councilor-of-labo-camarines-norte-o1057,"Councilor of Labo, Camarines Norte",legislative,city,elected,CAMARINES NORTE,LABO,o1059
o1058,councilor-of-santa-elena-camarines-norte-o1058,"Councilor of Santa Elena, Camarines Norte",legislative,city,elected,CAMARINES NORTE,SANTA ELENA,o1059
o1059,governor-of-camarines-norte-o1059,Governor of Camarines Norte,executive,provincial,elected,CAMARINES NORTE,,
o1060,mayor-of-paracale-camarines-norte-o1060,"Mayor of Paracale, Camarines Norte",executive,city,elected,CAMARINES NORTE,PARACALE,o1059
o1061,mayor-of-santa-elena-camarines-norte-o1061,"Mayor of Santa Elena, Camarines Norte",executive,city,elected,CAMARINES NORTE,SANTA ELENA,o1059
o1062,mayor-of-talisay-camarines-norte-o1062,"Mayor of Talisay, Camarines Norte",executive,city,elected,CAMARINES NORTE,TALISAY,o1059
o1063,mayor-of-capalonga-camarines-norte-o1063,"Mayor of Capalonga, Camarines Norte",executive,city,elected,CAMARINES NORTE,CAPALONGA,o1059
o1064,mayor-of-jose-panganiban-camarines-norte-o1064,"Mayor of Jose Panganiban, Camarines Norte",executive,city,elected,CAMARINES NORTE,JOSE PANGANIBAN,o1059
o1065,mayor-of-mercedes-camarines-norte-o1065,"Mayor of Mercedes, Camarines Norte",executive,city,elected,CAMARINES NORTE,MERCEDES,o1059
o1066,mayor-of-labo-camarines-norte-o1066,"Mayor of Labo, Camarines Norte",executive,city,elected,CAMARINES NORTE,LABO,o1059
o1067,mayor-of-san-vicente-camarines-norte-o1067,"Mayor of San Vicente, Camarines Norte",executive,city,elected,CAMARINES NORTE,SAN VICENTE,o1059
o1068,mayor-of-basud-camarines-norte-o1068,"Mayor of Basud, Camarines Norte",executive,city,elected,CAMARINES NORTE,BASUD,o1059
o1069,mayor-of-san-lorenzo-ruiz-camarines-norte-o1069,"Mayor of San Lorenzo Ruiz, Camarines Norte",executive,city,elected,CAMARINES NORTE,SAN LORENZO RUIZ,o1059
o1070,mayor-of-daet-camarines-norte-o1070,"Mayor of Daet, Camarines Norte",executive,city,elected,CAMARINES NORTE,DAET,o1059
o1071,mayor-of-vinzons-camarines-norte-o1071,"Mayor of Vinzons, Camarines Norte",executive,city,elected,CAMARINES NORTE,VINZONS,o1059
o1072,representative-camarines-norte-o1072,"Representative, , Camarines Norte",legislative,national,elected,CAMARINES NORTE,,
o1073,provincial-board-member-of-camarines-norte-o1073,Provincial Board Member of Camarines Norte,legislative,provincial,elected,CAMARINES NORTE,,
o1074,vice-governor-of-camarines-norte-o1074,Vice Governor of Camarines Norte,executive,provincial,elected,CAMARINES NORTE,,
o1075,vice-mayor-of-daet-camarines-norte-o1075,"Vice Mayor of Daet, Camarines Norte",executive,city,elected,CAMARINES NORTE,DAET,o1059
o1076,vice-mayor-of-mercedes-camarines-norte-o1076,"Vice Mayor of Mercedes, Camarines Norte",executive,city,elected,CAMARINES NORTE,MERCEDES,o1059
o1077,vice-mayor-of-basud-camarines-norte-o1077,"Vice Mayor of Basud, Camarines Norte",executive,city,elected,CAMARINES NORTE,BASUD,o1059
o1078,vice-mayor-of-santa-elena-camarines-norte-o1078,"Vice Mayor of Santa Elena, Camarines Norte",executive,city,elected,CAMARINES NORTE,SANTA ELENA,o1059
o1079,vice-mayor-of-jose-panganiban-camarines-norte-o1079,"Vice Mayor of Jose Panganiban, Camarines Norte",executive,city,elected,CAMARINES NORTE,JOSE PANGANIBAN,o1059
o1080,vice-mayor-of-san-lorenzo-ruiz-camarines-norte-o1080,"Vice Mayor of San Lorenzo Ruiz, Camarines Norte",executive,city,elected,CAMARINES NORTE,SAN LORENZO RUIZ,o1059
o1081,vice-mayor-of-capalonga-camarines-norte-o1081,"Vice Mayor of Capalonga, Camarines Norte",executive,city,elected,CAMARINES NORTE,CAPALONGA,o1059
o1082,vice-mayor-of-paracale-camarines-norte-o1082,"Vice Mayor of Paracale, Camarines Norte",executive,city,elected,CAMARINES NORTE,PARACALE,o1059
o1083,vice-mayor-of-vinzons-camarines-norte-o1083,"Vice Mayor of Vinzons, Camarines Norte",executive,city,elected,CAMARINES NORTE,VINZONS,o1059
o1084,vice-mayor-of-san-vicente-camarines-norte-o1084,"Vice Mayor of San Vicente, Camarines Norte",executive,city,elected,CAMARINES NORTE,SAN VICENTE,o1059
o1085,vice-mayor-of-labo-camarines-norte-o1085,"Vice Mayor of Labo, Camarines Norte",executive,city,elected,CAMARINES NORTE,LABO,o1059
o1086,vice-mayor-of-talisay-camarines-norte-o1086,"Vice Mayor of Talisay, Camarines Norte",executive,city,elected,CAMARINES NORTE,TALISAY,o1059
o1087,councilor-of-calabanga-camarines-sur-o1087,"Councilor of Calabanga, Camarines Sur",legislative,city,elected,CAMARINES SUR,CALABANGA,o1124
o1088,councilor-of-lagonoy-camarines-sur-o1088,"Councilor of Lagonoy, Camarines Sur",legislative,city,elected,CAMARINES SUR,LAGONOY,o1124
o1089,councilor-of-cabusao-camarines-sur-o1089,"Councilor of Cabusao, Camarines Sur",legislative,city,elected,CAMARINES SUR,CABUSAO,o1124
o1090,councilor-of-libmanan-camarines-sur-o1090,"Councilor of Libmanan, Camarines Sur",legislative,city,elected,CAMARINES SUR,LIBMANAN,o1124
o1091,councilor-of-sipocot-camarines-sur-o1091,"Councilor of Sipocot, Camarines Sur",legislative,city,elected,CAMARINES SUR,SIPOCOT,o1124
o1092,councilor-of-tinambac-camarines-sur-o1092,"Councilor of Tinambac, Camarines Sur",legislative,city,elected,CAMARINES SUR,TINAMBAC,o1124
o1093,councilor-of-san-jose-camarines-sur-o1093,"Councilor of San Jose, Camarines Sur",legislative,city,elected,CAMARINES SUR,SAN JOSE,o1124
o1094,councilor-of-iriga-camarines-sur-o1094,"Councilor of Iriga, Camarines Sur",legislative,city,elected,CAMARINES SUR,IRIGA,o1124
o1095,councilor-of-gainza-camarines-sur-o1095,"Councilor of Gainza, Camarines Sur",legislative,city,elected,CAMARINES SUR,GAINZA,o1124
o1096,councilor-of-naga-camarines-sur-o1096,"Councilor of Naga, Camarines Sur",legislative,city,elected,CAMARINES SUR,NAGA,o1124
o1097,councilor-of-balatan-camarines-sur-o1097,"Councilor of Balatan, Camarines Sur",legislative,city,elected,CAMARINES SUR,BALATAN,o1124
o1098,councilor-of-canaman-camarines-sur-o1098,"Councilor of Canaman, Camarines Sur",legislative,city,elected,CAMARINES SUR,CANAMAN,o1124
o1099,councilor-of-lupi-camarines-sur-o1099,"Councilor of Lupi, Camarines Sur",legislative,city,elected,CAMARINES SUR,LUPI,o1124
o1100,councilor-of-camaligan-camarines-sur-o1100,"Councilor of Camaligan, Camarines Sur",legislative,city,elected,CAMARINES SUR,CAMALIGAN,o1124
o1101,councilor-of-bula-camarines-sur-o1101,"Councilor of Bula, Camarines Sur",legislative,city,elected,CAMARINES SUR,BULA,o1124
o1102,councilor-of-buhi-camarines-sur-o1102,"Councilor of Buhi, Camarines Sur",legislative,city,elected,CAMARINES SUR,BUHI,o1124
o1103,councilor-of-magarao-camarines-sur-o1103,"Councilor of Magarao, Camarines Sur",legislative,city,elected,CAMARINES SUR,MAGARAO,o1124
o1104,councilor-of-ragay-camarines-sur-o1104,"Councilor of Ragay, Camarines Sur",legislative,city,elected,CAMARINES SUR,RAGAY,o1124
o1105,councilor-of-garchitorena-camarines-sur-o1105,"Councilor of Garchitorena, Camarines Sur",legislative,city,elected,CAMARINES SUR,GARCHITORENA,o1124
o1106,councilor-of-milaor-camarines-sur-o1106,"Councilor of Milaor, Camarines Sur",legislative,city,elected,CAMARINES SUR,MILAOR,o1124
o1107,councilor-of-goa-camarines-sur-o1107,"Councilor of Goa, Camarines Sur",legislative,city,elected,CAMARINES SUR,GOA,o1124
o1108,councilor-of-bombon-camarines-sur-o1108,"Councilor of Bombon, Camarines Sur",legislative,city,elected,CAMARINES SUR,BOMBON,o1124
o1109,councilor-of-presentacion-camarines-sur-o1109,"Councilor of Presentacion, Camarines Sur",legislative,city,elected,CAMARINES SUR,PRESENTACION,o1124
o1110,councilor-of-minalabac-camarines-sur-o1110,"Councilor of Minalabac, Camarines Sur",legislative,city,elected,CAMARINES SUR,MINALABAC,o1124
o1111,councilor-of-sagnay-camarines-sur-o1111,"Councilor of Sagnay, Camarines Sur",legislative,city,elected,CAMARINES SUR,SAGNAY,o1124
o1112,councilor-of-pili-camarines-sur-o1112,"Councilor of Pili, Camarines Sur",legislative,city,elected,CAMARINES SUR,PILI,o1124
o1113,councilor-of-caramoan-camarines-sur-o1113,"Councilor of Caramoan, Camarines Sur",legislative,city,elected,CAMARINES SUR,CARAMOAN,o1124
o1114,councilor-of-baao-camarines-sur-o1114,"Councilor of Baao, Camarines Sur",legislative,city,elected,CAMARINES SUR,BAAO,o1124
o1115,councilor-of-pamplona-camarines-sur-o1115,"Councilor of Pamplona, Camarines Sur",legislative,city,elected,CAMARINES SUR,PAMPLONA,o1124
o1116,councilor-of-bato-camarines-sur-o1116,"Councilor of Bato, Camarines Sur",legislative,city,elected,CAMARINES SUR,BATO,o1124
o1117,councilor-of-nabua-camarines-sur-o1117,"Councilor of Nabua, Camarines Sur",legislative,city,elected,CAMARINES SUR,NABUA,o1124
o1118,councilor-of-del-gallego-camarines-sur-o1118,"Councilor of Del Gallego, Camarines Sur",legislative,city,elected,CAMARINES SUR,DEL GALLEGO,o1124
o1119,councilor-of-siruma-camarines-sur-o1119,"Councilor of Siruma, Camarines Sur",legislative,city,elected,CAMARINES SUR,SIRUMA,o1124
o1120,councilor-of-tigaon-camarines-sur-o1120,"Councilor of Tigaon, Camarines Sur",legislative,city,elected,CAMARINES SUR,TIGAON,o1124
o1121,councilor-of-san-fernando-camarines-sur-o1121,"Councilor of San Fernando, Camarines Sur",legislative,city,elected,CAMARINES SUR,SAN FERNANDO,o1124
o1122,councilor-of-pasacao-camarines-sur-o1122,"Councilor of Pasacao, Camarines Sur",legislative,city,elected,CAMARINES SUR,PASACAO,o1124
o1123,councilor-of-ocampo-camarines-sur-o1123,"Councilor of Ocampo, Camarines Sur",legislative,city,elected,CAMARINES SUR,OCAMPO,o1124
o1124,governor-of-camarines-sur-o1124,Governor of Camarines Sur,executive,provincial,elected,CAMARINES SUR,,
o1125,mayor-of-iriga-camarines-sur-o1125,"Mayor of Iriga, Camarines Sur",executive,city,elected,CAMARINES SUR,IRIGA,o1124
o1126,mayor-of-ragay-camarines-sur-o1126,"Mayor of Ragay, Camarines Sur",executive,city,elected,CAMARINES SUR,RAGAY,o1124
o1127,mayor-of-bombon-camarines-sur-o1127,"Mayor of Bombon, Camarines Sur",executive,city,elected,CAMARINES SUR,BOMBON,o1124
o1128,mayor-of-balatan-camarines-sur-o1128,"Mayor of Balatan, Camarines Sur",executive,city,elected,CAMARINES SUR,BALATAN,o1124
o1129,mayor-of-buhi-camarines-sur-o1129,"Mayor of Buhi, Camarines Sur",executive,city,elected,CAMARINES SUR,BUHI,o1124
o1130,mayor-of-tigaon-camarines-sur-o1130,"Mayor of Tigaon, Camarines Sur",executive,city,elected,CAMARINES SUR,TIGAON,o1124
o1131,mayor-of-pili-camarines-sur-o1131,"Mayor of Pili, Camarines Sur",executive,city,elected,CAMARINES SUR,PILI,o1124
o1132,mayor-of-sagnay-camarines-sur-o1132,"Mayor of Sagnay, Camarines Sur",executive,city,elected,CAMARINES SUR,SAGNAY,o1124
o1133,mayor-of-ocampo-camarines-sur-o1133,"Mayor of Ocampo, Camarines Sur",executive,city,elected,CAMARINES SUR,OCAMPO,o1124
o1134,mayor-of-pamplona-camarines-sur-o1134,"Mayor of Pamplona, Camarines Sur",executive,city,elected,CAMARINES SUR,PAMPLONA,o1124
o1135,mayor-of-caramoan-camarines-sur-o1135,"Mayor of Caramoan, Camarines Sur",executive,city,elected,CAMARINES SUR,CARAMOAN,o1124
o1136,mayor-of-bula-camarines-sur-o1136,"Mayor of Bula, Camarines Sur",executive,city,elected,CAMARINES SUR,BULA,o1124
o1137,mayor-of-sipocot-camarines-sur-o1137,"Mayor of Sipocot, Camarines Sur",executive,city,elected,CAMARINES SUR,SIPOCOT,o1124
o1138,mayor-of-presentacion-camarines-sur-o1138,"Mayor of Presentacion, Camarines Sur",executive,city,elected,CAMARINES SUR,PRESENTACION,o1124
o1139,mayor-of-camaligan-camarines-sur-o1139,"Mayor of Camaligan, Camarines Sur",executive,city,elected,CAMARINES SUR,CAMALIGAN,o1124
o1140,mayor-of-milaor-camarines-sur-o1140,"Mayor of Milaor, Camarines Sur",executive,city,elected,CAMARINES SUR,MILAOR,o1124
o1141,mayor-of-baao-camarines-sur-o1141,"Mayor of Baao, Camarines Sur",executive,city,elected,CAMARINES SUR,BAAO,o1124
o1142,mayor-of-cabusao-camarines-sur-o1142,"Mayor of Cabusao, Camarines Sur",executive,city,elected,CAMARINES SUR,CABUSAO,o1124
o1143,mayor-of-gainza-camarines-sur-o1143,"Mayor of Gainza, Camarines Sur",executive,city,elected,CAMARINES SUR,GAINZA,o1124
o1144,mayor-of-bato-camarines-sur-o1144,"Mayor of Bato, Camarines Sur",executive,city,elected,CAMARINES SUR,BATO,o1124
o1145,mayor-of-libmanan-camarines-sur-o1145,"Mayor of Libmanan, Camarines Sur",executive,city,elected,CAMARINES SUR,LIBMANAN,o1124
o1146,mayor-of-pasacao-camarines-sur-o1146,"Mayor of Pasacao, Camarines Sur",executive,city,elected,CAMARINES SUR,PASACAO,o1124
o1147,mayor-of-san-fernando-camarines-sur-o1147,"Mayor of San Fernando, Camarines Sur",executive,city,elected,CAMARINES SUR,SAN FERNANDO,o1124
o1148,mayor-of-lupi-camarines-sur-o1148,"Mayor of Lupi, Camarines Sur",executive,city,elected,CAMARINES SUR,LUPI,o1124
o1149,mayor-of-calabanga-camarines-sur-o1149,"Mayor of Calabanga, Camarines Sur",executive,city,elected,CAMARINES SUR,CALABANGA,o1124
o1150,mayor-of-san-jose-camarines-sur-o1150,"Mayor of San Jose, Camarines Sur",executive,city,elected,CAMARINES SUR,SAN JOSE,o1124
o1151,mayor-of-goa-camarines-sur-o1151,"Mayor of Goa, Camarines Sur",executive,city,elected,CAMARINES SUR,GOA,o1124
o1152,mayor-of-lagonoy-camarines-sur-o1152,"Mayor of Lagonoy, Camarines Sur",executive,city,elected,CAMARINES SUR,LAGONOY,o1124
o1153,mayor-of-canaman-camarines-sur-o1153,"Mayor of Canaman, Camarines Sur",executive,city,elected,CAMARINES SUR,CANAMAN,o1124
o1154,mayor-of-naga-camarines-sur-o1154,"Mayor of Naga, Camarines Sur",executive,city,elected,CAMARINES SUR,NAGA,o1124
o1155,mayor-of-minalabac-camarines-sur-o1155,"Mayor of Minalabac, Camarines Sur",executive,city,elected,CAMARINES SUR,MINALABAC,o1124
o1156,mayor-of-magarao-camarines-sur-o1156,"Mayor of Magarao, Camarines Sur",executive,city,elected,CAMARINES SUR,MAGARAO,o1124
o1157,mayor-of-garchitorena-camarines-sur-o1157,"Mayor of Garchitorena, Camarines Sur",executive,city,elected,CAMARINES SUR,GARCHITORENA,o1124
o1158,mayor-of-nabua-camarines-sur-o1158,"Mayor of Nabua, Camarines Sur",executive,city,elected,CAMARINES SUR,NABUA,o1124
o1159,mayor-of-del-gallego-camarines-sur-o1159,"Mayor of Del Gallego, Camarines Sur",executive,city,elected,CAMARINES SUR,DEL GALLEGO,o1124
o1160,mayor-of-tinambac-camarines-sur-o1160,"Mayor of Tinambac, Camarines Sur",executive,city,elected,CAMARINES SUR,TINAMBAC,o1124
o1161,mayor-of-siruma-camarines-sur-o1161,"Mayor of Siruma, Camarines Sur",executive,city,elected,CAMARINES SUR,SIRUMA,o1124
o1162,representative-camarines-sur-o1162,"Representative, , Camarines Sur",legislative,national,elected,CAMARINES SUR,,
o1163,provincial-board-member-of-camarines-sur-o1163,Provincial Board Member of Camarines Sur,legislative,provincial,elected,CAMARINES SUR,,
o1164,vice-governor-of-camarines-sur-o1164,Vice Governor of Camarines Sur,executive,provincial,elected,CAMARINES SUR,,
o1165,vice-mayor-of-del-gallego-camarines-sur-o1165,"Vice Mayor of Del Gallego, Camarines Sur",executive,city,elected,CAMARINES SUR,DEL GALLEGO,o1124
o1166,vice-mayor-of-naga-camarines-sur-o1166,"Vice Mayor of Naga, Camarines Sur",executive,city,elected,CAMARINES SUR,NAGA,o1124
o1167,vice-mayor-of-cabusao-camarines-sur-o1167,"Vice Mayor of Cabusao, Camarines Sur",executive,city,elected,CAMARINES SUR,CABUSAO,o1124
o1168,vice-mayor-of-presentacion-camarines-sur-o1168,"Vice Mayor of Presentacion, Camarines Sur",executive,city,elected,CAMARINES SUR,PRESENTACION,o1124
o1169,vice-mayor-of-bombon-camarines-sur-o1169,"Vice Mayor of Bombon, Camarines Sur",executive,city,elected,CAMARINES SUR,BOMBON,o1124
o1170,vice-mayor-of-sipocot-camarines-sur-o1170,"Vice Mayor of Sipocot, Camarines Sur",executive,city,elected,CAMARINES SUR,SIPOCOT,o1124
o1171,vice-mayor-of-tinambac-camarines-sur-o1171,"Vice Mayor of Tinambac, Camarines Sur",executive,city,elected,CAMARINES SUR,TINAMBAC,o1124
o1172,vice-mayor-of-minalabac-camarines-sur-o1172,"Vice Mayor of Minalabac, Camarines Sur",executive,city,elected,CAMARINES SUR,MINALABAC,o1124
o1173,vice-mayor-of-baao-camarines-sur-o1173,"Vice Mayor of Baao, Camarines Sur",executive,city,elected,CAMARINES SUR,BAAO,o1124
o1174,vice-mayor-of-lupi-camarines-sur-o1174,"Vice Mayor of Lupi, Camarines Sur",executive,city,elected,CAMARINES SUR,LUPI,o1124
o1175,vice-mayor-of-ragay-camarines-sur-o1175,"Vice Mayor of Ragay, Camarines Sur",executive,city,elected,CAMARINES SUR,RAGAY,o1124
o1176,vice-mayor-of-tigaon-camarines-sur-o1176,"Vice Mayor of Tigaon, Camarines Sur",executive,city,elected,CAMARINES SUR,TIGAON,o1124
o1177,vice-mayor-of-milaor-camarines-sur-o1177,"Vice Mayor of Milaor, Camarines Sur",executive,city,elected,CAMARINES SUR,MILAOR,o1124
o1178,vice-mayor-of-garchitorena-camarines-sur-o1178,"Vice Mayor of Garchitorena, Camarines Sur",executive,city,elected,CAMARINES SUR,GARCHITORENA,o1124
o1179,vice-mayor-of-magarao-camarines-sur-o1179,"Vice Mayor of Magarao, Camarines Sur",executive,city,elected,CAMARINES SUR,MAGARAO,o1124
o1180,vice-mayor-of-pasacao-camarines-sur-o1180,"Vice Mayor of Pasacao, Camarines Sur",executive,city,elected,CAMARINES SUR,PASACAO,o1124
o1181,vice-mayor-of-balatan-camarines-sur-o1181,"Vice Mayor of Balatan, Camarines Sur",executive,city,elected,CAMARINES SUR,BALATAN,o1124
o1182,vice-mayor-of-san-jose-camarines-sur-o1182,"Vice Mayor of San Jose, Camarines Sur",executive,city,elected,CAMARINES SUR,SAN JOSE,o1124
o1183,vice-mayor-of-caramoan-camarines-sur-o1183,"Vice Mayor of Caramoan, Camarines Sur",executive,city,elected,CAMARINES SUR,CARAMOAN,o1124
o1184,vice-mayor-of-buhi-camarines-sur-o1184,"Vice Mayor of Buhi, Camarines Sur",executive,city,elected,CAMARINES SUR,BUHI,o1124
o1185,vice-mayor-of-iriga-camarines-sur-o1185,"Vice Mayor of Iriga, Camarines Sur",executive,city,elected,CAMARINES SUR,IRIGA,o1124
o1186,vice-mayor-of-nabua-camarines-sur-o1186,"Vice Mayor of Nabua, Camarines Sur",executive,city,elected,CAMARINES SUR,NABUA,o1124
o1187,vice-mayor-of-camaligan-camarines-sur-o1187,"Vice Mayor of Camaligan, Camarines Sur",executive,city,elected,CAMARINES SUR,CAMALIGAN,o1124
o1188,vice-mayor-of-gainza-camarines-sur-o1188,"Vice Mayor of Gainza, Camarines Sur",executive,city,elected,CAMARINES SUR,GAINZA,o1124
o1189,vice-mayor-of-goa-camarines-sur-o1189,"Vice Mayor of Goa, Camarines Sur",executive,city,elected,CAMARINES SUR,GOA,o1124
o1190,vice-mayor-of-bula-camarines-sur-o1190,"Vice Mayor of Bula, Camarines Sur",executive,city,elected,CAMARINES SUR,BULA,o1124
o1191,vice-mayor-of-san-fernando-camarines-sur-o1191,"Vice Mayor of San Fernando, Camarines Sur",executive,city,elected,CAMARINES SUR,SAN FERNANDO,o1124
o1192,vice-mayor-of-sagnay-camarines-sur-o1192,"Vice Mayor of Sagnay, Camarines Sur",executive,city,elected,CAMARINES SUR,SAGNAY,o1124
o1193,vice-mayor-of-libmanan-camarines-sur-o1193,"Vice Mayor of Libmanan, Camarines Sur",executive,city,elected,CAMARINES SUR,LIBMANAN,o1124
o1194,vice-mayor-of-canaman-camarines-sur-o1194,"Vice Mayor of Canaman, Camarines Sur",executive,city,elected,CAMARINES SUR,CANAMAN,o1124
o1195,vice-mayor-of-pamplona-camarines-sur-o1195,"Vice Mayor of Pamplona, Camarines Sur",executive,city,elected,CAMARINES SUR,PAMPLONA,o1124
o1196,vice-mayor-of-lagonoy-camarines-sur-o1196,"Vice Mayor of Lagonoy, Camarines Sur",executive,city,elected,CAMARINES SUR,LAGONOY,o1124
o1197,vice-mayor-of-calabanga-camarines-sur-o1197,"Vice Mayor of Calabanga, Camarines Sur",executive,city,elected,CAMARINES SUR,CALABANGA,o1124
o1198,vice-mayor-of-siruma-camarines-sur-o1198,"Vice Mayor of Siruma, Camarines Sur",executive,city,elected,CAMARINES SUR,SIRUMA,o1124
o1199,vice-mayor-of-ocampo-camarines-sur-o1199,"Vice Mayor of Ocampo, Camarines Sur",executive,city,elected,CAMARINES SUR,OCAMPO,o1124
o1200,vice-mayor-of-pili-camarines-sur-o1200,"Vice Mayor of Pili, Camarines Sur",executive,city,elected,CAMARINES SUR,PILI,o1124
o1201,vice-mayor-of-bato-camarines-sur-o1201,"Vice Mayor of Bato, Camarines Sur",executive,city,elected,CAMARINES SUR,BATO,o1124
o1202,councilor-of-mahinog-camiguin-o1202,"Councilor of Mahinog, Camiguin",legislative,city,elected,CAMIGUIN,MAHINOG,o1207
o1203,councilor-of-sagay-camiguin-o1203,"Councilor of Sagay, Camiguin",legislative,city,elected,CAMIGUIN,SAGAY,o1207
o1204,councilor-of-catarman-camiguin-o1204,"Councilor of Catarman, Camiguin",legislative,city,elected,CAMIGUIN,CATARMAN,o1207
o1205,councilor-of-guinsiliban-camiguin-o1205,"Councilor of Guinsiliban, Camiguin",legislative,city,elected,CAMIGUIN,GUINSILIBAN,o1207
o1206,councilor-of-mambajao-camiguin-o1206,"Councilor of Mambajao, Camiguin",legislative,city,elected,CAMIGUIN,MAMBAJAO,o1207
o1207,governor-of-camiguin-o1207,Governor of Camiguin,executive,provincial,elected,CAMIGUIN,,
o1208,mayor-of-guinsiliban-camiguin-o1208,"Mayor of Guinsiliban, Camiguin",executive,city,elected,CAMIGUIN,GUINSILIBAN,o1207
o1209,mayor-of-catarman-camiguin-o1209,"Mayor of Catarman, Camiguin",executive,city,elected,CAMIGUIN,CATARMAN,o1207
o1210,mayor-of-mahinog-camiguin-o1210,"Mayor of Mahinog, Camiguin",executive,city,elected,CAMIGUIN,MAHINOG,o1207
o1211,mayor-of-sagay-camiguin-o1211,"Mayor of Sagay, Camiguin",executive,city,elected,CAMIGUIN,SAGAY,o1207
o1212,mayor-of-mambajao-camiguin-o1212,"Mayor of Mambajao, Camiguin",executive,city,elected,CAMIGUIN,MAMBAJAO,o1207
o1213,representative-camiguin-o1213,"Representative, , Camiguin",legislative,national,elected,CAMIGUIN,,
o1214,provincial-board-member-of-camiguin-o1214,Provincial Board Member of Camiguin,legislative,provincial,elected,CAMIGUIN,,
o1215,vice-governor-of-camiguin-o1215,Vice Governor of Camiguin,executive,provincial,elected,CAMIGUIN,,
o1216,vice-mayor-of-mambajao-camiguin-o1216,"Vice Mayor of Mambajao, Camiguin",executive,city,elected,CAMIGUIN,MAMBAJAO,o1207
o1217,vice-mayor-of-guinsiliban-camiguin-o1217,"Vice Mayor of Guinsiliban, Camiguin",executive,city,elected,CAMIGUIN,GUINSILIBAN,o1207
o1218,vice-mayor-of-mahinog-camiguin-o1218,"Vice Mayor of Mahinog, Camiguin",executive,city,elected,CAMIGUIN,MAHINOG,o1207
o1219,vice-mayor-of-sagay-camiguin-o1219,"Vice Mayor of Sagay, Camiguin",executive,city,elected,CAMIGUIN,SAGAY,o1207
o1220,vice-mayor-of-catarman-camiguin-o1220,"Vice Mayor of Catarman, Camiguin",executive,city,elected,CAMIGUIN,CATARMAN,o1207
o1221,councilor-of-roxas-capiz-o1221,"Councilor of Roxas, Capiz",legislative,city,elected,CAPIZ,ROXAS,o1238
o1222,councilor-of-pilar-capiz-o1222,"Councilor of Pilar, Capiz",legislative,city,elected,CAPIZ,PILAR,o1238
o1223,councilor-of-jamindan-capiz-o1223,"Councilor of Jamindan, Capiz",legislative,city,elected,CAPIZ,JAMINDAN,o1238
o1224,councilor-of-panay-capiz-o1224,"Councilor of Panay, Capiz",legislative,city,elected,CAPIZ,PANAY,o1238
o1225,councilor-of-sigma-capiz-o1225,"Councilor of Sigma, Capiz",legislative,city,elected,CAPIZ,SIGMA,o1238
o1226,councilor-of-pontevedra-capiz-o1226,"Councilor of Pontevedra, Capiz",legislative,city,elected,CAPIZ,PONTEVEDRA,o1238
o1227,councilor-of-mambusao-capiz-o1227,"Councilor of Mambusao, Capiz",legislative,city,elected,CAPIZ,MAMBUSAO,o1238
o1228,councilor-of-ivisan-capiz-o1228,"Councilor of Ivisan, Capiz",legislative,city,elected,CAPIZ,IVISAN,o1238
o1229,councilor-of-president-roxas-capiz-o1229,"Councilor of President Roxas, Capiz",legislative,city,elected,CAPIZ,PRESIDENT ROXAS,o1238
o1230,councilor-of-dao-capiz-o1230,"Councilor of Dao, Capiz",legislative,city,elected,CAPIZ,DAO,o1238
o1231,councilor-of-ma-ayon-capiz-o1231,"Councilor of Ma Ayon, Capiz",legislative,city,elected,CAPIZ,MA AYON,o1238
o1232,councilor-of-dumarao-capiz-o1232,"Councilor of Dumarao, Capiz",legislative,city,elected,CAPIZ,DUMARAO,o1238
o1233,councilor-of-panitan-capiz-o1233,"Councilor of Panitan, Capiz",legislative,city,elected,CAPIZ,PANITAN,o1238
o1234,councilor-of-cuartero-capiz-o1234,"Councilor of Cuartero, Capiz",legislative,city,elected,CAPIZ,CUARTERO,o1238
o1235,councilor-of-dumalag-capiz-o1235,"Councilor of Dumalag, Capiz",legislative,city,elected,CAPIZ,DUMALAG,o1238
o1236,councilor-of-sapi-an-capiz-o1236,"Councilor of Sapi An, Capiz",legislative,city,elected,CAPIZ,SAPI AN,o1238
o1237,councilor-of-tapaz-capiz-o1237,"Councilor of Tapaz, Capiz",legislative,city,elected,CAPIZ,TAPAZ,o1238
o1238,governor-of-capiz-o1238,Governor of Capiz,executive,provincial,elected,CAPIZ,,
o1239,mayor-of-jamindan-capiz-o1239,"Mayor of Jamindan, Capiz",executive,city,elected,CAPIZ,JAMINDAN,o1238
o1240,mayor-of-panay-capiz-o1240,"Mayor of Panay, Capiz",executive,city,elected,CAPIZ,PANAY,o1238
o1241,mayor-of-mambusao-capiz-o1241,"Mayor of Mambusao, Capiz",executive,city,elected,CAPIZ,MAMBUSAO,o1238
o1242,mayor-of-panitan-capiz-o1242,"Mayor of Panitan, Capiz",executive,city,elected,CAPIZ,PANITAN,o1238
o1243,mayor-of-dumarao-capiz-o1243,"Mayor of Dumarao, Capiz",executive,city,elected,CAPIZ,DUMARAO,o1238
o1244,mayor-of-dumalag-capiz-o1244,"Mayor of Dumalag, Capiz",executive,city,elected,CAPIZ,DUMALAG,o1238
o1245,mayor-of-roxas-capiz-o1245,"Mayor of Roxas, Capiz",executive,city,elected,CAPIZ,ROXAS,o1238
o1246,mayor-of-ma-ayon-capiz-o1246,"Mayor of Ma Ayon, Capiz",executive,city,elected,CAPIZ,MA AYON,o1238
o1247,mayor-of-dao-capiz-o1247,"Mayor of Dao, Capiz",executive,city,elected,CAPIZ,DAO,o1238
o1248,mayor-of-tapaz-capiz-o1248,"Mayor of Tapaz, Capiz",executive,city,elected,CAPIZ,TAPAZ,o1238
o1249,mayor-of-president-roxas-capiz-o1249,"Mayor of President Roxas, Capiz",executive,city,elected,CAPIZ,PRESIDENT ROXAS,o1238
o1250,mayor-of-sapi-an-capiz-o1250,"Mayor of Sapi An, Capiz",executive,city,elected,CAPIZ,SAPI AN,o1238
o1251,mayor-of-pilar-capiz-o1251,"Mayor of Pilar, Capiz",executive,city,elected,CAPIZ,PILAR,o1238
o1252,mayor-of-cuartero-capiz-o1252,"Mayor of Cuartero, Capiz",executive,city,elected,CAPIZ,CUARTERO,o1238
o1253,mayor-of-sigma-capiz-o1253,"Mayor of Sigma, Capiz",executive,city,elected,CAPIZ,SIGMA,o1238
o1254,mayor-of-pontevedra-capiz-o1254,"Mayor of Pontevedra, Capiz",executive,city,elected,CAPIZ,PONTEVEDRA,o1238
o1255,mayor-of-ivisan-capiz-o1255,"Mayor of Ivisan, Capiz",executive,city,elected,CAPIZ,IVISAN,o1238
o1256,representative-capiz-o1256,"Representative, , Capiz",legislative,national,elected,CAPIZ,,
o1257,provincial-board-member-of-capiz-o1257,Provincial Board Member of Capiz,legislative,provincial,elected,CAPIZ,,
o1258,vice-governor-of-capiz-o1258,Vice Governor of Capiz,executive,provincial,elected,CAPIZ,,
o1259,vice-mayor-of-dumarao-capiz-o1259,"Vice Mayor of Dumarao, Capiz",executive,city,elected,CAPIZ,DUMARAO,o1238
o1260,vice-mayor-of-panay-capiz-o1260,"Vice Mayor of Panay, Capiz",executive,city,elected,CAPIZ,PANAY,o1238
o1261,vice-mayor-of-ma-ayon-capiz-o1261,"Vice Mayor of Ma Ayon, Capiz",executive,city,elected,CAPIZ,MA AYON,o1238
o1262,vice-mayor-of-president-roxas-capiz-o1262,"Vice Mayor of President Roxas, Capiz",executive,city,elected,CAPIZ,PRESIDENT ROXAS,o1238
o1263,vice-mayor-of-sigma-capiz-o1263,"Vice Mayor of Sigma, Capiz",executive,city,elected,CAPIZ,SIGMA,o1238
o1264,vice-mayor-of-panitan-capiz-o1264,"Vice Mayor of Panitan, Capiz",executive,city,elected,CAPIZ,PANITAN,o1238
o1265,vice-mayor-of-pontevedra-capiz-o1265,"Vice Mayor of Pontevedra, Capiz",executive,city,elected,CAPIZ,PONTEVEDRA,o1238
o1266,vice-mayor-of-dumalag-capiz-o1266,"Vice Mayor of Dumalag, Capiz",executive,city,elected,CAPIZ,DUMALAG,o1238
o1267,vice-mayor-of-cuartero-capiz-o1267,"Vice Mayor of Cuartero, Capiz",executive,city,elected,CAPIZ,CUARTERO,o1238
o1268,vice-mayor-of-tapaz-capiz-o1268,"Vice Mayor of Tapaz, Capiz",executive,city,elected,CAPIZ,TAPAZ,o1238
o1269,vice-mayor-of-roxas-capiz-o1269,"Vice Mayor of Roxas, Capiz",executive,city,elected,CAPIZ,ROXAS,o1238
o1270,vice-mayor-of-dao-capiz-o1270,"Vice Mayor of Dao, Capiz",executive,city,elected,CAPIZ,DAO,o1238
o1271,vice-mayor-of-mambusao-capiz-o1271,"Vice Mayor of Mambusao, Capiz",executive,city,elected,CAPIZ,MAMBUSAO,o1238
o1272,vice-mayor-of-sapi-an-capiz-o1272,"Vice Mayor of Sapi An, Capiz",executive,city,elected,CAPIZ,SAPI AN,o1238
o1273,vice-mayor-of-pilar-capiz-o1273,"Vice Mayor of Pilar, Capiz",executive,city,elected,CAPIZ,PILAR,o1238
o1274,vice-mayor-of-jamindan-capiz-o1274,"Vice Mayor of Jamindan, Capiz",executive,city,elected,CAPIZ,JAMINDAN,o1238
o1275,vice-mayor-of-ivisan-capiz-o1275,"Vice Mayor of Ivisan, Capiz",executive,city,elected,CAPIZ,IVISAN,o1238
o1276,councilor-of-virac-catanduanes-o1276,"Councilor of Virac, Catanduanes",legislative,city,elected,CATANDUANES,VIRAC,o1287
o1277,councilor-of-caramoran-catanduanes-o1277,"Councilor of Caramoran, Catanduanes",legislative,city,elected,CATANDUANES,CARAMORAN,o1287
o1278,councilor-of-bato-catanduanes-o1278,"Councilor of Bato, Catanduanes",legislative,city,elected,CATANDUANES,BATO,o1287
o1279,councilor-of-san-andres-catanduanes-o1279,"Councilor of San Andres, Catanduanes",legislative,city,elected,CATANDUANES,SAN ANDRES,o1287
o1280,councilor-of-panganiban-catanduanes-o1280,"Councilor of Panganiban, Catanduanes",legislative,city,elected,CATANDUANES,PANGANIBAN,o1287
o1281,councilor-of-baras-catanduanes-o1281,"Councilor of Baras, Catanduanes",legislative,city,elected,CATANDUANES,BARAS,o1287
o1282,councilor-of-san-miguel-catanduanes-o1282,"Councilor of San Miguel, Catanduanes",legislative,city,elected,CATANDUANES,SAN MIGUEL,o1287
o1283,councilor-of-pandan-catanduanes-o1283,"Councilor of Pandan, Catanduanes",legislative,city,elected,CATANDUANES,PANDAN,o1287
o1284,councilor-of-bagamanoc-catanduanes-o1284,"Councilor of Bagamanoc, Catanduanes",legislative,city,elected,CATANDUANES,BAGAMANOC,o1287
o1285,councilor-of-gigmoto-catanduanes-o1285,"Councilor of Gigmoto, Catanduanes",legislative,city,elected,CATANDUANES,GIGMOTO,o1287
o1286,councilor-of-viga-catanduanes-o1286,"Councilor of Viga, Catanduanes",legislative,city,elected,CATANDUANES,VIGA,o1287
o1287,governor-of-catanduanes-o1287,Governor of Catanduanes,executive,provincial,elected,CATANDUANES,,
o1288,mayor-of-viga-catanduanes-o1288,"Mayor of Viga, Catanduanes",executive,city,elected,CATANDUANES,VIGA,o1287
o1289,mayor-of-virac-catanduanes-o1289,"Mayor of Virac, Catanduanes",executive,city,elected,CATANDUANES,VIRAC,o1287
o1290,mayor-of-panganiban-catanduanes-o1290,"Mayor of Panganiban, Catanduanes",executive,city,elected,CATANDUANES,PANGANIBAN,o1287
o1291,mayor-of-san-miguel-catanduanes-o1291,"Mayor of San Miguel, Catanduanes",executive,city,elected,CATANDUANES,SAN MIGUEL,o1287
o1292,mayor-of-san-andres-catanduanes-o1292,"Mayor of San Andres, Catanduanes",executive,city,elected,CATANDUANES,SAN ANDRES,o1287
o1293,mayor-of-gigmoto-catanduanes-o1293,"Mayor of Gigmoto, Catanduanes",executive,city,elected,CATANDUANES,GIGMOTO,o1287
o1294,mayor-of-caramoran-catanduanes-o1294,"Mayor of Caramoran, Catanduanes",executive,city,elected,CATANDUANES,CARAMORAN,o1287
o1295,mayor-of-pandan-catanduanes-o1295,"Mayor of Pandan, Catanduanes",executive,city,elected,CATANDUANES,PANDAN,o1287
o1296,mayor-of-bato-catanduanes-o1296,"Mayor of Bato, Catanduanes",executive,city,elected,CATANDUANES,BATO,o1287
o1297,mayor-of-baras-catanduanes-o1297,"Mayor of Baras, Catanduanes",executive,city,elected,CATANDUANES,BARAS,o1287
o1298,mayor-of-bagamanoc-catanduanes-o1298,"Mayor of Bagamanoc, Catanduanes",executive,city,elected,CATANDUANES,BAGAMANOC,o1287
o1299,representative-catanduanes-o1299,"Representative, , Catanduanes",legislative,national,elected,CATANDUANES,,
o1300,provincial-board-member-of-catanduanes-o1300,Provincial Board Member of Catanduanes,legislative,provincial,elected,CATANDUANES,,
o1301,vice-governor-of-catanduanes-o1301,Vice Governor of Catanduanes,executive,provincial,elected,CATANDUANES,,
o1302,vice-mayor-of-baras-catanduanes-o1302,"Vice Mayor of Baras, Catanduanes",executive,city,elected,CATANDUANES,BARAS,o1287
o1303,vice-mayor-of-pandan-catanduanes-o1303,"Vice Mayor of Pandan, Catanduanes",executive,city,elected,CATANDUANES,PANDAN,o1287
o1304,vice-mayor-of-caramoran-catanduanes-o1304,"Vice Mayor of Caramoran, Catanduanes",executive,city,elected,CATANDUANES,CARAMORAN,o1287
o1305,vice-mayor-of-bagamanoc-catanduanes-o1305,"Vice Mayor of Bagamanoc, Catanduanes",executive,city,elected,CATANDUANES,BAGAMANOC,o1287
o1306,vice-mayor-of-virac-catanduanes-o1306,"Vice Mayor of Virac, Catanduanes",executive,city,elected,CATANDUANES,VIRAC,o1287
o1307,vice-mayor-of-san-miguel-catanduanes-o1307,"Vice Mayor of San Miguel, Catanduanes",executive,city,elected,CATANDUANES,SAN MIGUEL,o1287
o1308,vice-mayor-of-san-andres-catanduanes-o1308,"Vice Mayor of San Andres, Catanduanes",executive,city,elected,CATANDUANES,SAN ANDRES,o1287
o1309,vice-mayor-of-bato-catanduanes-o1309,"Vice Mayor of Bato, Catanduanes",executive,city,elected,CATANDUANES,BATO,o1287
o1310,vice-mayor-of-gigmoto-catanduanes-o1310,"Vice Mayor of Gigmoto, Catanduanes",executive,city,elected,CATANDUANES,GIGMOTO,o1287
o1311,vice-mayor-of-panganiban-catanduanes-o1311,"Vice Mayor of Panganiban, Catanduanes",executive,city,elected,CATANDUANES,PANGANIBAN,o1287
o1312,vice-mayor-of-viga-catanduanes-o1312,"Vice Mayor of Viga, Catanduanes",executive,city,elected,CATANDUANES,VIGA,o1287
o1313,councilor-of-gen-mariano-alvarez-cavite-o1313,"Councilor of Gen Mariano Alvarez, Cavite",legislative,city,elected,CAVITE,GEN MARIANO ALVAREZ,o1336
o1314,councilor-of-imus-cavite-o1314,"Councilor of Imus, Cavite",legislative,city,elected,CAVITE,IMUS,o1336
o1315,councilor-of-kawit-cavite-o1315,"Councilor of Kawit, Cavite",legislative,city,elected,CAVITE,KAWIT,o1336
o1316,councilor-of-trece-martires-cavite-o1316,"Councilor of Trece Martires, Cavite",legislative,city,elected,CAVITE,TRECE MARTIRES,o1336
o1317,councilor-of-dasmarinas-cavite-o1317,"Councilor of Dasmarinas, Cavite",legislative,city,elected,CAVITE,DASMARINAS,o1336
o1318,councilor-of-magallanes-cavite-o1318,"Councilor of Magallanes, Cavite",legislative,city,elected,CAVITE,MAGALLANES,o1336
o1319,councilor-of-cavite-cavite-o1319,"Councilor of Cavite, Cavite",legislative,city,elected,CAVITE,CAVITE,o1336
o1320,councilor-of-noveleta-cavite-o1320,"Councilor of Noveleta, Cavite",legislative,city,elected,CAVITE,NOVELETA,o1336
o1321,councilor-of-silang-cavite-o1321,"Councilor of Silang, Cavite",legislative,city,elected,CAVITE,SILANG,o1336
o1322,councilor-of-general-emilio-aguinaldo-cavite-o1322,"Councilor of General Emilio Aguinaldo, Cavite",legislative,city,elected,CAVITE,GENERAL EMILIO AGUINALDO,o1336
o1323,councilor-of-maragondon-cavite-o1323,"Councilor of Maragondon, Cavite",legislative,city,elected,CAVITE,MARAGONDON,o1336
o1324,councilor-of-rosario-cavite-o1324,"Councilor of Rosario, Cavite",legislative,city,elected,CAVITE,ROSARIO,o1336
o1325,councilor-of-tanza-cavite-o1325,"Councilor of Tanza, Cavite",legislative,city,elected,CAVITE,TANZA,o1336
o1326,councilor-of-ternate-cavite-o1326,"Councilor of Ternate, Cavite",legislative,city,elected,CAVITE,TERNATE,o1336
o1327,councilor-of-mendez-cavite-o1327,"Councilor of Mendez, Cavite",legislative,city,elected,CAVITE,MENDEZ,o1336
o1328,councilor-of-alfonso-cavite-o1328,"Councilor of Alfonso, Cavite",legislative,city,elected,CAVITE,ALFONSO,o1336
o1329,councilor-of-amadeo-cavite-o1329,"Councilor of Amadeo, Cavite",legislative,city,elected,CAVITE,AMADEO,o1336
o1330,councilor-of-tagaytay-cavite-o1330,"Councilor of Tagaytay, Cavite",legislative,city,elected,CAVITE,TAGAYTAY,o1336
o1331,councilor-of-indang-cavite-o1331,"Councilor of Indang, Cavite",legislative,city,elected,CAVITE,INDANG,o1336
o1332,councilor-of-naic-cavite-o1332,"Councilor of Naic, Cavite",legislative,city,elected,CAVITE,NAIC,o1336
o1333,councilor-of-bacoor-cavite-o1333,"Councilor of Bacoor, Cavite",legislative,city,elected,CAVITE,BACOOR,o1336
o1334,councilor-of-general-trias-cavite-o1334,"Councilor of General Trias, Cavite",legislative,city,elected,CAVITE,GENERAL TRIAS,o1336
o1335,councilor-of-carmona-cavite-o1335,"Councilor of Carmona, Cavite",legislative,city,elected,CAVITE,CARMONA,o1336
o1336,governor-of-cavite-o1336,Governor of Cavite,executive,provincial,elected,CAVITE,,
o1337,mayor-of-rosario-cavite-o1337,"Mayor of Rosario, Cavite",executive,city,elected,CAVITE,ROSARIO,o1336
o1338,mayor-of-amadeo-cavite-o1338,"Mayor of Amadeo, Cavite",executive,city,elected,CAVITE,AMADEO,o1336
o1339,mayor-of-maragondon-cavite-o1339,"Mayor of Maragondon, Cavite",executive,city,elected,CAVITE,MARAGONDON,o1336
o1340,mayor-of-dasmarinas-cavite-o1340,"Mayor of Dasmarinas, Cavite",executive,city,elected,CAVITE,DASMARINAS,o1336
o1341,mayor-of-general-emilio-aguinaldo-cavite-o1341,"Mayor of General Emilio Aguinaldo, Cavite",executive,city,elected,CAVITE,GENERAL EMILIO AGUINALDO,o1336
o1342,mayor-of-general-trias-cavite-o1342,"Mayor of General Trias, Cavite",executive,city,elected,CAVITE,GENERAL TRIAS,o1336
o1343,mayor-of-bacoor-cavite-o1343,"Mayor of Bacoor, Cavite",executive,city,elected,CAVITE,BACOOR,o1336
o1344,mayor-of-trece-martires-cavite-o1344,"Mayor of Trece Martires, Cavite",executive,city,elected,CAVITE,TRECE MARTIRES,o1336
o1345,mayor-of-tanza-cavite-o1345,"Mayor of Tanza, Cavite",executive,city,elected,CAVITE,TANZA,o1336
o1346,mayor-of-gen-mariano-alvarez-cavite-o1346,"Mayor of Gen Mariano Alvarez, Cavite",executive,city,elected,CAVITE,GEN MARIANO ALVAREZ,o1336
o1347,mayor-of-ternate-cavite-o1347,"Mayor of Ternate, Cavite",executive,city,elected,CAVITE,TERNATE,o1336
o1348,mayor-of-carmona-cavite-o1348,"Mayor of Carmona, Cavite",executive,city,elected,CAVITE,CARMONA,o1336
o1349,mayor-of-silang-cavite-o1349,"Mayor of Silang, Cavite",executive,city,elected,CAVITE,SILANG,o1336
o1350,mayor-of-magallanes-cavite-o1350,"Mayor of Magallanes, Cavite",executive,city,elected,CAVITE,MAGALLANES,o1336
o1351,mayor-of-mendez-cavite-o1351,"Mayor of Mendez, Cavite",executive,city,elected,CAVITE,MENDEZ,o1336
o1352,mayor-of-naic-cavite-o1352,"Mayor of Naic, Cavite",executive,city,elected,CAVITE,NAIC,o1336
o1353,mayor-of-cavite-cavite-o1353,"Mayor of Cavite, Cavite",executive,city,elected,CAVITE,CAVITE,o1336
o1354,mayor-of-kawit-cavite-o1354,"Mayor of Kawit, Cavite",executive,city,elected,CAVITE,KAWIT,o1336
o1355,mayor-of-imus-cavite-o1355,"Mayor of Imus, Cavite",executive,city,elected,CAVITE,IMUS,o1336
o1356,mayor-of-indang-cavite-o1356,"Mayor of Indang, Cavite",executive,city,elected,CAVITE,INDANG,o1336
o1357,mayor-of-tagaytay-cavite-o1357,"Mayor of Tagaytay, Cavite",executive,city,elected,CAVITE,TAGAYTAY,o1336
o1358,mayor-of-noveleta-cavite-o1358,"Mayor of Noveleta, Cavite",executive,city,elected,CAVITE,NOVELETA,o1336
o1359,mayor-of-alfonso-cavite-o1359,"Mayor of Alfonso, Cavite",executive,city,elected,CAVITE,ALFONSO,o1336
o1360,representative-cavite-o1360,"Representative, , Cavite",legislative,national,elected,CAVITE,,
o1361,provincial-board-member-of-cavite-o1361,Provincial Board Member of Cavite,legislative,provincial,elected,CAVITE,,
o1362,vice-governor-of-cavite-o1362,Vice Governor of Cavite,executive,provincial,elected,CAVITE,,
o1363,vice-mayor-of-kawit-cavite-o1363,"Vice Mayor of Kawit, Cavite",executive,city,elected,CAVITE,KAWIT,o1336
o1364,vice-mayor-of-carmona-cavite-o1364,"Vice Mayor of Carmona, Cavite",executive,city,elected,CAVITE,CARMONA,o1336
o1365,vice-mayor-of-tagaytay-cavite-o1365,"Vice Mayor of Tagaytay, Cavite",executive,city,elected,CAVITE,TAGAYTAY,o1336
o1366,vice-mayor-of-maragondon-cavite-o1366,"Vice Mayor of Maragondon, Cavite",executive,city,elected,CAVITE,MARAGONDON,o1336
o1367,vice-mayor-of-tanza-cavite-o1367,"Vice Mayor of Tanza, Cavite",executive,city,elected,CAVITE,TANZA,o1336
o1368,vice-mayor-of-ternate-cavite-o1368,"Vice Mayor of Ternate, Cavite",executive,city,elected,CAVITE,TERNATE,o1336
o1369,vice-mayor-of-amadeo-cavite-o1369,"Vice Mayor of Amadeo, Cavite",executive,city,elected,CAVITE,AMADEO,o1336
o1370,vice-mayor-of-noveleta-cavite-o1370,"Vice Mayor of Noveleta, Cavite",executive,city,elected,CAVITE,NOVELETA,o1336
o1371,vice-mayor-of-dasmarinas-cavite-o1371,"Vice Mayor of Dasmarinas, Cavite",executive,city,elected,CAVITE,DASMARINAS,o1336
o1372,vice-mayor-of-general-emilio-aguinaldo-cavite-o1372,"Vice Mayor of General Emilio Aguinaldo, Cavite",executive,city,elected,CAVITE,GENERAL EMILIO AGUINALDO,o1336
o1373,vice-mayor-of-indang-cavite-o1373,"Vice Mayor of Indang, Cavite",executive,city,elected,CAVITE,INDANG,o1336
o1374,vice-mayor-of-general-trias-cavite-o1374,"Vice Mayor of General Trias, Cavite",executive,city,elected,CAVITE,GENERAL TRIAS,o1336
o1375,vice-mayor-of-rosario-cavite-o1375,"Vice Mayor of Rosario, Cavite",executive,city,elected,CAVITE,ROSARIO,o1336
o1376,vice-mayor-of-gen-mariano-alvarez-cavite-o1376,"Vice Mayor of Gen Mariano Alvarez, Cavite",executive,city,elected,CAVITE,GEN MARIANO ALVAREZ,o1336
o1377,vice-mayor-of-imus-cavite-o1377,"Vice Mayor of Imus, Cavite",executive,city,elected,CAVITE,IMUS,o1336
o1378,vice-mayor-of-bacoor-cavite-o1378,"Vice Mayor of Bacoor, Cavite",executive,city,elected,CAVITE,BACOOR,o1336
o1379,vice-mayor-of-naic-cavite-o1379,"Vice Mayor of Naic, Cavite",executive,city,elected,CAVITE,NAIC,o1336
o1380,vice-mayor-of-trece-martires-cavite-o1380,"Vice Mayor of Trece Martires, Cavite",executive,city,elected,CAVITE,TRECE MARTIRES,o1336
o1381,vice-mayor-of-mendez-cavite-o1381,"Vice Mayor of Mendez, Cavite",executive,city,elected,CAVITE,MENDEZ,o1336
o1382,vice-mayor-of-alfonso-cavite-o1382,"Vice Mayor of Alfonso, Cavite",executive,city,elected,CAVITE,ALFONSO,o1336
o1383,vice-mayor-of-magallanes-cavite-o1383,"Vice Mayor of Magallanes, Cavite",executive,city,elected,CAVITE,MAGALLANES,o1336
o1384,vice-mayor-of-cavite-cavite-o1384,"Vice Mayor of Cavite, Cavite",executive,city,elected,CAVITE,CAVITE,o1336
o1385,vice-mayor-of-silang-cavite-o1385,"Vice Mayor of Silang, Cavite",executive,city,elected,CAVITE,SILANG,o1336
o1386,councilor-of-aloguinsan-cebu-o1386,"Councilor of Aloguinsan, Cebu",legislative,city,elected,CEBU,ALOGUINSAN,o1439
o1387,councilor-of-alcoy-cebu-o1387,"Councilor of Alcoy, Cebu",legislative,city,elected,CEBU,ALCOY,o1439
o1388,councilor-of-naga-cebu-o1388,"Councilor of Naga, Cebu",legislative,city,elected,CEBU,NAGA,o1439
o1389,councilor-of-talisay-cebu-o1389,"Councilor of Talisay, Cebu",legislative,city,elected,CEBU,TALISAY,o1439
o1390,councilor-of-cebu-cebu-o1390,"Councilor of Cebu, Cebu",legislative,city,elected,CEBU,CEBU,o1439
o1391,councilor-of-toledo-cebu-o1391,"Councilor of Toledo, Cebu",legislative,city,elected,CEBU,TOLEDO,o1439
o1392,councilor-of-moalboal-cebu-o1392,"Councilor of Moalboal, Cebu",legislative,city,elected,CEBU,MOALBOAL,o1439
o1393,councilor-of-consolacion-cebu-o1393,"Councilor of Consolacion, Cebu",legislative,city,elected,CEBU,CONSOLACION,o1439
o1394,councilor-of-oslob-cebu-o1394,"Councilor of Oslob, Cebu",legislative,city,elected,CEBU,OSLOB,o1439
o1395,councilor-of-compostela-cebu-o1395,"Councilor of Compostela, Cebu",legislative,city,elected,CEBU,COMPOSTELA,o1439
o1396,councilor-of-dumanjug-cebu-o1396,"Councilor of Dumanjug, Cebu",legislative,city,elected,CEBU,DUMANJUG,o1439
o1397,councilor-of-bogo-cebu-o1397,"Councilor of Bogo, Cebu",legislative,city,elected,CEBU,BOGO,o1439
o1398,councilor-of-balamban-cebu-o1398,"Councilor of Balamban, Cebu",legislative,city,elected,CEBU,BALAMBAN,o1439
o1399,councilor-of-minglanilla-cebu-o1399,"Councilor of Minglanilla, Cebu",legislative,city,elected,CEBU,MINGLANILLA,o1439
o1400,councilor-of-asturias-cebu-o1400,"Councilor of Asturias, Cebu",legislative,city,elected,CEBU,ASTURIAS,o1439
o1401,councilor-of-barili-cebu-o1401,"Councilor of Barili, Cebu",legislative,city,elected,CEBU,BARILI,o1439
o1402,councilor-of-sogod-cebu-o1402,"Councilor of Sogod, Cebu",legislative,city,elected,CEBU,SOGOD,o1439
o1403,councilor-of-mandaue-cebu-o1403,"Councilor of Mandaue, Cebu",legislative,city,elected,CEBU,MANDAUE,o1439
o1404,councilor-of-malabuyoc-cebu-o1404,"Councilor of Malabuyoc, Cebu",legislative,city,elected,CEBU,MALABUYOC,o1439
o1405,councilor-of-dalaguete-cebu-o1405,"Councilor of Dalaguete, Cebu",legislative,city,elected,CEBU,DALAGUETE,o1439
o1406,councilor-of-badian-cebu-o1406,"Councilor of Badian, Cebu",legislative,city,elected,CEBU,BADIAN,o1439
o1407,councilor-of-alegria-cebu-o1407,"Councilor of Alegria, Cebu",legislative,city,elected,CEBU,ALEGRIA,o1439
o1408,councilor-of-medellin-cebu-o1408,"Councilor of Medellin, Cebu",legislative,city,elected,CEBU,MEDELLIN,o1439
o1409,councilor-of-danao-cebu-o1409,"Councilor of Danao, Cebu",legislative,city,elected,CEBU,DANAO,o1439
o1410,councilor-of-lapu-lapu-cebu-o1410,"Councilor of Lapu Lapu, Cebu",legislative,city,elected,CEBU,LAPU LAPU,o1439
o1411,councilor-of-san-francisco-cebu-o1411,"Councilor of San Francisco, Cebu",legislative,city,elected,CEBU,SAN FRANCISCO,o1439
o1412,councilor-of-samboan-cebu-o1412,"Councilor of Samboan, Cebu",legislative,city,elected,CEBU,SAMBOAN,o1439
o1413,councilor-of-sibonga-cebu-o1413,"Councilor of Sibonga, Cebu",legislative,city,elected,CEBU,SIBONGA,o1439
o1414,councilor-of-liloan-cebu-o1414,"Councilor of Liloan, Cebu",legislative,city,elected,CEBU,LILOAN,o1439
o1415,councilor-of-tabuelan-cebu-o1415,"Councilor of Tabuelan, Cebu",legislative,city,elected,CEBU,TABUELAN,o1439
o1416,councilor-of-catmon-cebu-o1416,"Councilor of Catmon, Cebu",legislative,city,elected,CEBU,CATMON,o1439
o1417,councilor-of-tabogon-cebu-o1417,"Councilor of Tabogon, Cebu",legislative,city,elected,CEBU,TABOGON,o1439
o1418,councilor-of-santander-cebu-o1418,"Councilor of Santander, Cebu",legislative,city,elected,CEBU,SANTANDER,o1439
o1419,councilor-of-ginatilan-cebu-o1419,"Councilor of Ginatilan, Cebu",legislative,city,elected,CEBU,GINATILAN,o1439
o1420,councilor-of-madridejos-cebu-o1420,"Councilor of Madridejos, Cebu",legislative,city,elected,CEBU,MADRIDEJOS,o1439
o1421,councilor-of-cordova-cebu-o1421,"Councilor of Cordova, Cebu",legislative,city,elected,CEBU,CORDOVA,o1439
o1422,councilor-of-san-remigio-cebu-o1422,"Councilor of San Remigio, Cebu",legislative,city,elected,CEBU,SAN REMIGIO,o1439
o1423,councilor-of-alcantara-cebu-o1423,"Councilor of Alcantara, Cebu",legislative,city,elected,CEBU,ALCANTARA,o1439
o1424,councilor-of-santa-fe-cebu-o1424,"Councilor of Santa Fe, Cebu",legislative,city,elected,CEBU,SANTA FE,o1439
o1425,councilor-of-bantayan-cebu-o1425,"Councilor of Bantayan, Cebu",legislative,city,elected,CEBU,BANTAYAN,o1439
o1426,councilor-of-boljoon-cebu-o1426,"Councilor of Boljoon, Cebu",legislative,city,elected,CEBU,BOLJOON,o1439
o1427,councilor-of-borbon-cebu-o1427,"Councilor of Borbon, Cebu",legislative,city,elected,CEBU,BORBON,o1439
o1428,councilor-of-carcar-cebu-o1428,"Councilor of Carcar, Cebu",legislative,city,elected,CEBU,CARCAR,o1439
o1429,councilor-of-argao-cebu-o1429,"Councilor of Argao, Cebu",legislative,city,elected,CEBU,ARGAO,o1439
o1430,councilor-of-san-fernando-cebu-o1430,"Councilor of San Fernando, Cebu",legislative,city,elected,CEBU,SAN FERNANDO,o1439
o1431,councilor-of-carmen-cebu-o1431,"Councilor of Carmen, Cebu",legislative,city,elected,CEBU,CARMEN,o1439
o1432,councilor-of-pinamungajan-cebu-o1432,"Councilor of Pinamungajan, Cebu",legislative,city,elected,CEBU,PINAMUNGAJAN,o1439
o1433,councilor-of-pilar-cebu-o1433,"Councilor of Pilar, Cebu",legislative,city,elected,CEBU,PILAR,o1439
o1434,councilor-of-daanbantayan-cebu-o1434,"Councilor of Daanbantayan, Cebu",legislative,city,elected,CEBU,DAANBANTAYAN,o1439
o1435,councilor-of-poro-cebu-o1435,"Councilor of Poro, Cebu",legislative,city,elected,CEBU,PORO,o1439
o1436,councilor-of-ronda-cebu-o1436,"Councilor of Ronda, Cebu",legislative,city,elected,CEBU,RONDA,o1439
o1437,councilor-of-tudela-cebu-o1437,"Councilor of Tudela, Cebu",legislative,city,elected,CEBU,TUDELA,o1439
o1438,councilor-of-tuburan-cebu-o1438,"Councilor of Tuburan, Cebu",legislative,city,elected,CEBU,TUBURAN,o1439
o1439,governor-of-cebu-o1439,Governor of Cebu,executive,provincial,elected,CEBU,,
o1440,mayor-of-oslob-cebu-o1440,"Mayor of Oslob, Cebu",executive,city,elected,CEBU,OSLOB,o1439
o1441,mayor-of-barili-cebu-o1441,"Mayor of Barili, Cebu",executive,city,elected,CEBU,BARILI,o1439
o1442,mayor-of-catmon-cebu-o1442,"Mayor of Catmon, Cebu",executive,city,elected,CEBU,CATMON,o1439
o1443,mayor-of-san-francisco-cebu-o1443,"Mayor of San Francisco, Cebu",executive,city,elected,CEBU,SAN FRANCISCO,o1439
o1444,mayor-of-tudela-cebu-o1444,"Mayor of Tudela, Cebu",executive,city,elected,CEBU,TUDELA,o1439
o1445,mayor-of-carcar-cebu-o1445,"Mayor of Carcar, Cebu",executive,city,elected,CEBU,CARCAR,o1439
o1446,mayor-of-dumanjug-cebu-o1446,"Mayor of Dumanjug, Cebu",executive,city,elected,CEBU,DUMANJUG,o1439
o1447,mayor-of-carmen-cebu-o1447,"Mayor of Carmen, Cebu",executive,city,elected,CEBU,CARMEN,o1439
o1448,mayor-of-balamban-cebu-o1448,"Mayor of Balamban, Cebu",executive,city,elected,CEBU,BALAMBAN,o1439
o1449,mayor-of-ronda-cebu-o1449,"Mayor of Ronda, Cebu",executive,city,elected,CEBU,RONDA,o1439
o1450,mayor-of-moalboal-cebu-o1450,"Mayor of Moalboal, Cebu",executive,city,elected,CEBU,MOALBOAL,o1439
o1451,mayor-of-compostela-cebu-o1451,"Mayor of Compostela, Cebu",executive,city,elected,CEBU,COMPOSTELA,o1439
o1452,mayor-of-samboan-cebu-o1452,"Mayor of Samboan, Cebu",executive,city,elected,CEBU,SAMBOAN,o1439
o1453,mayor-of-argao-cebu-o1453,"Mayor of Argao, Cebu",executive,city,elected,CEBU,ARGAO,o1439
o1454,mayor-of-san-fernando-cebu-o1454,"Mayor of San Fernando, Cebu",executive,city,elected,CEBU,SAN FERNANDO,o1439
o1455,mayor-of-minglanilla-cebu-o1455,"Mayor of Minglanilla, Cebu",executive,city,elected,CEBU,MINGLANILLA,o1439
o1456,mayor-of-bantayan-cebu-o1456,"Mayor of Bantayan, Cebu",executive,city,elected,CEBU,BANTAYAN,o1439
o1457,mayor-of-dalaguete-cebu-o1457,"Mayor of Dalaguete, Cebu",executive,city,elected,CEBU,DALAGUETE,o1439
o1458,mayor-of-naga-cebu-o1458,"Mayor of Naga, Cebu",executive,city,elected,CEBU,NAGA,o1439
o1459,mayor-of-malabuyoc-cebu-o1459,"Mayor of Malabuyoc, Cebu",executive,city,elected,CEBU,MALABUYOC,o1439
o1460,mayor-of-alcoy-cebu-o1460,"Mayor of Alcoy, Cebu",executive,city,elected,CEBU,ALCOY,o1439
o1461,mayor-of-boljoon-cebu-o1461,"Mayor of Boljoon, Cebu",executive,city,elected,CEBU,BOLJOON,o1439
o1462,mayor-of-danao-cebu-o1462,"Mayor of Danao, Cebu",executive,city,elected,CEBU,DANAO,o1439
o1463,mayor-of-pilar-cebu-o1463,"Mayor of Pilar, Cebu",executive,city,elected,CEBU,PILAR,o1439
o1464,mayor-of-tabuelan-cebu-o1464,"Mayor of Tabuelan, Cebu",executive,city,elected,CEBU,TABUELAN,o1439
o1465,mayor-of-alegria-cebu-o1465,"Mayor of Alegria, Cebu",executive,city,elected,CEBU,ALEGRIA,o1439
o1466,mayor-of-talisay-cebu-o1466,"Mayor of Talisay, Cebu",executive,city,elected,CEBU,TALISAY,o1439
o1467,mayor-of-consolacion-cebu-o1467,"Mayor of Consolacion, Cebu",executive,city,elected,CEBU,CONSOLACION,o1439
o1468,mayor-of-santa-fe-cebu-o1468,"Mayor of Santa Fe, Cebu",executive,city,elected,CEBU,SANTA FE,o1439
o1469,mayor-of-medellin-cebu-o1469,"Mayor of Medellin, Cebu",executive,city,elected,CEBU,MEDELLIN,o1439
o1470,mayor-of-alcantara-cebu-o1470,"Mayor of Alcantara, Cebu",executive,city,elected,CEBU,ALCANTARA,o1439
o1471,mayor-of-daanbantayan-cebu-o1471,"Mayor of Daanbantayan, Cebu",executive,city,elected,CEBU,DAANBANTAYAN,o1439
o1472,mayor-of-badian-cebu-o1472,"Mayor of Badian, Cebu",executive,city,elected,CEBU,BADIAN,o1439
o1473,mayor-of-madridejos-cebu-o1473,"Mayor of Madridejos, Cebu",executive,city,elected,CEBU,MADRIDEJOS,o1439
o1474,mayor-of-bogo-cebu-o1474,"Mayor of Bogo, Cebu",executive,city,elected,CEBU,BOGO,o1439
o1475,mayor-of-san-remigio-cebu-o1475,"Mayor of San Remigio, Cebu",executive,city,elected,CEBU,SAN REMIGIO,o1439
o1476,mayor-of-aloguinsan-cebu-o1476,"Mayor of Aloguinsan, Cebu",executive,city,elected,CEBU,ALOGUINSAN,o1439
o1477,mayor-of-tabogon-cebu-o1477,"Mayor of Tabogon, Cebu",executive,city,elected,CEBU,TABOGON,o1439
o1478,mayor-of-asturias-cebu-o1478,"Mayor of Asturias, Cebu",executive,city,elected,CEBU,ASTURIAS,o1439
o1479,mayor-of-cebu-cebu-o1479,"Mayor of Cebu, Cebu",executive,city,elected,CEBU,CEBU,o1439
o1480,mayor-of-mandaue-cebu-o1480,"Mayor of Mandaue, Cebu",executive,city,elected,CEBU,MANDAUE,o1439
o1481,mayor-of-sibonga-cebu-o1481,"Mayor of Sibonga, Cebu",executive,city,elected,CEBU,SIBONGA,o1439
o1482,mayor-of-sogod-cebu-o1482,"Mayor of Sogod, Cebu",executive,city,elected,CEBU,SOGOD,o1439
o1483,mayor-of-lapu-lapu-cebu-o1483,"Mayor of Lapu Lapu, Cebu",executive,city,elected,CEBU,LAPU LAPU,o1439
o1484,mayor-of-poro-cebu-o1484,"Mayor of Poro, Cebu",executive,city,elected,CEBU,PORO,o1439
o1485,mayor-of-liloan-cebu-o1485,"Mayor of Liloan, Cebu",executive,city,elected,CEBU,LILOAN,o1439
o1486,mayor-of-ginatilan-cebu-o1486,"Mayor of Ginatilan, Cebu",executive,city,elected,CEBU,GINATILAN,o1439
o1487,mayor-of-cordova-cebu-o1487,"Mayor of Cordova, Cebu",executive,city,elected,CEBU,CORDOVA,o1439
o1488,mayor-of-tuburan-cebu-o1488,"Mayor of Tuburan, Cebu",executive,city,elected,CEBU,TUBURAN,o1439
o1489,mayor-of-borbon-cebu-o1489,"Mayor of Borbon, Cebu",executive,city,elected,CEBU,BORBON,o1439
o1490,mayor-of-santander-cebu-o1490,"Mayor of Santander, Cebu",executive,city,elected,CEBU,SANTANDER,o1439
o1491,mayor-of-pinamungajan-cebu-o1491,"Mayor of Pinamungajan, Cebu",executive,city,elected,CEBU,PINAMUNGAJAN,o1439
o1492,mayor-of-toledo-cebu-o1492,"Mayor of Toledo, Cebu",executive,city,elected,CEBU,TOLEDO,o1439
o1493,representative-cebu-o1493,"Representative, , Cebu",legislative,national,elected,CEBU,,
o1494,provincial-board-member-of-cebu-o1494,Provincial Board Member of Cebu,legislative,provincial,elected,CEBU,,
o1495,vice-governor-of-cebu-o1495,Vice Governor of Cebu,executive,provincial,elected,CEBU,,
o1496,vice-mayor-of-talisay-cebu-o1496,"Vice Mayor of Talisay, Cebu",executive,city,elected,CEBU,TALISAY,o1439
o1497,vice-mayor-of-consolacion-cebu-o1497,"Vice Mayor of Consolacion, Cebu",executive,city,elected,CEBU,CONSOLACION,o1439
o1498,vice-mayor-of-dalaguete-cebu-o1498,"Vice Mayor of Dalaguete, Cebu",executive,city,elected,CEBU,DALAGUETE,o1439
o1499,vice-mayor-of-boljoon-cebu-o1499,"Vice Mayor of Boljoon, Cebu",executive,city,elected,CEBU,BOLJOON,o1439
o1500,vice-mayor-of-samboan-cebu-o1500,"Vice Mayor of Samboan, Cebu",executive,city,elected,CEBU,SAMBOAN,o1439
o1501,vice-mayor-of-catmon-cebu-o1501,"Vice Mayor of Catmon, Cebu",executive,city,elected,CEBU,CATMON,o1439
o1502,vice-mayor-of-alcantara-cebu-o1502,"Vice Mayor of Alcantara, Cebu",executive,city,elected,CEBU,ALCANTARA,o1439
o1503,vice-mayor-of-pinamungajan-cebu-o1503,"Vice Mayor of Pinamungajan, Cebu",executive,city,elected,CEBU,PINAMUNGAJAN,o1439
o1504,vice-mayor-of-balamban-cebu-o1504,"Vice Mayor of Balamban, Cebu",executive,city,elected,CEBU,BALAMBAN,o1439
o1505,vice-mayor-of-ronda-cebu-o1505,"Vice Mayor of Ronda, Cebu",executive,city,elected,CEBU,RONDA,o1439
o1506,vice-mayor-of-poro-cebu-o1506,"Vice Mayor of Poro, Cebu",executive,city,elected,CEBU,PORO,o1439
o1507,vice-mayor-of-naga-cebu-o1507,"Vice Mayor of Naga, Cebu",executive,city,elected,CEBU,NAGA,o1439
o1508,vice-mayor-of-compostela-cebu-o1508,"Vice Mayor of Compostela, Cebu",executive,city,elected,CEBU,COMPOSTELA,o1439
o1509,vice-mayor-of-daanbantayan-cebu-o1509,"Vice Mayor of Daanbantayan, Cebu",executive,city,elected,CEBU,DAANBANTAYAN,o1439
o1510,vice-mayor-of-tabogon-cebu-o1510,"Vice Mayor of Tabogon, Cebu",executive,city,elected,CEBU,TABOGON,o1439
o1511,vice-mayor-of-danao-cebu-o1511,"Vice Mayor of Danao, Cebu",executive,city,elected,CEBU,DANAO,o1439
o1512,vice-mayor-of-sogod-cebu-o1512,"Vice Mayor of Sogod, Cebu",executive,city,elected,CEBU,SOGOD,o1439
o1513,vice-mayor-of-san-fernando-cebu-o1513,"Vice Mayor of San Fernando, Cebu",executive,city,elected,CEBU,SAN FERNANDO,o1439
o1514,vice-mayor-of-bantayan-cebu-o1514,"Vice Mayor of Bantayan, Cebu",executive,city,elected,CEBU,BANTAYAN,o1439
o1515,vice-mayor-of-carcar-cebu-o1515,"Vice Mayor of Carcar, Cebu",executive,city,elected,CEBU,CARCAR,o1439
o1516,vice-mayor-of-santa-fe-cebu-o1516,"Vice Mayor of Santa Fe, Cebu",executive,city,elected,CEBU,SANTA FE,o1439
o1517,vice-mayor-of-toledo-cebu-o1517,"Vice Mayor of Toledo, Cebu",executive,city,elected,CEBU,TOLEDO,o1439
o1518,vice-mayor-of-liloan-cebu-o1518,"Vice Mayor of Liloan, Cebu",executive,city,elected,CEBU,LILOAN,o1439
o1519,vice-mayor-of-tudela-cebu-o1519,"Vice Mayor of Tudela, Cebu",executive,city,elected,CEBU,TUDELA,o1439
o1520,vice-mayor-of-oslob-cebu-o1520,"Vice Mayor of Oslob, Cebu",executive,city,elected,CEBU,OSLOB,o1439
o1521,vice-mayor-of-ginatilan-cebu-o1521,"Vice Mayor of Ginatilan, Cebu",executive,city,elected,CEBU,GINATILAN,o1439
o1522,vice-mayor-of-dumanjug-cebu-o1522,"Vice Mayor of Dumanjug, Cebu",executive,city,elected,CEBU,DUMANJUG,o1439
o1523,vice-mayor-of-alegria-cebu-o1523,"Vice Mayor of Alegria, Cebu",executive,city,elected,CEBU,ALEGRIA,o1439
o1524,vice-mayor-of-pilar-cebu-o1524,"Vice Mayor of Pilar, Cebu",executive,city,elected,CEBU,PILAR,o1439
o1525,vice-mayor-of-tuburan-cebu-o1525,"Vice Mayor of Tuburan, Cebu",executive,city,elected,CEBU,TUBURAN,o1439
o1526,vice-mayor-of-tabuelan-cebu-o1526,"Vice Mayor of Tabuelan, Cebu",executive,city,elected,CEBU,TABUELAN,o1439
o1527,vice-mayor-of-san-francisco-cebu-o1527,"Vice Mayor of San Francisco, Cebu",executive,city,elected,CEBU,SAN FRANCISCO,o1439
o1528,vice-mayor-of-san-remigio-cebu-o1528,"Vice Mayor of San Remigio, Cebu",executive,city,elected,CEBU,SAN REMIGIO,o1439
o1529,vice-mayor-of-lapu-lapu-cebu-o1529,"Vice Mayor of Lapu Lapu, Cebu",executive,city,elected,CEBU,LAPU LAPU,o1439
o1530,vice-mayor-of-alcoy-cebu-o1530,"Vice Mayor of Alcoy, Cebu",executive,city,elected,CEBU,ALCOY,o1439
o1531,vice-mayor-of-moalboal-cebu-o1531,"Vice Mayor of Moalboal, Cebu",executive,city,elected,CEBU,MOALBOAL,o1439
o1532,vice-mayor-of-barili-cebu-o1532,"Vice Mayor of Barili, Cebu",executive,city,elected,CEBU,BARILI,o1439
o1533,vice-mayor-of-malabuyoc-cebu-o1533,"Vice Mayor of Malabuyoc, Cebu",executive,city,elected,CEBU,MALABUYOC,o1439
o1534,vice-mayor-of-cebu-cebu-o1534,"Vice Mayor of Cebu, Cebu",executive,city,elected,CEBU,CEBU,o1439
o1535,vice-mayor-of-medellin-cebu-o1535,"Vice Mayor of Medellin, Cebu",executive,city,elected,CEBU,MEDELLIN,o1439
o1536,vice-mayor-of-bogo-cebu-o1536,"Vice Mayor of Bogo, Cebu",executive,city,elected,CEBU,BOGO,o1439
o1537,vice-mayor-of-aloguinsan-cebu-o1537,"Vice Mayor of Aloguinsan, Cebu",executive,city,elected,CEBU,ALOGUINSAN,o1439
o1538,vice-mayor-of-asturias-cebu-o1538,"Vice Mayor of Asturias, Cebu",executive,city,elected,CEBU,ASTURIAS,o1439
o1539,vice-mayor-of-minglanilla-cebu-o1539,"Vice Mayor of Minglanilla, Cebu",executive,city,elected,CEBU,MINGLANILLA,o1439
o1540,vice-mayor-of-mandaue-cebu-o1540,"Vice Mayor of Mandaue, Cebu",executive,city,elected,CEBU,MANDAUE,o1439
o1541,vice-mayor-of-borbon-cebu-o1541,"Vice Mayor of Borbon, Cebu",executive,city,elected,CEBU,BORBON,o1439
o1542,vice-mayor-of-argao-cebu-o1542,"Vice Mayor of Argao, Cebu",executive,city,elected,CEBU,ARGAO,o1439
o1543,vice-mayor-of-cordova-cebu-o1543,"Vice Mayor of Cordova, Cebu",executive,city,elected,CEBU,CORDOVA,o1439
o1544,vice-mayor-of-sibonga-cebu-o1544,"Vice Mayor of Sibonga, Cebu",executive,city,elected,CEBU,SIBONGA,o1439
o1545,vice-mayor-of-carmen-cebu-o1545,"Vice Mayor of Carmen, Cebu",executive,city,elected,CEBU,CARMEN,o1439
o1546,vice-mayor-of-madridejos-cebu-o1546,"Vice Mayor of Madridejos, Cebu",executive,city,elected,CEBU,MADRIDEJOS,o1439
o1547,vice-mayor-of-badian-cebu-o1547,"Vice Mayor of Badian, Cebu",executive,city,elected,CEBU,BADIAN,o1439
o1548,vice-mayor-of-santander-cebu-o1548,"Vice Mayor of Santander, Cebu",executive,city,elected,CEBU,SANTANDER,o1439
o1549,councilor-of-m-lang-cotabato-o1549,"Councilor of M Lang, Cotabato",legislative,city,elected,COTABATO,M LANG,o1567
o1550,councilor-of-kidapawan-cotabato-o1550,"Councilor of Kidapawan, Cotabato",legislative,city,elected,COTABATO,KIDAPAWAN,o1567
o1551,councilor-of-midsayap-cotabato-o1551,"Councilor of Midsayap, Cotabato",legislative,city,elected,COTABATO,MIDSAYAP,o1567
o1552,councilor-of-pikit-cotabato-o1552,"Councilor of Pikit, Cotabato",legislative,city,elected,COTABATO,PIKIT,o1567
o1553,councilor-of-tulunan-cotabato-o1553,"Councilor of Tulunan, Cotabato",legislative,city,elected,COTABATO,TULUNAN,o1567
o1554,councilor-of-antipas-cotabato-o1554,"Councilor of Antipas, Cotabato",legislative,city,elected,COTABATO,ANTIPAS,o1567
o1555,councilor-of-aleosan-cotabato-o1555,"Councilor of Aleosan, Cotabato",legislative,city,elected,COTABATO,ALEOSAN,o1567
o1556,councilor-of-makilala-cotabato-o1556,"Councilor of Makilala, Cotabato",legislative,city,elected,COTABATO,MAKILALA,o1567
o1557,councilor-of-magpet-cotabato-o1557,"Councilor of Magpet, Cotabato",legislative,city,elected,COTABATO,MAGPET,o1567
o1558,councilor-of-arakan-cotabato-o1558,"Councilor of Arakan, Cotabato",legislative,city,elected,COTABATO,ARAKAN,o1567
o1559,councilor-of-banisilan-cotabato-o1559,"Councilor of Banisilan, Cotabato",legislative,city,elected,COTABATO,BANISILAN,o1567
o1560,councilor-of-pigkawayan-cotabato-o1560,"Councilor of Pigkawayan, Cotabato",legislative,city,elected,COTABATO,PIGKAWAYAN,o1567
o1561,councilor-of-matalam-cotabato-o1561,"Councilor of Matalam, Cotabato",legislative,city,elected,COTABATO,MATALAM,o1567
o1562,councilor-of-libungan-cotabato-o1562,"Councilor of Libungan, Cotabato",legislative,city,elected,COTABATO,LIBUNGAN,o1567
o1563,councilor-of-alamada-cotabato-o1563,"Councilor of Alamada, Cotabato",legislative,city,elected,COTABATO,ALAMADA,o1567
o1564,councilor-of-president-roxas-cotabato-o1564,"Councilor of President Roxas, Cotabato",legislative,city,elected,COTABATO,PRESIDENT ROXAS,o1567
o1565,councilor-of-kabacan-cotabato-o1565,"Councilor of Kabacan, Cotabato",legislative,city,elected,COTABATO,KABACAN,o1567
o1566,councilor-of-carmen-cotabato-o1566,"Councilor of Carmen, Cotabato",legislative,city,elected,COTABATO,CARMEN,o1567
o1567,governor-of-cotabato-o1567,Governor of Cotabato,executive,provincial,elected,COTABATO,,
o1568,mayor-of-banisilan-cotabato-o1568,"Mayor of Banisilan, Cotabato",executive,city,elected,COTABATO,BANISILAN,o1567
o1569,mayor-of-midsayap-cotabato-o1569,"Mayor of Midsayap, Cotabato",executive,city,elected,COTABATO,MIDSAYAP,o1567
o1570,mayor-of-antipas-cotabato-o1570,"Mayor of Antipas, Cotabato",executive,city,elected,COTABATO,ANTIPAS,o1567
o1571,mayor-of-alamada-cotabato-o1571,"Mayor of Alamada, Cotabato",executive,city,elected,COTABATO,ALAMADA,o1567
o1572,mayor-of-m-lang-cotabato-o1572,"Mayor of M Lang, Cotabato",executive,city,elected,COTABATO,M LANG,o1567
o1573,mayor-of-president-roxas-cotabato-o1573,"Mayor of President Roxas, Cotabato",executive,city,elected,COTABATO,PRESIDENT ROXAS,o1567
o1574,mayor-of-kidapawan-cotabato-o1574,"Mayor of Kidapawan, Cotabato",executive,city,elected,COTABATO,KIDAPAWAN,o1567
o1575,mayor-of-pikit-cotabato-o1575,"Mayor of Pikit, Cotabato",executive,city,elected,COTABATO,PIKIT,o1567
o1576,mayor-of-libungan-cotabato-o1576,"Mayor of Libungan, Cotabato",executive,city,elected,COTABATO,LIBUNGAN,o1567
o1577,mayor-of-magpet-cotabato-o1577,"Mayor of Magpet, Cotabato",executive,city,elected,COTABATO,MAGPET,o1567
o1578,mayor-of-tulunan-cotabato-o1578,"Mayor of Tulunan, Cotabato",executive,city,elected,COTABATO,TULUNAN,o1567
o1579,mayor-of-makilala-cotabato-o1579,"Mayor of Makilala, Cotabato",executive,city,elected,COTABATO,MAKILALA,o1567
o1580,mayor-of-pigkawayan-cotabato-o1580,"Mayor of Pigkawayan, Cotabato",executive,city,elected,COTABATO,PIGKAWAYAN,o1567
o1581,mayor-of-aleosan-cotabato-o1581,"Mayor of Aleosan, Cotabato",executive,city,elected,COTABATO,ALEOSAN,o1567
o1582,mayor-of-carmen-cotabato-o1582,"Mayor of Carmen, Cotabato",executive,city,elected,COTABATO,CARMEN,o1567
o1583,mayor-of-kabacan-cotabato-o1583,"Mayor of Kabacan, Cotabato",executive,city,elected,COTABATO,KABACAN,o1567
o1584,mayor-of-arakan-cotabato-o1584,"Mayor of Arakan, Cotabato",executive,city,elected,COTABATO,ARAKAN,o1567
o1585,mayor-of-matalam-cotabato-o1585,"Mayor of Matalam, Cotabato",executive,city,elected,COTABATO,MATALAM,o1567
o1586,representative-cotabato-o1586,"Representative, , Cotabato",legislative,national,elected,COTABATO,,
o1587,provincial-board-member-of-cotabato-o1587,Provincial Board Member of Cotabato,legislative,provincial,elected,COTABATO,,
o1588,vice-governor-of-cotabato-o1588,Vice Governor of Cotabato,executive,provincial,elected,COTABATO,,
o1589,vice-mayor-of-carmen-cotabato-o1589,"Vice Mayor of Carmen, Cotabato",executive,city,elected,COTABATO,CARMEN,o1567
o1590,vice-mayor-of-pigkawayan-cotabato-o1590,"Vice Mayor of Pigkawayan, Cotabato",executive,city,elected,COTABATO,PIGKAWAYAN,o1567
o1591,vice-mayor-of-aleosan-cotabato-o1591,"Vice Mayor of Aleosan, Cotabato",executive,city,elected,COTABATO,ALEOSAN,o1567
o1592,vice-mayor-of-arakan-cotabato-o1592,"Vice Mayor of Arakan, Cotabato",executive,city,elected,COTABATO,ARAKAN,o1567
o1593,vice-mayor-of-kidapawan-cotabato-o1593,"Vice Mayor of Kidapawan, Cotabato",executive,city,elected,COTABATO,KIDAPAWAN,o1567
o1594,vice-mayor-of-president-roxas-cotabato-o1594,"Vice Mayor of President Roxas, Cotabato",executive,city,elected,COTABATO,PRESIDENT ROXAS,o1567
o1595,vice-mayor-of-antipas-cotabato-o1595,"Vice Mayor of Antipas, Cotabato",executive,city,elected,COTABATO,ANTIPAS,o1567
o1596,vice-mayor-of-alamada-cotabato-o1596,"Vice Mayor of Alamada, Cotabato",executive,city,elected,COTABATO,ALAMADA,o1567
o1597,vice-mayor-of-banisilan-cotabato-o1597,"Vice Mayor of Banisilan, Cotabato",executive,city,elected,COTABATO,BANISILAN,o1567
o1598,vice-mayor-of-libungan-cotabato-o1598,"Vice Mayor of Libungan, Cotabato",executive,city,elected,COTABATO,LIBUNGAN,o1567
o1599,vice-mayor-of-kabacan-cotabato-o1599,"Vice Mayor of Kabacan, Cotabato",executive,city,elected,COTABATO,KABACAN,o1567
o1600,vice-mayor-of-m-lang-cotabato-o1600,"Vice Mayor of M Lang, Cotabato",executive,city,elected,COTABATO,M LANG,o1567
o1601,vice-mayor-of-tulunan-cotabato-o1601,"Vice Mayor of Tulunan, Cotabato",executive,city,elected,COTABATO,TULUNAN,o1567
o1602,vice-mayor-of-matalam-cotabato-o1602,"Vice Mayor of Matalam, Cotabato",executive,city,elected,COTABATO,MATALAM,o1567
o1603,vice-mayor-of-midsayap-cotabato-o1603,"Vice Mayor of Midsayap, Cotabato",executive,city,elected,COTABATO,MIDSAYAP,o1567
o1604,vice-mayor-of-pikit-cotabato-o1604,"Vice Mayor of Pikit, Cotabato",executive,city,elected,COTABATO,PIKIT,o1567
o1605,vice-mayor-of-makilala-cotabato-o1605,"Vice Mayor of Makilala, Cotabato",executive,city,elected,COTABATO,MAKILALA,o1567
o1606,vice-mayor-of-magpet-cotabato-o1606,"Vice Mayor of Magpet, Cotabato",executive,city,elected,COTABATO,MAGPET,o1567
o1607,councilor-of-laak-davao-de-oro-o1607,"Councilor of Laak, Davao De Oro",legislative,city,elected,DAVAO DE ORO,LAAK,o1618
o1608,councilor-of-maragusan-davao-de-oro-o1608,"Councilor of Maragusan, Davao De Oro",legislative,city,elected,DAVAO DE ORO,MARAGUSAN,o1618
o1609,councilor-of-monkayo-davao-de-oro-o1609,"Councilor of Monkayo, Davao De Oro",legislative,city,elected,DAVAO DE ORO,MONKAYO,o1618
o1610,councilor-of-maco-davao-de-oro-o1610,"Councilor of Maco, Davao De Oro",legislative,city,elected,DAVAO DE ORO,MACO,o1618
o1611,councilor-of-nabunturan-davao-de-oro-o1611,"Councilor of Nabunturan, Davao De Oro",legislative,city,elected,DAVAO DE ORO,NABUNTURAN,o1618
o1612,councilor-of-mabini-davao-de-oro-o1612,"Councilor of Mabini, Davao De Oro",legislative,city,elected,DAVAO DE ORO,MABINI,o1618
o1613,councilor-of-new-bataan-davao-de-oro-o1613,"Councilor of New Bataan, Davao De Oro",legislative,city,elected,DAVAO DE ORO,NEW BATAAN,o1618
o1614,councilor-of-compostela-davao-de-oro-o1614,"Councilor of Compostela, Davao De Oro",legislative,city,elected,DAVAO DE ORO,COMPOSTELA,o1618
o1615,councilor-of-montevista-davao-de-oro-o1615,"Councilor of Montevista, Davao De Oro",legislative,city,elected,DAVAO DE ORO,MONTEVISTA,o1618
o1616,councilor-of-pantukan-davao-de-oro-o1616,"Councilor of Pantukan, Davao De Oro",legislative,city,elected,DAVAO DE ORO,PANTUKAN,o1618
o1617,councilor-of-mawab-davao-de-oro-o1617,"Councilor of Mawab, Davao De Oro",legislative,city,elected,DAVAO DE ORO,MAWAB,o1618
o1618,governor-of-davao-de-oro-o1618,Governor of Davao De Oro,executive,provincial,elected,DAVAO DE ORO,,
o1619,mayor-of-maco-davao-de-oro-o1619,"Mayor of Maco, Davao De Oro",executive,city,elected,DAVAO DE ORO,MACO,o1618
o1620,mayor-of-laak-davao-de-oro-o1620,"Mayor of Laak, Davao De Oro",executive,city,elected,DAVAO DE ORO,LAAK,o1618
o1621,mayor-of-monkayo-davao-de-oro-o1621,"Mayor of Monkayo, Davao De Oro",executive,city,elected,DAVAO DE ORO,MONKAYO,o1618
o1622,mayor-of-compostela-davao-de-oro-o1622,"Mayor of Compostela, Davao De Oro",executive,city,elected,DAVAO DE ORO,COMPOSTELA,o1618
o1623,mayor-of-new-bataan-davao-de-oro-o1623,"Mayor of New Bataan, Davao De Oro",executive,city,elected,DAVAO DE ORO,NEW BATAAN,o1618
o1624,mayor-of-mabini-davao-de-oro-o1624,"Mayor of Mabini, Davao De Oro",executive,city,elected,DAVAO DE ORO,MABINI,o1618
o1625,mayor-of-pantukan-davao-de-oro-o1625,"Mayor of Pantukan, Davao De Oro",executive,city,elected,DAVAO DE ORO,PANTUKAN,o1618
o1626,mayor-of-nabunturan-davao-de-oro-o1626,"Mayor of Nabunturan, Davao De Oro",executive,city,elected,DAVAO DE ORO,NABUNTURAN,o1618
o1627,mayor-of-mawab-davao-de-oro-o1627,"Mayor of Mawab, Davao De Oro",executive,city,elected,DAVAO DE ORO,MAWAB,o1618
o1628,mayor-of-montevista-davao-de-oro-o1628,"Mayor of Montevista, Davao De Oro",executive,city,elected,DAVAO DE ORO,MONTEVISTA,o1618
o1629,mayor-of-maragusan-davao-de-oro-o1629,"Mayor of Maragusan, Davao De Oro",executive,city,elected,DAVAO DE ORO,MARAGUSAN,o1618
o1630,representative-davao-de-oro-o1630,"Representative, , Davao De Oro",legislative,national,elected,DAVAO DE ORO,,
o1631,provincial-board-member-of-davao-de-oro-o1631,Provincial Board Member of Davao De Oro,legislative,provincial,elected,DAVAO DE ORO,,
o1632,vice-governor-of-davao-de-oro-o1632,Vice Governor of Davao De Oro,executive,provincial,elected,DAVAO DE ORO,,
o1633,vice-mayor-of-mabini-davao-de-oro-o1633,"Vice Mayor of Mabini, Davao De Oro",executive,city,elected,DAVAO DE ORO,MABINI,o1618
o1634,vice-mayor-of-new-bataan-davao-de-oro-o1634,"Vice Mayor of New Bataan, Davao De Oro",executive,city,elected,DAVAO DE ORO,NEW BATAAN,o1618
o1635,vice-mayor-of-compostela-davao-de-oro-o1635,"Vice Mayor of Compostela, Davao De Oro",executive,city,elected,DAVAO DE ORO,COMPOSTELA,o1618
o1636,vice-mayor-of-laak-davao-de-oro-o1636,"Vice Mayor of Laak, Davao De Oro",executive,city,elected,DAVAO DE ORO,LAAK,o1618
o1637,vice-mayor-of-nabunturan-davao-de-oro-o1637,"Vice Mayor of Nabunturan, Davao De Oro",executive,city,elected,DAVAO DE ORO,NABUNTURAN,o1618
o1638,vice-mayor-of-monkayo-davao-de-oro-o1638,"Vice Mayor of Monkayo, Davao De Oro",executive,city,elected,DAVAO DE ORO,MONKAYO,o1618
o1639,vice-mayor-of-mawab-davao-de-oro-o1639,"Vice Mayor of Mawab, Davao De Oro",executive,city,elected,DAVAO DE ORO,MAWAB,o1618
o1640,vice-mayor-of-montevista-davao-de-oro-o1640,"Vice Mayor of Montevista, Davao De Oro",executive,city,elected,DAVAO DE ORO,MONTEVISTA,o1618
o1641,vice-mayor-of-maco-davao-de-oro-o1641,"Vice Mayor of Maco, Davao De Oro",executive,city,elected,DAVAO DE ORO,MACO,o1618
o1642,vice-mayor-of-pantukan-davao-de-oro-o1642,"Vice Mayor of Pantukan, Davao De Oro",executive,city,elected,DAVAO DE ORO,PANTUKAN,o1618
o1643,vice-mayor-of-maragusan-davao-de-oro-o1643,"Vice Mayor of Maragusan, Davao De Oro",executive,city,elected,DAVAO DE ORO,MARAGUSAN,o1618
o1644,councilor-of-tagum-davao-del-norte-o1644,"Councilor of Tagum, Davao Del Norte",legislative,city,elected,DAVAO DEL NORTE,TAGUM,o1654
o1645,councilor-of-braulio-e-dujali-davao-del-norte-o1645,"Councilor of Braulio E Dujali, Davao Del Norte",legislative,city,elected,DAVAO DEL NORTE,BRAULIO E DUJALI,o1654
o1646,councilor-of-asuncion-davao-del-norte-o1646,"Councilor of Asuncion, Davao Del Norte",legislative,city,elected,DAVAO DEL NORTE,ASUNCION,o1654
o1647,councilor-of-new-corella-davao-del-norte-o1647,"Councilor of New Corella, Davao Del Norte",legislative,city,elected,DAVAO DEL NORTE,NEW CORELLA,o1654
o1648,councilor-of-panabo-davao-del-norte-o1648,"Councilor of Panabo, Davao Del Norte",legislative,city,elected,DAVAO DEL NORTE,PANABO,o1654
o1649,councilor-of-island-garden-city-of-samal-davao-del-norte-o1649,"Councilor of Island Garden City Of Samal, Davao Del Norte",legislative,city,elected,DAVAO DEL NORTE,ISLAND GARDEN CITY OF SAMAL,o1654
o1650,councilor-of-carmen-davao-del-norte-o1650,"Councilor of Carmen, Davao Del Norte",legislative,city,elected,DAVAO DEL NORTE,CARMEN,o1654
o1651,councilor-of-kapalong-davao-del-norte-o1651,"Councilor of Kapalong, Davao Del Norte",legislative,city,elected,DAVAO DEL NORTE,KAPALONG,o1654
o1652,councilor-of-santo-tomas-davao-del-norte-o1652,"Councilor of Santo Tomas, Davao Del Norte",legislative,city,elected,DAVAO DEL NORTE,SANTO TOMAS,o1654
o1653,councilor-of-talaingod-davao-del-norte-o1653,"Councilor of Talaingod, Davao Del Norte",legislative,city,elected,DAVAO DEL NORTE,TALAINGOD,o1654
o1654,governor-of-davao-del-norte-o1654,Governor of Davao Del Norte,executive,provincial,elected,DAVAO DEL NORTE,,
o1655,mayor-of-island-garden-city-of-samal-davao-del-norte-o1655,"Mayor of Island Garden City Of Samal, Davao Del Norte",executive,city,elected,DAVAO DEL NORTE,ISLAND GARDEN CITY OF SAMAL,o1654
o1656,mayor-of-kapalong-davao-del-norte-o1656,"Mayor of Kapalong, Davao Del Norte",executive,city,elected,DAVAO DEL NORTE,KAPALONG,o1654
o1657,mayor-of-braulio-e-dujali-davao-del-norte-o1657,"Mayor of Braulio E Dujali, Davao Del Norte",executive,city,elected,DAVAO DEL NORTE,BRAULIO E DUJALI,o1654
o1658,mayor-of-new-corella-davao-del-norte-o1658,"Mayor of New Corella, Davao Del Norte",executive,city,elected,DAVAO DEL NORTE,NEW CORELLA,o1654
o1659,mayor-of-panabo-davao-del-norte-o1659,"Mayor of Panabo, Davao Del Norte",executive,city,elected,DAVAO DEL NORTE,PANABO,o1654
o1660,mayor-of-carmen-davao-del-norte-o1660,"Mayor of Carmen, Davao Del Norte",executive,city,elected,DAVAO DEL NORTE,CARMEN,o1654
o1661,mayor-of-tagum-davao-del-norte-o1661,"Mayor of Tagum, Davao Del Norte",executive,city,elected,DAVAO DEL NORTE,TAGUM,o1654
o1662,mayor-of-talaingod-davao-del-norte-o1662,"Mayor of Talaingod, Davao Del Norte",executive,city,elected,DAVAO DEL NORTE,TALAINGOD,o1654
o1663,mayor-of-asuncion-davao-del-norte-o1663,"Mayor of Asuncion, Davao Del Norte",executive,city,elected,DAVAO DEL NORTE,ASUNCION,o1654
o1664,mayor-of-santo-tomas-davao-del-norte-o1664,"Mayor of Santo Tomas, Davao Del Norte",executive,city,elected,DAVAO DEL NORTE,SANTO TOMAS,o1654
o1665,representative-davao-del-norte-o1665,"Representative, , Davao Del Norte",legislative,national,elected,DAVAO DEL NORTE,,
o1666,provincial-board-member-of-davao-del-norte-o1666,Provincial Board Member of Davao Del Norte,legislative,provincial,elected,DAVAO DEL NORTE,,
o1667,vice-governor-of-davao-del-norte-o1667,Vice Governor of Davao Del Norte,executive,provincial,elected,DAVAO DEL NORTE,,
o1668,vice-mayor-of-panabo-davao-del-norte-o1668,"Vice Mayor of Panabo, Davao Del Norte",executive,city,elected,DAVAO DEL NORTE,PANABO,o1654
o1669,vice-mayor-of-carmen-davao-del-norte-o1669,"Vice Mayor of Carmen, Davao Del Norte",executive,city,elected,DAVAO DEL NORTE,CARMEN,o1654
o1670,vice-mayor-of-kapalong-davao-del-norte-o1670,"Vice Mayor of Kapalong, Davao Del Norte",executive,city,elected,DAVAO DEL NORTE,KAPALONG,o1654
o1671,vice-mayor-of-santo-tomas-davao-del-norte-o1671,"Vice Mayor of Santo Tomas, Davao Del Norte",executive,city,elected,DAVAO DEL NORTE,SANTO TOMAS,o1654
o1672,vice-mayor-of-braulio-e-dujali-davao-del-norte-o1672,"Vice Mayor of Braulio E Dujali, Davao Del Norte",executive,city,elected,DAVAO DEL NORTE,BRAULIO E DUJALI,o1654
o1673,vice-mayor-of-new-corella-davao-del-norte-o1673,"Vice Mayor of New Corella, Davao Del Norte",executive,city,elected,DAVAO DEL NORTE,NEW CORELLA,o1654
o1674,vice-mayor-of-island-garden-city-of-samal-davao-del-norte-o1674,"Vice Mayor of Island Garden City Of Samal, Davao Del Norte",executive,city,elected,DAVAO DEL NORTE,ISLAND GARDEN CITY OF SAMAL,o1654
o1675,vice-mayor-of-tagum-davao-del-norte-o1675,"Vice Mayor of Tagum, Davao Del Norte",executive,city,elected,DAVAO DEL NORTE,TAGUM,o1654
o1676,vice-mayor-of-asuncion-davao-del-norte-o1676,"Vice Mayor of Asuncion, Davao Del Norte",executive,city,elected,DAVAO DEL NORTE,ASUNCION,o1654
o1677,vice-mayor-of-talaingod-davao-del-norte-o1677,"Vice Mayor of Talaingod, Davao Del Norte",executive,city,elected,DAVAO DEL NORTE,TALAINGOD,o1654
o1678,councilor-of-digos-davao-del-sur-o1678,"Councilor of Digos, Davao Del Sur",legislative,city,elected,DAVAO DEL SUR,DIGOS,o1694
o1679,councilor-of-kiblawan-davao-del-sur-o1679,"Councilor of Kiblawan, Davao Del Sur",legislative,city,elected,DAVAO DEL SUR,KIBLAWAN,o1694
o1680,councilor-of-santa-maria-davao-del-sur-o1680,"Councilor of Santa Maria, Davao Del Sur",legislative,city,elected,DAVAO DEL SUR,SANTA MARIA,o1694
o1681,councilor-of-davao-davao-del-sur-o1681,"Councilor of Davao, Davao Del Sur",legislative,city,elected,DAVAO DEL SUR,DAVAO,o1694
o1682,councilor-of-padada-davao-del-sur-o1682,"Councilor of Padada, Davao Del Sur",legislative,city,elected,DAVAO DEL SUR,PADADA,o1694
o1683,councilor-of-sarangani-davao-del-sur-o1683,"Councilor of Sarangani, Davao Del Sur",legislative,city,elected,DAVAO DEL SUR,SARANGANI,o1694
o1684,councilor-of-hagonoy-davao-del-sur-o1684,"Councilor of Hagonoy, Davao Del Sur",legislative,city,elected,DAVAO DEL SUR,HAGONOY,o1694
o1685,councilor-of-matanao-davao-del-sur-o1685,"Councilor of Matanao, Davao Del Sur",legislative,city,elected,DAVAO DEL SUR,MATANAO,o1694
o1686,councilor-of-jose-abad-santos-davao-del-sur-o1686,"Councilor of Jose Abad Santos, Davao Del Sur",legislative,city,elected,DAVAO DEL SUR,JOSE ABAD SANTOS,o1694
o1687,councilor-of-magsaysay-davao-del-sur-o1687,"Councilor of Magsaysay, Davao Del Sur",legislative,city,elected,DAVAO DEL SUR,MAGSAYSAY,o1694
o1688,councilor-of-sulop-davao-del-sur-o1688,"Councilor of Sulop, Davao Del Sur",legislative,city,elected,DAVAO DEL SUR,SULOP,o1694
o1689,councilor-of-malalag-davao-del-sur-o1689,"Councilor of Malalag, Davao Del Sur",legislative,city,elected,DAVAO DEL SUR,MALALAG,o1694
o1690,councilor-of-santa-cruz-davao-del-sur-o1690,"Councilor of Santa Cruz, Davao Del Sur",legislative,city,elected,DAVAO DEL SUR,SANTA CRUZ,o1694
o1691,councilor-of-malita-davao-del-sur-o1691,"Councilor of Malita, Davao Del Sur",legislative,city,elected,DAVAO DEL SUR,MALITA,o1694
o1692,councilor-of-don-marcelino-davao-del-sur-o1692,"Councilor of Don Marcelino, Davao Del Sur",legislative,city,elected,DAVAO DEL SUR,DON MARCELINO,o1694
o1693,councilor-of-bansalan-davao-del-sur-o1693,"Councilor of Bansalan, Davao Del Sur",legislative,city,elected,DAVAO DEL SUR,BANSALAN,o1694
o1694,governor-of-davao-del-sur-o1694,Governor of Davao Del Sur,executive,provincial,elected,DAVAO DEL SUR,,
o1695,mayor-of-sarangani-davao-del-sur-o1695,"Mayor of Sarangani, Davao Del Sur",executive,city,elected,DAVAO DEL SUR,SARANGANI,o1694
o1696,mayor-of-bansalan-davao-del-sur-o1696,"Mayor of Bansalan, Davao Del Sur",executive,city,elected,DAVAO DEL SUR,BANSALAN,o1694
o1697,mayor-of-malita-davao-del-sur-o1697,"Mayor of Malita, Davao Del Sur",executive,city,elected,DAVAO DEL SUR,MALITA,o1694
o1698,mayor-of-kiblawan-davao-del-sur-o1698,"Mayor of Kiblawan, Davao Del Sur",executive,city,elected,DAVAO DEL SUR,KIBLAWAN,o1694
o1699,mayor-of-magsaysay-davao-del-sur-o1699,"Mayor of Magsaysay, Davao Del Sur",executive,city,elected,DAVAO DEL SUR,MAGSAYSAY,o1694
o1700,mayor-of-davao-davao-del-sur-o1700,"Mayor of Davao, Davao Del Sur",executive,city,elected,DAVAO DEL SUR,DAVAO,o1694
o1701,mayor-of-matanao-davao-del-sur-o1701,"Mayor of Matanao, Davao Del Sur",executive,city,elected,DAVAO DEL SUR,MATANAO,o1694
o1702,mayor-of-digos-davao-del-sur-o1702,"Mayor of Digos, Davao Del Sur",executive,city,elected,DAVAO DEL SUR,DIGOS,o1694
o1703,mayor-of-santa-cruz-davao-del-sur-o1703,"Mayor of Santa Cruz, Davao Del Sur",executive,city,elected,DAVAO DEL SUR,SANTA CRUZ,o1694
o1704,mayor-of-malalag-davao-del-sur-o1704,"Mayor of Malalag, Davao Del Sur",executive,city,elected,DAVAO DEL SUR,MALALAG,o1694
o1705,mayor-of-santa-maria-davao-del-sur-o1705,"Mayor of Santa Maria, Davao Del Sur",executive,city,elected,DAVAO DEL SUR,SANTA MARIA,o1694
o1706,mayor-of-padada-davao-del-sur-o1706,"Mayor of Padada, Davao Del Sur",executive,city,elected,DAVAO DEL SUR,PADADA,o1694
o1707,mayor-of-sulop-davao-del-sur-o1707,"Mayor of Sulop, Davao Del Sur",executive,city,elected,DAVAO DEL SUR,SULOP,o1694
o1708,mayor-of-don-marcelino-davao-del-sur-o1708,"Mayor of Don Marcelino, Davao Del Sur",executive,city,elected,DAVAO DEL SUR,DON MARCELINO,o1694
o1709,mayor-of-hagonoy-davao-del-sur-o1709,"Mayor of Hagonoy, Davao Del Sur",executive,city,elected,DAVAO DEL SUR,HAGONOY,o1694
o1710,mayor-of-jose-abad-santos-davao-del-sur-o1710,"Mayor of Jose Abad Santos, Davao Del Sur",executive,city,elected,DAVAO DEL SUR,JOSE ABAD SANTOS,o1694
o1711,representative-davao-del-sur-o1711,"Representative, , Davao Del Sur",legislative,national,elected,DAVAO DEL SUR,,
o1712,provincial-board-member-of-davao-del-sur-o1712,Provincial Board Member of Davao Del Sur,legislative,provincial,elected,DAVAO DEL SUR,,
o1713,vice-governor-of-davao-del-sur-o1713,Vice Governor of Davao Del Sur,executive,provincial,elected,DAVAO DEL SUR,,
o1714,vice-mayor-of-hagonoy-davao-del-sur-o1714,"Vice Mayor of Hagonoy, Davao Del Sur",executive,city,elected,DAVAO DEL SUR,HAGONOY,o1694
o1715,vice-mayor-of-santa-cruz-davao-del-sur-o1715,"Vice Mayor of Santa Cruz, Davao Del Sur",executive,city,elected,DAVAO DEL SUR,SANTA CRUZ,o1694
o1716,vice-mayor-of-davao-davao-del-sur-o1716,"Vice Mayor of Davao, Davao Del Sur",executive,city,elected,DAVAO DEL SUR,DAVAO,o1694
o1717,vice-mayor-of-kiblawan-davao-del-sur-o1717,"Vice Mayor of Kiblawan, Davao Del Sur",executive,city,elected,DAVAO DEL SUR,KIBLAWAN,o1694
o1718,vice-mayor-of-padada-davao-del-sur-o1718,"Vice Mayor of Padada, Davao Del Sur",executive,city,elected,DAVAO DEL SUR,PADADA,o1694
o1719,vice-mayor-of-bansalan-davao-del-sur-o1719,"Vice Mayor of Bansalan, Davao Del Sur",executive,city,elected,DAVAO DEL SUR,BANSALAN,o1694
o1720,vice-mayor-of-sarangani-davao-del-sur-o1720,"Vice Mayor of Sarangani, Davao Del Sur",executive,city,elected,DAVAO DEL SUR,SARANGANI,o1694
o1721,vice-mayor-of-malita-davao-del-sur-o1721,"Vice Mayor of Malita, Davao Del Sur",executive,city,elected,DAVAO DEL SUR,MALITA,o1694
o1722,vice-mayor-of-malalag-davao-del-sur-o1722,"Vice Mayor of Malalag, Davao Del Sur",executive,city,elected,DAVAO DEL SUR,MALALAG,o1694
o1723,vice-mayor-of-santa-maria-davao-del-sur-o1723,"Vice Mayor of Santa Maria, Davao Del Sur",executive,city,elected,DAVAO DEL SUR,SANTA MARIA,o1694
o1724,vice-mayor-of-matanao-davao-del-sur-o1724,"Vice Mayor of Matanao, Davao Del Sur",executive,city,elected,DAVAO DEL SUR,MATANAO,o1694
o1725,vice-mayor-of-don-marcelino-davao-del-sur-o1725,"Vice Mayor of Don Marcelino, Davao Del Sur",executive,city,elected,DAVAO DEL SUR,DON MARCELINO,o1694
o1726,vice-mayor-of-jose-abad-santos-davao-del-sur-o1726,"Vice Mayor of Jose Abad Santos, Davao Del Sur",executive,city,elected,DAVAO DEL SUR,JOSE ABAD SANTOS,o1694
o1727,vice-mayor-of-magsaysay-davao-del-sur-o1727,"Vice Mayor of Magsaysay, Davao Del Sur",executive,city,elected,DAVAO DEL SUR,MAGSAYSAY,o1694
o1728,vice-mayor-of-sulop-davao-del-sur-o1728,"Vice Mayor of Sulop, Davao Del Sur",executive,city,elected,DAVAO DEL SUR,SULOP,o1694
o1729,vice-mayor-of-digos-davao-del-sur-o1729,"Vice Mayor of Digos, Davao Del Sur",executive,city,elected,DAVAO DEL SUR,DIGOS,o1694
o1730,councilor-of-cateel-davao-oriental-o1730,"Councilor of Cateel, Davao Oriental",legislative,city,elected,DAVAO ORIENTAL,CATEEL,o1740
o1731,councilor-of-baganga-davao-oriental-o1731,"Councilor of Baganga, Davao Oriental",legislative,city,elected,DAVAO ORIENTAL,BAGANGA,o1740
o1732,councilor-of-boston-davao-oriental-o1732,"Councilor of Boston, Davao Oriental",legislative,city,elected,DAVAO ORIENTAL,BOSTON,o1740
o1733,councilor-of-governor-generoso-davao-oriental-o1733,"Councilor of Governor Generoso, Davao Oriental",legislative,city,elected,DAVAO ORIENTAL,GOVERNOR GENEROSO,o1740
o1734,councilor-of-manay-davao-oriental-o1734,"Councilor of Manay, Davao Oriental",legislative,city,elected,DAVAO ORIENTAL,MANAY,o1740
o1735,councilor-of-lupon-davao-oriental-o1735,"Councilor of Lupon, Davao Oriental",legislative,city,elected,DAVAO ORIENTAL,LUPON,o1740
o1736,councilor-of-mati-davao-oriental-o1736,"Councilor of Mati, Davao Oriental",legislative,city,elected,DAVAO ORIENTAL,MATI,o1740
o1737,councilor-of-banay-banay-davao-oriental-o1737,"Councilor of Banay Banay, Davao Oriental",legislative,city,elected,DAVAO ORIENTAL,BANAY BANAY,o1740
o1738,councilor-of-tarragona-davao-oriental-o1738,"Councilor of Tarragona, Davao Oriental",legislative,city,elected,DAVAO ORIENTAL,TARRAGONA,o1740
o1739,councilor-of-san-isidro-davao-oriental-o1739,"Councilor of San Isidro, Davao Oriental",legislative,city,elected,DAVAO ORIENTAL,SAN ISIDRO,o1740
o1740,governor-of-davao-oriental-o1740,Governor of Davao Oriental,executive,provincial,elected,DAVAO ORIENTAL,,
o1741,mayor-of-manay-davao-oriental-o1741,"Mayor of Manay, Davao Oriental",executive,city,elected,DAVAO ORIENTAL,MANAY,o1740
o1742,mayor-of-governor-generoso-davao-oriental-o1742,"Mayor of Governor Generoso, Davao Oriental",executive,city,elected,DAVAO ORIENTAL,GOVERNOR GENEROSO,o1740
o1743,mayor-of-tarragona-davao-oriental-o1743,"Mayor of Tarragona, Davao Oriental",executive,city,elected,DAVAO ORIENTAL,TARRAGONA,o1740
o1744,mayor-of-banay-banay-davao-oriental-o1744,"Mayor of Banay Banay, Davao Oriental",executive,city,elected,DAVAO ORIENTAL,BANAY BANAY,o1740
o1745,mayor-of-lupon-davao-oriental-o1745,"Mayor of Lupon, Davao Oriental",executive,city,elected,DAVAO ORIENTAL,LUPON,o1740
o1746,mayor-of-baganga-davao-oriental-o1746,"Mayor of Baganga, Davao Oriental",executive,city,elected,DAVAO ORIENTAL,BAGANGA,o1740
o1747,mayor-of-boston-davao-oriental-o1747,"Mayor of Boston, Davao Oriental",executive,city,elected,DAVAO ORIENTAL,BOSTON,o1740
o1748,mayor-of-cateel-davao-oriental-o1748,"Mayor of Cateel, Davao Oriental",executive,city,elected,DAVAO ORIENTAL,CATEEL,o1740
o1749,mayor-of-mati-davao-oriental-o1749,"Mayor of Mati, Davao Oriental",executive,city,elected,DAVAO ORIENTAL,MATI,o1740
o1750,mayor-of-san-isidro-davao-oriental-o1750,"Mayor of San Isidro, Davao Oriental",executive,city,elected,DAVAO ORIENTAL,SAN ISIDRO,o1740
o1751,representative-davao-oriental-o1751,"Representative, , Davao Oriental",legislative,national,elected,DAVAO ORIENTAL,,
o1752,provincial-board-member-of-davao-oriental-o1752,Provincial Board Member of Davao Oriental,legislative,provincial,elected,DAVAO ORIENTAL,,
o1753,vice-governor-of-davao-oriental-o1753,Vice Governor of Davao Oriental,executive,provincial,elected,DAVAO ORIENTAL,,
o1754,vice-mayor-of-lupon-davao-oriental-o1754,"Vice Mayor of Lupon, Davao Oriental",executive,city,elected,DAVAO ORIENTAL,LUPON,o1740
o1755,vice-mayor-of-governor-generoso-davao-oriental-o1755,"Vice Mayor of Governor Generoso, Davao Oriental",executive,city,elected,DAVAO ORIENTAL,GOVERNOR GENEROSO,o1740
o1756,vice-mayor-of-boston-davao-oriental-o1756,"Vice Mayor of Boston, Davao Oriental",executive,city,elected,DAVAO ORIENTAL,BOSTON,o1740
o1757,vice-mayor-of-baganga-davao-oriental-o1757,"Vice Mayor of Baganga, Davao Oriental",executive,city,elected,DAVAO ORIENTAL,BAGANGA,o1740
o1758,vice-mayor-of-banay-banay-davao-oriental-o1758,"Vice Mayor of Banay Banay, Davao Oriental",executive,city,elected,DAVAO ORIENTAL,BANAY BANAY,o1740
o1759,vice-mayor-of-mati-davao-oriental-o1759,"Vice Mayor of Mati, Davao Oriental",executive,city,elected,DAVAO ORIENTAL,MATI,o1740
o1760,vice-mayor-of-san-isidro-davao-oriental-o1760,"Vice Mayor of San Isidro, Davao Oriental",executive,city,elected,DAVAO ORIENTAL,SAN ISIDRO,o1740
o1761,vice-mayor-of-cateel-davao-oriental-o1761,"Vice Mayor of Cateel, Davao Oriental",executive,city,elected,DAVAO ORIENTAL,CATEEL,o1740
o1762,vice-mayor-of-manay-davao-oriental-o1762,"Vice Mayor of Manay, Davao Oriental",executive,city,elected,DAVAO ORIENTAL,MANAY,o1740
o1763,vice-mayor-of-tarragona-davao-oriental-o1763,"Vice Mayor of Tarragona, Davao Oriental",executive,city,elected,DAVAO ORIENTAL,TARRAGONA,o1740
o1764,councilor-of-lawaan-eastern-samar-o1764,"Councilor of Lawaan, Eastern Samar",legislative,city,elected,EASTERN SAMAR,LAWAAN,o1787
o1765,councilor-of-giporlos-eastern-samar-o1765,"Councilor of Giporlos, Eastern Samar",legislative,city,elected,EASTERN SAMAR,GIPORLOS,o1787
o1766,councilor-of-oras-eastern-samar-o1766,"Councilor of Oras, Eastern Samar",legislative,city,elected,EASTERN SAMAR,ORAS,o1787
o1767,councilor-of-hernani-eastern-samar-o1767,"Councilor of Hernani, Eastern Samar",legislative,city,elected,EASTERN SAMAR,HERNANI,o1787
o1768,councilor-of-salcedo-eastern-samar-o1768,"Councilor of Salcedo, Eastern Samar",legislative,city,elected,EASTERN SAMAR,SALCEDO,o1787
o1769,councilor-of-guiuan-eastern-samar-o1769,"Councilor of Guiuan, Eastern Samar",legislative,city,elected,EASTERN SAMAR,GUIUAN,o1787
o1770,councilor-of-quinapondan-eastern-samar-o1770,"Councilor of Quinapondan, Eastern Samar",legislative,city,elected,EASTERN SAMAR,QUINAPONDAN,o1787
o1771,councilor-of-borongan-eastern-samar-o1771,"Councilor of Borongan, Eastern Samar",legislative,city,elected,EASTERN SAMAR,BORONGAN,o1787
o1772,councilor-of-general-macarthur-eastern-samar-o1772,"Councilor of General Macarthur, Eastern Samar",legislative,city,elected,EASTERN SAMAR,GENERAL MACARTHUR,o1787
o1773,councilor-of-dolores-eastern-samar-o1773,"Councilor of Dolores, Eastern Samar",legislative,city,elected,EASTERN SAMAR,DOLORES,o1787
o1774,councilor-of-jipapad-eastern-samar-o1774,"Councilor of Jipapad, Eastern Samar",legislative,city,elected,EASTERN SAMAR,JIPAPAD,o1787
o1775,councilor-of-taft-eastern-samar-o1775,"Councilor of Taft, Eastern Samar",legislative,city,elected,EASTERN SAMAR,TAFT,o1787
o1776,councilor-of-arteche-eastern-samar-o1776,"Councilor of Arteche, Eastern Samar",legislative,city,elected,EASTERN SAMAR,ARTECHE,o1787
o1777,councilor-of-llorente-eastern-samar-o1777,"Councilor of Llorente, Eastern Samar",legislative,city,elected,EASTERN SAMAR,LLORENTE,o1787
o1778,councilor-of-balangkayan-eastern-samar-o1778,"Councilor of Balangkayan, Eastern Samar",legislative,city,elected,EASTERN SAMAR,BALANGKAYAN,o1787
o1779,councilor-of-maydolong-eastern-samar-o1779,"Councilor of Maydolong, Eastern Samar",legislative,city,elected,EASTERN SAMAR,MAYDOLONG,o1787
o1780,councilor-of-mercedes-eastern-samar-o1780,"Councilor of Mercedes, Eastern Samar",legislative,city,elected,EASTERN SAMAR,MERCEDES,o1787
o1781,councilor-of-balangiga-eastern-samar-o1781,"Councilor of Balangiga, Eastern Samar",legislative,city,elected,EASTERN SAMAR,BALANGIGA,o1787
o1782,councilor-of-san-julian-eastern-samar-o1782,"Councilor of San Julian, Eastern Samar",legislative,city,elected,EASTERN SAMAR,SAN JULIAN,o1787
o1783,councilor-of-san-policarpio-eastern-samar-o1783,"Councilor of San Policarpio, Eastern Samar",legislative,city,elected,EASTERN SAMAR,SAN POLICARPIO,o1787
o1784,councilor-of-can-avid-eastern-samar-o1784,"Councilor of Can Avid, Eastern Samar",legislative,city,elected,EASTERN SAMAR,CAN AVID,o1787
o1785,councilor-of-maslog-eastern-samar-o1785,"Councilor of Maslog, Eastern Samar",legislative,city,elected,EASTERN SAMAR,MASLOG,o1787
o1786,councilor-of-sulat-eastern-samar-o1786,"Councilor of Sulat, Eastern Samar",legislative,city,elected,EASTERN SAMAR,SULAT,o1787
o1787,governor-of-eastern-samar-o1787,Governor of Eastern Samar,executive,provincial,elected,EASTERN SAMAR,,
o1788,mayor-of-taft-eastern-samar-o1788,"Mayor of Taft, Eastern Samar",executive,city,elected,EASTERN SAMAR,TAFT,o1787
o1789,mayor-of-borongan-eastern-samar-o1789,"Mayor of Borongan, Eastern Samar",executive,city,elected,EASTERN SAMAR,BORONGAN,o1787
o1790,mayor-of-maydolong-eastern-samar-o1790,"Mayor of Maydolong, Eastern Samar",executive,city,elected,EASTERN SAMAR,MAYDOLONG,o1787
o1791,mayor-of-maslog-eastern-samar-o1791,"Mayor of Maslog, Eastern Samar",executive,city,elected,EASTERN SAMAR,MASLOG,o1787
o1792,mayor-of-giporlos-eastern-samar-o1792,"Mayor of Giporlos, Eastern Samar",executive,city,elected,EASTERN SAMAR,GIPORLOS,o1787
o1793,mayor-of-balangiga-eastern-samar-o1793,"Mayor of Balangiga, Eastern Samar",executive,city,elected,EASTERN SAMAR,BALANGIGA,o1787
o1794,mayor-of-llorente-eastern-samar-o1794,"Mayor of Llorente, Eastern Samar",executive,city,elected,EASTERN SAMAR,LLORENTE,o1787
o1795,mayor-of-oras-eastern-samar-o1795,"Mayor of Oras, Eastern Samar",executive,city,elected,EASTERN SAMAR,ORAS,o1787
o1796,mayor-of-salcedo-eastern-samar-o1796,"Mayor of Salcedo, Eastern Samar",executive,city,elected,EASTERN SAMAR,SALCEDO,o1787
o1797,mayor-of-can-avid-eastern-samar-o1797,"Mayor of Can Avid, Eastern Samar",executive,city,elected,EASTERN SAMAR,CAN AVID,o1787
o1798,mayor-of-balangkayan-eastern-samar-o1798,"Mayor of Balangkayan, Eastern Samar",executive,city,elected,EASTERN SAMAR,BALANGKAYAN,o1787
o1799,mayor-of-lawaan-eastern-samar-o1799,"Mayor of Lawaan, Eastern Samar",executive,city,elected,EASTERN SAMAR,LAWAAN,o1787
o1800,mayor-of-general-macarthur-eastern-samar-o1800,"Mayor of General Macarthur, Eastern Samar",executive,city,elected,EASTERN SAMAR,GENERAL MACARTHUR,o1787
o1801,mayor-of-quinapondan-eastern-samar-o1801,"Mayor of Quinapondan, Eastern Samar",executive,city,elected,EASTERN SAMAR,QUINAPONDAN,o1787
o1802,mayor-of-jipapad-eastern-samar-o1802,"Mayor of Jipapad, Eastern Samar",executive,city,elected,EASTERN SAMAR,JIPAPAD,o1787
o1803,mayor-of-san-policarpio-eastern-samar-o1803,"Mayor of San Policarpio, Eastern Samar",executive,city,elected,EASTERN SAMAR,SAN POLICARPIO,o1787
o1804,mayor-of-arteche-eastern-samar-o1804,"Mayor of Arteche, Eastern Samar",executive,city,elected,EASTERN SAMAR,ARTECHE,o1787
o1805,mayor-of-san-julian-eastern-samar-o1805,"Mayor of San Julian, Eastern Samar",executive,city,elected,EASTERN SAMAR,SAN JULIAN,o1787
o1806,mayor-of-mercedes-eastern-samar-o1806,"Mayor of Mercedes, Eastern Samar",executive,city,elected,EASTERN SAMAR,MERCEDES,o1787
o1807,mayor-of-dolores-eastern-samar-o1807,"Mayor of Dolores, Eastern Samar",executive,city,elected,EASTERN SAMAR,DOLORES,o1787
o1808,mayor-of-guiuan-eastern-samar-o1808,"Mayor of Guiuan, Eastern Samar",executive,city,elected,EASTERN SAMAR,GUIUAN,o1787
o1809,mayor-of-hernani-eastern-samar-o1809,"Mayor of Hernani, Eastern Samar",executive,city,elected,EASTERN SAMAR,HERNANI,o1787
o1810,mayor-of-sulat-eastern-samar-o1810,"Mayor of Sulat, Eastern Samar",executive,city,elected,EASTERN SAMAR,SULAT,o1787
o1811,representative-eastern-samar-o1811,"Representative, , Eastern Samar",legislative,national,elected,EASTERN SAMAR,,
o1812,provincial-board-member-of-eastern-samar-o1812,Provincial Board Member of Eastern Samar,legislative,provincial,elected,EASTERN SAMAR,,
o1813,vice-governor-of-eastern-samar-o1813,Vice Governor of Eastern Samar,executive,provincial,elected,EASTERN SAMAR,,
o1814,vice-mayor-of-taft-eastern-samar-o1814,"Vice Mayor of Taft, Eastern Samar",executive,city,elected,EASTERN SAMAR,TAFT,o1787
o1815,vice-mayor-of-balangkayan-eastern-samar-o1815,"Vice Mayor of Balangkayan, Eastern Samar",executive,city,elected,EASTERN SAMAR,BALANGKAYAN,o1787
o1816,vice-mayor-of-general-macarthur-eastern-samar-o1816,"Vice Mayor of General Macarthur, Eastern Samar",executive,city,elected,EASTERN SAMAR,GENERAL MACARTHUR,o1787
o1817,vice-mayor-of-quinapondan-eastern-samar-o1817,"Vice Mayor of Quinapondan, Eastern Samar",executive,city,elected,EASTERN SAMAR,QUINAPONDAN,o1787
o1818,vice-mayor-of-sulat-eastern-samar-o1818,"Vice Mayor of Sulat, Eastern Samar",executive,city,elected,EASTERN SAMAR,SULAT,o1787
o1819,vice-mayor-of-giporlos-eastern-samar-o1819,"Vice Mayor of Giporlos, Eastern Samar",executive,city,elected,EASTERN SAMAR,GIPORLOS,o1787
o1820,vice-mayor-of-san-policarpio-eastern-samar-o1820,"Vice Mayor of San Policarpio, Eastern Samar",executive,city,elected,EASTERN SAMAR,SAN POLICARPIO,o1787
o1821,vice-mayor-of-mercedes-eastern-samar-o1821,"Vice Mayor of Mercedes, Eastern Samar",executive,city,elected,EASTERN SAMAR,MERCEDES,o1787
o1822,vice-mayor-of-dolores-eastern-samar-o1822,"Vice Mayor of Dolores, Eastern Samar",executive,city,elected,EASTERN SAMAR,DOLORES,o1787
o1823,vice-mayor-of-can-avid-eastern-samar-o1823,"Vice Mayor of Can Avid, Eastern Samar",executive,city,elected,EASTERN SAMAR,CAN AVID,o1787
o1824,vice-mayor-of-hernani-eastern-samar-o1824,"Vice Mayor of Hernani, Eastern Samar",executive,city,elected,EASTERN SAMAR,HERNANI,o1787
o1825,vice-mayor-of-llorente-eastern-samar-o1825,"Vice Mayor of Llorente, Eastern Samar",executive,city,elected,EASTERN SAMAR,LLORENTE,o1787
o1826,vice-mayor-of-balangiga-eastern-samar-o1826,"Vice Mayor of Balangiga, Eastern Samar",executive,city,elected,EASTERN SAMAR,BALANGIGA,o1787
o1827,vice-mayor-of-oras-eastern-samar-o1827,"Vice Mayor of Oras, Eastern Samar",executive,city,elected,EASTERN SAMAR,ORAS,o1787
o1828,vice-mayor-of-maydolong-eastern-samar-o1828,"Vice Mayor of Maydolong, Eastern Samar",executive,city,elected,EASTERN SAMAR,MAYDOLONG,o1787
o1829,vice-mayor-of-salcedo-eastern-samar-o1829,"Vice Mayor of Salcedo, Eastern Samar",executive,city,elected,EASTERN SAMAR,SALCEDO,o1787
o1830,vice-mayor-of-jipapad-eastern-samar-o1830,"Vice Mayor of Jipapad, Eastern Samar",executive,city,elected,EASTERN SAMAR,JIPAPAD,o1787
o1831,vice-mayor-of-lawaan-eastern-samar-o1831,"Vice Mayor of Lawaan, Eastern Samar",executive,city,elected,EASTERN SAMAR,LAWAAN,o1787
o1832,vice-mayor-of-arteche-eastern-samar-o1832,"Vice Mayor of Arteche, Eastern Samar",executive,city,elected,EASTERN SAMAR,ARTECHE,o1787
o1833,vice-mayor-of-san-julian-eastern-samar-o1833,"Vice Mayor of San Julian, Eastern Samar",executive,city,elected,EASTERN SAMAR,SAN JULIAN,o1787
o1834,vice-mayor-of-maslog-eastern-samar-o1834,"Vice Mayor of Maslog, Eastern Samar",executive,city,elected,EASTERN SAMAR,MASLOG,o1787
o1835,vice-mayor-of-borongan-eastern-samar-o1835,"Vice Mayor of Borongan, Eastern Samar",executive,city,elected,EASTERN SAMAR,BORONGAN,o1787
o1836,vice-mayor-of-guiuan-eastern-samar-o1836,"Vice Mayor of Guiuan, Eastern Samar",executive,city,elected,EASTERN SAMAR,GUIUAN,o1787
o1837,councilor-of-buenavista-guimaras-o1837,"Councilor of Buenavista, Guimaras",legislative,city,elected,GUIMARAS,BUENAVISTA,o1842
o1838,councilor-of-jordan-guimaras-o1838,"Councilor of Jordan, Guimaras",legislative,city,elected,GUIMARAS,JORDAN,o1842
o1839,councilor-of-san-lorenzo-guimaras-o1839,"Councilor of San Lorenzo, Guimaras",legislative,city,elected,GUIMARAS,SAN LORENZO,o1842
o1840,councilor-of-nueva-valencia-guimaras-o1840,"Councilor of Nueva Valencia, Guimaras",legislative,city,elected,GUIMARAS,NUEVA VALENCIA,o1842
o1841,councilor-of-sibunag-guimaras-o1841,"Councilor of Sibunag, Guimaras",legislative,city,elected,GUIMARAS,SIBUNAG,o1842
o1842,governor-of-guimaras-o1842,Governor of Guimaras,executive,provincial,elected,GUIMARAS,,
o1843,mayor-of-nueva-valencia-guimaras-o1843,"Mayor of Nueva Valencia, Guimaras",executive,city,elected,GUIMARAS,NUEVA VALENCIA,o1842
o1844,mayor-of-buenavista-guimaras-o1844,"Mayor of Buenavista, Guimaras",executive,city,elected,GUIMARAS,BUENAVISTA,o1842
o1845,mayor-of-sibunag-guimaras-o1845,"Mayor of Sibunag, Guimaras",executive,city,elected,GUIMARAS,SIBUNAG,o1842
o1846,mayor-of-jordan-guimaras-o1846,"Mayor of Jordan, Guimaras",executive,city,elected,GUIMARAS,JORDAN,o1842
o1847,mayor-of-san-lorenzo-guimaras-o1847,"Mayor of San Lorenzo, Guimaras",executive,city,elected,GUIMARAS,SAN LORENZO,o1842
o1848,representative-guimaras-o1848,"Representative, , Guimaras",legislative,national,elected,GUIMARAS,,
o1849,provincial-board-member-of-guimaras-o1849,Provincial Board Member of Guimaras,legislative,provincial,elected,GUIMARAS,,
o1850,vice-governor-of-guimaras-o1850,Vice Governor of Guimaras,executive,provincial,elected,GUIMARAS,,
o1851,vice-mayor-of-nueva-valencia-guimaras-o1851,"Vice Mayor of Nueva Valencia, Guimaras",executive,city,elected,GUIMARAS,NUEVA VALENCIA,o1842
o1852,vice-mayor-of-san-lorenzo-guimaras-o1852,"Vice Mayor of San Lorenzo, Guimaras",executive,city,elected,GUIMARAS,SAN LORENZO,o1842
o1853,vice-mayor-of-jordan-guimaras-o1853,"Vice Mayor of Jordan, Guimaras",executive,city,elected,GUIMARAS,JORDAN,o1842
o1854,vice-mayor-of-buenavista-guimaras-o1854,"Vice Mayor of Buenavista, Guimaras",executive,city,elected,GUIMARAS,BUENAVISTA,o1842
o1855,vice-mayor-of-sibunag-guimaras-o1855,"Vice Mayor of Sibunag, Guimaras",executive,city,elected,GUIMARAS,SIBUNAG,o1842
o1856,councilor-of-banaue-ifugao-o1856,"Councilor of Banaue, Ifugao",legislative,city,elected,IFUGAO,BANAUE,o1867
o1857,councilor-of-hingyon-ifugao-o1857,"Councilor of Hingyon, Ifugao",legislative,city,elected,IFUGAO,HINGYON,o1867
o1858,councilor-of-alfonso-lista-ifugao-o1858,"Councilor of Alfonso Lista, Ifugao",legislative,city,elected,IFUGAO,ALFONSO LISTA,o1867
o1859,councilor-of-tinoc-ifugao-o1859,"Councilor of Tinoc, Ifugao",legislative,city,elected,IFUGAO,TINOC,o1867
o1860,councilor-of-asipulo-ifugao-o1860,"Councilor of Asipulo, Ifugao",legislative,city,elected,IFUGAO,ASIPULO,o1867
o1861,councilor-of-mayoyao-ifugao-o1861,"Councilor of Mayoyao, Ifugao",legislative,city,elected,IFUGAO,MAYOYAO,o1867
o1862,councilor-of-hungduan-ifugao-o1862,"Councilor of Hungduan, Ifugao",legislative,city,elected,IFUGAO,HUNGDUAN,o1867
o1863,councilor-of-kiangan-ifugao-o1863,"Councilor of Kiangan, Ifugao",legislative,city,elected,IFUGAO,KIANGAN,o1867
o1864,councilor-of-aguinaldo-ifugao-o1864,"Councilor of Aguinaldo, Ifugao",legislative,city,elected,IFUGAO,AGUINALDO,o1867
o1865,councilor-of-lamut-ifugao-o1865,"Councilor of Lamut, Ifugao",legislative,city,elected,IFUGAO,LAMUT,o1867
o1866,councilor-of-lagawe-ifugao-o1866,"Councilor of Lagawe, Ifugao",legislative,city,elected,IFUGAO,LAGAWE,o1867
o1867,governor-of-ifugao-o1867,Governor of Ifugao,executive,provincial,elected,IFUGAO,,
o1868,mayor-of-kiangan-ifugao-o1868,"Mayor of Kiangan, Ifugao",executive,city,elected,IFUGAO,KIANGAN,o1867
o1869,mayor-of-aguinaldo-ifugao-o1869,"Mayor of Aguinaldo, Ifugao",executive,city,elected,IFUGAO,AGUINALDO,o1867
o1870,mayor-of-hungduan-ifugao-o1870,"Mayor of Hungduan, Ifugao",executive,city,elected,IFUGAO,HUNGDUAN,o1867
o1871,mayor-of-banaue-ifugao-o1871,"Mayor of Banaue, Ifugao",executive,city,elected,IFUGAO,BANAUE,o1867
o1872,mayor-of-lagawe-ifugao-o1872,"Mayor of Lagawe, Ifugao",executive,city,elected,IFUGAO,LAGAWE,o1867
o1873,mayor-of-lamut-ifugao-o1873,"Mayor of Lamut, Ifugao",executive,city,elected,IFUGAO,LAMUT,o1867
o1874,mayor-of-asipulo-ifugao-o1874,"Mayor of Asipulo, Ifugao",executive,city,elected,IFUGAO,ASIPULO,o1867
o1875,mayor-of-hingyon-ifugao-o1875,"Mayor of Hingyon, Ifugao",executive,city,elected,IFUGAO,HINGYON,o1867
o1876,mayor-of-mayoyao-ifugao-o1876,"Mayor of Mayoyao, Ifugao",executive,city,elected,IFUGAO,MAYOYAO,o1867
o1877,mayor-of-alfonso-lista-ifugao-o1877,"Mayor of Alfonso Lista, Ifugao",executive,city,elected,IFUGAO,ALFONSO LISTA,o1867
o1878,mayor-of-tinoc-ifugao-o1878,"Mayor of Tinoc, Ifugao",executive,city,elected,IFUGAO,TINOC,o1867
o1879,representative-ifugao-o1879,"Representative, , Ifugao",legislative,national,elected,IFUGAO,,
o1880,provincial-board-member-of-ifugao-o1880,Provincial Board Member of Ifugao,legislative,provincial,elected,IFUGAO,,
o1881,vice-governor-of-ifugao-o1881,Vice Governor of Ifugao,executive,provincial,elected,IFUGAO,,
o1882,vice-mayor-of-alfonso-lista-ifugao-o1882,"Vice Mayor of Alfonso Lista, Ifugao",executive,city,elected,IFUGAO,ALFONSO LISTA,o1867
o1883,vice-mayor-of-mayoyao-ifugao-o1883,"Vice Mayor of Mayoyao, Ifugao",executive,city,elected,IFUGAO,MAYOYAO,o1867
o1884,vice-mayor-of-hungduan-ifugao-o1884,"Vice Mayor of Hungduan, Ifugao",executive,city,elected,IFUGAO,HUNGDUAN,o1867
o1885,vice-mayor-of-tinoc-ifugao-o1885,"Vice Mayor of Tinoc, Ifugao",executive,city,elected,IFUGAO,TINOC,o1867
o1886,vice-mayor-of-aguinaldo-ifugao-o1886,"Vice Mayor of Aguinaldo, Ifugao",executive,city,elected,IFUGAO,AGUINALDO,o1867
o1887,vice-mayor-of-lagawe-ifugao-o1887,"Vice Mayor of Lagawe, Ifugao",executive,city,elected,IFUGAO,LAGAWE,o1867
o1888,vice-mayor-of-banaue-ifugao-o1888,"Vice Mayor of Banaue, Ifugao",executive,city,elected,IFUGAO,BANAUE,o1867
o1889,vice-mayor-of-hingyon-ifugao-o1889,"Vice Mayor of Hingyon, Ifugao",executive,city,elected,IFUGAO,HINGYON,o1867
o1890,vice-mayor-of-kiangan-ifugao-o1890,"Vice Mayor of Kiangan, Ifugao",executive,city,elected,IFUGAO,KIANGAN,o1867
o1891,vice-mayor-of-asipulo-ifugao-o1891,"Vice Mayor of Asipulo, Ifugao",executive,city,elected,IFUGAO,ASIPULO,o1867
o1892,vice-mayor-of-lamut-ifugao-o1892,"Vice Mayor of Lamut, Ifugao",executive,city,elected,IFUGAO,LAMUT,o1867
o1893,councilor-of-burgos-ilocos-norte-o1893,"Councilor of Burgos, Ilocos Norte",legislative,city,elected,ILOCOS NORTE,BURGOS,o1916
o1894,councilor-of-carasi-ilocos-norte-o1894,"Councilor of Carasi, Ilocos Norte",legislative,city,elected,ILOCOS NORTE,CARASI,o1916
o1895,councilor-of-batac-ilocos-norte-o1895,"Councilor of Batac, Ilocos Norte",legislative,city,elected,ILOCOS NORTE,BATAC,o1916
o1896,councilor-of-bangui-ilocos-norte-o1896,"Councilor of Bangui, Ilocos Norte",legislative,city,elected,ILOCOS NORTE,BANGUI,o1916
o1897,councilor-of-adams-ilocos-norte-o1897,"Councilor of Adams, Ilocos Norte",legislative,city,elected,ILOCOS NORTE,ADAMS,o1916
o1898,councilor-of-paoay-ilocos-norte-o1898,"Councilor of Paoay, Ilocos Norte",legislative,city,elected,ILOCOS NORTE,PAOAY,o1916
o1899,councilor-of-currimao-ilocos-norte-o1899,"Councilor of Currimao, Ilocos Norte",legislative,city,elected,ILOCOS NORTE,CURRIMAO,o1916
o1900,councilor-of-sarrat-ilocos-norte-o1900,"Councilor of Sarrat, Ilocos Norte",legislative,city,elected,ILOCOS NORTE,SARRAT,o1916
o1901,councilor-of-dumalneg-ilocos-norte-o1901,"Councilor of Dumalneg, Ilocos Norte",legislative,city,elected,ILOCOS NORTE,DUMALNEG,o1916
o1902,councilor-of-laoag-ilocos-norte-o1902,"Councilor of Laoag, Ilocos Norte",legislative,city,elected,ILOCOS NORTE,LAOAG,o1916
o1903,councilor-of-pasuquin-ilocos-norte-o1903,"Councilor of Pasuquin, Ilocos Norte",legislative,city,elected,ILOCOS NORTE,PASUQUIN,o1916
o1904,councilor-of-vintar-ilocos-norte-o1904,"Councilor of Vintar, Ilocos Norte",legislative,city,elected,ILOCOS NORTE,VINTAR,o1916
o1905,councilor-of-san-nicolas-ilocos-norte-o1905,"Councilor of San Nicolas, Ilocos Norte",legislative,city,elected,ILOCOS NORTE,SAN NICOLAS,o1916
o1906,councilor-of-solsona-ilocos-norte-o1906,"Councilor of Solsona, Ilocos Norte",legislative,city,elected,ILOCOS NORTE,SOLSONA,o1916
o1907,councilor-of-pagudpud-ilocos-norte-o1907,"Councilor of Pagudpud, Ilocos Norte",legislative,city,elected,ILOCOS NORTE,PAGUDPUD,o1916
o1908,councilor-of-nueva-era-ilocos-norte-o1908,"Councilor of Nueva Era, Ilocos Norte",legislative,city,elected,ILOCOS NORTE,NUEVA ERA,o1916
o1909,councilor-of-banna-ilocos-norte-o1909,"Councilor of Banna, Ilocos Norte",legislative,city,elected,ILOCOS NORTE,BANNA,o1916
o1910,councilor-of-badoc-ilocos-norte-o1910,"Councilor of Badoc, Ilocos Norte",legislative,city,elected,ILOCOS NORTE,BADOC,o1916
o1911,councilor-of-dingras-ilocos-norte-o1911,"Councilor of Dingras, Ilocos Norte",legislative,city,elected,ILOCOS NORTE,DINGRAS,o1916
o1912,councilor-of-piddig-ilocos-norte-o1912,"Councilor of Piddig, Ilocos Norte",legislative,city,elected,ILOCOS NORTE,PIDDIG,o1916
o1913,councilor-of-marcos-ilocos-norte-o1913,"Councilor of Marcos, Ilocos Norte",legislative,city,elected,ILOCOS NORTE,MARCOS,o1916
o1914,councilor-of-bacarra-ilocos-norte-o1914,"Councilor of Bacarra, Ilocos Norte",legislative,city,elected,ILOCOS NORTE,BACARRA,o1916
o1915,councilor-of-pinili-ilocos-norte-o1915,"Councilor of Pinili, Ilocos Norte",legislative,city,elected,ILOCOS NORTE,PINILI,o1916
o1916,governor-of-ilocos-norte-o1916,Governor of Ilocos Norte,executive,provincial,elected,ILOCOS NORTE,,
o1917,mayor-of-sarrat-ilocos-norte-o1917,"Mayor of Sarrat, Ilocos Norte",executive,city,elected,ILOCOS NORTE,SARRAT,o1916
o1918,mayor-of-banna-ilocos-norte-o1918,"Mayor of Banna, Ilocos Norte",executive,city,elected,ILOCOS NORTE,BANNA,o1916
o1919,mayor-of-pasuquin-ilocos-norte-o1919,"Mayor of Pasuquin, Ilocos Norte",executive,city,elected,ILOCOS NORTE,PASUQUIN,o1916
o1920,mayor-of-vintar-ilocos-norte-o1920,"Mayor of Vintar, Ilocos Norte",executive,city,elected,ILOCOS NORTE,VINTAR,o1916
o1921,mayor-of-burgos-ilocos-norte-o1921,"Mayor of Burgos, Ilocos Norte",executive,city,elected,ILOCOS NORTE,BURGOS,o1916
o1922,mayor-of-carasi-ilocos-norte-o1922,"Mayor of Carasi, Ilocos Norte",executive,city,elected,ILOCOS NORTE,CARASI,o1916
o1923,mayor-of-dingras-ilocos-norte-o1923,"Mayor of Dingras, Ilocos Norte",executive,city,elected,ILOCOS NORTE,DINGRAS,o1916
o1924,mayor-of-solsona-ilocos-norte-o1924,"Mayor of Solsona, Ilocos Norte",executive,city,elected,ILOCOS NORTE,SOLSONA,o1916
o1925,mayor-of-adams-ilocos-norte-o1925,"Mayor of Adams, Ilocos Norte",executive,city,elected,ILOCOS NORTE,ADAMS,o1916
o1926,mayor-of-dumalneg-ilocos-norte-o1926,"Mayor of Dumalneg, Ilocos Norte",executive,city,elected,ILOCOS NORTE,DUMALNEG,o1916
o1927,mayor-of-paoay-ilocos-norte-o1927,"Mayor of Paoay, Ilocos Norte",executive,city,elected,ILOCOS NORTE,PAOAY,o1916
o1928,mayor-of-laoag-ilocos-norte-o1928,"Mayor of Laoag, Ilocos Norte",executive,city,elected,ILOCOS NORTE,LAOAG,o1916
o1929,mayor-of-bangui-ilocos-norte-o1929,"Mayor of Bangui, Ilocos Norte",executive,city,elected,ILOCOS NORTE,BANGUI,o1916
o1930,mayor-of-marcos-ilocos-norte-o1930,"Mayor of Marcos, Ilocos Norte",executive,city,elected,ILOCOS NORTE,MARCOS,o1916
o1931,mayor-of-nueva-era-ilocos-norte-o1931,"Mayor of Nueva Era, Ilocos Norte",executive,city,elected,ILOCOS NORTE,NUEVA ERA,o1916
o1932,mayor-of-currimao-ilocos-norte-o1932,"Mayor of Currimao, Ilocos Norte",executive,city,elected,ILOCOS NORTE,CURRIMAO,o1916
o1933,mayor-of-san-nicolas-ilocos-norte-o1933,"Mayor of San Nicolas, Ilocos Norte",executive,city,elected,ILOCOS NORTE,SAN NICOLAS,o1916
o1934,mayor-of-batac-ilocos-norte-o1934,"Mayor of Batac, Ilocos Norte",executive,city,elected,ILOCOS NORTE,BATAC,o1916
o1935,mayor-of-pinili-ilocos-norte-o1935,"Mayor of Pinili, Ilocos Norte",executive,city,elected,ILOCOS NORTE,PINILI,o1916
o1936,mayor-of-piddig-ilocos-norte-o1936,"Mayor of Piddig, Ilocos Norte",executive,city,elected,ILOCOS NORTE,PIDDIG,o1916
o1937,mayor-of-pagudpud-ilocos-norte-o1937,"Mayor of Pagudpud, Ilocos Norte",executive,city,elected,ILOCOS NORTE,PAGUDPUD,o1916
o1938,mayor-of-badoc-ilocos-norte-o1938,"Mayor of Badoc, Ilocos Norte",executive,city,elected,ILOCOS NORTE,BADOC,o1916
o1939,mayor-of-bacarra-ilocos-norte-o1939,"Mayor of Bacarra, Ilocos Norte",executive,city,elected,ILOCOS NORTE,BACARRA,o1916
o1940,representative-ilocos-norte-o1940,"Representative, , Ilocos Norte",legislative,national,elected,ILOCOS NORTE,,
o1941,provincial-board-member-of-ilocos-norte-o1941,Provincial Board Member of Ilocos Norte,legislative,provincial,elected,ILOCOS NORTE,,
o1942,vice-governor-of-ilocos-norte-o1942,Vice Governor of Ilocos Norte,executive,provincial,elected,ILOCOS NORTE,,
o1943,vice-mayor-of-banna-ilocos-norte-o1943,"Vice Mayor of Banna, Ilocos Norte",executive,city,elected,ILOCOS NORTE,BANNA,o1916
o1944,vice-mayor-of-sarrat-ilocos-norte-o1944,"Vice Mayor of Sarrat, Ilocos Norte",executive,city,elected,ILOCOS NORTE,SARRAT,o1916
o1945,vice-mayor-of-nueva-era-ilocos-norte-o1945,"Vice Mayor of Nueva Era, Ilocos Norte",executive,city,elected,ILOCOS NORTE,NUEVA ERA,o1916
o1946,vice-mayor-of-paoay-ilocos-norte-o1946,"Vice Mayor of Paoay, Ilocos Norte",executive,city,elected,ILOCOS NORTE,PAOAY,o1916
o1947,vice-mayor-of-badoc-ilocos-norte-o1947,"Vice Mayor of Badoc, Ilocos Norte",executive,city,elected,ILOCOS NORTE,BADOC,o1916
o1948,vice-mayor-of-adams-ilocos-norte-o1948,"Vice Mayor of Adams, Ilocos Norte",executive,city,elected,ILOCOS NORTE,ADAMS,o1916
o1949,vice-mayor-of-batac-ilocos-norte-o1949,"Vice Mayor of Batac, Ilocos Norte",executive,city,elected,ILOCOS NORTE,BATAC,o1916
o1950,vice-mayor-of-piddig-ilocos-norte-o1950,"Vice Mayor of Piddig, Ilocos Norte",executive,city,elected,ILOCOS NORTE,PIDDIG,o1916
o1951,vice-mayor-of-san-nicolas-ilocos-norte-o1951,"Vice Mayor of San Nicolas, Ilocos Norte",executive,city,elected,ILOCOS NORTE,SAN NICOLAS,o1916
o1952,vice-mayor-of-solsona-ilocos-norte-o1952,"Vice Mayor of Solsona, Ilocos Norte",executive,city,elected,ILOCOS NORTE,SOLSONA,o1916
o1953,vice-mayor-of-bacarra-ilocos-norte-o1953,"Vice Mayor of Bacarra, Ilocos Norte",executive,city,elected,ILOCOS NORTE,BACARRA,o1916
o1954,vice-mayor-of-laoag-ilocos-norte-o1954,"Vice Mayor of Laoag, Ilocos Norte",executive,city,elected,ILOCOS NORTE,LAOAG,o1916
o1955,vice-mayor-of-dingras-ilocos-norte-o1955,"Vice Mayor of Dingras, Ilocos Norte",executive,city,elected,ILOCOS NORTE,DINGRAS,o1916
o1956,vice-mayor-of-pinili-ilocos-norte-o1956,"Vice Mayor of Pinili, Ilocos Norte",executive,city,elected,ILOCOS NORTE,PINILI,o1916
o1957,vice-mayor-of-burgos-ilocos-norte-o1957,"Vice Mayor of Burgos, Ilocos Norte",executive,city,elected,ILOCOS NORTE,BURGOS,o1916
o1958,vice-mayor-of-carasi-ilocos-norte-o1958,"Vice Mayor of Carasi, Ilocos Norte",executive,city,elected,ILOCOS NORTE,CARASI,o1916
o1959,vice-mayor-of-vintar-ilocos-norte-o1959,"Vice Mayor of Vintar, Ilocos Norte",executive,city,elected,ILOCOS NORTE,VINTAR,o1916
o1960,vice-mayor-of-marcos-ilocos-norte-o1960,"Vice Mayor of Marcos, Ilocos Norte",executive,city,elected,ILOCOS NORTE,MARCOS,o1916
o1961,vice-mayor-of-currimao-ilocos-norte-o1961,"Vice Mayor of Currimao, Ilocos Norte",executive,city,elected,ILOCOS NORTE,CURRIMAO,o1916
o1962,vice-mayor-of-pagudpud-ilocos-norte-o1962,"Vice Mayor of Pagudpud, Ilocos Norte",executive,city,elected,ILOCOS NORTE,PAGUDPUD,o1916
o1963,vice-mayor-of-dumalneg-ilocos-norte-o1963,"Vice Mayor of Dumalneg, Ilocos Norte",executive,city,elected,ILOCOS NORTE,DUMALNEG,o1916
o1964,vice-mayor-of-bangui-ilocos-norte-o1964,"Vice Mayor of Bangui, Ilocos Norte",executive,city,elected,ILOCOS NORTE,BANGUI,o1916
o1965,vice-mayor-of-pasuquin-ilocos-norte-o1965,"Vice Mayor of Pasuquin, Ilocos Norte",executive,city,elected,ILOCOS NORTE,PASUQUIN,o1916
o1966,councilor-of-lidlidda-ilocos-sur-o1966,"Councilor of Lidlidda, Ilocos Sur",legislative,city,elected,ILOCOS SUR,LIDLIDDA,o2000
o1967,councilor-of-santa-cruz-ilocos-sur-o1967,"Councilor of Santa Cruz, Ilocos Sur",legislative,city,elected,ILOCOS SUR,SANTA CRUZ,o2000
o1968,councilor-of-candon-ilocos-sur-o1968,"Councilor of Candon, Ilocos Sur",legislative,city,elected,ILOCOS SUR,CANDON,o2000
o1969,councilor-of-vigan-ilocos-sur-o1969,"Councilor of Vigan, Ilocos Sur",legislative,city,elected,ILOCOS SUR,VIGAN,o2000
o1970,councilor-of-sigay-ilocos-sur-o1970,"Councilor of Sigay, Ilocos Sur",legislative,city,elected,ILOCOS SUR,SIGAY,o2000
o1971,councilor-of-quirino-ilocos-sur-o1971,"Councilor of Quirino, Ilocos Sur",legislative,city,elected,ILOCOS SUR,QUIRINO,o2000
o1972,councilor-of-suyo-ilocos-sur-o1972,"Councilor of Suyo, Ilocos Sur",legislative,city,elected,ILOCOS SUR,SUYO,o2000
o1973,councilor-of-galimuyod-ilocos-sur-o1973,"Councilor of Galimuyod, Ilocos Sur",legislative,city,elected,ILOCOS SUR,GALIMUYOD,o2000
o1974,councilor-of-sugpon-ilocos-sur-o1974,"Councilor of Sugpon, Ilocos Sur",legislative,city,elected,ILOCOS SUR,SUGPON,o2000
o1975,councilor-of-tagudin-ilocos-sur-o1975,"Councilor of Tagudin, Ilocos Sur",legislative,city,elected,ILOCOS SUR,TAGUDIN,o2000
o1976,councilor-of-san-emilio-ilocos-sur-o1976,"Councilor of San Emilio, Ilocos Sur",legislative,city,elected,ILOCOS SUR,SAN EMILIO,o2000
o1977,councilor-of-santa-lucia-ilocos-sur-o1977,"Councilor of Santa Lucia, Ilocos Sur",legislative,city,elected,ILOCOS SUR,SANTA LUCIA,o2000
o1978,councilor-of-santo-domingo-ilocos-sur-o1978,"Councilor of Santo Domingo, Ilocos Sur",legislative,city,elected,ILOCOS SUR,SANTO DOMINGO,o2000
o1979,councilor-of-magsingal-ilocos-sur-o1979,"Councilor of Magsingal, Ilocos Sur",legislative,city,elected,ILOCOS SUR,MAGSINGAL,o2000
o1980,councilor-of-sinait-ilocos-sur-o1980,"Councilor of Sinait, Ilocos Sur",legislative,city,elected,ILOCOS SUR,SINAIT,o2000
o1981,councilor-of-santa-catalina-ilocos-sur-o1981,"Councilor of Santa Catalina, Ilocos Sur",legislative,city,elected,ILOCOS SUR,SANTA CATALINA,o2000
o1982,councilor-of-burgos-ilocos-sur-o1982,"Councilor of Burgos, Ilocos Sur",legislative,city,elected,ILOCOS SUR,BURGOS,o2000
o1983,councilor-of-san-ildefonso-ilocos-sur-o1983,"Councilor of San Ildefonso, Ilocos Sur",legislative,city,elected,ILOCOS SUR,SAN ILDEFONSO,o2000
o1984,councilor-of-san-juan-ilocos-sur-o1984,"Councilor of San Juan, Ilocos Sur",legislative,city,elected,ILOCOS SUR,SAN JUAN,o2000
o1985,councilor-of-caoayan-ilocos-sur-o1985,"Councilor of Caoayan, Ilocos Sur",legislative,city,elected,ILOCOS SUR,CAOAYAN,o2000
o1986,councilor-of-gregorio-del-pilar-ilocos-sur-o1986,"Councilor of Gregorio Del Pilar, Ilocos Sur",legislative,city,elected,ILOCOS SUR,GREGORIO DEL PILAR,o2000
o1987,councilor-of-salcedo-ilocos-sur-o1987,"Councilor of Salcedo, Ilocos Sur",legislative,city,elected,ILOCOS SUR,SALCEDO,o2000
o1988,councilor-of-nagbukel-ilocos-sur-o1988,"Councilor of Nagbukel, Ilocos Sur",legislative,city,elected,ILOCOS SUR,NAGBUKEL,o2000
o1989,councilor-of-banayoyo-ilocos-sur-o1989,"Councilor of Banayoyo, Ilocos Sur",legislative,city,elected,ILOCOS SUR,BANAYOYO,o2000
o1990,councilor-of-santa-maria-ilocos-sur-o1990,"Councilor of Santa Maria, Ilocos Sur",legislative,city,elected,ILOCOS SUR,SANTA MARIA,o2000
o1991,councilor-of-bantay-ilocos-sur-o1991,"Councilor of Bantay, Ilocos Sur",legislative,city,elected,ILOCOS SUR,BANTAY,o2000
o1992,councilor-of-santa-ilocos-sur-o1992,"Councilor of Santa, Ilocos Sur",legislative,city,elected,ILOCOS SUR,SANTA,o2000
o1993,councilor-of-san-esteban-ilocos-sur-o1993,"Councilor of San Esteban, Ilocos Sur",legislative,city,elected,ILOCOS SUR,SAN ESTEBAN,o2000
o1994,councilor-of-narvacan-ilocos-sur-o1994,"Councilor of Narvacan, Ilocos Sur",legislative,city,elected,ILOCOS SUR,NARVACAN,o2000
o1995,councilor-of-santiago-ilocos-sur-o1995,"Councilor of Santiago, Ilocos Sur",legislative,city,elected,ILOCOS SUR,SANTIAGO,o2000
o1996,councilor-of-cervantes-ilocos-sur-o1996,"Councilor of Cervantes, Ilocos Sur",legislative,city,elected,ILOCOS SUR,CERVANTES,o2000
o1997,councilor-of-alilem-ilocos-sur-o1997,"Councilor of Alilem, Ilocos Sur",legislative,city,elected,ILOCOS SUR,ALILEM,o2000
o1998,councilor-of-cabugao-ilocos-sur-o1998,"Councilor of Cabugao, Ilocos Sur",legislative,city,elected,ILOCOS SUR,CABUGAO,o2000
o1999,councilor-of-san-vicente-ilocos-sur-o1999,"Councilor of San Vicente, Ilocos Sur",legislative,city,elected,ILOCOS SUR,SAN VICENTE,o2000
o2000,governor-of-ilocos-sur-o2000,Governor of Ilocos Sur,executive,provincial,elected,ILOCOS SUR,,
o2001,mayor-of-san-esteban-ilocos-sur-o2001,"Mayor of San Esteban, Ilocos Sur",executive,city,elected,ILOCOS SUR,SAN ESTEBAN,o2000
o2002,mayor-of-quirino-ilocos-sur-o2002,"Mayor of Quirino, Ilocos Sur",executive,city,elected,ILOCOS SUR,QUIRINO,o2000
o2003,mayor-of-galimuyod-ilocos-sur-o2003,"Mayor of Galimuyod, Ilocos Sur",executive,city,elected,ILOCOS SUR,GALIMUYOD,o2000
o2004,mayor-of-alilem-ilocos-sur-o2004,"Mayor of Alilem, Ilocos Sur",executive,city,elected,ILOCOS SUR,ALILEM,o2000
o2005,mayor-of-suyo-ilocos-sur-o2005,"Mayor of Suyo, Ilocos Sur",executive,city,elected,ILOCOS SUR,SUYO,o2000
o2006,mayor-of-san-emilio-ilocos-sur-o2006,"Mayor of San Emilio, Ilocos Sur",executive,city,elected,ILOCOS SUR,SAN EMILIO,o2000
o2007,mayor-of-santa-ilocos-sur-o2007,"Mayor of Santa, Ilocos Sur",executive,city,elected,ILOCOS SUR,SANTA,o2000
o2008,mayor-of-tagudin-ilocos-sur-o2008,"Mayor of Tagudin, Ilocos Sur",executive,city,elected,ILOCOS SUR,TAGUDIN,o2000
o2009,mayor-of-gregorio-del-pilar-ilocos-sur-o2009,"Mayor of Gregorio Del Pilar, Ilocos Sur",executive,city,elected,ILOCOS SUR,GREGORIO DEL PILAR,o2000
o2010,mayor-of-nagbukel-ilocos-sur-o2010,"Mayor of Nagbukel, Ilocos Sur",executive,city,elected,ILOCOS SUR,NAGBUKEL,o2000
o2011,mayor-of-burgos-ilocos-sur-o2011,"Mayor of Burgos, Ilocos Sur",executive,city,elected,ILOCOS SUR,BURGOS,o2000
o2012,mayor-of-magsingal-ilocos-sur-o2012,"Mayor of Magsingal, Ilocos Sur",executive,city,elected,ILOCOS SUR,MAGSINGAL,o2000
o2013,mayor-of-santa-maria-ilocos-sur-o2013,"Mayor of Santa Maria, Ilocos Sur",executive,city,elected,ILOCOS SUR,SANTA MARIA,o2000
o2014,mayor-of-sigay-ilocos-sur-o2014,"Mayor of Sigay, Ilocos Sur",executive,city,elected,ILOCOS SUR,SIGAY,o2000
o2015,mayor-of-lidlidda-ilocos-sur-o2015,"Mayor of Lidlidda, Ilocos Sur",executive,city,elected,ILOCOS SUR,LIDLIDDA,o2000
o2016,mayor-of-salcedo-ilocos-sur-o2016,"Mayor of Salcedo, Ilocos Sur",executive,city,elected,ILOCOS SUR,SALCEDO,o2000
o2017,mayor-of-santa-lucia-ilocos-sur-o2017,"Mayor of Santa Lucia, Ilocos Sur",executive,city,elected,ILOCOS SUR,SANTA LUCIA,o2000
o2018,mayor-of-cervantes-ilocos-sur-o2018,"Mayor of Cervantes, Ilocos Sur",executive,city,elected,ILOCOS SUR,CERVANTES,o2000
o2019,mayor-of-vigan-ilocos-sur-o2019,"Mayor of Vigan, Ilocos Sur",executive,city,elected,ILOCOS SUR,VIGAN,o2000
o2020,mayor-of-santiago-ilocos-sur-o2020,"Mayor of Santiago, Ilocos Sur",executive,city,elected,ILOCOS SUR,SANTIAGO,o2000
o2021,mayor-of-bantay-ilocos-sur-o2021,"Mayor of Bantay, Ilocos Sur",executive,city,elected,ILOCOS SUR,BANTAY,o2000
o2022,mayor-of-san-ildefonso-ilocos-sur-o2022,"Mayor of San Ildefonso, Ilocos Sur",executive,city,elected,ILOCOS SUR,SAN ILDEFONSO,o2000
o2023,mayor-of-sugpon-ilocos-sur-o2023,"Mayor of Sugpon, Ilocos Sur",executive,city,elected,ILOCOS SUR,SUGPON,o2000
o2024,mayor-of-santa-catalina-ilocos-sur-o2024,"Mayor of Santa Catalina, Ilocos Sur",executive,city,elected,ILOCOS SUR,SANTA CATALINA,o2000
o2025,mayor-of-san-juan-ilocos-sur-o2025,"Mayor of San Juan, Ilocos Sur",executive,city,elected,ILOCOS SUR,SAN JUAN,o2000
o2026,mayor-of-candon-ilocos-sur-o2026,"Mayor of Candon, Ilocos Sur",executive,city,elected,ILOCOS SUR,CANDON,o2000
o2027,mayor-of-banayoyo-ilocos-sur-o2027,"Mayor of Banayoyo, Ilocos Sur",executive,city,elected,ILOCOS SUR,BANAYOYO,o2000
o2028,mayor-of-cabugao-ilocos-sur-o2028,"Mayor of Cabugao, Ilocos Sur",executive,city,elected,ILOCOS SUR,CABUGAO,o2000
o2029,mayor-of-san-vicente-ilocos-sur-o2029,"Mayor of San Vicente, Ilocos Sur",executive,city,elected,ILOCOS SUR,SAN VICENTE,o2000
o2030,mayor-of-santo-domingo-ilocos-sur-o2030,"Mayor of Santo Domingo, Ilocos Sur",executive,city,elected,ILOCOS SUR,SANTO DOMINGO,o2000
o2031,mayor-of-caoayan-ilocos-sur-o2031,"Mayor of Caoayan, Ilocos Sur",executive,city,elected,ILOCOS SUR,CAOAYAN,o2000
o2032,mayor-of-santa-cruz-ilocos-sur-o2032,"Mayor of Santa Cruz, Ilocos Sur",executive,city,elected,ILOCOS SUR,SANTA CRUZ,o2000
o2033,mayor-of-sinait-ilocos-sur-o2033,"Mayor of Sinait, Ilocos Sur",executive,city,elected,ILOCOS SUR,SINAIT,o2000
o2034,mayor-of-narvacan-ilocos-sur-o2034,"Mayor of Narvacan, Ilocos Sur",executive,city,elected,ILOCOS SUR,NARVACAN,o2000
o2035,representative-ilocos-sur-o2035,"Representative, , Ilocos Sur",legislative,national,elected,ILOCOS SUR,,
o2036,provincial-board-member-of-ilocos-sur-o2036,Provincial Board Member of Ilocos Sur,legislative,provincial,elected,ILOCOS SUR,,
o2037,vice-governor-of-ilocos-sur-o2037,Vice Governor of Ilocos Sur,executive,provincial,elected,ILOCOS SUR,,
o2038,vice-mayor-of-cervantes-ilocos-sur-o2038,"Vice Mayor of Cervantes, Ilocos Sur",executive,city,elected,ILOCOS SUR,CERVANTES,o2000
o2039,vice-mayor-of-san-ildefonso-ilocos-sur-o2039,"Vice Mayor of San Ildefonso, Ilocos Sur",executive,city,elected,ILOCOS SUR,SAN ILDEFONSO,o2000
o2040,vice-mayor-of-alilem-ilocos-sur-o2040,"Vice Mayor of Alilem, Ilocos Sur",executive,city,elected,ILOCOS SUR,ALILEM,o2000
o2041,vice-mayor-of-san-emilio-ilocos-sur-o2041,"Vice Mayor of San Emilio, Ilocos Sur",executive,city,elected,ILOCOS SUR,SAN EMILIO,o2000
o2042,vice-mayor-of-burgos-ilocos-sur-o2042,"Vice Mayor of Burgos, Ilocos Sur",executive,city,elected,ILOCOS SUR,BURGOS,o2000
o2043,vice-mayor-of-nagbukel-ilocos-sur-o2043,"Vice Mayor of Nagbukel, Ilocos Sur",executive,city,elected,ILOCOS SUR,NAGBUKEL,o2000
o2044,vice-mayor-of-narvacan-ilocos-sur-o2044,"Vice Mayor of Narvacan, Ilocos Sur",executive,city,elected,ILOCOS SUR,NARVACAN,o2000
o2045,vice-mayor-of-galimuyod-ilocos-sur-o2045,"Vice Mayor of Galimuyod, Ilocos Sur",executive,city,elected,ILOCOS SUR,GALIMUYOD,o2000
o2046,vice-mayor-of-sugpon-ilocos-sur-o2046,"Vice Mayor of Sugpon, Ilocos Sur",executive,city,elected,ILOCOS SUR,SUGPON,o2000
o2047,vice-mayor-of-santiago-ilocos-sur-o2047,"Vice Mayor of Santiago, Ilocos Sur",executive,city,elected,ILOCOS SUR,SANTIAGO,o2000
o2048,vice-mayor-of-banayoyo-ilocos-sur-o2048,"Vice Mayor of Banayoyo, Ilocos Sur",executive,city,elected,ILOCOS SUR,BANAYOYO,o2000
o2049,vice-mayor-of-gregorio-del-pilar-ilocos-sur-o2049,"Vice Mayor of Gregorio Del Pilar, Ilocos Sur",executive,city,elected,ILOCOS SUR,GREGORIO DEL PILAR,o2000
o2050,vice-mayor-of-santa-lucia-ilocos-sur-o2050,"Vice Mayor of Santa Lucia, Ilocos Sur",executive,city,elected,ILOCOS SUR,SANTA LUCIA,o2000
o2051,vice-mayor-of-sinait-ilocos-sur-o2051,"Vice Mayor of Sinait, Ilocos Sur",executive,city,elected,ILOCOS SUR,SINAIT,o2000
o2052,vice-mayor-of-candon-ilocos-sur-o2052,"Vice Mayor of Candon, Ilocos Sur",executive,city,elected,ILOCOS SUR,CANDON,o2000
o2053,vice-mayor-of-magsingal-ilocos-sur-o2053,"Vice Mayor of Magsingal, Ilocos Sur",executive,city,elected,ILOCOS SUR,MAGSINGAL,o2000
o2054,vice-mayor-of-tagudin-ilocos-sur-o2054,"Vice Mayor of Tagudin, Ilocos Sur",executive,city,elected,ILOCOS SUR,TAGUDIN,o2000
o2055,vice-mayor-of-san-esteban-ilocos-sur-o2055,"Vice Mayor of San Esteban, Ilocos Sur",executive,city,elected,ILOCOS SUR,SAN ESTEBAN,o2000
o2056,vice-mayor-of-cabugao-ilocos-sur-o2056,"Vice Mayor of Cabugao, Ilocos Sur",executive,city,elected,ILOCOS SUR,CABUGAO,o2000
o2057,vice-mayor-of-quirino-ilocos-sur-o2057,"Vice Mayor of Quirino, Ilocos Sur",executive,city,elected,ILOCOS SUR,QUIRINO,o2000
o2058,vice-mayor-of-salcedo-ilocos-sur-o2058,"Vice Mayor of Salcedo, Ilocos Sur",executive,city,elected,ILOCOS SUR,SALCEDO,o2000
o2059,vice-mayor-of-sigay-ilocos-sur-o2059,"Vice Mayor of Sigay, Ilocos Sur",executive,city,elected,ILOCOS SUR,SIGAY,o2000
o2060,vice-mayor-of-santa-cruz-ilocos-sur-o2060,"Vice Mayor of Santa Cruz, Ilocos Sur",executive,city,elected,ILOCOS SUR,SANTA CRUZ,o2000
o2061,vice-mayor-of-bantay-ilocos-sur-o2061,"Vice Mayor of Bantay, Ilocos Sur",executive,city,elected,ILOCOS SUR,BANTAY,o2000
o2062,vice-mayor-of-santo-domingo-ilocos-sur-o2062,"Vice Mayor of Santo Domingo, Ilocos Sur",executive,city,elected,ILOCOS SUR,SANTO DOMINGO,o2000
o2063,vice-mayor-of-caoayan-ilocos-sur-o2063,"Vice Mayor of Caoayan, Ilocos Sur",executive,city,elected,ILOCOS SUR,CAOAYAN,o2000
o2064,vice-mayor-of-santa-catalina-ilocos-sur-o2064,"Vice Mayor of Santa Catalina, Ilocos Sur",executive,city,elected,ILOCOS SUR,SANTA CATALINA,o2000
o2065,vice-mayor-of-vigan-ilocos-sur-o2065,"Vice Mayor of Vigan, Ilocos Sur",executive,city,elected,ILOCOS SUR,VIGAN,o2000
o2066,vice-mayor-of-lidlidda-ilocos-sur-o2066,"Vice Mayor of Lidlidda, Ilocos Sur",executive,city,elected,ILOCOS SUR,LIDLIDDA,o2000
o2067,vice-mayor-of-suyo-ilocos-sur-o2067,"Vice Mayor of Suyo, Ilocos Sur",executive,city,elected,ILOCOS SUR,SUYO,o2000
o2068,vice-mayor-of-san-vicente-ilocos-sur-o2068,"Vice Mayor of San Vicente, Ilocos Sur",executive,city,elected,ILOCOS SUR,SAN VICENTE,o2000
o2069,vice-mayor-of-santa-maria-ilocos-sur-o2069,"Vice Mayor of Santa Maria, Ilocos Sur",executive,city,elected,ILOCOS SUR,SANTA MARIA,o2000
o2070,vice-mayor-of-santa-ilocos-sur-o2070,"Vice Mayor of Santa, Ilocos Sur",executive,city,elected,ILOCOS SUR,SANTA,o2000
o2071,vice-mayor-of-san-juan-ilocos-sur-o2071,"Vice Mayor of San Juan, Ilocos Sur",executive,city,elected,ILOCOS SUR,SAN JUAN,o2000
o2072,councilor-of-san-joaquin-iloilo-o2072,"Councilor of San Joaquin, Iloilo",legislative,city,elected,ILOILO,SAN JOAQUIN,o2116
o2073,councilor-of-batad-iloilo-o2073,"Councilor of Batad, Iloilo",legislative,city,elected,ILOILO,BATAD,o2116
o2074,councilor-of-estancia-iloilo-o2074,"Councilor of Estancia, Iloilo",legislative,city,elected,ILOILO,ESTANCIA,o2116
o2075,councilor-of-new-lucena-iloilo-o2075,"Councilor of New Lucena, Iloilo",legislative,city,elected,ILOILO,NEW LUCENA,o2116
o2076,councilor-of-alimodian-iloilo-o2076,"Councilor of Alimodian, Iloilo",legislative,city,elected,ILOILO,ALIMODIAN,o2116
o2077,councilor-of-san-dionisio-iloilo-o2077,"Councilor of San Dionisio, Iloilo",legislative,city,elected,ILOILO,SAN DIONISIO,o2116
o2078,councilor-of-cabatuan-iloilo-o2078,"Councilor of Cabatuan, Iloilo",legislative,city,elected,ILOILO,CABATUAN,o2116
o2079,councilor-of-calinog-iloilo-o2079,"Councilor of Calinog, Iloilo",legislative,city,elected,ILOILO,CALINOG,o2116
o2080,councilor-of-sara-iloilo-o2080,"Councilor of Sara, Iloilo",legislative,city,elected,ILOILO,SARA,o2116
o2081,councilor-of-dingle-iloilo-o2081,"Councilor of Dingle, Iloilo",legislative,city,elected,ILOILO,DINGLE,o2116
o2082,councilor-of-iloilo-iloilo-o2082,"Councilor of Iloilo, Iloilo",legislative,city,elected,ILOILO,ILOILO,o2116
o2083,councilor-of-san-enrique-iloilo-o2083,"Councilor of San Enrique, Iloilo",legislative,city,elected,ILOILO,SAN ENRIQUE,o2116
o2084,councilor-of-lemery-iloilo-o2084,"Councilor of Lemery, Iloilo",legislative,city,elected,ILOILO,LEMERY,o2116
o2085,councilor-of-anilao-iloilo-o2085,"Councilor of Anilao, Iloilo",legislative,city,elected,ILOILO,ANILAO,o2116
o2086,councilor-of-janiuay-iloilo-o2086,"Councilor of Janiuay, Iloilo",legislative,city,elected,ILOILO,JANIUAY,o2116
o2087,councilor-of-pavia-iloilo-o2087,"Councilor of Pavia, Iloilo",legislative,city,elected,ILOILO,PAVIA,o2116
o2088,councilor-of-barotac-viejo-iloilo-o2088,"Councilor of Barotac Viejo, Iloilo",legislative,city,elected,ILOILO,BAROTAC VIEJO,o2116
o2089,councilor-of-leganes-iloilo-o2089,"Councilor of Leganes, Iloilo",legislative,city,elected,ILOILO,LEGANES,o2116
o2090,councilor-of-ajuy-iloilo-o2090,"Councilor of Ajuy, Iloilo",legislative,city,elected,ILOILO,AJUY,o2116
o2091,councilor-of-san-rafael-iloilo-o2091,"Councilor of San Rafael, Iloilo",legislative,city,elected,ILOILO,SAN RAFAEL,o2116
o2092,councilor-of-san-miguel-iloilo-o2092,"Councilor of San Miguel, Iloilo",legislative,city,elected,ILOILO,SAN MIGUEL,o2116
o2093,councilor-of-banate-iloilo-o2093,"Councilor of Banate, Iloilo",legislative,city,elected,ILOILO,BANATE,o2116
o2094,councilor-of-carles-iloilo-o2094,"Councilor of Carles, Iloilo",legislative,city,elected,ILOILO,CARLES,o2116
o2095,councilor-of-barotac-nuevo-iloilo-o2095,"Councilor of Barotac Nuevo, Iloilo",legislative,city,elected,ILOILO,BAROTAC NUEVO,o2116
o2096,councilor-of-bingawan-iloilo-o2096,"Councilor of Bingawan, Iloilo",legislative,city,elected,ILOILO,BINGAWAN,o2116
o2097,councilor-of-dumangas-iloilo-o2097,"Councilor of Dumangas, Iloilo",legislative,city,elected,ILOILO,DUMANGAS,o2116
o2098,councilor-of-balasan-iloilo-o2098,"Councilor of Balasan, Iloilo",legislative,city,elected,ILOILO,BALASAN,o2116
o2099,councilor-of-maasin-iloilo-o2099,"Councilor of Maasin, Iloilo",legislative,city,elected,ILOILO,MAASIN,o2116
o2100,councilor-of-concepcion-iloilo-o2100,"Councilor of Concepcion, Iloilo",legislative,city,elected,ILOILO,CONCEPCION,o2116
o2101,councilor-of-oton-iloilo-o2101,"Councilor of Oton, Iloilo",legislative,city,elected,ILOILO,OTON,o2116
o2102,councilor-of-leon-iloilo-o2102,"Councilor of Leon, Iloilo",legislative,city,elected,ILOILO,LEON,o2116
o2103,councilor-of-zarraga-iloilo-o2103,"Councilor of Zarraga, Iloilo",legislative,city,elected,ILOILO,ZARRAGA,o2116
o2104,councilor-of-passi-iloilo-o2104,"Councilor of Passi, Iloilo",legislative,city,elected,ILOILO,PASSI,o2116
o2105,councilor-of-mina-iloilo-o2105,"Councilor of Mina, Iloilo",legislative,city,elected,ILOILO,MINA,o2116
o2106,councilor-of-pototan-iloilo-o2106,"Councilor of Pototan, Iloilo",legislative,city,elected,ILOILO,POTOTAN,o2116
o2107,councilor-of-igbaras-iloilo-o2107,"Councilor of Igbaras, Iloilo",legislative,city,elected,ILOILO,IGBARAS,o2116
o2108,councilor-of-santa-barbara-iloilo-o2108,"Councilor of Santa Barbara, Iloilo",legislative,city,elected,ILOILO,SANTA BARBARA,o2116
o2109,councilor-of-badiangan-iloilo-o2109,"Councilor of Badiangan, Iloilo",legislative,city,elected,ILOILO,BADIANGAN,o2116
o2110,councilor-of-tigbauan-iloilo-o2110,"Councilor of Tigbauan, Iloilo",legislative,city,elected,ILOILO,TIGBAUAN,o2116
o2111,councilor-of-duenas-iloilo-o2111,"Councilor of Duenas, Iloilo",legislative,city,elected,ILOILO,DUENAS,o2116
o2112,councilor-of-guimbal-iloilo-o2112,"Councilor of Guimbal, Iloilo",legislative,city,elected,ILOILO,GUIMBAL,o2116
o2113,councilor-of-lambunao-iloilo-o2113,"Councilor of Lambunao, Iloilo",legislative,city,elected,ILOILO,LAMBUNAO,o2116
o2114,councilor-of-tubungan-iloilo-o2114,"Councilor of Tubungan, Iloilo",legislative,city,elected,ILOILO,TUBUNGAN,o2116
o2115,councilor-of-miagao-iloilo-o2115,"Councilor of Miagao, Iloilo",legislative,city,elected,ILOILO,MIAGAO,o2116
o2116,governor-of-iloilo-o2116,Governor of Iloilo,executive,provincial,elected,ILOILO,,
o2117,mayor-of-batad-iloilo-o2117,"Mayor of Batad, Iloilo",executive,city,elected,ILOILO,BATAD,o2116
o2118,mayor-of-alimodian-iloilo-o2118,"Mayor of Alimodian, Iloilo",executive,city,elected,ILOILO,ALIMODIAN,o2116
o2119,mayor-of-lemery-iloilo-o2119,"Mayor of Lemery, Iloilo",executive,city,elected,ILOILO,LEMERY,o2116
o2120,mayor-of-san-rafael-iloilo-o2120,"Mayor of San Rafael, Iloilo",executive,city,elected,ILOILO,SAN RAFAEL,o2116
o2121,mayor-of-concepcion-iloilo-o2121,"Mayor of Concepcion, Iloilo",executive,city,elected,ILOILO,CONCEPCION,o2116
o2122,mayor-of-carles-iloilo-o2122,"Mayor of Carles, Iloilo",executive,city,elected,ILOILO,CARLES,o2116
o2123,mayor-of-banate-iloilo-o2123,"Mayor of Banate, Iloilo",executive,city,elected,ILOILO,BANATE,o2116
o2124,mayor-of-leon-iloilo-o2124,"Mayor of Leon, Iloilo",executive,city,elected,ILOILO,LEON,o2116
o2125,mayor-of-calinog-iloilo-o2125,"Mayor of Calinog, Iloilo",executive,city,elected,ILOILO,CALINOG,o2116
o2126,mayor-of-estancia-iloilo-o2126,"Mayor of Estancia, Iloilo",executive,city,elected,ILOILO,ESTANCIA,o2116
o2127,mayor-of-anilao-iloilo-o2127,"Mayor of Anilao, Iloilo",executive,city,elected,ILOILO,ANILAO,o2116
o2128,mayor-of-dumangas-iloilo-o2128,"Mayor of Dumangas, Iloilo",executive,city,elected,ILOILO,DUMANGAS,o2116
o2129,mayor-of-igbaras-iloilo-o2129,"Mayor of Igbaras, Iloilo",executive,city,elected,ILOILO,IGBARAS,o2116
o2130,mayor-of-miagao-iloilo-o2130,"Mayor of Miagao, Iloilo",executive,city,elected,ILOILO,MIAGAO,o2116
o2131,mayor-of-oton-iloilo-o2131,"Mayor of Oton, Iloilo",executive,city,elected,ILOILO,OTON,o2116
o2132,mayor-of-badiangan-iloilo-o2132,"Mayor of Badiangan, Iloilo",executive,city,elected,ILOILO,BADIANGAN,o2116
o2133,mayor-of-balasan-iloilo-o2133,"Mayor of Balasan, Iloilo",executive,city,elected,ILOILO,BALASAN,o2116
o2134,mayor-of-guimbal-iloilo-o2134,"Mayor of Guimbal, Iloilo",executive,city,elected,ILOILO,GUIMBAL,o2116
o2135,mayor-of-pavia-iloilo-o2135,"Mayor of Pavia, Iloilo",executive,city,elected,ILOILO,PAVIA,o2116
o2136,mayor-of-mina-iloilo-o2136,"Mayor of Mina, Iloilo",executive,city,elected,ILOILO,MINA,o2116
o2137,mayor-of-barotac-nuevo-iloilo-o2137,"Mayor of Barotac Nuevo, Iloilo",executive,city,elected,ILOILO,BAROTAC NUEVO,o2116
o2138,mayor-of-janiuay-iloilo-o2138,"Mayor of Janiuay, Iloilo",executive,city,elected,ILOILO,JANIUAY,o2116
o2139,mayor-of-maasin-iloilo-o2139,"Mayor of Maasin, Iloilo",executive,city,elected,ILOILO,MAASIN,o2116
o2140,mayor-of-santa-barbara-iloilo-o2140,"Mayor of Santa Barbara, Iloilo",executive,city,elected,ILOILO,SANTA BARBARA,o2116
o2141,mayor-of-new-lucena-iloilo-o2141,"Mayor of New Lucena, Iloilo",executive,city,elected,ILOILO,NEW LUCENA,o2116
o2142,mayor-of-san-enrique-iloilo-o2142,"Mayor of San Enrique, Iloilo",executive,city,elected,ILOILO,SAN ENRIQUE,o2116
o2143,mayor-of-passi-iloilo-o2143,"Mayor of Passi, Iloilo",executive,city,elected,ILOILO,PASSI,o2116
o2144,mayor-of-duenas-iloilo-o2144,"Mayor of Duenas, Iloilo",executive,city,elected,ILOILO,DUENAS,o2116
o2145,mayor-of-pototan-iloilo-o2145,"Mayor of Pototan, Iloilo",executive,city,elected,ILOILO,POTOTAN,o2116
o2146,mayor-of-bingawan-iloilo-o2146,"Mayor of Bingawan, Iloilo",executive,city,elected,ILOILO,BINGAWAN,o2116
o2147,mayor-of-lambunao-iloilo-o2147,"Mayor of Lambunao, Iloilo",executive,city,elected,ILOILO,LAMBUNAO,o2116
o2148,mayor-of-ajuy-iloilo-o2148,"Mayor of Ajuy, Iloilo",executive,city,elected,ILOILO,AJUY,o2116
o2149,mayor-of-leganes-iloilo-o2149,"Mayor of Leganes, Iloilo",executive,city,elected,ILOILO,LEGANES,o2116
o2150,mayor-of-sara-iloilo-o2150,"Mayor of Sara, Iloilo",executive,city,elected,ILOILO,SARA,o2116
o2151,mayor-of-san-joaquin-iloilo-o2151,"Mayor of San Joaquin, Iloilo",executive,city,elected,ILOILO,SAN JOAQUIN,o2116
o2152,mayor-of-zarraga-iloilo-o2152,"Mayor of Zarraga, Iloilo",executive,city,elected,ILOILO,ZARRAGA,o2116
o2153,mayor-of-dingle-iloilo-o2153,"Mayor of Dingle, Iloilo",executive,city,elected,ILOILO,DINGLE,o2116
o2154,mayor-of-tubungan-iloilo-o2154,"Mayor of Tubungan, Iloilo",executive,city,elected,ILOILO,TUBUNGAN,o2116
o2155,mayor-of-tigbauan-iloilo-o2155,"Mayor of Tigbauan, Iloilo",executive,city,elected,ILOILO,TIGBAUAN,o2116
o2156,mayor-of-iloilo-iloilo-o2156,"Mayor of Iloilo, Iloilo",executive,city,elected,ILOILO,ILOILO,o2116
o2157,mayor-of-barotac-viejo-iloilo-o2157,"Mayor of Barotac Viejo, Iloilo",executive,city,elected,ILOILO,BAROTAC VIEJO,o2116
o2158,mayor-of-san-dionisio-iloilo-o2158,"Mayor of San Dionisio, Iloilo",executive,city,elected,ILOILO,SAN DIONISIO,o2116
o2159,mayor-of-san-miguel-iloilo-o2159,"Mayor of San Miguel, Iloilo",executive,city,elected,ILOILO,SAN MIGUEL,o2116
o2160,mayor-of-cabatuan-iloilo-o2160,"Mayor of Cabatuan, Iloilo",executive,city,elected,ILOILO,CABATUAN,o2116
o2161,representative-iloilo-o2161,"Representative, , Iloilo",legislative,national,elected,ILOILO,,
o2162,provincial-board-member-of-iloilo-o2162,Provincial Board Member of Iloilo,legislative,provincial,elected,ILOILO,,
o2163,vice-governor-of-iloilo-o2163,Vice Governor of Iloilo,executive,provincial,elected,ILOILO,,
o2164,vice-mayor-of-mina-iloilo-o2164,"Vice Mayor of Mina, Iloilo",executive,city,elected,ILOILO,MINA,o2116
o2165,vice-mayor-of-maasin-iloilo-o2165,"Vice Mayor of Maasin, Iloilo",executive,city,elected,ILOILO,MAASIN,o2116
o2166,vice-mayor-of-alimodian-iloilo-o2166,"Vice Mayor of Alimodian, Iloilo",executive,city,elected,ILOILO,ALIMODIAN,o2116
o2167,vice-mayor-of-balasan-iloilo-o2167,"Vice Mayor of Balasan, Iloilo",executive,city,elected,ILOILO,BALASAN,o2116
o2168,vice-mayor-of-san-rafael-iloilo-o2168,"Vice Mayor of San Rafael, Iloilo",executive,city,elected,ILOILO,SAN RAFAEL,o2116
o2169,vice-mayor-of-barotac-nuevo-iloilo-o2169,"Vice Mayor of Barotac Nuevo, Iloilo",executive,city,elected,ILOILO,BAROTAC NUEVO,o2116
o2170,vice-mayor-of-carles-iloilo-o2170,"Vice Mayor of Carles, Iloilo",executive,city,elected,ILOILO,CARLES,o2116
o2171,vice-mayor-of-zarraga-iloilo-o2171,"Vice Mayor of Zarraga, Iloilo",executive,city,elected,ILOILO,ZARRAGA,o2116
o2172,vice-mayor-of-leon-iloilo-o2172,"Vice Mayor of Leon, Iloilo",executive,city,elected,ILOILO,LEON,o2116
o2173,vice-mayor-of-san-dionisio-iloilo-o2173,"Vice Mayor of San Dionisio, Iloilo",executive,city,elected,ILOILO,SAN DIONISIO,o2116
o2174,vice-mayor-of-anilao-iloilo-o2174,"Vice Mayor of Anilao, Iloilo",executive,city,elected,ILOILO,ANILAO,o2116
o2175,vice-mayor-of-pavia-iloilo-o2175,"Vice Mayor of Pavia, Iloilo",executive,city,elected,ILOILO,PAVIA,o2116
o2176,vice-mayor-of-cabatuan-iloilo-o2176,"Vice Mayor of Cabatuan, Iloilo",executive,city,elected,ILOILO,CABATUAN,o2116
o2177,vice-mayor-of-new-lucena-iloilo-o2177,"Vice Mayor of New Lucena, Iloilo",executive,city,elected,ILOILO,NEW LUCENA,o2116
o2178,vice-mayor-of-santa-barbara-iloilo-o2178,"Vice Mayor of Santa Barbara, Iloilo",executive,city,elected,ILOILO,SANTA BARBARA,o2116
o2179,vice-mayor-of-dumangas-iloilo-o2179,"Vice Mayor of Dumangas, Iloilo",executive,city,elected,ILOILO,DUMANGAS,o2116
o2180,vice-mayor-of-lemery-iloilo-o2180,"Vice Mayor of Lemery, Iloilo",executive,city,elected,ILOILO,LEMERY,o2116
o2181,vice-mayor-of-tubungan-iloilo-o2181,"Vice Mayor of Tubungan, Iloilo",executive,city,elected,ILOILO,TUBUNGAN,o2116
o2182,vice-mayor-of-ajuy-iloilo-o2182,"Vice Mayor of Ajuy, Iloilo",executive,city,elected,ILOILO,AJUY,o2116
o2183,vice-mayor-of-igbaras-iloilo-o2183,"Vice Mayor of Igbaras, Iloilo",executive,city,elected,ILOILO,IGBARAS,o2116
o2184,vice-mayor-of-miagao-iloilo-o2184,"Vice Mayor of Miagao, Iloilo",executive,city,elected,ILOILO,MIAGAO,o2116
o2185,vice-mayor-of-iloilo-iloilo-o2185,"Vice Mayor of Iloilo, Iloilo",executive,city,elected,ILOILO,ILOILO,o2116
o2186,vice-mayor-of-guimbal-iloilo-o2186,"Vice Mayor of Guimbal, Iloilo",executive,city,elected,ILOILO,GUIMBAL,o2116
o2187,vice-mayor-of-calinog-iloilo-o2187,"Vice Mayor of Calinog, Iloilo",executive,city,elected,ILOILO,CALINOG,o2116
o2188,vice-mayor-of-estancia-iloilo-o2188,"Vice Mayor of Estancia, Iloilo",executive,city,elected,ILOILO,ESTANCIA,o2116
o2189,vice-mayor-of-bingawan-iloilo-o2189,"Vice Mayor of Bingawan, Iloilo",executive,city,elected,ILOILO,BINGAWAN,o2116
o2190,vice-mayor-of-duenas-iloilo-o2190,"Vice Mayor of Duenas, Iloilo",executive,city,elected,ILOILO,DUENAS,o2116
o2191,vice-mayor-of-leganes-iloilo-o2191,"Vice Mayor of Leganes, Iloilo",executive,city,elected,ILOILO,LEGANES,o2116
o2192,vice-mayor-of-passi-iloilo-o2192,"Vice Mayor of Passi, Iloilo",executive,city,elected,ILOILO,PASSI,o2116
o2193,vice-mayor-of-janiuay-iloilo-o2193,"Vice Mayor of Janiuay, Iloilo",executive,city,elected,ILOILO,JANIUAY,o2116
o2194,vice-mayor-of-oton-iloilo-o2194,"Vice Mayor of Oton, Iloilo",executive,city,elected,ILOILO,OTON,o2116
o2195,vice-mayor-of-san-enrique-iloilo-o2195,"Vice Mayor of San Enrique, Iloilo",executive,city,elected,ILOILO,SAN ENRIQUE,o2116
o2196,vice-mayor-of-banate-iloilo-o2196,"Vice Mayor of Banate, Iloilo",executive,city,elected,ILOILO,BANATE,o2116
o2197,vice-mayor-of-lambunao-iloilo-o2197,"Vice Mayor of Lambunao, Iloilo",executive,city,elected,ILOILO,LAMBUNAO,o2116
o2198,vice-mayor-of-pototan-iloilo-o2198,"Vice Mayor of Pototan, Iloilo",executive,city,elected,ILOILO,POTOTAN,o2116
o2199,vice-mayor-of-dingle-iloilo-o2199,"Vice Mayor of Dingle, Iloilo",executive,city,elected,ILOILO,DINGLE,o2116
o2200,vice-mayor-of-badiangan-iloilo-o2200,"Vice Mayor of Badiangan, Iloilo",executive,city,elected,ILOILO,BADIANGAN,o2116
o2201,vice-mayor-of-batad-iloilo-o2201,"Vice Mayor of Batad, Iloilo",executive,city,elected,ILOILO,BATAD,o2116
o2202,vice-mayor-of-concepcion-iloilo-o2202,"Vice Mayor of Concepcion, Iloilo",executive,city,elected,ILOILO,CONCEPCION,o2116
o2203,vice-mayor-of-sara-iloilo-o2203,"Vice Mayor of Sara, Iloilo",executive,city,elected,ILOILO,SARA,o2116
o2204,vice-mayor-of-san-miguel-iloilo-o2204,"Vice Mayor of San Miguel, Iloilo",executive,city,elected,ILOILO,SAN MIGUEL,o2116
o2205,vice-mayor-of-san-joaquin-iloilo-o2205,"Vice Mayor of San Joaquin, Iloilo",executive,city,elected,ILOILO,SAN JOAQUIN,o2116
o2206,vice-mayor-of-tigbauan-iloilo-o2206,"Vice Mayor of Tigbauan, Iloilo",executive,city,elected,ILOILO,TIGBAUAN,o2116
o2207,vice-mayor-of-barotac-viejo-iloilo-o2207,"Vice Mayor of Barotac Viejo, Iloilo",executive,city,elected,ILOILO,BAROTAC VIEJO,o2116
o2208,councilor-of-san-agustin-isabela-o2208,"Councilor of San Agustin, Isabela",legislative,city,elected,ISABELA,SAN AGUSTIN,o2245
o2209,councilor-of-san-manuel-isabela-o2209,"Councilor of San Manuel, Isabela",legislative,city,elected,ISABELA,SAN MANUEL,o2245
o2210,councilor-of-cordon-isabela-o2210,"Councilor of Cordon, Isabela",legislative,city,elected,ISABELA,CORDON,o2245
o2211,councilor-of-cabatuan-isabela-o2211,"Councilor of Cabatuan, Isabela",legislative,city,elected,ISABELA,CABATUAN,o2245
o2212,councilor-of-santo-tomas-isabela-o2212,"Councilor of Santo Tomas, Isabela",legislative,city,elected,ISABELA,SANTO TOMAS,o2245
o2213,councilor-of-alicia-isabela-o2213,"Councilor of Alicia, Isabela",legislative,city,elected,ISABELA,ALICIA,o2245
o2214,councilor-of-burgos-isabela-o2214,"Councilor of Burgos, Isabela",legislative,city,elected,ISABELA,BURGOS,o2245
o2215,councilor-of-luna-isabela-o2215,"Councilor of Luna, Isabela",legislative,city,elected,ISABELA,LUNA,o2245
o2216,councilor-of-cabagan-isabela-o2216,"Councilor of Cabagan, Isabela",legislative,city,elected,ISABELA,CABAGAN,o2245
o2217,councilor-of-maconacon-isabela-o2217,"Councilor of Maconacon, Isabela",legislative,city,elected,ISABELA,MACONACON,o2245
o2218,councilor-of-san-isidro-isabela-o2218,"Councilor of San Isidro, Isabela",legislative,city,elected,ISABELA,SAN ISIDRO,o2245
o2219,councilor-of-angadanan-isabela-o2219,"Councilor of Angadanan, Isabela",legislative,city,elected,ISABELA,ANGADANAN,o2245
o2220,councilor-of-echague-isabela-o2220,"Councilor of Echague, Isabela",legislative,city,elected,ISABELA,ECHAGUE,o2245
o2221,councilor-of-delfin-albano-isabela-o2221,"Councilor of Delfin Albano, Isabela",legislative,city,elected,ISABELA,DELFIN ALBANO,o2245
o2222,councilor-of-aurora-isabela-o2222,"Councilor of Aurora, Isabela",legislative,city,elected,ISABELA,AURORA,o2245
o2223,councilor-of-ilagan-isabela-o2223,"Councilor of Ilagan, Isabela",legislative,city,elected,ISABELA,ILAGAN,o2245
o2224,councilor-of-divilacan-isabela-o2224,"Councilor of Divilacan, Isabela",legislative,city,elected,ISABELA,DIVILACAN,o2245
o2225,councilor-of-dinapigue-isabela-o2225,"Councilor of Dinapigue, Isabela",legislative,city,elected,ISABELA,DINAPIGUE,o2245
o2226,councilor-of-quezon-isabela-o2226,"Councilor of Quezon, Isabela",legislative,city,elected,ISABELA,QUEZON,o2245
o2227,councilor-of-tumauini-isabela-o2227,"Councilor of Tumauini, Isabela",legislative,city,elected,ISABELA,TUMAUINI,o2245
o2228,councilor-of-san-mariano-isabela-o2228,"Councilor of San Mariano, Isabela",legislative,city,elected,ISABELA,SAN MARIANO,o2245
o2229,councilor-of-reina-mercedes-isabela-o2229,"Councilor of Reina Mercedes, Isabela",legislative,city,elected,ISABELA,REINA MERCEDES,o2245
o2230,councilor-of-jones-isabela-o2230,"Councilor of Jones, Isabela",legislative,city,elected,ISABELA,JONES,o2245
o2231,councilor-of-cauayan-isabela-o2231,"Councilor of Cauayan, Isabela",legislative,city,elected,ISABELA,CAUAYAN,o2245
o2232,councilor-of-palanan-isabela-o2232,"Councilor of Palanan, Isabela",legislative,city,elected,ISABELA,PALANAN,o2245
o2233,councilor-of-mallig-isabela-o2233,"Councilor of Mallig, Isabela",legislative,city,elected,ISABELA,MALLIG,o2245
o2234,councilor-of-ramon-isabela-o2234,"Councilor of Ramon, Isabela",legislative,city,elected,ISABELA,RAMON,o2245
o2235,councilor-of-quirino-isabela-o2235,"Councilor of Quirino, Isabela",legislative,city,elected,ISABELA,QUIRINO,o2245
o2236,councilor-of-santiago-isabela-o2236,"Councilor of Santiago, Isabela",legislative,city,elected,ISABELA,SANTIAGO,o2245
o2237,councilor-of-san-pablo-isabela-o2237,"Councilor of San Pablo, Isabela",legislative,city,elected,ISABELA,SAN PABLO,o2245
o2238,councilor-of-san-mateo-isabela-o2238,"Councilor of San Mateo, Isabela",legislative,city,elected,ISABELA,SAN MATEO,o2245
o2239,councilor-of-santa-maria-isabela-o2239,"Councilor of Santa Maria, Isabela",legislative,city,elected,ISABELA,SANTA MARIA,o2245
o2240,councilor-of-naguilian-isabela-o2240,"Councilor of Naguilian, Isabela",legislative,city,elected,ISABELA,NAGUILIAN,o2245
o2241,councilor-of-gamu-isabela-o2241,"Councilor of Gamu, Isabela",legislative,city,elected,ISABELA,GAMU,o2245
o2242,councilor-of-benito-soliven-isabela-o2242,"Councilor of Benito Soliven, Isabela",legislative,city,elected,ISABELA,BENITO SOLIVEN,o2245
o2243,councilor-of-san-guillermo-isabela-o2243,"Councilor of San Guillermo, Isabela",legislative,city,elected,ISABELA,SAN GUILLERMO,o2245
o2244,councilor-of-roxas-isabela-o2244,"Councilor of Roxas, Isabela",legislative,city,elected,ISABELA,ROXAS,o2245
o2245,governor-of-isabela-o2245,Governor of Isabela,executive,provincial,elected,ISABELA,,
o2246,mayor-of-san-mateo-isabela-o2246,"Mayor of San Mateo, Isabela",executive,city,elected,ISABELA,SAN MATEO,o2245
o2247,mayor-of-burgos-isabela-o2247,"Mayor of Burgos, Isabela",executive,city,elected,ISABELA,BURGOS,o2245
o2248,mayor-of-ilagan-isabela-o2248,"Mayor of Ilagan, Isabela",executive,city,elected,ISABELA,ILAGAN,o2245
o2249,mayor-of-san-pablo-isabela-o2249,"Mayor of San Pablo, Isabela",executive,city,elected,ISABELA,SAN PABLO,o2245
o2250,mayor-of-tumauini-isabela-o2250,"Mayor of Tumauini, Isabela",executive,city,elected,ISABELA,TUMAUINI,o2245
o2251,mayor-of-palanan-isabela-o2251,"Mayor of Palanan, Isabela",executive,city,elected,ISABELA,PALANAN,o2245
o2252,mayor-of-gamu-isabela-o2252,"Mayor of Gamu, Isabela",executive,city,elected,ISABELA,GAMU,o2245
o2253,mayor-of-quezon-isabela-o2253,"Mayor of Quezon, Isabela",executive,city,elected,ISABELA,QUEZON,o2245
o2254,mayor-of-roxas-isabela-o2254,"Mayor of Roxas, Isabela",executive,city,elected,ISABELA,ROXAS,o2245
o2255,mayor-of-dinapigue-isabela-o2255,"Mayor of Dinapigue, Isabela",executive,city,elected,ISABELA,DINAPIGUE,o2245
o2256,mayor-of-cabatuan-isabela-o2256,"Mayor of Cabatuan, Isabela",executive,city,elected,ISABELA,CABATUAN,o2245
o2257,mayor-of-divilacan-isabela-o2257,"Mayor of Divilacan, Isabela",executive,city,elected,ISABELA,DIVILACAN,o2245
o2258,mayor-of-benito-soliven-isabela-o2258,"Mayor of Benito Soliven, Isabela",executive,city,elected,ISABELA,BENITO SOLIVEN,o2245
o2259,mayor-of-san-manuel-isabela-o2259,"Mayor of San Manuel, Isabela",executive,city,elected,ISABELA,SAN MANUEL,o2245
o2260,mayor-of-alicia-isabela-o2260,"Mayor of Alicia, Isabela",executive,city,elected,ISABELA,ALICIA,o2245
o2261,mayor-of-cauayan-isabela-o2261,"Mayor of Cauayan, Isabela",executive,city,elected,ISABELA,CAUAYAN,o2245
o2262,mayor-of-mallig-isabela-o2262,"Mayor of Mallig, Isabela",executive,city,elected,ISABELA,MALLIG,o2245
o2263,mayor-of-quirino-isabela-o2263,"Mayor of Quirino, Isabela",executive,city,elected,ISABELA,QUIRINO,o2245
o2264,mayor-of-echague-isabela-o2264,"Mayor of Echague, Isabela",executive,city,elected,ISABELA,ECHAGUE,o2245
o2265,mayor-of-cabagan-isabela-o2265,"Mayor of Cabagan, Isabela",executive,city,elected,ISABELA,CABAGAN,o2245
o2266,mayor-of-santa-maria-isabela-o2266,"Mayor of Santa Maria, Isabela",executive,city,elected,ISABELA,SANTA MARIA,o2245
o2267,mayor-of-santiago-isabela-o2267,"Mayor of Santiago, Isabela",executive,city,elected,ISABELA,SANTIAGO,o2245
o2268,mayor-of-san-mariano-isabela-o2268,"Mayor of San Mariano, Isabela",executive,city,elected,ISABELA,SAN MARIANO,o2245
o2269,mayor-of-angadanan-isabela-o2269,"Mayor of Angadanan, Isabela",executive,city,elected,ISABELA,ANGADANAN,o2245
o2270,mayor-of-san-agustin-isabela-o2270,"Mayor of San Agustin, Isabela",executive,city,elected,ISABELA,SAN AGUSTIN,o2245
o2271,mayor-of-delfin-albano-isabela-o2271,"Mayor of Delfin Albano, Isabela",executive,city,elected,ISABELA,DELFIN ALBANO,o2245
o2272,mayor-of-luna-isabela-o2272,"Mayor of Luna, Isabela",executive,city,elected,ISABELA,LUNA,o2245
o2273,mayor-of-san-guillermo-isabela-o2273,"Mayor of San Guillermo, Isabela",executive,city,elected,ISABELA,SAN GUILLERMO,o2245
o2274,mayor-of-naguilian-isabela-o2274,"Mayor of Naguilian, Isabela",executive,city,elected,ISABELA,NAGUILIAN,o2245
o2275,mayor-of-reina-mercedes-isabela-o2275,"Mayor of Reina Mercedes, Isabela",executive,city,elected,ISABELA,REINA MERCEDES,o2245
o2276,mayor-of-jones-isabela-o2276,"Mayor of Jones, Isabela",executive,city,elected,ISABELA,JONES,o2245
o2277,mayor-of-santo-tomas-isabela-o2277,"Mayor of Santo Tomas, Isabela",executive,city,elected,ISABELA,SANTO TOMAS,o2245
o2278,mayor-of-maconacon-isabela-o2278,"Mayor of Maconacon, Isabela",executive,city,elected,ISABELA,MACONACON,o2245
o2279,mayor-of-san-isidro-isabela-o2279,"Mayor of San Isidro, Isabela",executive,city,elected,ISABELA,SAN ISIDRO,o2245
o2280,mayor-of-aurora-isabela-o2280,"Mayor of Aurora, Isabela",executive,city,elected,ISABELA,AURORA,o2245
o2281,mayor-of-cordon-isabela-o2281,"Mayor of Cordon, Isabela",executive,city,elected,ISABELA,CORDON,o2245
o2282,mayor-of-ramon-isabela-o2282,"Mayor of Ramon, Isabela",executive,city,elected,ISABELA,RAMON,o2245
o2283,representative-isabela-o2283,"Representative, , Isabela",legislative,national,elected,ISABELA,,
o2284,provincial-board-member-of-isabela-o2284,Provincial Board Member of Isabela,legislative,provincial,elected,ISABELA,,
o2285,vice-governor-of-isabela-o2285,Vice Governor of Isabela,executive,provincial,elected,ISABELA,,
o2286,vice-mayor-of-benito-soliven-isabela-o2286,"Vice Mayor of Benito Soliven, Isabela",executive,city,elected,ISABELA,BENITO SOLIVEN,o2245
o2287,vice-mayor-of-cabatuan-isabela-o2287,"Vice Mayor of Cabatuan, Isabela",executive,city,elected,ISABELA,CABATUAN,o2245
o2288,vice-mayor-of-angadanan-isabela-o2288,"Vice Mayor of Angadanan, Isabela",executive,city,elected,ISABELA,ANGADANAN,o2245
o2289,vice-mayor-of-santo-tomas-isabela-o2289,"Vice Mayor of Santo Tomas, Isabela",executive,city,elected,ISABELA,SANTO TOMAS,o2245
o2290,vice-mayor-of-divilacan-isabela-o2290,"Vice Mayor of Divilacan, Isabela",executive,city,elected,ISABELA,DIVILACAN,o2245
o2291,vice-mayor-of-delfin-albano-isabela-o2291,"Vice Mayor of Delfin Albano, Isabela",executive,city,elected,ISABELA,DELFIN ALBANO,o2245
o2292,vice-mayor-of-santa-maria-isabela-o2292,"Vice Mayor of Santa Maria, Isabela",executive,city,elected,ISABELA,SANTA MARIA,o2245
o2293,vice-mayor-of-dinapigue-isabela-o2293,"Vice Mayor of Dinapigue, Isabela",executive,city,elected,ISABELA,DINAPIGUE,o2245
o2294,vice-mayor-of-maconacon-isabela-o2294,"Vice Mayor of Maconacon, Isabela",executive,city,elected,ISABELA,MACONACON,o2245
o2295,vice-mayor-of-san-agustin-isabela-o2295,"Vice Mayor of San Agustin, Isabela",executive,city,elected,ISABELA,SAN AGUSTIN,o2245
o2296,vice-mayor-of-san-mateo-isabela-o2296,"Vice Mayor of San Mateo, Isabela",executive,city,elected,ISABELA,SAN MATEO,o2245
o2297,vice-mayor-of-mallig-isabela-o2297,"Vice Mayor of Mallig, Isabela",executive,city,elected,ISABELA,MALLIG,o2245
o2298,vice-mayor-of-cordon-isabela-o2298,"Vice Mayor of Cordon, Isabela",executive,city,elected,ISABELA,CORDON,o2245
o2299,vice-mayor-of-quezon-isabela-o2299,"Vice Mayor of Quezon, Isabela",executive,city,elected,ISABELA,QUEZON,o2245
o2300,vice-mayor-of-san-guillermo-isabela-o2300,"Vice Mayor of San Guillermo, Isabela",executive,city,elected,ISABELA,SAN GUILLERMO,o2245
o2301,vice-mayor-of-san-manuel-isabela-o2301,"Vice Mayor of San Manuel, Isabela",executive,city,elected,ISABELA,SAN MANUEL,o2245
o2302,vice-mayor-of-echague-isabela-o2302,"Vice Mayor of Echague, Isabela",executive,city,elected,ISABELA,ECHAGUE,o2245
o2303,vice-mayor-of-ilagan-isabela-o2303,"Vice Mayor of Ilagan, Isabela",executive,city,elected,ISABELA,ILAGAN,o2245
o2304,vice-mayor-of-palanan-isabela-o2304,"Vice Mayor of Palanan, Isabela",executive,city,elected,ISABELA,PALANAN,o2245
o2305,vice-mayor-of-quirino-isabela-o2305,"Vice Mayor of Quirino, Isabela",executive,city,elected,ISABELA,QUIRINO,o2245
o2306,vice-mayor-of-santiago-isabela-o2306,"Vice Mayor of Santiago, Isabela",executive,city,elected,ISABELA,SANTIAGO,o2245
o2307,vice-mayor-of-tumauini-isabela-o2307,"Vice Mayor of Tumauini, Isabela",executive,city,elected,ISABELA,TUMAUINI,o2245
o2308,vice-mayor-of-san-pablo-isabela-o2308,"Vice Mayor of San Pablo, Isabela",executive,city,elected,ISABELA,SAN PABLO,o2245
o2309,vice-mayor-of-aurora-isabela-o2309,"Vice Mayor of Aurora, Isabela",executive,city,elected,ISABELA,AURORA,o2245
o2310,vice-mayor-of-alicia-isabela-o2310,"Vice Mayor of Alicia, Isabela",executive,city,elected,ISABELA,ALICIA,o2245
o2311,vice-mayor-of-san-isidro-isabela-o2311,"Vice Mayor of San Isidro, Isabela",executive,city,elected,ISABELA,SAN ISIDRO,o2245
o2312,vice-mayor-of-luna-isabela-o2312,"Vice Mayor of Luna, Isabela",executive,city,elected,ISABELA,LUNA,o2245
o2313,vice-mayor-of-ramon-isabela-o2313,"Vice Mayor of Ramon, Isabela",executive,city,elected,ISABELA,RAMON,o2245
o2314,vice-mayor-of-cauayan-isabela-o2314,"Vice Mayor of Cauayan, Isabela",executive,city,elected,ISABELA,CAUAYAN,o2245
o2315,vice-mayor-of-roxas-isabela-o2315,"Vice Mayor of Roxas, Isabela",executive,city,elected,ISABELA,ROXAS,o2245
o2316,vice-mayor-of-jones-isabela-o2316,"Vice Mayor of Jones, Isabela",executive,city,elected,ISABELA,JONES,o2245
o2317,vice-mayor-of-reina-mercedes-isabela-o2317,"Vice Mayor of Reina Mercedes, Isabela",executive,city,elected,ISABELA,REINA MERCEDES,o2245
o2318,vice-mayor-of-cabagan-isabela-o2318,"Vice Mayor of Cabagan, Isabela",executive,city,elected,ISABELA,CABAGAN,o2245
o2319,vice-mayor-of-naguilian-isabela-o2319,"Vice Mayor of Naguilian, Isabela",executive,city,elected,ISABELA,NAGUILIAN,o2245
o2320,vice-mayor-of-burgos-isabela-o2320,"Vice Mayor of Burgos, Isabela",executive,city,elected,ISABELA,BURGOS,o2245
o2321,vice-mayor-of-gamu-isabela-o2321,"Vice Mayor of Gamu, Isabela",executive,city,elected,ISABELA,GAMU,o2245
o2322,vice-mayor-of-san-mariano-isabela-o2322,"Vice Mayor of San Mariano, Isabela",executive,city,elected,ISABELA,SAN MARIANO,o2245
o2323,councilor-of-tinglayan-kalinga-o2323,"Councilor of Tinglayan, Kalinga",legislative,city,elected,KALINGA,TINGLAYAN,o2331
o2324,councilor-of-tabuk-kalinga-o2324,"Councilor of Tabuk, Kalinga",legislative,city,elected,KALINGA,TABUK,o2331
o2325,councilor-of-pasil-kalinga-o2325,"Councilor of Pasil, Kalinga",legislative,city,elected,KALINGA,PASIL,o2331
o2326,councilor-of-lubuagan-kalinga-o2326,"Councilor of Lubuagan, Kalinga",legislative,city,elected,KALINGA,LUBUAGAN,o2331
o2327,councilor-of-tanudan-kalinga-o2327,"Councilor of Tanudan, Kalinga",legislative,city,elected,KALINGA,TANUDAN,o2331
o2328,councilor-of-rizal-kalinga-o2328,"Councilor of Rizal, Kalinga",legislative,city,elected,KALINGA,RIZAL,o2331
o2329,councilor-of-balbalan-kalinga-o2329,"Councilor of Balbalan, Kalinga",legislative,city,elected,KALINGA,BALBALAN,o2331
o2330,councilor-of-pinukpuk-kalinga-o2330,"Councilor of Pinukpuk, Kalinga",legislative,city,elected,KALINGA,PINUKPUK,o2331
o2331,governor-of-kalinga-o2331,Governor of Kalinga,executive,provincial,elected,KALINGA,,
o2332,mayor-of-tanudan-kalinga-o2332,"Mayor of Tanudan, Kalinga",executive,city,elected,KALINGA,TANUDAN,o2331
o2333,mayor-of-pasil-kalinga-o2333,"Mayor of Pasil, Kalinga",executive,city,elected,KALINGA,PASIL,o2331
o2334,mayor-of-rizal-kalinga-o2334,"Mayor of Rizal, Kalinga",executive,city,elected,KALINGA,RIZAL,o2331
o2335,mayor-of-lubuagan-kalinga-o2335,"Mayor of Lubuagan, Kalinga",executive,city,elected,KALINGA,LUBUAGAN,o2331
o2336,mayor-of-pinukpuk-kalinga-o2336,"Mayor of Pinukpuk, Kalinga",executive,city,elected,KALINGA,PINUKPUK,o2331
o2337,mayor-of-tabuk-kalinga-o2337,"Mayor of Tabuk, Kalinga",executive,city,elected,KALINGA,TABUK,o2331
o2338,mayor-of-balbalan-kalinga-o2338,"Mayor of Balbalan, Kalinga",executive,city,elected,KALINGA,BALBALAN,o2331
o2339,mayor-of-tinglayan-kalinga-o2339,"Mayor of Tinglayan, Kalinga",executive,city,elected,KALINGA,TINGLAYAN,o2331
o2340,representative-kalinga-o2340,"Representative, , Kalinga",legislative,national,elected,KALINGA,,
o2341,provincial-board-member-of-kalinga-o2341,Provincial Board Member of Kalinga,legislative,provincial,elected,KALINGA,,
o2342,vice-governor-of-kalinga-o2342,Vice Governor of Kalinga,executive,provincial,elected,KALINGA,,
o2343,vice-mayor-of-pasil-kalinga-o2343,"Vice Mayor of Pasil, Kalinga",executive,city,elected,KALINGA,PASIL,o2331
o2344,vice-mayor-of-rizal-kalinga-o2344,"Vice Mayor of Rizal, Kalinga",executive,city,elected,KALINGA,RIZAL,o2331
o2345,vice-mayor-of-pinukpuk-kalinga-o2345,"Vice Mayor of Pinukpuk, Kalinga",executive,city,elected,KALINGA,PINUKPUK,o2331
o2346,vice-mayor-of-lubuagan-kalinga-o2346,"Vice Mayor of Lubuagan, Kalinga",executive,city,elected,KALINGA,LUBUAGAN,o2331
o2347,vice-mayor-of-tanudan-kalinga-o2347,"Vice Mayor of Tanudan, Kalinga",executive,city,elected,KALINGA,TANUDAN,o2331
o2348,vice-mayor-of-balbalan-kalinga-o2348,"Vice Mayor of Balbalan, Kalinga",executive,city,elected,KALINGA,BALBALAN,o2331
o2349,vice-mayor-of-tinglayan-kalinga-o2349,"Vice Mayor of Tinglayan, Kalinga",executive,city,elected,KALINGA,TINGLAYAN,o2331
o2350,vice-mayor-of-tabuk-kalinga-o2350,"Vice Mayor of Tabuk, Kalinga",executive,city,elected,KALINGA,TABUK,o2331
o2351,councilor-of-santo-tomas-la-union-o2351,"Councilor of Santo Tomas, La Union",legislative,city,elected,LA UNION,SANTO TOMAS,o2371
o2352,councilor-of-san-juan-la-union-o2352,"Councilor of San Juan, La Union",legislative,city,elected,LA UNION,SAN JUAN,o2371
o2353,councilor-of-burgos-la-union-o2353,"Councilor of Burgos, La Union",legislative,city,elected,LA UNION,BURGOS,o2371
o2354,councilor-of-santol-la-union-o2354,"Councilor of Santol, La Union",legislative,city,elected,LA UNION,SANTOL,o2371
o2355,councilor-of-bacnotan-la-union-o2355,"Councilor of Bacnotan, La Union",legislative,city,elected,LA UNION,BACNOTAN,o2371
o2356,councilor-of-san-gabriel-la-union-o2356,"Councilor of San Gabriel, La Union",legislative,city,elected,LA UNION,SAN GABRIEL,o2371
o2357,councilor-of-bagulin-la-union-o2357,"Councilor of Bagulin, La Union",legislative,city,elected,LA UNION,BAGULIN,o2371
o2358,councilor-of-bauang-la-union-o2358,"Councilor of Bauang, La Union",legislative,city,elected,LA UNION,BAUANG,o2371
o2359,councilor-of-tubao-la-union-o2359,"Councilor of Tubao, La Union",legislative,city,elected,LA UNION,TUBAO,o2371
o2360,councilor-of-agoo-la-union-o2360,"Councilor of Agoo, La Union",legislative,city,elected,LA UNION,AGOO,o2371
o2361,councilor-of-sudipen-la-union-o2361,"Councilor of Sudipen, La Union",legislative,city,elected,LA UNION,SUDIPEN,o2371
o2362,councilor-of-pugo-la-union-o2362,"Councilor of Pugo, La Union",legislative,city,elected,LA UNION,PUGO,o2371
o2363,councilor-of-balaoan-la-union-o2363,"Councilor of Balaoan, La Union",legislative,city,elected,LA UNION,BALAOAN,o2371
o2364,councilor-of-san-fernando-la-union-o2364,"Councilor of San Fernando, La Union",legislative,city,elected,LA UNION,SAN FERNANDO,o2371
o2365,councilor-of-caba-la-union-o2365,"Councilor of Caba, La Union",legislative,city,elected,LA UNION,CABA,o2371
o2366,councilor-of-bangar-la-union-o2366,"Councilor of Bangar, La Union",legislative,city,elected,LA UNION,BANGAR,o2371
o2367,councilor-of-rosario-la-union-o2367,"Councilor of Rosario, La Union",legislative,city,elected,LA UNION,ROSARIO,o2371
o2368,councilor-of-naguilian-la-union-o2368,"Councilor of Naguilian, La Union",legislative,city,elected,LA UNION,NAGUILIAN,o2371
o2369,councilor-of-luna-la-union-o2369,"Councilor of Luna, La Union",legislative,city,elected,LA UNION,LUNA,o2371
o2370,councilor-of-aringay-la-union-o2370,"Councilor of Aringay, La Union",legislative,city,elected,LA UNION,ARINGAY,o2371
o2371,governor-of-la-union-o2371,Governor of La Union,executive,provincial,elected,LA UNION,,
o2372,mayor-of-san-gabriel-la-union-o2372,"Mayor of San Gabriel, La Union",executive,city,elected,LA UNION,SAN GABRIEL,o2371
o2373,mayor-of-pugo-la-union-o2373,"Mayor of Pugo, La Union",executive,city,elected,LA UNION,PUGO,o2371
o2374,mayor-of-santo-tomas-la-union-o2374,"Mayor of Santo Tomas, La Union",executive,city,elected,LA UNION,SANTO TOMAS,o2371
o2375,mayor-of-bauang-la-union-o2375,"Mayor of Bauang, La Union",executive,city,elected,LA UNION,BAUANG,o2371
o2376,mayor-of-agoo-la-union-o2376,"Mayor of Agoo, La Union",executive,city,elected,LA UNION,AGOO,o2371
o2377,mayor-of-caba-la-union-o2377,"Mayor of Caba, La Union",executive,city,elected,LA UNION,CABA,o2371
o2378,mayor-of-naguilian-la-union-o2378,"Mayor of Naguilian, La Union",executive,city,elected,LA UNION,NAGUILIAN,o2371
o2379,mayor-of-rosario-la-union-o2379,"Mayor of Rosario, La Union",executive,city,elected,LA UNION,ROSARIO,o2371
o2380,mayor-of-bacnotan-la-union-o2380,"Mayor of Bacnotan, La Union",executive,city,elected,LA UNION,BACNOTAN,o2371
o2381,mayor-of-aringay-la-union-o2381,"Mayor of Aringay, La Union",executive,city,elected,LA UNION,ARINGAY,o2371
o2382,mayor-of-san-fernando-la-union-o2382,"Mayor of San Fernando, La Union",executive,city,elected,LA UNION,SAN FERNANDO,o2371
o2383,mayor-of-balaoan-la-union-o2383,"Mayor of Balaoan, La Union",executive,city,elected,LA UNION,BALAOAN,o2371
o2384,mayor-of-burgos-la-union-o2384,"Mayor of Burgos, La Union",executive,city,elected,LA UNION,BURGOS,o2371
o2385,mayor-of-sudipen-la-union-o2385,"Mayor of Sudipen, La Union",executive,city,elected,LA UNION,SUDIPEN,o2371
o2386,mayor-of-bangar-la-union-o2386,"Mayor of Bangar, La Union",executive,city,elected,LA UNION,BANGAR,o2371
o2387,mayor-of-luna-la-union-o2387,"Mayor of Luna, La Union",executive,city,elected,LA UNION,LUNA,o2371
o2388,mayor-of-santol-la-union-o2388,"Mayor of Santol, La Union",executive,city,elected,LA UNION,SANTOL,o2371
o2389,mayor-of-bagulin-la-union-o2389,"Mayor of Bagulin, La Union",executive,city,elected,LA UNION,BAGULIN,o2371
o2390,mayor-of-san-juan-la-union-o2390,"Mayor of San Juan, La Union",executive,city,elected,LA UNION,SAN JUAN,o2371
o2391,mayor-of-tubao-la-union-o2391,"Mayor of Tubao, La Union",executive,city,elected,LA UNION,TUBAO,o2371
o2392,representative-la-union-o2392,"Representative, , La Union",legislative,national,elected,LA UNION,,
o2393,provincial-board-member-of-la-union-o2393,Provincial Board Member of La Union,legislative,provincial,elected,LA UNION,,
o2394,vice-governor-of-la-union-o2394,Vice Governor of La Union,executive,provincial,elected,LA UNION,,
o2395,vice-mayor-of-rosario-la-union-o2395,"Vice Mayor of Rosario, La Union",executive,city,elected,LA UNION,ROSARIO,o2371
o2396,vice-mayor-of-naguilian-la-union-o2396,"Vice Mayor of Naguilian, La Union",executive,city,elected,LA UNION,NAGUILIAN,o2371
o2397,vice-mayor-of-balaoan-la-union-o2397,"Vice Mayor of Balaoan, La Union",executive,city,elected,LA UNION,BALAOAN,o2371
o2398,vice-mayor-of-pugo-la-union-o2398,"Vice Mayor of Pugo, La Union",executive,city,elected,LA UNION,PUGO,o2371
o2399,vice-mayor-of-santo-tomas-la-union-o2399,"Vice Mayor of Santo Tomas, La Union",executive,city,elected,LA UNION,SANTO TOMAS,o2371
o2400,vice-mayor-of-san-gabriel-la-union-o2400,"Vice Mayor of San Gabriel, La Union",executive,city,elected,LA UNION,SAN GABRIEL,o2371
o2401,vice-mayor-of-caba-la-union-o2401,"Vice Mayor of Caba, La Union",executive,city,elected,LA UNION,CABA,o2371
o2402,vice-mayor-of-bagulin-la-union-o2402,"Vice Mayor of Bagulin, La Union",executive,city,elected,LA UNION,BAGULIN,o2371
o2403,vice-mayor-of-bacnotan-la-union-o2403,"Vice Mayor of Bacnotan, La Union",executive,city,elected,LA UNION,BACNOTAN,o2371
o2404,vice-mayor-of-tubao-la-union-o2404,"Vice Mayor of Tubao, La Union",executive,city,elected,LA UNION,TUBAO,o2371
o2405,vice-mayor-of-san-juan-la-union-o2405,"Vice Mayor of San Juan, La Union",executive,city,elected,LA UNION,SAN JUAN,o2371
o2406,vice-mayor-of-agoo-la-union-o2406,"Vice Mayor of Agoo, La Union",executive,city,elected,LA UNION,AGOO,o2371
o2407,vice-mayor-of-luna-la-union-o2407,"Vice Mayor of Luna, La Union",executive,city,elected,LA UNION,LUNA,o2371
o2408,vice-mayor-of-bangar-la-union-o2408,"Vice Mayor of Bangar, La Union",executive,city,elected,LA UNION,BANGAR,o2371
o2409,vice-mayor-of-aringay-la-union-o2409,"Vice Mayor of Aringay, La Union",executive,city,elected,LA UNION,ARINGAY,o2371
o2410,vice-mayor-of-burgos-la-union-o2410,"Vice Mayor of Burgos, La Union",executive,city,elected,LA UNION,BURGOS,o2371
o2411,vice-mayor-of-sudipen-la-union-o2411,"Vice Mayor of Sudipen, La Union",executive,city,elected,LA UNION,SUDIPEN,o2371
o2412,vice-mayor-of-bauang-la-union-o2412,"Vice Mayor of Bauang, La Union",executive,city,elected,LA UNION,BAUANG,o2371
o2413,vice-mayor-of-san-fernando-la-union-o2413,"Vice Mayor of San Fernando, La Union",executive,city,elected,LA UNION,SAN FERNANDO,o2371
o2414,vice-mayor-of-santol-la-union-o2414,"Vice Mayor of Santol, La Union",executive,city,elected,LA UNION,SANTOL,o2371
o2415,councilor-of-santa-rosa-laguna-o2415,"Councilor of Santa Rosa, Laguna",legislative,city,elected,LAGUNA,SANTA ROSA,o2445
o2416,councilor-of-mabitac-laguna-o2416,"Councilor of Mabitac, Laguna",legislative,city,elected,LAGUNA,MABITAC,o2445
o2417,councilor-of-pangil-laguna-o2417,"Councilor of Pangil, Laguna",legislative,city,elected,LAGUNA,PANGIL,o2445
o2418,councilor-of-san-pedro-laguna-o2418,"Councilor of San Pedro, Laguna",legislative,city,elected,LAGUNA,SAN PEDRO,o2445
o2419,councilor-of-san-pablo-laguna-o2419,"Councilor of San Pablo, Laguna",legislative,city,elected,LAGUNA,SAN PABLO,o2445
o2420,councilor-of-kalayaan-laguna-o2420,"Councilor of Kalayaan, Laguna",legislative,city,elected,LAGUNA,KALAYAAN,o2445
o2421,councilor-of-pila-laguna-o2421,"Councilor of Pila, Laguna",legislative,city,elected,LAGUNA,PILA,o2445
o2422,councilor-of-cabuyao-laguna-o2422,"Councilor of Cabuyao, Laguna",legislative,city,elected,LAGUNA,CABUYAO,o2445
o2423,councilor-of-calamba-laguna-o2423,"Councilor of Calamba, Laguna",legislative,city,elected,LAGUNA,CALAMBA,o2445
o2424,councilor-of-luisiana-laguna-o2424,"Councilor of Luisiana, Laguna",legislative,city,elected,LAGUNA,LUISIANA,o2445
o2425,councilor-of-los-banos-laguna-o2425,"Councilor of Los Banos, Laguna",legislative,city,elected,LAGUNA,LOS BANOS,o2445
o2426,councilor-of-binan-laguna-o2426,"Councilor of Binan, Laguna",legislative,city,elected,LAGUNA,BINAN,o2445
o2427,councilor-of-paete-laguna-o2427,"Councilor of Paete, Laguna",legislative,city,elected,LAGUNA,PAETE,o2445
o2428,councilor-of-alaminos-laguna-o2428,"Councilor of Alaminos, Laguna",legislative,city,elected,LAGUNA,ALAMINOS,o2445
o2429,councilor-of-majayjay-laguna-o2429,"Councilor of Majayjay, Laguna",legislative,city,elected,LAGUNA,MAJAYJAY,o2445
o2430,councilor-of-nagcarlan-laguna-o2430,"Councilor of Nagcarlan, Laguna",legislative,city,elected,LAGUNA,NAGCARLAN,o2445
o2431,councilor-of-liliw-laguna-o2431,"Councilor of Liliw, Laguna",legislative,city,elected,LAGUNA,LILIW,o2445
o2432,councilor-of-rizal-laguna-o2432,"Councilor of Rizal, Laguna",legislative,city,elected,LAGUNA,RIZAL,o2445
o2433,councilor-of-pakil-laguna-o2433,"Councilor of Pakil, Laguna",legislative,city,elected,LAGUNA,PAKIL,o2445
o2434,councilor-of-victoria-laguna-o2434,"Councilor of Victoria, Laguna",legislative,city,elected,LAGUNA,VICTORIA,o2445
o2435,councilor-of-santa-maria-laguna-o2435,"Councilor of Santa Maria, Laguna",legislative,city,elected,LAGUNA,SANTA MARIA,o2445
o2436,councilor-of-bay-laguna-o2436,"Councilor of Bay, Laguna",legislative,city,elected,LAGUNA,BAY,o2445
o2437,councilor-of-magdalena-laguna-o2437,"Councilor of Magdalena, Laguna",legislative,city,elected,LAGUNA,MAGDALENA,o2445
o2438,councilor-of-calauan-laguna-o2438,"Councilor of Calauan, Laguna",legislative,city,elected,LAGUNA,CALAUAN,o2445
o2439,councilor-of-siniloan-laguna-o2439,"Councilor of Siniloan, Laguna",legislative,city,elected,LAGUNA,SINILOAN,o2445
o2440,councilor-of-famy-laguna-o2440,"Councilor of Famy, Laguna",legislative,city,elected,LAGUNA,FAMY,o2445
o2441,councilor-of-santa-cruz-laguna-o2441,"Councilor of Santa Cruz, Laguna",legislative,city,elected,LAGUNA,SANTA CRUZ,o2445
o2442,councilor-of-lumban-laguna-o2442,"Councilor of Lumban, Laguna",legislative,city,elected,LAGUNA,LUMBAN,o2445
o2443,councilor-of-cavinti-laguna-o2443,"Councilor of Cavinti, Laguna",legislative,city,elected,LAGUNA,CAVINTI,o2445
o2444,councilor-of-pagsanjan-laguna-o2444,"Councilor of Pagsanjan, Laguna",legislative,city,elected,LAGUNA,PAGSANJAN,o2445
o2445,governor-of-laguna-o2445,Governor of Laguna,executive,provincial,elected,LAGUNA,,
o2446,mayor-of-siniloan-laguna-o2446,"Mayor of Siniloan, Laguna",executive,city,elected,LAGUNA,SINILOAN,o2445
o2447,mayor-of-paete-laguna-o2447,"Mayor of Paete, Laguna",executive,city,elected,LAGUNA,PAETE,o2445
o2448,mayor-of-magdalena-laguna-o2448,"Mayor of Magdalena, Laguna",executive,city,elected,LAGUNA,MAGDALENA,o2445
o2449,mayor-of-cabuyao-laguna-o2449,"Mayor of Cabuyao, Laguna",executive,city,elected,LAGUNA,CABUYAO,o2445
o2450,mayor-of-san-pablo-laguna-o2450,"Mayor of San Pablo, Laguna",executive,city,elected,LAGUNA,SAN PABLO,o2445
o2451,mayor-of-santa-rosa-laguna-o2451,"Mayor of Santa Rosa, Laguna",executive,city,elected,LAGUNA,SANTA ROSA,o2445
o2452,mayor-of-calauan-laguna-o2452,"Mayor of Calauan, Laguna",executive,city,elected,LAGUNA,CALAUAN,o2445
o2453,mayor-of-alaminos-laguna-o2453,"Mayor of Alaminos, Laguna",executive,city,elected,LAGUNA,ALAMINOS,o2445
o2454,mayor-of-nagcarlan-laguna-o2454,"Mayor of Nagcarlan, Laguna",executive,city,elected,LAGUNA,NAGCARLAN,o2445
o2455,mayor-of-santa-maria-laguna-o2455,"Mayor of Santa Maria, Laguna",executive,city,elected,LAGUNA,SANTA MARIA,o2445
o2456,mayor-of-luisiana-laguna-o2456,"Mayor of Luisiana, Laguna",executive,city,elected,LAGUNA,LUISIANA,o2445
o2457,mayor-of-pagsanjan-laguna-o2457,"Mayor of Pagsanjan, Laguna",executive,city,elected,LAGUNA,PAGSANJAN,o2445
o2458,mayor-of-cavinti-laguna-o2458,"Mayor of Cavinti, Laguna",executive,city,elected,LAGUNA,CAVINTI,o2445
o2459,mayor-of-calamba-laguna-o2459,"Mayor of Calamba, Laguna",executive,city,elected,LAGUNA,CALAMBA,o2445
o2460,mayor-of-lumban-laguna-o2460,"Mayor of Lumban, Laguna",executive,city,elected,LAGUNA,LUMBAN,o2445
o2461,mayor-of-kalayaan-laguna-o2461,"Mayor of Kalayaan, Laguna",executive,city,elected,LAGUNA,KALAYAAN,o2445
o2462,mayor-of-pangil-laguna-o2462,"Mayor of Pangil, Laguna",executive,city,elected,LAGUNA,PANGIL,o2445
o2463,mayor-of-pakil-laguna-o2463,"Mayor of Pakil, Laguna",executive,city,elected,LAGUNA,PAKIL,o2445
o2464,mayor-of-santa-cruz-laguna-o2464,"Mayor of Santa Cruz, Laguna",executive,city,elected,LAGUNA,SANTA CRUZ,o2445
o2465,mayor-of-famy-laguna-o2465,"Mayor of Famy, Laguna",executive,city,elected,LAGUNA,FAMY,o2445
o2466,mayor-of-binan-laguna-o2466,"Mayor of Binan, Laguna",executive,city,elected,LAGUNA,BINAN,o2445
o2467,mayor-of-los-banos-laguna-o2467,"Mayor of Los Banos, Laguna",executive,city,elected,LAGUNA,LOS BANOS,o2445
o2468,mayor-of-liliw-laguna-o2468,"Mayor of Liliw, Laguna",executive,city,elected,LAGUNA,LILIW,o2445
o2469,mayor-of-pila-laguna-o2469,"Mayor of Pila, Laguna",executive,city,elected,LAGUNA,PILA,o2445
o2470,mayor-of-bay-laguna-o2470,"Mayor of Bay, Laguna",executive,city,elected,LAGUNA,BAY,o2445
o2471,mayor-of-victoria-laguna-o2471,"Mayor of Victoria, Laguna",executive,city,elected,LAGUNA,VICTORIA,o2445
o2472,mayor-of-majayjay-laguna-o2472,"Mayor of Majayjay, Laguna",executive,city,elected,LAGUNA,MAJAYJAY,o2445
o2473,mayor-of-mabitac-laguna-o2473,"Mayor of Mabitac, Laguna",executive,city,elected,LAGUNA,MABITAC,o2445
o2474,mayor-of-rizal-laguna-o2474,"Mayor of Rizal, Laguna",executive,city,elected,LAGUNA,RIZAL,o2445
o2475,mayor-of-san-pedro-laguna-o2475,"Mayor of San Pedro, Laguna",executive,city,elected,LAGUNA,SAN PEDRO,o2445
o2476,representative-laguna-o2476,"Representative, , Laguna",legislative,national,elected,LAGUNA,,
o2477,provincial-board-member-of-laguna-o2477,Provincial Board Member of Laguna,legislative,provincial,elected,LAGUNA,,
o2478,vice-governor-of-laguna-o2478,Vice Governor of Laguna,executive,provincial,elected,LAGUNA,,
o2479,vice-mayor-of-siniloan-laguna-o2479,"Vice Mayor of Siniloan, Laguna",executive,city,elected,LAGUNA,SINILOAN,o2445
o2480,vice-mayor-of-mabitac-laguna-o2480,"Vice Mayor of Mabitac, Laguna",executive,city,elected,LAGUNA,MABITAC,o2445
o2481,vice-mayor-of-san-pedro-laguna-o2481,"Vice Mayor of San Pedro, Laguna",executive,city,elected,LAGUNA,SAN PEDRO,o2445
o2482,vice-mayor-of-lumban-laguna-o2482,"Vice Mayor of Lumban, Laguna",executive,city,elected,LAGUNA,LUMBAN,o2445
o2483,vice-mayor-of-paete-laguna-o2483,"Vice Mayor of Paete, Laguna",executive,city,elected,LAGUNA,PAETE,o2445
o2484,vice-mayor-of-pakil-laguna-o2484,"Vice Mayor of Pakil, Laguna",executive,city,elected,LAGUNA,PAKIL,o2445
o2485,vice-mayor-of-victoria-laguna-o2485,"Vice Mayor of Victoria, Laguna",executive,city,elected,LAGUNA,VICTORIA,o2445
o2486,vice-mayor-of-santa-rosa-laguna-o2486,"Vice Mayor of Santa Rosa, Laguna",executive,city,elected,LAGUNA,SANTA ROSA,o2445
o2487,vice-mayor-of-bay-laguna-o2487,"Vice Mayor of Bay, Laguna",executive,city,elected,LAGUNA,BAY,o2445
o2488,vice-mayor-of-pangil-laguna-o2488,"Vice Mayor of Pangil, Laguna",executive,city,elected,LAGUNA,PANGIL,o2445
o2489,vice-mayor-of-luisiana-laguna-o2489,"Vice Mayor of Luisiana, Laguna",executive,city,elected,LAGUNA,LUISIANA,o2445
o2490,vice-mayor-of-pila-laguna-o2490,"Vice Mayor of Pila, Laguna",executive,city,elected,LAGUNA,PILA,o2445
o2491,vice-mayor-of-cabuyao-laguna-o2491,"Vice Mayor of Cabuyao, Laguna",executive,city,elected,LAGUNA,CABUYAO,o2445
o2492,vice-mayor-of-calauan-laguna-o2492,"Vice Mayor of Calauan, Laguna",executive,city,elected,LAGUNA,CALAUAN,o2445
o2493,vice-mayor-of-santa-maria-laguna-o2493,"Vice Mayor of Santa Maria, Laguna",executive,city,elected,LAGUNA,SANTA MARIA,o2445
o2494,vice-mayor-of-liliw-laguna-o2494,"Vice Mayor of Liliw, Laguna",executive,city,elected,LAGUNA,LILIW,o2445
o2495,vice-mayor-of-pagsanjan-laguna-o2495,"Vice Mayor of Pagsanjan, Laguna",executive,city,elected,LAGUNA,PAGSANJAN,o2445
o2496,vice-mayor-of-kalayaan-laguna-o2496,"Vice Mayor of Kalayaan, Laguna",executive,city,elected,LAGUNA,KALAYAAN,o2445
o2497,vice-mayor-of-santa-cruz-laguna-o2497,"Vice Mayor of Santa Cruz, Laguna",executive,city,elected,LAGUNA,SANTA CRUZ,o2445
o2498,vice-mayor-of-majayjay-laguna-o2498,"Vice Mayor of Majayjay, Laguna",executive,city,elected,LAGUNA,MAJAYJAY,o2445
o2499,vice-mayor-of-rizal-laguna-o2499,"Vice Mayor of Rizal, Laguna",executive,city,elected,LAGUNA,RIZAL,o2445
o2500,vice-mayor-of-los-banos-laguna-o2500,"Vice Mayor of Los Banos, Laguna",executive,city,elected,LAGUNA,LOS BANOS,o2445
o2501,vice-mayor-of-calamba-laguna-o2501,"Vice Mayor of Calamba, Laguna",executive,city,elected,LAGUNA,CALAMBA,o2445
o2502,vice-mayor-of-nagcarlan-laguna-o2502,"Vice Mayor of Nagcarlan, Laguna",executive,city,elected,LAGUNA,NAGCARLAN,o2445
o2503,vice-mayor-of-alaminos-laguna-o2503,"Vice Mayor of Alaminos, Laguna",executive,city,elected,LAGUNA,ALAMINOS,o2445
o2504,vice-mayor-of-famy-laguna-o2504,"Vice Mayor of Famy, Laguna",executive,city,elected,LAGUNA,FAMY,o2445
o2505,vice-mayor-of-magdalena-laguna-o2505,"Vice Mayor of Magdalena, Laguna",executive,city,elected,LAGUNA,MAGDALENA,o2445
o2506,vice-mayor-of-san-pablo-laguna-o2506,"Vice Mayor of San Pablo, Laguna",executive,city,elected,LAGUNA,SAN PABLO,o2445
o2507,vice-mayor-of-cavinti-laguna-o2507,"Vice Mayor of Cavinti, Laguna",executive,city,elected,LAGUNA,CAVINTI,o2445
o2508,vice-mayor-of-binan-laguna-o2508,"Vice Mayor of Binan, Laguna",executive,city,elected,LAGUNA,BINAN,o2445
o2509,councilor-of-baloi-lanao-del-norte-o2509,"Councilor of Baloi, Lanao Del Norte",legislative,city,elected,LANAO DEL NORTE,BALOI,o2532
o2510,councilor-of-pantar-lanao-del-norte-o2510,"Councilor of Pantar, Lanao Del Norte",legislative,city,elected,LANAO DEL NORTE,PANTAR,o2532
o2511,councilor-of-sapad-lanao-del-norte-o2511,"Councilor of Sapad, Lanao Del Norte",legislative,city,elected,LANAO DEL NORTE,SAPAD,o2532
o2512,councilor-of-kolambugan-lanao-del-norte-o2512,"Councilor of Kolambugan, Lanao Del Norte",legislative,city,elected,LANAO DEL NORTE,KOLAMBUGAN,o2532
o2513,councilor-of-iligan-lanao-del-norte-o2513,"Councilor of Iligan, Lanao Del Norte",legislative,city,elected,LANAO DEL NORTE,ILIGAN,o2532
o2514,councilor-of-tagoloan-lanao-del-norte-o2514,"Councilor of Tagoloan, Lanao Del Norte",legislative,city,elected,LANAO DEL NORTE,TAGOLOAN,o2532
o2515,councilor-of-munai-lanao-del-norte-o2515,"Councilor of Munai, Lanao Del Norte",legislative,city,elected,LANAO DEL NORTE,MUNAI,o2532
o2516,councilor-of-matungao-lanao-del-norte-o2516,"Councilor of Matungao, Lanao Del Norte",legislative,city,elected,LANAO DEL NORTE,MATUNGAO,o2532
o2517,councilor-of-nunungan-lanao-del-norte-o2517,"Councilor of Nunungan, Lanao Del Norte",legislative,city,elected,LANAO DEL NORTE,NUNUNGAN,o2532
o2518,councilor-of-sultan-naga-dimaporo-lanao-del-norte-o2518,"Councilor of Sultan Naga Dimaporo, Lanao Del Norte",legislative,city,elected,LANAO DEL NORTE,SULTAN NAGA DIMAPORO,o2532
o2519,councilor-of-salvador-lanao-del-norte-o2519,"Councilor of Salvador, Lanao Del Norte",legislative,city,elected,LANAO DEL NORTE,SALVADOR,o2532
o2520,councilor-of-bacolod-lanao-del-norte-o2520,"Councilor of Bacolod, Lanao Del Norte",legislative,city,elected,LANAO DEL NORTE,BACOLOD,o2532
o2521,councilor-of-tangcal-lanao-del-norte-o2521,"Councilor of Tangcal, Lanao Del Norte",legislative,city,elected,LANAO DEL NORTE,TANGCAL,o2532
o2522,councilor-of-pantao-ragat-lanao-del-norte-o2522,"Councilor of Pantao Ragat, Lanao Del Norte",legislative,city,elected,LANAO DEL NORTE,PANTAO RAGAT,o2532
o2523,councilor-of-kapatagan-lanao-del-norte-o2523,"Councilor of Kapatagan, Lanao Del Norte",legislative,city,elected,LANAO DEL NORTE,KAPATAGAN,o2532
o2524,councilor-of-maigo-lanao-del-norte-o2524,"Councilor of Maigo, Lanao Del Norte",legislative,city,elected,LANAO DEL NORTE,MAIGO,o2532
o2525,councilor-of-baroy-lanao-del-norte-o2525,"Councilor of Baroy, Lanao Del Norte",legislative,city,elected,LANAO DEL NORTE,BAROY,o2532
o2526,councilor-of-kauswagan-lanao-del-norte-o2526,"Councilor of Kauswagan, Lanao Del Norte",legislative,city,elected,LANAO DEL NORTE,KAUSWAGAN,o2532
o2527,councilor-of-poona-piagapo-lanao-del-norte-o2527,"Councilor of Poona Piagapo, Lanao Del Norte",legislative,city,elected,LANAO DEL NORTE,POONA PIAGAPO,o2532
o2528,councilor-of-tubod-lanao-del-norte-o2528,"Councilor of Tubod, Lanao Del Norte",legislative,city,elected,LANAO DEL NORTE,TUBOD,o2532
o2529,councilor-of-magsaysay-lanao-del-norte-o2529,"Councilor of Magsaysay, Lanao Del Norte",legislative,city,elected,LANAO DEL NORTE,MAGSAYSAY,o2532
o2530,councilor-of-lala-lanao-del-norte-o2530,"Councilor of Lala, Lanao Del Norte",legislative,city,elected,LANAO DEL NORTE,LALA,o2532
o2531,councilor-of-linamon-lanao-del-norte-o2531,"Councilor of Linamon, Lanao Del Norte",legislative,city,elected,LANAO DEL NORTE,LINAMON,o2532
o2532,governor-of-lanao-del-norte-o2532,Governor of Lanao Del Norte,executive,provincial,elected,LANAO DEL NORTE,,
o2533,mayor-of-baloi-lanao-del-norte-o2533,"Mayor of Baloi, Lanao Del Norte",executive,city,elected,LANAO DEL NORTE,BALOI,o2532
o2534,mayor-of-sapad-lanao-del-norte-o2534,"Mayor of Sapad, Lanao Del Norte",executive,city,elected,LANAO DEL NORTE,SAPAD,o2532
o2535,mayor-of-kapatagan-lanao-del-norte-o2535,"Mayor of Kapatagan, Lanao Del Norte",executive,city,elected,LANAO DEL NORTE,KAPATAGAN,o2532
o2536,mayor-of-tangcal-lanao-del-norte-o2536,"Mayor of Tangcal, Lanao Del Norte",executive,city,elected,LANAO DEL NORTE,TANGCAL,o2532
o2537,mayor-of-lala-lanao-del-norte-o2537,"Mayor of Lala, Lanao Del Norte",executive,city,elected,LANAO DEL NORTE,LALA,o2532
o2538,mayor-of-kolambugan-lanao-del-norte-o2538,"Mayor of Kolambugan, Lanao Del Norte",executive,city,elected,LANAO DEL NORTE,KOLAMBUGAN,o2532
o2539,mayor-of-nunungan-lanao-del-norte-o2539,"Mayor of Nunungan, Lanao Del Norte",executive,city,elected,LANAO DEL NORTE,NUNUNGAN,o2532
o2540,mayor-of-pantar-lanao-del-norte-o2540,"Mayor of Pantar, Lanao Del Norte",executive,city,elected,LANAO DEL NORTE,PANTAR,o2532
o2541,mayor-of-sultan-naga-dimaporo-lanao-del-norte-o2541,"Mayor of Sultan Naga Dimaporo, Lanao Del Norte",executive,city,elected,LANAO DEL NORTE,SULTAN NAGA DIMAPORO,o2532
o2542,mayor-of-pantao-ragat-lanao-del-norte-o2542,"Mayor of Pantao Ragat, Lanao Del Norte",executive,city,elected,LANAO DEL NORTE,PANTAO RAGAT,o2532
o2543,mayor-of-linamon-lanao-del-norte-o2543,"Mayor of Linamon, Lanao Del Norte",executive,city,elected,LANAO DEL NORTE,LINAMON,o2532
o2544,mayor-of-tubod-lanao-del-norte-o2544,"Mayor of Tubod, Lanao Del Norte",executive,city,elected,LANAO DEL NORTE,TUBOD,o2532
o2545,mayor-of-munai-lanao-del-norte-o2545,"Mayor of Munai, Lanao Del Norte",executive,city,elected,LANAO DEL NORTE,MUNAI,o2532
o2546,mayor-of-kauswagan-lanao-del-norte-o2546,"Mayor of Kauswagan, Lanao Del Norte",executive,city,elected,LANAO DEL NORTE,KAUSWAGAN,o2532
o2547,mayor-of-bacolod-lanao-del-norte-o2547,"Mayor of Bacolod, Lanao Del Norte",executive,city,elected,LANAO DEL NORTE,BACOLOD,o2532
o2548,mayor-of-magsaysay-lanao-del-norte-o2548,"Mayor of Magsaysay, Lanao Del Norte",executive,city,elected,LANAO DEL NORTE,MAGSAYSAY,o2532
o2549,mayor-of-iligan-lanao-del-norte-o2549,"Mayor of Iligan, Lanao Del Norte",executive,city,elected,LANAO DEL NORTE,ILIGAN,o2532
o2550,mayor-of-maigo-lanao-del-norte-o2550,"Mayor of Maigo, Lanao Del Norte",executive,city,elected,LANAO DEL NORTE,MAIGO,o2532
o2551,mayor-of-baroy-lanao-del-norte-o2551,"Mayor of Baroy, Lanao Del Norte",executive,city,elected,LANAO DEL NORTE,BAROY,o2532
o2552,mayor-of-matungao-lanao-del-norte-o2552,"Mayor of Matungao, Lanao Del Norte",executive,city,elected,LANAO DEL NORTE,MATUNGAO,o2532
o2553,mayor-of-tagoloan-lanao-del-norte-o2553,"Mayor of Tagoloan, Lanao Del Norte",executive,city,elected,LANAO DEL NORTE,TAGOLOAN,o2532
o2554,mayor-of-salvador-lanao-del-norte-o2554,"Mayor of Salvador, Lanao Del Norte",executive,city,elected,LANAO DEL NORTE,SALVADOR,o2532
o2555,mayor-of-poona-piagapo-lanao-del-norte-o2555,"Mayor of Poona Piagapo, Lanao Del Norte",executive,city,elected,LANAO DEL NORTE,POONA PIAGAPO,o2532
o2556,representative-lanao-del-norte-o2556,"Representative, , Lanao Del Norte",legislative,national,elected,LANAO DEL NORTE,,
o2557,provincial-board-member-of-lanao-del-norte-o2557,Provincial Board Member of Lanao Del Norte,legislative,provincial,elected,LANAO DEL NORTE,,
o2558,vice-governor-of-lanao-del-norte-o2558,Vice Governor of Lanao Del Norte,executive,provincial,elected,LANAO DEL NORTE,,
o2559,vice-mayor-of-pantao-ragat-lanao-del-norte-o2559,"Vice Mayor of Pantao Ragat, Lanao Del Norte",executive,city,elected,LANAO DEL NORTE,PANTAO RAGAT,o2532
o2560,vice-mayor-of-baloi-lanao-del-norte-o2560,"Vice Mayor of Baloi, Lanao Del Norte",executive,city,elected,LANAO DEL NORTE,BALOI,o2532
o2561,vice-mayor-of-tubod-lanao-del-norte-o2561,"Vice Mayor of Tubod, Lanao Del Norte",executive,city,elected,LANAO DEL NORTE,TUBOD,o2532
o2562,vice-mayor-of-munai-lanao-del-norte-o2562,"Vice Mayor of Munai, Lanao Del Norte",executive,city,elected,LANAO DEL NORTE,MUNAI,o2532
o2563,vice-mayor-of-kauswagan-lanao-del-norte-o2563,"Vice Mayor of Kauswagan, Lanao Del Norte",executive,city,elected,LANAO DEL NORTE,KAUSWAGAN,o2532
o2564,vice-mayor-of-iligan-lanao-del-norte-o2564,"Vice Mayor of Iligan, Lanao Del Norte",executive,city,elected,LANAO DEL NORTE,ILIGAN,o2532
o2565,vice-mayor-of-pantar-lanao-del-norte-o2565,"Vice Mayor of Pantar, Lanao Del Norte",executive,city,elected,LANAO DEL NORTE,PANTAR,o2532
o2566,vice-mayor-of-linamon-lanao-del-norte-o2566,"Vice Mayor of Linamon, Lanao Del Norte",executive,city,elected,LANAO DEL NORTE,LINAMON,o2532
o2567,vice-mayor-of-kapatagan-lanao-del-norte-o2567,"Vice Mayor of Kapatagan, Lanao Del Norte",executive,city,elected,LANAO DEL NORTE,KAPATAGAN,o2532
o2568,vice-mayor-of-maigo-lanao-del-norte-o2568,"Vice Mayor of Maigo, Lanao Del Norte",executive,city,elected,LANAO DEL NORTE,MAIGO,o2532
o2569,vice-mayor-of-lala-lanao-del-norte-o2569,"Vice Mayor of Lala, Lanao Del Norte",executive,city,elected,LANAO DEL NORTE,LALA,o2532
o2570,vice-mayor-of-kolambugan-lanao-del-norte-o2570,"Vice Mayor of Kolambugan, Lanao Del Norte",executive,city,elected,LANAO DEL NORTE,KOLAMBUGAN,o2532
o2571,vice-mayor-of-bacolod-lanao-del-norte-o2571,"Vice Mayor of Bacolod, Lanao Del Norte",executive,city,elected,LANAO DEL NORTE,BACOLOD,o2532
o2572,vice-mayor-of-baroy-lanao-del-norte-o2572,"Vice Mayor of Baroy, Lanao Del Norte",executive,city,elected,LANAO DEL NORTE,BAROY,o2532
o2573,vice-mayor-of-sultan-naga-dimaporo-lanao-del-norte-o2573,"Vice Mayor of Sultan Naga Dimaporo, Lanao Del Norte",executive,city,elected,LANAO DEL NORTE,SULTAN NAGA DIMAPORO,o2532
o2574,vice-mayor-of-tangcal-lanao-del-norte-o2574,"Vice Mayor of Tangcal, Lanao Del Norte",executive,city,elected,LANAO DEL NORTE,TANGCAL,o2532
o2575,vice-mayor-of-salvador-lanao-del-norte-o2575,"Vice Mayor of Salvador, Lanao Del Norte",executive,city,elected,LANAO DEL NORTE,SALVADOR,o2532
o2576,vice-mayor-of-tagoloan-lanao-del-norte-o2576,"Vice Mayor of Tagoloan, Lanao Del Norte",executive,city,elected,LANAO DEL NORTE,TAGOLOAN,o2532
o2577,vice-mayor-of-magsaysay-lanao-del-norte-o2577,"Vice Mayor of Magsaysay, Lanao Del Norte",executive,city,elected,LANAO DEL NORTE,MAGSAYSAY,o2532
o2578,vice-mayor-of-poona-piagapo-lanao-del-norte-o2578,"Vice Mayor of Poona Piagapo, Lanao Del Norte",executive,city,elected,LANAO DEL NORTE,POONA PIAGAPO,o2532
o2579,vice-mayor-of-sapad-lanao-del-norte-o2579,"Vice Mayor of Sapad, Lanao Del Norte",executive,city,elected,LANAO DEL NORTE,SAPAD,o2532
o2580,vice-mayor-of-matungao-lanao-del-norte-o2580,"Vice Mayor of Matungao, Lanao Del Norte",executive,city,elected,LANAO DEL NORTE,MATUNGAO,o2532
o2581,vice-mayor-of-nunungan-lanao-del-norte-o2581,"Vice Mayor of Nunungan, Lanao Del Norte",executive,city,elected,LANAO DEL NORTE,NUNUNGAN,o2532
o2582,councilor-of-wao-lanao-del-sur-o2582,"Councilor of Wao, Lanao Del Sur",legislative,city,elected,LANAO DEL SUR,WAO,o2617
o2583,councilor-of-piagapo-lanao-del-sur-o2583,"Councilor of Piagapo, Lanao Del Sur",legislative,city,elected,LANAO DEL SUR,PIAGAPO,o2617
o2584,councilor-of-sultan-dumalondong-lanao-del-sur-o2584,"Councilor of Sultan Dumalondong, Lanao Del Sur",legislative,city,elected,LANAO DEL SUR,SULTAN DUMALONDONG,o2617
o2585,councilor-of-marogong-lanao-del-sur-o2585,"Councilor of Marogong, Lanao Del Sur",legislative,city,elected,LANAO DEL SUR,MAROGONG,o2617
o2586,councilor-of-calanogas-lanao-del-sur-o2586,"Councilor of Calanogas, Lanao Del Sur",legislative,city,elected,LANAO DEL SUR,CALANOGAS,o2617
o2587,councilor-of-bacolod-kalawi-lanao-del-sur-o2587,"Councilor of Bacolod Kalawi, Lanao Del Sur",legislative,city,elected,LANAO DEL SUR,BACOLOD KALAWI,o2617
o2588,councilor-of-madamba-lanao-del-sur-o2588,"Councilor of Madamba, Lanao Del Sur",legislative,city,elected,LANAO DEL SUR,MADAMBA,o2617
o2589,councilor-of-tugaya-lanao-del-sur-o2589,"Councilor of Tugaya, Lanao Del Sur",legislative,city,elected,LANAO DEL SUR,TUGAYA,o2617
o2590,councilor-of-madalum-lanao-del-sur-o2590,"Councilor of Madalum, Lanao Del Sur",legislative,city,elected,LANAO DEL SUR,MADALUM,o2617
o2591,councilor-of-pagayawan-lanao-del-sur-o2591,"Councilor of Pagayawan, Lanao Del Sur",legislative,city,elected,LANAO DEL SUR,PAGAYAWAN,o2617
o2592,councilor-of-balabagan-lanao-del-sur-o2592,"Councilor of Balabagan, Lanao Del Sur",legislative,city,elected,LANAO DEL SUR,BALABAGAN,o2617
o2593,councilor-of-bumbaran-lanao-del-sur-o2593,"Councilor of Bumbaran, Lanao Del Sur",legislative,city,elected,LANAO DEL SUR,BUMBARAN,o2617
o2594,councilor-of-malabang-lanao-del-sur-o2594,"Councilor of Malabang, Lanao Del Sur",legislative,city,elected,LANAO DEL SUR,MALABANG,o2617
o2595,councilor-of-kapatagan-lanao-del-sur-o2595,"Councilor of Kapatagan, Lanao Del Sur",legislative,city,elected,LANAO DEL SUR,KAPATAGAN,o2617
o2596,councilor-of-tubaran-lanao-del-sur-o2596,"Councilor of Tubaran, Lanao Del Sur",legislative,city,elected,LANAO DEL SUR,TUBARAN,o2617
o2597,councilor-of-sultan-gumander-lanao-del-sur-o2597,"Councilor of Sultan Gumander, Lanao Del Sur",legislative,city,elected,LANAO DEL SUR,SULTAN GUMANDER,o2617
o2598,councilor-of-ganassi-lanao-del-sur-o2598,"Councilor of Ganassi, Lanao Del Sur",legislative,city,elected,LANAO DEL SUR,GANASSI,o2617
o2599,councilor-of-bubong-lanao-del-sur-o2599,"Councilor of Bubong, Lanao Del Sur",legislative,city,elected,LANAO DEL SUR,BUBONG,o2617
o2600,councilor-of-saguiaran-lanao-del-sur-o2600,"Councilor of Saguiaran, Lanao Del Sur",legislative,city,elected,LANAO DEL SUR,SAGUIARAN,o2617
o2601,councilor-of-marawi-lanao-del-sur-o2601,"Councilor of Marawi, Lanao Del Sur",legislative,city,elected,LANAO DEL SUR,MARAWI,o2617
o2602,councilor-of-taraka-lanao-del-sur-o2602,"Councilor of Taraka, Lanao Del Sur",legislative,city,elected,LANAO DEL SUR,TARAKA,o2617
o2603,councilor-of-maguing-lanao-del-sur-o2603,"Councilor of Maguing, Lanao Del Sur",legislative,city,elected,LANAO DEL SUR,MAGUING,o2617
o2604,councilor-of-lumbayanague-lanao-del-sur-o2604,"Councilor of Lumbayanague, Lanao Del Sur",legislative,city,elected,LANAO DEL SUR,LUMBAYANAGUE,o2617
o2605,councilor-of-pualas-lanao-del-sur-o2605,"Councilor of Pualas, Lanao Del Sur",legislative,city,elected,LANAO DEL SUR,PUALAS,o2617
o2606,councilor-of-ditsaan-ramain-lanao-del-sur-o2606,"Councilor of Ditsaan Ramain, Lanao Del Sur",legislative,city,elected,LANAO DEL SUR,DITSAAN RAMAIN,o2617
o2607,councilor-of-bayang-lanao-del-sur-o2607,"Councilor of Bayang, Lanao Del Sur",legislative,city,elected,LANAO DEL SUR,BAYANG,o2617
o2608,councilor-of-balindong-lanao-del-sur-o2608,"Councilor of Balindong, Lanao Del Sur",legislative,city,elected,LANAO DEL SUR,BALINDONG,o2617
o2609,councilor-of-marantao-lanao-del-sur-o2609,"Councilor of Marantao, Lanao Del Sur",legislative,city,elected,LANAO DEL SUR,MARANTAO,o2617
o2610,councilor-of-tamparan-lanao-del-sur-o2610,"Councilor of Tamparan, Lanao Del Sur",legislative,city,elected,LANAO DEL SUR,TAMPARAN,o2617
o2611,councilor-of-lumba-bayabao-lanao-del-sur-o2611,"Councilor of Lumba Bayabao, Lanao Del Sur",legislative,city,elected,LANAO DEL SUR,LUMBA BAYABAO,o2617
o2612,councilor-of-buadiposo-buntong-lanao-del-sur-o2612,"Councilor of Buadiposo Buntong, Lanao Del Sur",legislative,city,elected,LANAO DEL SUR,BUADIPOSO BUNTONG,o2617
o2613,councilor-of-lumbatan-lanao-del-sur-o2613,"Councilor of Lumbatan, Lanao Del Sur",legislative,city,elected,LANAO DEL SUR,LUMBATAN,o2617
o2614,councilor-of-tagoloan-lanao-del-sur-o2614,"Councilor of Tagoloan, Lanao Del Sur",legislative,city,elected,LANAO DEL SUR,TAGOLOAN,o2617
o2615,councilor-of-masui-lanao-del-sur-o2615,"Councilor of Masui, Lanao Del Sur",legislative,city,elected,LANAO DEL SUR,MASUI,o2617
o2616,councilor-of-mulondo-lanao-del-sur-o2616,"Councilor of Mulondo, Lanao Del Sur",legislative,city,elected,LANAO DEL SUR,MULONDO,o2617
o2617,governor-of-lanao-del-sur-o2617,Governor of Lanao Del Sur,executive,provincial,elected,LANAO DEL SUR,,
o2618,mayor-of-maguing-lanao-del-sur-o2618,"Mayor of Maguing, Lanao Del Sur",executive,city,elected,LANAO DEL SUR,MAGUING,o2617
o2619,mayor-of-marawi-lanao-del-sur-o2619,"Mayor of Marawi, Lanao Del Sur",executive,city,elected,LANAO DEL SUR,MARAWI,o2617
o2620,mayor-of-taraka-lanao-del-sur-o2620,"Mayor of Taraka, Lanao Del Sur",executive,city,elected,LANAO DEL SUR,TARAKA,o2617
o2621,mayor-of-pualas-lanao-del-sur-o2621,"Mayor of Pualas, Lanao Del Sur",executive,city,elected,LANAO DEL SUR,PUALAS,o2617
o2622,mayor-of-lumbayanague-lanao-del-sur-o2622,"Mayor of Lumbayanague, Lanao Del Sur",executive,city,elected,LANAO DEL SUR,LUMBAYANAGUE,o2617
o2623,mayor-of-balindong-lanao-del-sur-o2623,"Mayor of Balindong, Lanao Del Sur",executive,city,elected,LANAO DEL SUR,BALINDONG,o2617
o2624,mayor-of-wao-lanao-del-sur-o2624,"Mayor of Wao, Lanao Del Sur",executive,city,elected,LANAO DEL SUR,WAO,o2617
o2625,mayor-of-tugaya-lanao-del-sur-o2625,"Mayor of Tugaya, Lanao Del Sur",executive,city,elected,LANAO DEL SUR,TUGAYA,o2617
o2626,mayor-of-malabang-lanao-del-sur-o2626,"Mayor of Malabang, Lanao Del Sur",executive,city,elected,LANAO DEL SUR,MALABANG,o2617
o2627,mayor-of-sultan-gumander-lanao-del-sur-o2627,"Mayor of Sultan Gumander, Lanao Del Sur",executive,city,elected,LANAO DEL SUR,SULTAN GUMANDER,o2617
o2628,mayor-of-ditsaan-ramain-lanao-del-sur-o2628,"Mayor of Ditsaan Ramain, Lanao Del Sur",executive,city,elected,LANAO DEL SUR,DITSAAN RAMAIN,o2617
o2629,mayor-of-balabagan-lanao-del-sur-o2629,"Mayor of Balabagan, Lanao Del Sur",executive,city,elected,LANAO DEL SUR,BALABAGAN,o2617
o2630,mayor-of-calanogas-lanao-del-sur-o2630,"Mayor of Calanogas, Lanao Del Sur",executive,city,elected,LANAO DEL SUR,CALANOGAS,o2617
o2631,mayor-of-buadiposo-buntong-lanao-del-sur-o2631,"Mayor of Buadiposo Buntong, Lanao Del Sur",executive,city,elected,LANAO DEL SUR,BUADIPOSO BUNTONG,o2617
o2632,mayor-of-lumba-bayabao-lanao-del-sur-o2632,"Mayor of Lumba Bayabao, Lanao Del Sur",executive,city,elected,LANAO DEL SUR,LUMBA BAYABAO,o2617
o2633,mayor-of-binidayan-lanao-del-sur-o2633,"Mayor of Binidayan, Lanao Del Sur",executive,city,elected,LANAO DEL SUR,BINIDAYAN,o2617
o2634,mayor-of-pagayawan-lanao-del-sur-o2634,"Mayor of Pagayawan, Lanao Del Sur",executive,city,elected,LANAO DEL SUR,PAGAYAWAN,o2617
o2635,mayor-of-bacolod-kalawi-lanao-del-sur-o2635,"Mayor of Bacolod Kalawi, Lanao Del Sur",executive,city,elected,LANAO DEL SUR,BACOLOD KALAWI,o2617
o2636,mayor-of-tamparan-lanao-del-sur-o2636,"Mayor of Tamparan, Lanao Del Sur",executive,city,elected,LANAO DEL SUR,TAMPARAN,o2617
o2637,mayor-of-marantao-lanao-del-sur-o2637,"Mayor of Marantao, Lanao Del Sur",executive,city,elected,LANAO DEL SUR,MARANTAO,o2617
o2638,mayor-of-mulondo-lanao-del-sur-o2638,"Mayor of Mulondo, Lanao Del Sur",executive,city,elected,LANAO DEL SUR,MULONDO,o2617
o2639,mayor-of-sultan-dumalondong-lanao-del-sur-o2639,"Mayor of Sultan Dumalondong, Lanao Del Sur",executive,city,elected,LANAO DEL SUR,SULTAN DUMALONDONG,o2617
o2640,mayor-of-lumbatan-lanao-del-sur-o2640,"Mayor of Lumbatan, Lanao Del Sur",executive,city,elected,LANAO DEL SUR,LUMBATAN,o2617
o2641,mayor-of-saguiaran-lanao-del-sur-o2641,"Mayor of Saguiaran, Lanao Del Sur",executive,city,elected,LANAO DEL SUR,SAGUIARAN,o2617
o2642,mayor-of-ganassi-lanao-del-sur-o2642,"Mayor of Ganassi, Lanao Del Sur",executive,city,elected,LANAO DEL SUR,GANASSI,o2617
o2643,mayor-of-piagapo-lanao-del-sur-o2643,"Mayor of Piagapo, Lanao Del Sur",executive,city,elected,LANAO DEL SUR,PIAGAPO,o2617
o2644,mayor-of-kapatagan-lanao-del-sur-o2644,"Mayor of Kapatagan, Lanao Del Sur",executive,city,elected,LANAO DEL SUR,KAPATAGAN,o2617
o2645,mayor-of-tagoloan-lanao-del-sur-o2645,"Mayor of Tagoloan, Lanao Del Sur",executive,city,elected,LANAO DEL SUR,TAGOLOAN,o2617
o2646,mayor-of-bayang-lanao-del-sur-o2646,"Mayor of Bayang, Lanao Del Sur",executive,city,elected,LANAO DEL SUR,BAYANG,o2617
o2647,mayor-of-bumbaran-lanao-del-sur-o2647,"Mayor of Bumbaran, Lanao Del Sur",executive,city,elected,LANAO DEL SUR,BUMBARAN,o2617
o2648,mayor-of-kapai-lanao-del-sur-o2648,"Mayor of Kapai, Lanao Del Sur",executive,city,elected,LANAO DEL SUR,KAPAI,o2617
o2649,mayor-of-marogong-lanao-del-sur-o2649,"Mayor of Marogong, Lanao Del Sur",executive,city,elected,LANAO DEL SUR,MAROGONG,o2617
o2650,mayor-of-madamba-lanao-del-sur-o2650,"Mayor of Madamba, Lanao Del Sur",executive,city,elected,LANAO DEL SUR,MADAMBA,o2617
o2651,mayor-of-bubong-lanao-del-sur-o2651,"Mayor of Bubong, Lanao Del Sur",executive,city,elected,LANAO DEL SUR,BUBONG,o2617
o2652,mayor-of-masui-lanao-del-sur-o2652,"Mayor of Masui, Lanao Del Sur",executive,city,elected,LANAO DEL SUR,MASUI,o2617
o2653,mayor-of-butig-lanao-del-sur-o2653,"Mayor of Butig, Lanao Del Sur",executive,city,elected,LANAO DEL SUR,BUTIG,o2617
o2654,mayor-of-tubaran-lanao-del-sur-o2654,"Mayor of Tubaran, Lanao Del Sur",executive,city,elected,LANAO DEL SUR,TUBARAN,o2617
o2655,mayor-of-madalum-lanao-del-sur-o2655,"Mayor of Madalum, Lanao Del Sur",executive,city,elected,LANAO DEL SUR,MADALUM,o2617
o2656,representative-lanao-del-sur-o2656,"Representative, , Lanao Del Sur",legislative,national,elected,LANAO DEL SUR,,
o2657,provincial-board-member-of-lanao-del-sur-o2657,Provincial Board Member of Lanao Del Sur,legislative,provincial,elected,LANAO DEL SUR,,
o2658,vice-governor-of-lanao-del-sur-o2658,Vice Governor of Lanao Del Sur,executive,provincial,elected,LANAO DEL SUR,,
o2659,vice-mayor-of-sultan-gumander-lanao-del-sur-o2659,"Vice Mayor of Sultan Gumander, Lanao Del Sur",executive,city,elected,LANAO DEL SUR,SULTAN GUMANDER,o2617
o2660,vice-mayor-of-mulondo-lanao-del-sur-o2660,"Vice Mayor of Mulondo, Lanao Del Sur",executive,city,elected,LANAO DEL SUR,MULONDO,o2617
o2661,vice-mayor-of-tamparan-lanao-del-sur-o2661,"Vice Mayor of Tamparan, Lanao Del Sur",executive,city,elected,LANAO DEL SUR,TAMPARAN,o2617
o2662,vice-mayor-of-tubaran-lanao-del-sur-o2662,"Vice Mayor of Tubaran, Lanao Del Sur",executive,city,elected,LANAO DEL SUR,TUBARAN,o2617
o2663,vice-mayor-of-bayang-lanao-del-sur-o2663,"Vice Mayor of Bayang, Lanao Del Sur",executive,city,elected,LANAO DEL SUR,BAYANG,o2617
o2664,vice-mayor-of-lumbayanague-lanao-del-sur-o2664,"Vice Mayor of Lumbayanague, Lanao Del Sur",executive,city,elected,LANAO DEL SUR,LUMBAYANAGUE,o2617
o2665,vice-mayor-of-calanogas-lanao-del-sur-o2665,"Vice Mayor of Calanogas, Lanao Del Sur",executive,city,elected,LANAO DEL SUR,CALANOGAS,o2617
o2666,vice-mayor-of-tagoloan-lanao-del-sur-o2666,"Vice Mayor of Tagoloan, Lanao Del Sur",executive,city,elected,LANAO DEL SUR,TAGOLOAN,o2617
o2667,vice-mayor-of-marantao-lanao-del-sur-o2667,"Vice Mayor of Marantao, Lanao Del Sur",executive,city,elected,LANAO DEL SUR,MARANTAO,o2617
o2668,vice-mayor-of-piagapo-lanao-del-sur-o2668,"Vice Mayor of Piagapo, Lanao Del Sur",executive,city,elected,LANAO DEL SUR,PIAGAPO,o2617
o2669,vice-mayor-of-ganassi-lanao-del-sur-o2669,"Vice Mayor of Ganassi, Lanao Del Sur",executive,city,elected,LANAO DEL SUR,GANASSI,o2617
o2670,vice-mayor-of-buadiposo-buntong-lanao-del-sur-o2670,"Vice Mayor of Buadiposo Buntong, Lanao Del Sur",executive,city,elected,LANAO DEL SUR,BUADIPOSO BUNTONG,o2617
o2671,vice-mayor-of-marogong-lanao-del-sur-o2671,"Vice Mayor of Marogong, Lanao Del Sur",executive,city,elected,LANAO DEL SUR,MAROGONG,o2617
o2672,vice-mayor-of-pualas-lanao-del-sur-o2672,"Vice Mayor of Pualas, Lanao Del Sur",executive,city,elected,LANAO DEL SUR,PUALAS,o2617
o2673,vice-mayor-of-butig-lanao-del-sur-o2673,"Vice Mayor of Butig, Lanao Del Sur",executive,city,elected,LANAO DEL SUR,BUTIG,o2617
o2674,vice-mayor-of-kapai-lanao-del-sur-o2674,"Vice Mayor of Kapai, Lanao Del Sur",executive,city,elected,LANAO DEL SUR,KAPAI,o2617
o2675,vice-mayor-of-kapatagan-lanao-del-sur-o2675,"Vice Mayor of Kapatagan, Lanao Del Sur",executive,city,elected,LANAO DEL SUR,KAPATAGAN,o2617
o2676,vice-mayor-of-malabang-lanao-del-sur-o2676,"Vice Mayor of Malabang, Lanao Del Sur",executive,city,elected,LANAO DEL SUR,MALABANG,o2617
o2677,vice-mayor-of-ditsaan-ramain-lanao-del-sur-o2677,"Vice Mayor of Ditsaan Ramain, Lanao Del Sur",executive,city,elected,LANAO DEL SUR,DITSAAN RAMAIN,o2617
o2678,vice-mayor-of-binidayan-lanao-del-sur-o2678,"Vice Mayor of Binidayan, Lanao Del Sur",executive,city,elected,LANAO DEL SUR,BINIDAYAN,o2617
o2679,vice-mayor-of-sultan-dumalondong-lanao-del-sur-o2679,"Vice Mayor of Sultan Dumalondong, Lanao Del Sur",executive,city,elected,LANAO DEL SUR,SULTAN DUMALONDONG,o2617
o2680,vice-mayor-of-maguing-lanao-del-sur-o2680,"Vice Mayor of Maguing, Lanao Del Sur",executive,city,elected,LANAO DEL SUR,MAGUING,o2617
o2681,vice-mayor-of-bubong-lanao-del-sur-o2681,"Vice Mayor of Bubong, Lanao Del Sur",executive,city,elected,LANAO DEL SUR,BUBONG,o2617
o2682,vice-mayor-of-taraka-lanao-del-sur-o2682,"Vice Mayor of Taraka, Lanao Del Sur",executive,city,elected,LANAO DEL SUR,TARAKA,o2617
o2683,vice-mayor-of-madamba-lanao-del-sur-o2683,"Vice Mayor of Madamba, Lanao Del Sur",executive,city,elected,LANAO DEL SUR,MADAMBA,o2617
o2684,vice-mayor-of-wao-lanao-del-sur-o2684,"Vice Mayor of Wao, Lanao Del Sur",executive,city,elected,LANAO DEL SUR,WAO,o2617
o2685,vice-mayor-of-lumba-bayabao-lanao-del-sur-o2685,"Vice Mayor of Lumba Bayabao, Lanao Del Sur",executive,city,elected,LANAO DEL SUR,LUMBA BAYABAO,o2617
o2686,vice-mayor-of-marawi-lanao-del-sur-o2686,"Vice Mayor of Marawi, Lanao Del Sur",executive,city,elected,LANAO DEL SUR,MARAWI,o2617
o2687,vice-mayor-of-tugaya-lanao-del-sur-o2687,"Vice Mayor of Tugaya, Lanao Del Sur",executive,city,elected,LANAO DEL SUR,TUGAYA,o2617
o2688,vice-mayor-of-bacolod-kalawi-lanao-del-sur-o2688,"Vice Mayor of Bacolod Kalawi, Lanao Del Sur",executive,city,elected,LANAO DEL SUR,BACOLOD KALAWI,o2617
o2689,vice-mayor-of-balindong-lanao-del-sur-o2689,"Vice Mayor of Balindong, Lanao Del Sur",executive,city,elected,LANAO DEL SUR,BALINDONG,o2617
o2690,vice-mayor-of-masui-lanao-del-sur-o2690,"Vice Mayor of Masui, Lanao Del Sur",executive,city,elected,LANAO DEL SUR,MASUI,o2617
o2691,vice-mayor-of-balabagan-lanao-del-sur-o2691,"Vice Mayor of Balabagan, Lanao Del Sur",executive,city,elected,LANAO DEL SUR,BALABAGAN,o2617
o2692,vice-mayor-of-pagayawan-lanao-del-sur-o2692,"Vice Mayor of Pagayawan, Lanao Del Sur",executive,city,elected,LANAO DEL SUR,PAGAYAWAN,o2617
o2693,vice-mayor-of-madalum-lanao-del-sur-o2693,"Vice Mayor of Madalum, Lanao Del Sur",executive,city,elected,LANAO DEL SUR,MADALUM,o2617
o2694,vice-mayor-of-bumbaran-lanao-del-sur-o2694,"Vice Mayor of Bumbaran, Lanao Del Sur",executive,city,elected,LANAO DEL SUR,BUMBARAN,o2617
o2695,vice-mayor-of-saguiaran-lanao-del-sur-o2695,"Vice Mayor of Saguiaran, Lanao Del Sur",executive,city,elected,LANAO DEL SUR,SAGUIARAN,o2617
o2696,vice-mayor-of-lumbatan-lanao-del-sur-o2696,"Vice Mayor of Lumbatan, Lanao Del Sur",executive,city,elected,LANAO DEL SUR,LUMBATAN,o2617
o2697,councilor-of-pastrana-leyte-o2697,"Councilor of Pastrana, Leyte",legislative,city,elected,LEYTE,PASTRANA,o2740
o2698,councilor-of-javier-leyte-o2698,"Councilor of Javier, Leyte",legislative,city,elected,LEYTE,JAVIER,o2740
o2699,councilor-of-carigara-leyte-o2699,"Councilor of Carigara, Leyte",legislative,city,elected,LEYTE,CARIGARA,o2740
o2700,councilor-of-mayorga-leyte-o2700,"Councilor of Mayorga, Leyte",legislative,city,elected,LEYTE,MAYORGA,o2740
o2701,councilor-of-palo-leyte-o2701,"Councilor of Palo, Leyte",legislative,city,elected,LEYTE,PALO,o2740
o2702,councilor-of-tabontabon-leyte-o2702,"Councilor of Tabontabon, Leyte",legislative,city,elected,LEYTE,TABONTABON,o2740
o2703,councilor-of-dulag-leyte-o2703,"Councilor of Dulag, Leyte",legislative,city,elected,LEYTE,DULAG,o2740
o2704,councilor-of-villaba-leyte-o2704,"Councilor of Villaba, Leyte",legislative,city,elected,LEYTE,VILLABA,o2740
o2705,councilor-of-la-paz-leyte-o2705,"Councilor of La Paz, Leyte",legislative,city,elected,LEYTE,LA PAZ,o2740
o2706,councilor-of-isabel-leyte-o2706,"Councilor of Isabel, Leyte",legislative,city,elected,LEYTE,ISABEL,o2740
o2707,councilor-of-barugo-leyte-o2707,"Councilor of Barugo, Leyte",legislative,city,elected,LEYTE,BARUGO,o2740
o2708,councilor-of-macarthur-leyte-o2708,"Councilor of Macarthur, Leyte",legislative,city,elected,LEYTE,MACARTHUR,o2740
o2709,councilor-of-mahaplag-leyte-o2709,"Councilor of Mahaplag, Leyte",legislative,city,elected,LEYTE,MAHAPLAG,o2740
o2710,councilor-of-merida-leyte-o2710,"Councilor of Merida, Leyte",legislative,city,elected,LEYTE,MERIDA,o2740
o2711,councilor-of-tacloban-leyte-o2711,"Councilor of Tacloban, Leyte",legislative,city,elected,LEYTE,TACLOBAN,o2740
o2712,councilor-of-ormoc-leyte-o2712,"Councilor of Ormoc, Leyte",legislative,city,elected,LEYTE,ORMOC,o2740
o2713,councilor-of-alangalang-leyte-o2713,"Councilor of Alangalang, Leyte",legislative,city,elected,LEYTE,ALANGALANG,o2740
o2714,councilor-of-jaro-leyte-o2714,"Councilor of Jaro, Leyte",legislative,city,elected,LEYTE,JARO,o2740
o2715,councilor-of-santa-fe-leyte-o2715,"Councilor of Santa Fe, Leyte",legislative,city,elected,LEYTE,SANTA FE,o2740
o2716,councilor-of-kananga-leyte-o2716,"Councilor of Kananga, Leyte",legislative,city,elected,LEYTE,KANANGA,o2740
o2717,councilor-of-san-miguel-leyte-o2717,"Councilor of San Miguel, Leyte",legislative,city,elected,LEYTE,SAN MIGUEL,o2740
o2718,councilor-of-tunga-leyte-o2718,"Councilor of Tunga, Leyte",legislative,city,elected,LEYTE,TUNGA,o2740
o2719,councilor-of-bato-leyte-o2719,"Councilor of Bato, Leyte",legislative,city,elected,LEYTE,BATO,o2740
o2720,councilor-of-albuera-leyte-o2720,"Councilor of Albuera, Leyte",legislative,city,elected,LEYTE,ALBUERA,o2740
o2721,councilor-of-tanauan-leyte-o2721,"Councilor of Tanauan, Leyte",legislative,city,elected,LEYTE,TANAUAN,o2740
o2722,councilor-of-inopacan-leyte-o2722,"Councilor of Inopacan, Leyte",legislative,city,elected,LEYTE,INOPACAN,o2740
o2723,councilor-of-capoocan-leyte-o2723,"Councilor of Capoocan, Leyte",legislative,city,elected,LEYTE,CAPOOCAN,o2740
o2724,councilor-of-palompon-leyte-o2724,"Councilor of Palompon, Leyte",legislative,city,elected,LEYTE,PALOMPON,o2740
o2725,councilor-of-dagami-leyte-o2725,"Councilor of Dagami, Leyte",legislative,city,elected,LEYTE,DAGAMI,o2740
o2726,councilor-of-leyte-leyte-o2726,"Councilor of Leyte, Leyte",legislative,city,elected,LEYTE,LEYTE,o2740
o2727,councilor-of-babatngon-leyte-o2727,"Councilor of Babatngon, Leyte",legislative,city,elected,LEYTE,BABATNGON,o2740
o2728,councilor-of-calubian-leyte-o2728,"Councilor of Calubian, Leyte",legislative,city,elected,LEYTE,CALUBIAN,o2740
o2729,councilor-of-tolosa-leyte-o2729,"Councilor of Tolosa, Leyte",legislative,city,elected,LEYTE,TOLOSA,o2740
o2730,councilor-of-baybay-leyte-o2730,"Councilor of Baybay, Leyte",legislative,city,elected,LEYTE,BAYBAY,o2740
o2731,councilor-of-julita-leyte-o2731,"Councilor of Julita, Leyte",legislative,city,elected,LEYTE,JULITA,o2740
o2732,councilor-of-hindang-leyte-o2732,"Councilor of Hindang, Leyte",legislative,city,elected,LEYTE,HINDANG,o2740
o2733,councilor-of-tabango-leyte-o2733,"Councilor of Tabango, Leyte",legislative,city,elected,LEYTE,TABANGO,o2740
o2734,councilor-of-burauen-leyte-o2734,"Councilor of Burauen, Leyte",legislative,city,elected,LEYTE,BURAUEN,o2740
o2735,councilor-of-matalom-leyte-o2735,"Councilor of Matalom, Leyte",legislative,city,elected,LEYTE,MATALOM,o2740
o2736,councilor-of-abuyog-leyte-o2736,"Councilor of Abuyog, Leyte",legislative,city,elected,LEYTE,ABUYOG,o2740
o2737,councilor-of-san-isidro-leyte-o2737,"Councilor of San Isidro, Leyte",legislative,city,elected,LEYTE,SAN ISIDRO,o2740
o2738,councilor-of-hilongos-leyte-o2738,"Councilor of Hilongos, Leyte",legislative,city,elected,LEYTE,HILONGOS,o2740
o2739,councilor-of-matag-ob-leyte-o2739,"Councilor of Matag Ob, Leyte",legislative,city,elected,LEYTE,MATAG OB,o2740
o2740,governor-of-leyte-o2740,Governor of Leyte,executive,provincial,elected,LEYTE,,
o2741,mayor-of-mayorga-leyte-o2741,"Mayor of Mayorga, Leyte",executive,city,elected,LEYTE,MAYORGA,o2740
o2742,mayor-of-san-miguel-leyte-o2742,"Mayor of San Miguel, Leyte",executive,city,elected,LEYTE,SAN MIGUEL,o2740
o2743,mayor-of-san-isidro-leyte-o2743,"Mayor of San Isidro, Leyte",executive,city,elected,LEYTE,SAN ISIDRO,o2740
o2744,mayor-of-baybay-leyte-o2744,"Mayor of Baybay, Leyte",executive,city,elected,LEYTE,BAYBAY,o2740
o2745,mayor-of-pastrana-leyte-o2745,"Mayor of Pastrana, Leyte",executive,city,elected,LEYTE,PASTRANA,o2740
o2746,mayor-of-la-paz-leyte-o2746,"Mayor of La Paz, Leyte",executive,city,elected,LEYTE,LA PAZ,o2740
o2747,mayor-of-javier-leyte-o2747,"Mayor of Javier, Leyte",executive,city,elected,LEYTE,JAVIER,o2740
o2748,mayor-of-albuera-leyte-o2748,"Mayor of Albuera, Leyte",executive,city,elected,LEYTE,ALBUERA,o2740
o2749,mayor-of-palo-leyte-o2749,"Mayor of Palo, Leyte",executive,city,elected,LEYTE,PALO,o2740
o2750,mayor-of-babatngon-leyte-o2750,"Mayor of Babatngon, Leyte",executive,city,elected,LEYTE,BABATNGON,o2740
o2751,mayor-of-santa-fe-leyte-o2751,"Mayor of Santa Fe, Leyte",executive,city,elected,LEYTE,SANTA FE,o2740
o2752,mayor-of-isabel-leyte-o2752,"Mayor of Isabel, Leyte",executive,city,elected,LEYTE,ISABEL,o2740
o2753,mayor-of-hilongos-leyte-o2753,"Mayor of Hilongos, Leyte",executive,city,elected,LEYTE,HILONGOS,o2740
o2754,mayor-of-hindang-leyte-o2754,"Mayor of Hindang, Leyte",executive,city,elected,LEYTE,HINDANG,o2740
o2755,mayor-of-tabontabon-leyte-o2755,"Mayor of Tabontabon, Leyte",executive,city,elected,LEYTE,TABONTABON,o2740
o2756,mayor-of-bato-leyte-o2756,"Mayor of Bato, Leyte",executive,city,elected,LEYTE,BATO,o2740
o2757,mayor-of-mahaplag-leyte-o2757,"Mayor of Mahaplag, Leyte",executive,city,elected,LEYTE,MAHAPLAG,o2740
o2758,mayor-of-carigara-leyte-o2758,"Mayor of Carigara, Leyte",executive,city,elected,LEYTE,CARIGARA,o2740
o2759,mayor-of-macarthur-leyte-o2759,"Mayor of Macarthur, Leyte",executive,city,elected,LEYTE,MACARTHUR,o2740
o2760,mayor-of-inopacan-leyte-o2760,"Mayor of Inopacan, Leyte",executive,city,elected,LEYTE,INOPACAN,o2740
o2761,mayor-of-ormoc-leyte-o2761,"Mayor of Ormoc, Leyte",executive,city,elected,LEYTE,ORMOC,o2740
o2762,mayor-of-kananga-leyte-o2762,"Mayor of Kananga, Leyte",executive,city,elected,LEYTE,KANANGA,o2740
o2763,mayor-of-tunga-leyte-o2763,"Mayor of Tunga, Leyte",executive,city,elected,LEYTE,TUNGA,o2740
o2764,mayor-of-dagami-leyte-o2764,"Mayor of Dagami, Leyte",executive,city,elected,LEYTE,DAGAMI,o2740
o2765,mayor-of-palompon-leyte-o2765,"Mayor of Palompon, Leyte",executive,city,elected,LEYTE,PALOMPON,o2740
o2766,mayor-of-matalom-leyte-o2766,"Mayor of Matalom, Leyte",executive,city,elected,LEYTE,MATALOM,o2740
o2767,mayor-of-calubian-leyte-o2767,"Mayor of Calubian, Leyte",executive,city,elected,LEYTE,CALUBIAN,o2740
o2768,mayor-of-capoocan-leyte-o2768,"Mayor of Capoocan, Leyte",executive,city,elected,LEYTE,CAPOOCAN,o2740
o2769,mayor-of-dulag-leyte-o2769,"Mayor of Dulag, Leyte",executive,city,elected,LEYTE,DULAG,o2740
o2770,mayor-of-jaro-leyte-o2770,"Mayor of Jaro, Leyte",executive,city,elected,LEYTE,JARO,o2740
o2771,mayor-of-julita-leyte-o2771,"Mayor of Julita, Leyte",executive,city,elected,LEYTE,JULITA,o2740
o2772,mayor-of-tabango-leyte-o2772,"Mayor of Tabango, Leyte",executive,city,elected,LEYTE,TABANGO,o2740
o2773,mayor-of-burauen-leyte-o2773,"Mayor of Burauen, Leyte",executive,city,elected,LEYTE,BURAUEN,o2740
o2774,mayor-of-tacloban-leyte-o2774,"Mayor of Tacloban, Leyte",executive,city,elected,LEYTE,TACLOBAN,o2740
o2775,mayor-of-tanauan-leyte-o2775,"Mayor of Tanauan, Leyte",executive,city,elected,LEYTE,TANAUAN,o2740
o2776,mayor-of-matag-ob-leyte-o2776,"Mayor of Matag Ob, Leyte",executive,city,elected,LEYTE,MATAG OB,o2740
o2777,mayor-of-abuyog-leyte-o2777,"Mayor of Abuyog, Leyte",executive,city,elected,LEYTE,ABUYOG,o2740
o2778,mayor-of-villaba-leyte-o2778,"Mayor of Villaba, Leyte",executive,city,elected,LEYTE,VILLABA,o2740
o2779,mayor-of-barugo-leyte-o2779,"Mayor of Barugo, Leyte",executive,city,elected,LEYTE,BARUGO,o2740
o2780,mayor-of-merida-leyte-o2780,"Mayor of Merida, Leyte",executive,city,elected,LEYTE,MERIDA,o2740
o2781,mayor-of-leyte-leyte-o2781,"Mayor of Leyte, Leyte",executive,city,elected,LEYTE,LEYTE,o2740
o2782,mayor-of-alangalang-leyte-o2782,"Mayor of Alangalang, Leyte",executive,city,elected,LEYTE,ALANGALANG,o2740
o2783,mayor-of-tolosa-leyte-o2783,"Mayor of Tolosa, Leyte",executive,city,elected,LEYTE,TOLOSA,o2740
o2784,representative-leyte-o2784,"Representative, , Leyte",legislative,national,elected,LEYTE,,
o2785,provincial-board-member-of-leyte-o2785,Provincial Board Member of Leyte,legislative,provincial,elected,LEYTE,,
o2786,vice-governor-of-leyte-o2786,Vice Governor of Leyte,executive,provincial,elected,LEYTE,,
o2787,vice-mayor-of-ormoc-leyte-o2787,"Vice Mayor of Ormoc, Leyte",executive,city,elected,LEYTE,ORMOC,o2740
o2788,vice-mayor-of-leyte-leyte-o2788,"Vice Mayor of Leyte, Leyte",executive,city,elected,LEYTE,LEYTE,o2740
o2789,vice-mayor-of-barugo-leyte-o2789,"Vice Mayor of Barugo, Leyte",executive,city,elected,LEYTE,BARUGO,o2740
o2790,vice-mayor-of-san-miguel-leyte-o2790,"Vice Mayor of San Miguel, Leyte",executive,city,elected,LEYTE,SAN MIGUEL,o2740
o2791,vice-mayor-of-albuera-leyte-o2791,"Vice Mayor of Albuera, Leyte",executive,city,elected,LEYTE,ALBUERA,o2740
o2792,vice-mayor-of-mahaplag-leyte-o2792,"Vice Mayor of Mahaplag, Leyte",executive,city,elected,LEYTE,MAHAPLAG,o2740
o2793,vice-mayor-of-dagami-leyte-o2793,"Vice Mayor of Dagami, Leyte",executive,city,elected,LEYTE,DAGAMI,o2740
o2794,vice-mayor-of-macarthur-leyte-o2794,"Vice Mayor of Macarthur, Leyte",executive,city,elected,LEYTE,MACARTHUR,o2740
o2795,vice-mayor-of-tolosa-leyte-o2795,"Vice Mayor of Tolosa, Leyte",executive,city,elected,LEYTE,TOLOSA,o2740
o2796,vice-mayor-of-la-paz-leyte-o2796,"Vice Mayor of La Paz, Leyte",executive,city,elected,LEYTE,LA PAZ,o2740
o2797,vice-mayor-of-julita-leyte-o2797,"Vice Mayor of Julita, Leyte",executive,city,elected,LEYTE,JULITA,o2740
o2798,vice-mayor-of-baybay-leyte-o2798,"Vice Mayor of Baybay, Leyte",executive,city,elected,LEYTE,BAYBAY,o2740
o2799,vice-mayor-of-isabel-leyte-o2799,"Vice Mayor of Isabel, Leyte",executive,city,elected,LEYTE,ISABEL,o2740
o2800,vice-mayor-of-tacloban-leyte-o2800,"Vice Mayor of Tacloban, Leyte",executive,city,elected,LEYTE,TACLOBAN,o2740
o2801,vice-mayor-of-mayorga-leyte-o2801,"Vice Mayor of Mayorga, Leyte",executive,city,elected,LEYTE,MAYORGA,o2740
o2802,vice-mayor-of-calubian-leyte-o2802,"Vice Mayor of Calubian, Leyte",executive,city,elected,LEYTE,CALUBIAN,o2740
o2803,vice-mayor-of-merida-leyte-o2803,"Vice Mayor of Merida, Leyte",executive,city,elected,LEYTE,MERIDA,o2740
o2804,vice-mayor-of-jaro-leyte-o2804,"Vice Mayor of Jaro, Leyte",executive,city,elected,LEYTE,JARO,o2740
o2805,vice-mayor-of-bato-leyte-o2805,"Vice Mayor of Bato, Leyte",executive,city,elected,LEYTE,BATO,o2740
o2806,vice-mayor-of-dulag-leyte-o2806,"Vice Mayor of Dulag, Leyte",executive,city,elected,LEYTE,DULAG,o2740
o2807,vice-mayor-of-palo-leyte-o2807,"Vice Mayor of Palo, Leyte",executive,city,elected,LEYTE,PALO,o2740
o2808,vice-mayor-of-javier-leyte-o2808,"Vice Mayor of Javier, Leyte",executive,city,elected,LEYTE,JAVIER,o2740
o2809,vice-mayor-of-santa-fe-leyte-o2809,"Vice Mayor of Santa Fe, Leyte",executive,city,elected,LEYTE,SANTA FE,o2740
o2810,vice-mayor-of-kananga-leyte-o2810,"Vice Mayor of Kananga, Leyte",executive,city,elected,LEYTE,KANANGA,o2740
o2811,vice-mayor-of-inopacan-leyte-o2811,"Vice Mayor of Inopacan, Leyte",executive,city,elected,LEYTE,INOPACAN,o2740
o2812,vice-mayor-of-hindang-leyte-o2812,"Vice Mayor of Hindang, Leyte",executive,city,elected,LEYTE,HINDANG,o2740
o2813,vice-mayor-of-pastrana-leyte-o2813,"Vice Mayor of Pastrana, Leyte",executive,city,elected,LEYTE,PASTRANA,o2740
o2814,vice-mayor-of-capoocan-leyte-o2814,"Vice Mayor of Capoocan, Leyte",executive,city,elected,LEYTE,CAPOOCAN,o2740
o2815,vice-mayor-of-matag-ob-leyte-o2815,"Vice Mayor of Matag Ob, Leyte",executive,city,elected,LEYTE,MATAG OB,o2740
o2816,vice-mayor-of-tanauan-leyte-o2816,"Vice Mayor of Tanauan, Leyte",executive,city,elected,LEYTE,TANAUAN,o2740
o2817,vice-mayor-of-tunga-leyte-o2817,"Vice Mayor of Tunga, Leyte",executive,city,elected,LEYTE,TUNGA,o2740
o2818,vice-mayor-of-tabontabon-leyte-o2818,"Vice Mayor of Tabontabon, Leyte",executive,city,elected,LEYTE,TABONTABON,o2740
o2819,vice-mayor-of-abuyog-leyte-o2819,"Vice Mayor of Abuyog, Leyte",executive,city,elected,LEYTE,ABUYOG,o2740
o2820,vice-mayor-of-babatngon-leyte-o2820,"Vice Mayor of Babatngon, Leyte",executive,city,elected,LEYTE,BABATNGON,o2740
o2821,vice-mayor-of-san-isidro-leyte-o2821,"Vice Mayor of San Isidro, Leyte",executive,city,elected,LEYTE,SAN ISIDRO,o2740
o2822,vice-mayor-of-villaba-leyte-o2822,"Vice Mayor of Villaba, Leyte",executive,city,elected,LEYTE,VILLABA,o2740
o2823,vice-mayor-of-burauen-leyte-o2823,"Vice Mayor of Burauen, Leyte",executive,city,elected,LEYTE,BURAUEN,o2740
o2824,vice-mayor-of-carigara-leyte-o2824,"Vice Mayor of Carigara, Leyte",executive,city,elected,LEYTE,CARIGARA,o2740
o2825,vice-mayor-of-matalom-leyte-o2825,"Vice Mayor of Matalom, Leyte",executive,city,elected,LEYTE,MATALOM,o2740
o2826,vice-mayor-of-palompon-leyte-o2826,"Vice Mayor of Palompon, Leyte",executive,city,elected,LEYTE,PALOMPON,o2740
o2827,vice-mayor-of-tabango-leyte-o2827,"Vice Mayor of Tabango, Leyte",executive,city,elected,LEYTE,TABANGO,o2740
o2828,vice-mayor-of-hilongos-leyte-o2828,"Vice Mayor of Hilongos, Leyte",executive,city,elected,LEYTE,HILONGOS,o2740
o2829,vice-mayor-of-alangalang-leyte-o2829,"Vice Mayor of Alangalang, Leyte",executive,city,elected,LEYTE,ALANGALANG,o2740
o2830,councilor-of-sultan-kudarat-maguindanao-o2830,"Councilor of Sultan Kudarat, Maguindanao",legislative,city,elected,MAGUINDANAO,SULTAN KUDARAT,o2851
o2831,councilor-of-datu-paglas-maguindanao-o2831,"Councilor of Datu Paglas, Maguindanao",legislative,city,elected,MAGUINDANAO,DATU PAGLAS,o2851
o2832,councilor-of-mamasapano-maguindanao-o2832,"Councilor of Mamasapano, Maguindanao",legislative,city,elected,MAGUINDANAO,MAMASAPANO,o2851
o2833,councilor-of-shariff-aguak-capital-maguindanao-o2833,"Councilor of Shariff Aguak Capital, Maguindanao",legislative,city,elected,MAGUINDANAO,SHARIFF AGUAK CAPITAL,o2851
o2834,councilor-of-upi-maguindanao-o2834,"Councilor of Upi, Maguindanao",legislative,city,elected,MAGUINDANAO,UPI,o2851
o2835,councilor-of-pagagawan-maguindanao-o2835,"Councilor of Pagagawan, Maguindanao",legislative,city,elected,MAGUINDANAO,PAGAGAWAN,o2851
o2836,councilor-of-matanog-maguindanao-o2836,"Councilor of Matanog, Maguindanao",legislative,city,elected,MAGUINDANAO,MATANOG,o2851
o2837,councilor-of-cotabato-maguindanao-o2837,"Councilor of Cotabato, Maguindanao",legislative,city,elected,MAGUINDANAO,COTABATO,o2851
o2838,councilor-of-barira-maguindanao-o2838,"Councilor of Barira, Maguindanao",legislative,city,elected,MAGUINDANAO,BARIRA,o2851
o2839,councilor-of-south-upi-maguindanao-o2839,"Councilor of South Upi, Maguindanao",legislative,city,elected,MAGUINDANAO,SOUTH UPI,o2851
o2840,councilor-of-gen-s-k-pendatun-maguindanao-o2840,"Councilor of Gen S K Pendatun, Maguindanao",legislative,city,elected,MAGUINDANAO,GEN S K PENDATUN,o2851
o2841,councilor-of-talitay-maguindanao-o2841,"Councilor of Talitay, Maguindanao",legislative,city,elected,MAGUINDANAO,TALITAY,o2851
o2842,councilor-of-datu-piang-maguindanao-o2842,"Councilor of Datu Piang, Maguindanao",legislative,city,elected,MAGUINDANAO,DATU PIANG,o2851
o2843,councilor-of-sultan-sa-barongis-maguindanao-o2843,"Councilor of Sultan Sa Barongis, Maguindanao",legislative,city,elected,MAGUINDANAO,SULTAN SA BARONGIS,o2851
o2844,councilor-of-parang-maguindanao-o2844,"Councilor of Parang, Maguindanao",legislative,city,elected,MAGUINDANAO,PARANG,o2851
o2845,councilor-of-datu-odin-sinsuat-maguindanao-o2845,"Councilor of Datu Odin Sinsuat, Maguindanao",legislative,city,elected,MAGUINDANAO,DATU ODIN SINSUAT,o2851
o2846,councilor-of-kabuntalan-maguindanao-o2846,"Councilor of Kabuntalan, Maguindanao",legislative,city,elected,MAGUINDANAO,KABUNTALAN,o2851
o2847,councilor-of-buldon-maguindanao-o2847,"Councilor of Buldon, Maguindanao",legislative,city,elected,MAGUINDANAO,BULDON,o2851
o2848,councilor-of-talayan-maguindanao-o2848,"Councilor of Talayan, Maguindanao",legislative,city,elected,MAGUINDANAO,TALAYAN,o2851
o2849,councilor-of-ampatuan-maguindanao-o2849,"Councilor of Ampatuan, Maguindanao",legislative,city,elected,MAGUINDANAO,AMPATUAN,o2851
o2850,councilor-of-pagalungan-maguindanao-o2850,"Councilor of Pagalungan, Maguindanao",legislative,city,elected,MAGUINDANAO,PAGALUNGAN,o2851
o2851,governor-of-maguindanao-o2851,Governor of Maguindanao,executive,provincial,elected,MAGUINDANAO,,
o2852,mayor-of-datu-piang-maguindanao-o2852,"Mayor of Datu Piang, Maguindanao",executive,city,elected,MAGUINDANAO,DATU PIANG,o2851
o2853,mayor-of-mamasapano-maguindanao-o2853,"Mayor of Mamasapano, Maguindanao",executive,city,elected,MAGUINDANAO,MAMASAPANO,o2851
o2854,mayor-of-shariff-aguak-capital-maguindanao-o2854,"Mayor of Shariff Aguak Capital, Maguindanao",executive,city,elected,MAGUINDANAO,SHARIFF AGUAK CAPITAL,o2851
o2855,mayor-of-parang-maguindanao-o2855,"Mayor of Parang, Maguindanao",executive,city,elected,MAGUINDANAO,PARANG,o2851
o2856,mayor-of-gen-s-k-pendatun-maguindanao-o2856,"Mayor of Gen S K Pendatun, Maguindanao",executive,city,elected,MAGUINDANAO,GEN S K PENDATUN,o2851
o2857,mayor-of-matanog-maguindanao-o2857,"Mayor of Matanog, Maguindanao",executive,city,elected,MAGUINDANAO,MATANOG,o2851
o2858,mayor-of-buldon-maguindanao-o2858,"Mayor of Buldon, Maguindanao",executive,city,elected,MAGUINDANAO,BULDON,o2851
o2859,mayor-of-sultan-kudarat-maguindanao-o2859,"Mayor of Sultan Kudarat, Maguindanao",executive,city,elected,MAGUINDANAO,SULTAN KUDARAT,o2851
o2860,mayor-of-talayan-maguindanao-o2860,"Mayor of Talayan, Maguindanao",executive,city,elected,MAGUINDANAO,TALAYAN,o2851
o2861,mayor-of-pagagawan-maguindanao-o2861,"Mayor of Pagagawan, Maguindanao",executive,city,elected,MAGUINDANAO,PAGAGAWAN,o2851
o2862,mayor-of-pagalungan-maguindanao-o2862,"Mayor of Pagalungan, Maguindanao",executive,city,elected,MAGUINDANAO,PAGALUNGAN,o2851
o2863,mayor-of-datu-paglas-maguindanao-o2863,"Mayor of Datu Paglas, Maguindanao",executive,city,elected,MAGUINDANAO,DATU PAGLAS,o2851
o2864,mayor-of-upi-maguindanao-o2864,"Mayor of Upi, Maguindanao",executive,city,elected,MAGUINDANAO,UPI,o2851
o2865,mayor-of-kabuntalan-maguindanao-o2865,"Mayor of Kabuntalan, Maguindanao",executive,city,elected,MAGUINDANAO,KABUNTALAN,o2851
o2866,mayor-of-ampatuan-maguindanao-o2866,"Mayor of Ampatuan, Maguindanao",executive,city,elected,MAGUINDANAO,AMPATUAN,o2851
o2867,mayor-of-cotabato-maguindanao-o2867,"Mayor of Cotabato, Maguindanao",executive,city,elected,MAGUINDANAO,COTABATO,o2851
o2868,mayor-of-datu-odin-sinsuat-maguindanao-o2868,"Mayor of Datu Odin Sinsuat, Maguindanao",executive,city,elected,MAGUINDANAO,DATU ODIN SINSUAT,o2851
o2869,mayor-of-south-upi-maguindanao-o2869,"Mayor of South Upi, Maguindanao",executive,city,elected,MAGUINDANAO,SOUTH UPI,o2851
o2870,mayor-of-talitay-maguindanao-o2870,"Mayor of Talitay, Maguindanao",executive,city,elected,MAGUINDANAO,TALITAY,o2851
o2871,mayor-of-barira-maguindanao-o2871,"Mayor of Barira, Maguindanao",executive,city,elected,MAGUINDANAO,BARIRA,o2851
o2872,mayor-of-sultan-sa-barongis-maguindanao-o2872,"Mayor of Sultan Sa Barongis, Maguindanao",executive,city,elected,MAGUINDANAO,SULTAN SA BARONGIS,o2851
o2873,representative-maguindanao-o2873,"Representative, , Maguindanao",legislative,national,elected,MAGUINDANAO,,
o2874,provincial-board-member-of-maguindanao-o2874,Provincial Board Member of Maguindanao,legislative,provincial,elected,MAGUINDANAO,,
o2875,vice-governor-of-maguindanao-o2875,Vice Governor of Maguindanao,executive,provincial,elected,MAGUINDANAO,,
o2876,vice-mayor-of-datu-odin-sinsuat-maguindanao-o2876,"Vice Mayor of Datu Odin Sinsuat, Maguindanao",executive,city,elected,MAGUINDANAO,DATU ODIN SINSUAT,o2851
o2877,vice-mayor-of-mamasapano-maguindanao-o2877,"Vice Mayor of Mamasapano, Maguindanao",executive,city,elected,MAGUINDANAO,MAMASAPANO,o2851
o2878,vice-mayor-of-shariff-aguak-capital-maguindanao-o2878,"Vice Mayor of Shariff Aguak Capital, Maguindanao",executive,city,elected,MAGUINDANAO,SHARIFF AGUAK CAPITAL,o2851
o2879,vice-mayor-of-talitay-maguindanao-o2879,"Vice Mayor of Talitay, Maguindanao",executive,city,elected,MAGUINDANAO,TALITAY,o2851
o2880,vice-mayor-of-parang-maguindanao-o2880,"Vice Mayor of Parang, Maguindanao",executive,city,elected,MAGUINDANAO,PARANG,o2851
o2881,vice-mayor-of-sultan-kudarat-maguindanao-o2881,"Vice Mayor of Sultan Kudarat, Maguindanao",executive,city,elected,MAGUINDANAO,SULTAN KUDARAT,o2851
o2882,vice-mayor-of-datu-paglas-maguindanao-o2882,"Vice Mayor of Datu Paglas, Maguindanao",executive,city,elected,MAGUINDANAO,DATU PAGLAS,o2851
o2883,vice-mayor-of-buldon-maguindanao-o2883,"Vice Mayor of Buldon, Maguindanao",executive,city,elected,MAGUINDANAO,BULDON,o2851
o2884,vice-mayor-of-cotabato-maguindanao-o2884,"Vice Mayor of Cotabato, Maguindanao",executive,city,elected,MAGUINDANAO,COTABATO,o2851
o2885,vice-mayor-of-south-upi-maguindanao-o2885,"Vice Mayor of South Upi, Maguindanao",executive,city,elected,MAGUINDANAO,SOUTH UPI,o2851
o2886,vice-mayor-of-kabuntalan-maguindanao-o2886,"Vice Mayor of Kabuntalan, Maguindanao",executive,city,elected,MAGUINDANAO,KABUNTALAN,o2851
o2887,vice-mayor-of-matanog-maguindanao-o2887,"Vice Mayor of Matanog, Maguindanao",executive,city,elected,MAGUINDANAO,MATANOG,o2851
o2888,vice-mayor-of-barira-maguindanao-o2888,"Vice Mayor of Barira, Maguindanao",executive,city,elected,MAGUINDANAO,BARIRA,o2851
o2889,vice-mayor-of-pagagawan-maguindanao-o2889,"Vice Mayor of Pagagawan, Maguindanao",executive,city,elected,MAGUINDANAO,PAGAGAWAN,o2851
o2890,vice-mayor-of-sultan-sa-barongis-maguindanao-o2890,"Vice Mayor of Sultan Sa Barongis, Maguindanao",executive,city,elected,MAGUINDANAO,SULTAN SA BARONGIS,o2851
o2891,vice-mayor-of-gen-s-k-pendatun-maguindanao-o2891,"Vice Mayor of Gen S K Pendatun, Maguindanao",executive,city,elected,MAGUINDANAO,GEN S K PENDATUN,o2851
o2892,vice-mayor-of-pagalungan-maguindanao-o2892,"Vice Mayor of Pagalungan, Maguindanao",executive,city,elected,MAGUINDANAO,PAGALUNGAN,o2851
o2893,vice-mayor-of-talayan-maguindanao-o2893,"Vice Mayor of Talayan, Maguindanao",executive,city,elected,MAGUINDANAO,TALAYAN,o2851
o2894,vice-mayor-of-datu-piang-maguindanao-o2894,"Vice Mayor of Datu Piang, Maguindanao",executive,city,elected,MAGUINDANAO,DATU PIANG,o2851
o2895,vice-mayor-of-upi-maguindanao-o2895,"Vice Mayor of Upi, Maguindanao",executive,city,elected,MAGUINDANAO,UPI,o2851
o2896,vice-mayor-of-ampatuan-maguindanao-o2896,"Vice Mayor of Ampatuan, Maguindanao",executive,city,elected,MAGUINDANAO,AMPATUAN,o2851
o2897,councilor-of-santa-cruz-marinduque-o2897,"Councilor of Santa Cruz, Marinduque",legislative,city,elected,MARINDUQUE,SANTA CRUZ,o2903
o2898,councilor-of-torrijos-marinduque-o2898,"Councilor of Torrijos, Marinduque",legislative,city,elected,MARINDUQUE,TORRIJOS,o2903
o2899,councilor-of-gasan-marinduque-o2899,"Councilor of Gasan, Marinduque",legislative,city,elected,MARINDUQUE,GASAN,o2903
o2900,councilor-of-boac-marinduque-o2900,"Councilor of Boac, Marinduque",legislative,city,elected,MARINDUQUE,BOAC,o2903
o2901,councilor-of-buenavista-marinduque-o2901,"Councilor of Buenavista, Marinduque",legislative,city,elected,MARINDUQUE,BUENAVISTA,o2903
o2902,councilor-of-mogpog-marinduque-o2902,"Councilor of Mogpog, Marinduque",legislative,city,elected,MARINDUQUE,MOGPOG,o2903
o2903,governor-of-marinduque-o2903,Governor of Marinduque,executive,provincial,elected,MARINDUQUE,,
o2904,mayor-of-mogpog-marinduque-o2904,"Mayor of Mogpog, Marinduque",executive,city,elected,MARINDUQUE,MOGPOG,o2903
o2905,mayor-of-gasan-marinduque-o2905,"Mayor of Gasan, Marinduque",executive,city,elected,MARINDUQUE,GASAN,o2903
o2906,mayor-of-boac-marinduque-o2906,"Mayor of Boac, Marinduque",executive,city,elected,MARINDUQUE,BOAC,o2903
o2907,mayor-of-santa-cruz-marinduque-o2907,"Mayor of Santa Cruz, Marinduque",executive,city,elected,MARINDUQUE,SANTA CRUZ,o2903
o2908,mayor-of-buenavista-marinduque-o2908,"Mayor of Buenavista, Marinduque",executive,city,elected,MARINDUQUE,BUENAVISTA,o2903
o2909,mayor-of-torrijos-marinduque-o2909,"Mayor of Torrijos, Marinduque",executive,city,elected,MARINDUQUE,TORRIJOS,o2903
o2910,representative-marinduque-o2910,"Representative, , Marinduque",legislative,national,elected,MARINDUQUE,,
o2911,provincial-board-member-of-marinduque-o2911,Provincial Board Member of Marinduque,legislative,provincial,elected,MARINDUQUE,,
o2912,vice-governor-of-marinduque-o2912,Vice Governor of Marinduque,executive,provincial,elected,MARINDUQUE,,
o2913,vice-mayor-of-gasan-marinduque-o2913,"Vice Mayor of Gasan, Marinduque",executive,city,elected,MARINDUQUE,GASAN,o2903
o2914,vice-mayor-of-boac-marinduque-o2914,"Vice Mayor of Boac, Marinduque",executive,city,elected,MARINDUQUE,BOAC,o2903
o2915,vice-mayor-of-mogpog-marinduque-o2915,"Vice Mayor of Mogpog, Marinduque",executive,city,elected,MARINDUQUE,MOGPOG,o2903
o2916,vice-mayor-of-torrijos-marinduque-o2916,"Vice Mayor of Torrijos, Marinduque",executive,city,elected,MARINDUQUE,TORRIJOS,o2903
o2917,vice-mayor-of-santa-cruz-marinduque-o2917,"Vice Mayor of Santa Cruz, Marinduque",executive,city,elected,MARINDUQUE,SANTA CRUZ,o2903
o2918,vice-mayor-of-buenavista-marinduque-o2918,"Vice Mayor of Buenavista, Marinduque",executive,city,elected,MARINDUQUE,BUENAVISTA,o2903
o2919,councilor-of-mobo-masbate-o2919,"Councilor of Mobo, Masbate",legislative,city,elected,MASBATE,MOBO,o2940
o2920,councilor-of-milagros-masbate-o2920,"Councilor of Milagros, Masbate",legislative,city,elected,MASBATE,MILAGROS,o2940
o2921,councilor-of-dimasalang-masbate-o2921,"Councilor of Dimasalang, Masbate",legislative,city,elected,MASBATE,DIMASALANG,o2940
o2922,councilor-of-balud-masbate-o2922,"Councilor of Balud, Masbate",legislative,city,elected,MASBATE,BALUD,o2940
o2923,councilor-of-pio-v-corpuz-masbate-o2923,"Councilor of Pio V Corpuz, Masbate",legislative,city,elected,MASBATE,PIO V CORPUZ,o2940
o2924,councilor-of-masbate-masbate-o2924,"Councilor of Masbate, Masbate",legislative,city,elected,MASBATE,MASBATE,o2940
o2925,councilor-of-batuan-masbate-o2925,"Councilor of Batuan, Masbate",legislative,city,elected,MASBATE,BATUAN,o2940
o2926,councilor-of-san-jacinto-masbate-o2926,"Councilor of San Jacinto, Masbate",legislative,city,elected,MASBATE,SAN JACINTO,o2940
o2927,councilor-of-monreal-masbate-o2927,"Councilor of Monreal, Masbate",legislative,city,elected,MASBATE,MONREAL,o2940
o2928,councilor-of-san-fernando-masbate-o2928,"Councilor of San Fernando, Masbate",legislative,city,elected,MASBATE,SAN FERNANDO,o2940
o2929,councilor-of-cawayan-masbate-o2929,"Councilor of Cawayan, Masbate",legislative,city,elected,MASBATE,CAWAYAN,o2940
o2930,councilor-of-cataingan-masbate-o2930,"Councilor of Cataingan, Masbate",legislative,city,elected,MASBATE,CATAINGAN,o2940
o2931,councilor-of-esperanza-masbate-o2931,"Councilor of Esperanza, Masbate",legislative,city,elected,MASBATE,ESPERANZA,o2940
o2932,councilor-of-mandaon-masbate-o2932,"Councilor of Mandaon, Masbate",legislative,city,elected,MASBATE,MANDAON,o2940
o2933,councilor-of-claveria-masbate-o2933,"Councilor of Claveria, Masbate",legislative,city,elected,MASBATE,CLAVERIA,o2940
o2934,councilor-of-palanas-masbate-o2934,"Councilor of Palanas, Masbate",legislative,city,elected,MASBATE,PALANAS,o2940
o2935,councilor-of-san-pascual-masbate-o2935,"Councilor of San Pascual, Masbate",legislative,city,elected,MASBATE,SAN PASCUAL,o2940
o2936,councilor-of-uson-masbate-o2936,"Councilor of Uson, Masbate",legislative,city,elected,MASBATE,USON,o2940
o2937,councilor-of-aroroy-masbate-o2937,"Councilor of Aroroy, Masbate",legislative,city,elected,MASBATE,AROROY,o2940
o2938,councilor-of-baleno-masbate-o2938,"Councilor of Baleno, Masbate",legislative,city,elected,MASBATE,BALENO,o2940
o2939,councilor-of-placer-masbate-o2939,"Councilor of Placer, Masbate",legislative,city,elected,MASBATE,PLACER,o2940
o2940,governor-of-masbate-o2940,Governor of Masbate,executive,provincial,elected,MASBATE,,
o2941,mayor-of-milagros-masbate-o2941,"Mayor of Milagros, Masbate",executive,city,elected,MASBATE,MILAGROS,o2940
o2942,mayor-of-cawayan-masbate-o2942,"Mayor of Cawayan, Masbate",executive,city,elected,MASBATE,CAWAYAN,o2940
o2943,mayor-of-batuan-masbate-o2943,"Mayor of Batuan, Masbate",executive,city,elected,MASBATE,BATUAN,o2940
o2944,mayor-of-palanas-masbate-o2944,"Mayor of Palanas, Masbate",executive,city,elected,MASBATE,PALANAS,o2940
o2945,mayor-of-claveria-masbate-o2945,"Mayor of Claveria, Masbate",executive,city,elected,MASBATE,CLAVERIA,o2940
o2946,mayor-of-balud-masbate-o2946,"Mayor of Balud, Masbate",executive,city,elected,MASBATE,BALUD,o2940
o2947,mayor-of-pio-v-corpuz-masbate-o2947,"Mayor of Pio V Corpuz, Masbate",executive,city,elected,MASBATE,PIO V CORPUZ,o2940
o2948,mayor-of-san-fernando-masbate-o2948,"Mayor of San Fernando, Masbate",executive,city,elected,MASBATE,SAN FERNANDO,o2940
o2949,mayor-of-cataingan-masbate-o2949,"Mayor of Cataingan, Masbate",executive,city,elected,MASBATE,CATAINGAN,o2940
o2950,mayor-of-esperanza-masbate-o2950,"Mayor of Esperanza, Masbate",executive,city,elected,MASBATE,ESPERANZA,o2940
o2951,mayor-of-monreal-masbate-o2951,"Mayor of Monreal, Masbate",executive,city,elected,MASBATE,MONREAL,o2940
o2952,mayor-of-masbate-masbate-o2952,"Mayor of Masbate, Masbate",executive,city,elected,MASBATE,MASBATE,o2940
o2953,mayor-of-san-jacinto-masbate-o2953,"Mayor of San Jacinto, Masbate",executive,city,elected,MASBATE,SAN JACINTO,o2940
o2954,mayor-of-placer-masbate-o2954,"Mayor of Placer, Masbate",executive,city,elected,MASBATE,PLACER,o2940
o2955,mayor-of-mandaon-masbate-o2955,"Mayor of Mandaon, Masbate",executive,city,elected,MASBATE,MANDAON,o2940
o2956,mayor-of-san-pascual-masbate-o2956,"Mayor of San Pascual, Masbate",executive,city,elected,MASBATE,SAN PASCUAL,o2940
o2957,mayor-of-baleno-masbate-o2957,"Mayor of Baleno, Masbate",executive,city,elected,MASBATE,BALENO,o2940
o2958,mayor-of-aroroy-masbate-o2958,"Mayor of Aroroy, Masbate",executive,city,elected,MASBATE,AROROY,o2940
o2959,mayor-of-dimasalang-masbate-o2959,"Mayor of Dimasalang, Masbate",executive,city,elected,MASBATE,DIMASALANG,o2940
o2960,mayor-of-mobo-masbate-o2960,"Mayor of Mobo, Masbate",executive,city,elected,MASBATE,MOBO,o2940
o2961,mayor-of-uson-masbate-o2961,"Mayor of Uson, Masbate",executive,city,elected,MASBATE,USON,o2940
o2962,representative-masbate-o2962,"Representative, , Masbate",legislative,national,elected,MASBATE,,
o2963,provincial-board-member-of-masbate-o2963,Provincial Board Member of Masbate,legislative,provincial,elected,MASBATE,,
o2964,vice-governor-of-masbate-o2964,Vice Governor of Masbate,executive,provincial,elected,MASBATE,,
o2965,vice-mayor-of-dimasalang-masbate-o2965,"Vice Mayor of Dimasalang, Masbate",executive,city,elected,MASBATE,DIMASALANG,o2940
o2966,vice-mayor-of-esperanza-masbate-o2966,"Vice Mayor of Esperanza, Masbate",executive,city,elected,MASBATE,ESPERANZA,o2940
o2967,vice-mayor-of-cawayan-masbate-o2967,"Vice Mayor of Cawayan, Masbate",executive,city,elected,MASBATE,CAWAYAN,o2940
o2968,vice-mayor-of-batuan-masbate-o2968,"Vice Mayor of Batuan, Masbate",executive,city,elected,MASBATE,BATUAN,o2940
o2969,vice-mayor-of-aroroy-masbate-o2969,"Vice Mayor of Aroroy, Masbate",executive,city,elected,MASBATE,AROROY,o2940
o2970,vice-mayor-of-baleno-masbate-o2970,"Vice Mayor of Baleno, Masbate",executive,city,elected,MASBATE,BALENO,o2940
o2971,vice-mayor-of-milagros-masbate-o2971,"Vice Mayor of Milagros, Masbate",executive,city,elected,MASBATE,MILAGROS,o2940
o2972,vice-mayor-of-san-pascual-masbate-o2972,"Vice Mayor of San Pascual, Masbate",executive,city,elected,MASBATE,SAN PASCUAL,o2940
o2973,vice-mayor-of-cataingan-masbate-o2973,"Vice Mayor of Cataingan, Masbate",executive,city,elected,MASBATE,CATAINGAN,o2940
o2974,vice-mayor-of-mobo-masbate-o2974,"Vice Mayor of Mobo, Masbate",executive,city,elected,MASBATE,MOBO,o2940
o2975,vice-mayor-of-placer-masbate-o2975,"Vice Mayor of Placer, Masbate",executive,city,elected,MASBATE,PLACER,o2940
o2976,vice-mayor-of-san-fernando-masbate-o2976,"Vice Mayor of San Fernando, Masbate",executive,city,elected,MASBATE,SAN FERNANDO,o2940
o2977,vice-mayor-of-claveria-masbate-o2977,"Vice Mayor of Claveria, Masbate",executive,city,elected,MASBATE,CLAVERIA,o2940
o2978,vice-mayor-of-pio-v-corpuz-masbate-o2978,"Vice Mayor of Pio V Corpuz, Masbate",executive,city,elected,MASBATE,PIO V CORPUZ,o2940
o2979,vice-mayor-of-uson-masbate-o2979,"Vice Mayor of Uson, Masbate",executive,city,elected,MASBATE,USON,o2940
o2980,vice-mayor-of-monreal-masbate-o2980,"Vice Mayor of Monreal, Masbate",executive,city,elected,MASBATE,MONREAL,o2940
o2981,vice-mayor-of-balud-masbate-o2981,"Vice Mayor of Balud, Masbate",executive,city,elected,MASBATE,BALUD,o2940
o2982,vice-mayor-of-mandaon-masbate-o2982,"Vice Mayor of Mandaon, Masbate",executive,city,elected,MASBATE,MANDAON,o2940
o2983,vice-mayor-of-palanas-masbate-o2983,"Vice Mayor of Palanas, Masbate",executive,city,elected,MASBATE,PALANAS,o2940
o2984,vice-mayor-of-masbate-masbate-o2984,"Vice Mayor of Masbate, Masbate",executive,city,elected,MASBATE,MASBATE,o2940
o2985,vice-mayor-of-san-jacinto-masbate-o2985,"Vice Mayor of San Jacinto, Masbate",executive,city,elected,MASBATE,SAN JACINTO,o2940
o2986,councilor-of-panaon-misamis-occidental-o2986,"Councilor of Panaon, Misamis Occidental",legislative,city,elected,MISAMIS OCCIDENTAL,PANAON,o3003
o2987,councilor-of-lopez-jaena-misamis-occidental-o2987,"Councilor of Lopez Jaena, Misamis Occidental",legislative,city,elected,MISAMIS OCCIDENTAL,LOPEZ JAENA,o3003
o2988,councilor-of-calamba-misamis-occidental-o2988,"Councilor of Calamba, Misamis Occidental",legislative,city,elected,MISAMIS OCCIDENTAL,CALAMBA,o3003
o2989,councilor-of-jimenez-misamis-occidental-o2989,"Councilor of Jimenez, Misamis Occidental",legislative,city,elected,MISAMIS OCCIDENTAL,JIMENEZ,o3003
o2990,councilor-of-concepcion-misamis-occidental-o2990,"Councilor of Concepcion, Misamis Occidental",legislative,city,elected,MISAMIS OCCIDENTAL,CONCEPCION,o3003
o2991,councilor-of-baliangao-misamis-occidental-o2991,"Councilor of Baliangao, Misamis Occidental",legislative,city,elected,MISAMIS OCCIDENTAL,BALIANGAO,o3003
o2992,councilor-of-don-v-chiongbian-misamis-occidental-o2992,"Councilor of Don V Chiongbian, Misamis Occidental",legislative,city,elected,MISAMIS OCCIDENTAL,DON V CHIONGBIAN,o3003
o2993,councilor-of-sapang-dalaga-misamis-occidental-o2993,"Councilor of Sapang Dalaga, Misamis Occidental",legislative,city,elected,MISAMIS OCCIDENTAL,SAPANG DALAGA,o3003
o2994,councilor-of-oroquieta-misamis-occidental-o2994,"Councilor of Oroquieta, Misamis Occidental",legislative,city,elected,MISAMIS OCCIDENTAL,OROQUIETA,o3003
o2995,councilor-of-aloran-misamis-occidental-o2995,"Councilor of Aloran, Misamis Occidental",legislative,city,elected,MISAMIS OCCIDENTAL,ALORAN,o3003
o2996,councilor-of-plaridel-misamis-occidental-o2996,"Councilor of Plaridel, Misamis Occidental",legislative,city,elected,MISAMIS OCCIDENTAL,PLARIDEL,o3003
o2997,councilor-of-ozamis-misamis-occidental-o2997,"Councilor of Ozamis, Misamis Occidental",legislative,city,elected,MISAMIS OCCIDENTAL,OZAMIS,o3003
o2998,councilor-of-tangub-misamis-occidental-o2998,"Councilor of Tangub, Misamis Occidental",legislative,city,elected,MISAMIS OCCIDENTAL,TANGUB,o3003
o2999,councilor-of-tudela-misamis-occidental-o2999,"Councilor of Tudela, Misamis Occidental",legislative,city,elected,MISAMIS OCCIDENTAL,TUDELA,o3003
o3000,councilor-of-clarin-misamis-occidental-o3000,"Councilor of Clarin, Misamis Occidental",legislative,city,elected,MISAMIS OCCIDENTAL,CLARIN,o3003
o3001,councilor-of-bonifacio-misamis-occidental-o3001,"Councilor of Bonifacio, Misamis Occidental",legislative,city,elected,MISAMIS OCCIDENTAL,BONIFACIO,o3003
o3002,councilor-of-sinacaban-misamis-occidental-o3002,"Councilor of Sinacaban, Misamis Occidental",legislative,city,elected,MISAMIS OCCIDENTAL,SINACABAN,o3003
o3003,governor-of-misamis-occidental-o3003,Governor of Misamis Occidental,executive,provincial,elected,MISAMIS OCCIDENTAL,,
o3004,mayor-of-lopez-jaena-misamis-occidental-o3004,"Mayor of Lopez Jaena, Misamis Occidental",executive,city,elected,MISAMIS OCCIDENTAL,LOPEZ JAENA,o3003
o3005,mayor-of-oroquieta-misamis-occidental-o3005,"Mayor of Oroquieta, Misamis Occidental",executive,city,elected,MISAMIS OCCIDENTAL,OROQUIETA,o3003
o3006,mayor-of-plaridel-misamis-occidental-o3006,"Mayor of Plaridel, Misamis Occidental",executive,city,elected,MISAMIS OCCIDENTAL,PLARIDEL,o3003
o3007,mayor-of-concepcion-misamis-occidental-o3007,"Mayor of Concepcion, Misamis Occidental",executive,city,elected,MISAMIS OCCIDENTAL,CONCEPCION,o3003
o3008,mayor-of-bonifacio-misamis-occidental-o3008,"Mayor of Bonifacio, Misamis Occidental",executive,city,elected,MISAMIS OCCIDENTAL,BONIFACIO,o3003
o3009,mayor-of-jimenez-misamis-occidental-o3009,"Mayor of Jimenez, Misamis Occidental",executive,city,elected,MISAMIS OCCIDENTAL,JIMENEZ,o3003
o3010,mayor-of-sinacaban-misamis-occidental-o3010,"Mayor of Sinacaban, Misamis Occidental",executive,city,elected,MISAMIS OCCIDENTAL,SINACABAN,o3003
o3011,mayor-of-don-v-chiongbian-misamis-occidental-o3011,"Mayor of Don V Chiongbian, Misamis Occidental",executive,city,elected,MISAMIS OCCIDENTAL,DON V CHIONGBIAN,o3003
o3012,mayor-of-tudela-misamis-occidental-o3012,"Mayor of Tudela, Misamis Occidental",executive,city,elected,MISAMIS OCCIDENTAL,TUDELA,o3003
o3013,mayor-of-calamba-misamis-occidental-o3013,"Mayor of Calamba, Misamis Occidental",executive,city,elected,MISAMIS OCCIDENTAL,CALAMBA,o3003
o3014,mayor-of-ozamis-misamis-occidental-o3014,"Mayor of Ozamis, Misamis Occidental",executive,city,elected,MISAMIS OCCIDENTAL,OZAMIS,o3003
o3015,mayor-of-panaon-misamis-occidental-o3015,"Mayor of Panaon, Misamis Occidental",executive,city,elected,MISAMIS OCCIDENTAL,PANAON,o3003
o3016,mayor-of-aloran-misamis-occidental-o3016,"Mayor of Aloran, Misamis Occidental",executive,city,elected,MISAMIS OCCIDENTAL,ALORAN,o3003
o3017,mayor-of-clarin-misamis-occidental-o3017,"Mayor of Clarin, Misamis Occidental",executive,city,elected,MISAMIS OCCIDENTAL,CLARIN,o3003
o3018,mayor-of-tangub-misamis-occidental-o3018,"Mayor of Tangub, Misamis Occidental",executive,city,elected,MISAMIS OCCIDENTAL,TANGUB,o3003
o3019,mayor-of-baliangao-misamis-occidental-o3019,"Mayor of Baliangao, Misamis Occidental",executive,city,elected,MISAMIS OCCIDENTAL,BALIANGAO,o3003
o3020,mayor-of-sapang-dalaga-misamis-occidental-o3020,"Mayor of Sapang Dalaga, Misamis Occidental",executive,city,elected,MISAMIS OCCIDENTAL,SAPANG DALAGA,o3003
o3021,representative-misamis-occidental-o3021,"Representative, , Misamis Occidental",legislative,national,elected,MISAMIS OCCIDENTAL,,
o3022,provincial-board-member-of-misamis-occidental-o3022,Provincial Board Member of Misamis Occidental,legislative,provincial,elected,MISAMIS OCCIDENTAL,,
o3023,vice-governor-of-misamis-occidental-o3023,Vice Governor of Misamis Occidental,executive,provincial,elected,MISAMIS OCCIDENTAL,,
o3024,vice-mayor-of-oroquieta-misamis-occidental-o3024,"Vice Mayor of Oroquieta, Misamis Occidental",executive,city,elected,MISAMIS OCCIDENTAL,OROQUIETA,o3003
o3025,vice-mayor-of-tangub-misamis-occidental-o3025,"Vice Mayor of Tangub, Misamis Occidental",executive,city,elected,MISAMIS OCCIDENTAL,TANGUB,o3003
o3026,vice-mayor-of-sapang-dalaga-misamis-occidental-o3026,"Vice Mayor of Sapang Dalaga, Misamis Occidental",executive,city,elected,MISAMIS OCCIDENTAL,SAPANG DALAGA,o3003
o3027,vice-mayor-of-ozamis-misamis-occidental-o3027,"Vice Mayor of Ozamis, Misamis Occidental",executive,city,elected,MISAMIS OCCIDENTAL,OZAMIS,o3003
o3028,vice-mayor-of-aloran-misamis-occidental-o3028,"Vice Mayor of Aloran, Misamis Occidental",executive,city,elected,MISAMIS OCCIDENTAL,ALORAN,o3003
o3029,vice-mayor-of-tudela-misamis-occidental-o3029,"Vice Mayor of Tudela, Misamis Occidental",executive,city,elected,MISAMIS OCCIDENTAL,TUDELA,o3003
o3030,vice-mayor-of-bonifacio-misamis-occidental-o3030,"Vice Mayor of Bonifacio, Misamis Occidental",executive,city,elected,MISAMIS OCCIDENTAL,BONIFACIO,o3003
o3031,vice-mayor-of-jimenez-misamis-occidental-o3031,"Vice Mayor of Jimenez, Misamis Occidental",executive,city,elected,MISAMIS OCCIDENTAL,JIMENEZ,o3003
o3032,vice-mayor-of-calamba-misamis-occidental-o3032,"Vice Mayor of Calamba, Misamis Occidental",executive,city,elected,MISAMIS OCCIDENTAL,CALAMBA,o3003
o3033,vice-mayor-of-concepcion-misamis-occidental-o3033,"Vice Mayor of Concepcion, Misamis Occidental",executive,city,elected,MISAMIS OCCIDENTAL,CONCEPCION,o3003
o3034,vice-mayor-of-don-v-chiongbian-misamis-occidental-o3034,"Vice Mayor of Don V Chiongbian, Misamis Occidental",executive,city,elected,MISAMIS OCCIDENTAL,DON V CHIONGBIAN,o3003
o3035,vice-mayor-of-lopez-jaena-misamis-occidental-o3035,"Vice Mayor of Lopez Jaena, Misamis Occidental",executive,city,elected,MISAMIS OCCIDENTAL,LOPEZ JAENA,o3003
o3036,vice-mayor-of-clarin-misamis-occidental-o3036,"Vice Mayor of Clarin, Misamis Occidental",executive,city,elected,MISAMIS OCCIDENTAL,CLARIN,o3003
o3037,vice-mayor-of-plaridel-misamis-occidental-o3037,"Vice Mayor of Plaridel, Misamis Occidental",executive,city,elected,MISAMIS OCCIDENTAL,PLARIDEL,o3003
o3038,vice-mayor-of-panaon-misamis-occidental-o3038,"Vice Mayor of Panaon, Misamis Occidental",executive,city,elected,MISAMIS OCCIDENTAL,PANAON,o3003
o3039,vice-mayor-of-sinacaban-misamis-occidental-o3039,"Vice Mayor of Sinacaban, Misamis Occidental",executive,city,elected,MISAMIS OCCIDENTAL,SINACABAN,o3003
o3040,vice-mayor-of-baliangao-misamis-occidental-o3040,"Vice Mayor of Baliangao, Misamis Occidental",executive,city,elected,MISAMIS OCCIDENTAL,BALIANGAO,o3003
o3041,councilor-of-balingoan-misamis-oriental-o3041,"Councilor of Balingoan, Misamis Oriental",legislative,city,elected,MISAMIS ORIENTAL,BALINGOAN,o3067
o3042,councilor-of-magsaysay-misamis-oriental-o3042,"Councilor of Magsaysay, Misamis Oriental",legislative,city,elected,MISAMIS ORIENTAL,MAGSAYSAY,o3067
o3043,councilor-of-villanueva-misamis-oriental-o3043,"Councilor of Villanueva, Misamis Oriental",legislative,city,elected,MISAMIS ORIENTAL,VILLANUEVA,o3067
o3044,councilor-of-lagonglong-misamis-oriental-o3044,"Councilor of Lagonglong, Misamis Oriental",legislative,city,elected,MISAMIS ORIENTAL,LAGONGLONG,o3067
o3045,councilor-of-cagayan-de-oro-misamis-oriental-o3045,"Councilor of Cagayan De Oro, Misamis Oriental",legislative,city,elected,MISAMIS ORIENTAL,CAGAYAN DE ORO,o3067
o3046,councilor-of-naawan-misamis-oriental-o3046,"Councilor of Naawan, Misamis Oriental",legislative,city,elected,MISAMIS ORIENTAL,NAAWAN,o3067
o3047,councilor-of-claveria-misamis-oriental-o3047,"Councilor of Claveria, Misamis Oriental",legislative,city,elected,MISAMIS ORIENTAL,CLAVERIA,o3067
o3048,councilor-of-opol-misamis-oriental-o3048,"Councilor of Opol, Misamis Oriental",legislative,city,elected,MISAMIS ORIENTAL,OPOL,o3067
o3049,councilor-of-jasaan-misamis-oriental-o3049,"Councilor of Jasaan, Misamis Oriental",legislative,city,elected,MISAMIS ORIENTAL,JASAAN,o3067
o3050,councilor-of-libertad-misamis-oriental-o3050,"Councilor of Libertad, Misamis Oriental",legislative,city,elected,MISAMIS ORIENTAL,LIBERTAD,o3067
o3051,councilor-of-gitagum-misamis-oriental-o3051,"Councilor of Gitagum, Misamis Oriental",legislative,city,elected,MISAMIS ORIENTAL,GITAGUM,o3067
o3052,councilor-of-el-salvador-misamis-oriental-o3052,"Councilor of El Salvador, Misamis Oriental",legislative,city,elected,MISAMIS ORIENTAL,EL SALVADOR,o3067
o3053,councilor-of-gingoog-misamis-oriental-o3053,"Councilor of Gingoog, Misamis Oriental",legislative,city,elected,MISAMIS ORIENTAL,GINGOOG,o3067
o3054,councilor-of-lugait-misamis-oriental-o3054,"Councilor of Lugait, Misamis Oriental",legislative,city,elected,MISAMIS ORIENTAL,LUGAIT,o3067
o3055,councilor-of-talisayan-misamis-oriental-o3055,"Councilor of Talisayan, Misamis Oriental",legislative,city,elected,MISAMIS ORIENTAL,TALISAYAN,o3067
o3056,councilor-of-laguindingan-misamis-oriental-o3056,"Councilor of Laguindingan, Misamis Oriental",legislative,city,elected,MISAMIS ORIENTAL,LAGUINDINGAN,o3067
o3057,councilor-of-sugbongcogon-misamis-oriental-o3057,"Councilor of Sugbongcogon, Misamis Oriental",legislative,city,elected,MISAMIS ORIENTAL,SUGBONGCOGON,o3067
o3058,councilor-of-medina-misamis-oriental-o3058,"Councilor of Medina, Misamis Oriental",legislative,city,elected,MISAMIS ORIENTAL,MEDINA,o3067
o3059,councilor-of-salay-misamis-oriental-o3059,"Councilor of Salay, Misamis Oriental",legislative,city,elected,MISAMIS ORIENTAL,SALAY,o3067
o3060,councilor-of-initao-misamis-oriental-o3060,"Councilor of Initao, Misamis Oriental",legislative,city,elected,MISAMIS ORIENTAL,INITAO,o3067
o3061,councilor-of-balingasag-misamis-oriental-o3061,"Councilor of Balingasag, Misamis Oriental",legislative,city,elected,MISAMIS ORIENTAL,BALINGASAG,o3067
o3062,councilor-of-manticao-misamis-oriental-o3062,"Councilor of Manticao, Misamis Oriental",legislative,city,elected,MISAMIS ORIENTAL,MANTICAO,o3067
o3063,councilor-of-tagoloan-misamis-oriental-o3063,"Councilor of Tagoloan, Misamis Oriental",legislative,city,elected,MISAMIS ORIENTAL,TAGOLOAN,o3067
o3064,councilor-of-alubijid-misamis-oriental-o3064,"Councilor of Alubijid, Misamis Oriental",legislative,city,elected,MISAMIS ORIENTAL,ALUBIJID,o3067
o3065,councilor-of-kinoguitan-misamis-oriental-o3065,"Councilor of Kinoguitan, Misamis Oriental",legislative,city,elected,MISAMIS ORIENTAL,KINOGUITAN,o3067
o3066,councilor-of-binuangan-misamis-oriental-o3066,"Councilor of Binuangan, Misamis Oriental",legislative,city,elected,MISAMIS ORIENTAL,BINUANGAN,o3067
o3067,governor-of-misamis-oriental-o3067,Governor of Misamis Oriental,executive,provincial,elected,MISAMIS ORIENTAL,,
o3068,mayor-of-laguindingan-misamis-oriental-o3068,"Mayor of Laguindingan, Misamis Oriental",executive,city,elected,MISAMIS ORIENTAL,LAGUINDINGAN,o3067
o3069,mayor-of-initao-misamis-oriental-o3069,"Mayor of Initao, Misamis Oriental",executive,city,elected,MISAMIS ORIENTAL,INITAO,o3067
o3070,mayor-of-libertad-misamis-oriental-o3070,"Mayor of Libertad, Misamis Oriental",executive,city,elected,MISAMIS ORIENTAL,LIBERTAD,o3067
o3071,mayor-of-gitagum-misamis-oriental-o3071,"Mayor of Gitagum, Misamis Oriental",executive,city,elected,MISAMIS ORIENTAL,GITAGUM,o3067
o3072,mayor-of-el-salvador-misamis-oriental-o3072,"Mayor of El Salvador, Misamis Oriental",executive,city,elected,MISAMIS ORIENTAL,EL SALVADOR,o3067
o3073,mayor-of-balingasag-misamis-oriental-o3073,"Mayor of Balingasag, Misamis Oriental",executive,city,elected,MISAMIS ORIENTAL,BALINGASAG,o3067
o3074,mayor-of-claveria-misamis-oriental-o3074,"Mayor of Claveria, Misamis Oriental",executive,city,elected,MISAMIS ORIENTAL,CLAVERIA,o3067
o3075,mayor-of-salay-misamis-oriental-o3075,"Mayor of Salay, Misamis Oriental",executive,city,elected,MISAMIS ORIENTAL,SALAY,o3067
o3076,mayor-of-cagayan-de-oro-misamis-oriental-o3076,"Mayor of Cagayan De Oro, Misamis Oriental",executive,city,elected,MISAMIS ORIENTAL,CAGAYAN DE ORO,o3067
o3077,mayor-of-tagoloan-misamis-oriental-o3077,"Mayor of Tagoloan, Misamis Oriental",executive,city,elected,MISAMIS ORIENTAL,TAGOLOAN,o3067
o3078,mayor-of-medina-misamis-oriental-o3078,"Mayor of Medina, Misamis Oriental",executive,city,elected,MISAMIS ORIENTAL,MEDINA,o3067
o3079,mayor-of-kinoguitan-misamis-oriental-o3079,"Mayor of Kinoguitan, Misamis Oriental",executive,city,elected,MISAMIS ORIENTAL,KINOGUITAN,o3067
o3080,mayor-of-manticao-misamis-oriental-o3080,"Mayor of Manticao, Misamis Oriental",executive,city,elected,MISAMIS ORIENTAL,MANTICAO,o3067
o3081,mayor-of-alubijid-misamis-oriental-o3081,"Mayor of Alubijid, Misamis Oriental",executive,city,elected,MISAMIS ORIENTAL,ALUBIJID,o3067
o3082,mayor-of-magsaysay-misamis-oriental-o3082,"Mayor of Magsaysay, Misamis Oriental",executive,city,elected,MISAMIS ORIENTAL,MAGSAYSAY,o3067
o3083,mayor-of-sugbongcogon-misamis-oriental-o3083,"Mayor of Sugbongcogon, Misamis Oriental",executive,city,elected,MISAMIS ORIENTAL,SUGBONGCOGON,o3067
o3084,mayor-of-lugait-misamis-oriental-o3084,"Mayor of Lugait, Misamis Oriental",executive,city,elected,MISAMIS ORIENTAL,LUGAIT,o3067
o3085,mayor-of-talisayan-misamis-oriental-o3085,"Mayor of Talisayan, Misamis Oriental",executive,city,elected,MISAMIS ORIENTAL,TALISAYAN,o3067
o3086,mayor-of-balingoan-misamis-oriental-o3086,"Mayor of Balingoan, Misamis Oriental",executive,city,elected,MISAMIS ORIENTAL,BALINGOAN,o3067
o3087,mayor-of-jasaan-misamis-oriental-o3087,"Mayor of Jasaan, Misamis Oriental",executive,city,elected,MISAMIS ORIENTAL,JASAAN,o3067
o3088,mayor-of-lagonglong-misamis-oriental-o3088,"Mayor of Lagonglong, Misamis Oriental",executive,city,elected,MISAMIS ORIENTAL,LAGONGLONG,o3067
o3089,mayor-of-naawan-misamis-oriental-o3089,"Mayor of Naawan, Misamis Oriental",executive,city,elected,MISAMIS ORIENTAL,NAAWAN,o3067
o3090,mayor-of-gingoog-misamis-oriental-o3090,"Mayor of Gingoog, Misamis Oriental",executive,city,elected,MISAMIS ORIENTAL,GINGOOG,o3067
o3091,mayor-of-binuangan-misamis-oriental-o3091,"Mayor of Binuangan, Misamis Oriental",executive,city,elected,MISAMIS ORIENTAL,BINUANGAN,o3067
o3092,mayor-of-villanueva-misamis-oriental-o3092,"Mayor of Villanueva, Misamis Oriental",executive,city,elected,MISAMIS ORIENTAL,VILLANUEVA,o3067
o3093,mayor-of-opol-misamis-oriental-o3093,"Mayor of Opol, Misamis Oriental",executive,city,elected,MISAMIS ORIENTAL,OPOL,o3067
o3094,representative-misamis-oriental-o3094,"Representative, , Misamis Oriental",legislative,national,elected,MISAMIS ORIENTAL,,
o3095,provincial-board-member-of-misamis-oriental-o3095,Provincial Board Member of Misamis Oriental,legislative,provincial,elected,MISAMIS ORIENTAL,,
o3096,vice-governor-of-misamis-oriental-o3096,Vice Governor of Misamis Oriental,executive,provincial,elected,MISAMIS ORIENTAL,,
o3097,vice-mayor-of-el-salvador-misamis-oriental-o3097,"Vice Mayor of El Salvador, Misamis Oriental",executive,city,elected,MISAMIS ORIENTAL,EL SALVADOR,o3067
o3098,vice-mayor-of-naawan-misamis-oriental-o3098,"Vice Mayor of Naawan, Misamis Oriental",executive,city,elected,MISAMIS ORIENTAL,NAAWAN,o3067
o3099,vice-mayor-of-balingoan-misamis-oriental-o3099,"Vice Mayor of Balingoan, Misamis Oriental",executive,city,elected,MISAMIS ORIENTAL,BALINGOAN,o3067
o3100,vice-mayor-of-binuangan-misamis-oriental-o3100,"Vice Mayor of Binuangan, Misamis Oriental",executive,city,elected,MISAMIS ORIENTAL,BINUANGAN,o3067
o3101,vice-mayor-of-initao-misamis-oriental-o3101,"Vice Mayor of Initao, Misamis Oriental",executive,city,elected,MISAMIS ORIENTAL,INITAO,o3067
o3102,vice-mayor-of-alubijid-misamis-oriental-o3102,"Vice Mayor of Alubijid, Misamis Oriental",executive,city,elected,MISAMIS ORIENTAL,ALUBIJID,o3067
o3103,vice-mayor-of-cagayan-de-oro-misamis-oriental-o3103,"Vice Mayor of Cagayan De Oro, Misamis Oriental",executive,city,elected,MISAMIS ORIENTAL,CAGAYAN DE ORO,o3067
o3104,vice-mayor-of-libertad-misamis-oriental-o3104,"Vice Mayor of Libertad, Misamis Oriental",executive,city,elected,MISAMIS ORIENTAL,LIBERTAD,o3067
o3105,vice-mayor-of-sugbongcogon-misamis-oriental-o3105,"Vice Mayor of Sugbongcogon, Misamis Oriental",executive,city,elected,MISAMIS ORIENTAL,SUGBONGCOGON,o3067
o3106,vice-mayor-of-manticao-misamis-oriental-o3106,"Vice Mayor of Manticao, Misamis Oriental",executive,city,elected,MISAMIS ORIENTAL,MANTICAO,o3067
o3107,vice-mayor-of-laguindingan-misamis-oriental-o3107,"Vice Mayor of Laguindingan, Misamis Oriental",executive,city,elected,MISAMIS ORIENTAL,LAGUINDINGAN,o3067
o3108,vice-mayor-of-kinoguitan-misamis-oriental-o3108,"Vice Mayor of Kinoguitan, Misamis Oriental",executive,city,elected,MISAMIS ORIENTAL,KINOGUITAN,o3067
o3109,vice-mayor-of-gingoog-misamis-oriental-o3109,"Vice Mayor of Gingoog, Misamis Oriental",executive,city,elected,MISAMIS ORIENTAL,GINGOOG,o3067
o3110,vice-mayor-of-gitagum-misamis-oriental-o3110,"Vice Mayor of Gitagum, Misamis Oriental",executive,city,elected,MISAMIS ORIENTAL,GITAGUM,o3067
o3111,vice-mayor-of-claveria-misamis-oriental-o3111,"Vice Mayor of Claveria, Misamis Oriental",executive,city,elected,MISAMIS ORIENTAL,CLAVERIA,o3067
o3112,vice-mayor-of-lugait-misamis-oriental-o3112,"Vice Mayor of Lugait, Misamis Oriental",executive,city,elected,MISAMIS ORIENTAL,LUGAIT,o3067
o3113,vice-mayor-of-jasaan-misamis-oriental-o3113,"Vice Mayor of Jasaan, Misamis Oriental",executive,city,elected,MISAMIS ORIENTAL,JASAAN,o3067
o3114,vice-mayor-of-medina-misamis-oriental-o3114,"Vice Mayor of Medina, Misamis Oriental",executive,city,elected,MISAMIS ORIENTAL,MEDINA,o3067
o3115,vice-mayor-of-balingasag-misamis-oriental-o3115,"Vice Mayor of Balingasag, Misamis Oriental",executive,city,elected,MISAMIS ORIENTAL,BALINGASAG,o3067
o3116,vice-mayor-of-salay-misamis-oriental-o3116,"Vice Mayor of Salay, Misamis Oriental",executive,city,elected,MISAMIS ORIENTAL,SALAY,o3067
o3117,vice-mayor-of-lagonglong-misamis-oriental-o3117,"Vice Mayor of Lagonglong, Misamis Oriental",executive,city,elected,MISAMIS ORIENTAL,LAGONGLONG,o3067
o3118,vice-mayor-of-tagoloan-misamis-oriental-o3118,"Vice Mayor of Tagoloan, Misamis Oriental",executive,city,elected,MISAMIS ORIENTAL,TAGOLOAN,o3067
o3119,vice-mayor-of-opol-misamis-oriental-o3119,"Vice Mayor of Opol, Misamis Oriental",executive,city,elected,MISAMIS ORIENTAL,OPOL,o3067
o3120,vice-mayor-of-magsaysay-misamis-oriental-o3120,"Vice Mayor of Magsaysay, Misamis Oriental",executive,city,elected,MISAMIS ORIENTAL,MAGSAYSAY,o3067
o3121,vice-mayor-of-talisayan-misamis-oriental-o3121,"Vice Mayor of Talisayan, Misamis Oriental",executive,city,elected,MISAMIS ORIENTAL,TALISAYAN,o3067
o3122,vice-mayor-of-villanueva-misamis-oriental-o3122,"Vice Mayor of Villanueva, Misamis Oriental",executive,city,elected,MISAMIS ORIENTAL,VILLANUEVA,o3067
o3123,councilor-of-paracelis-mountain-province-o3123,"Councilor of Paracelis, Mountain Province",legislative,city,elected,MOUNTAIN PROVINCE,PARACELIS,o3133
o3124,councilor-of-sadanga-mountain-province-o3124,"Councilor of Sadanga, Mountain Province",legislative,city,elected,MOUNTAIN PROVINCE,SADANGA,o3133
o3125,councilor-of-besao-mountain-province-o3125,"Councilor of Besao, Mountain Province",legislative,city,elected,MOUNTAIN PROVINCE,BESAO,o3133
o3126,councilor-of-bontoc-mountain-province-o3126,"Councilor of Bontoc, Mountain Province",legislative,city,elected,MOUNTAIN PROVINCE,BONTOC,o3133
o3127,councilor-of-tadian-mountain-province-o3127,"Councilor of Tadian, Mountain Province",legislative,city,elected,MOUNTAIN PROVINCE,TADIAN,o3133
o3128,councilor-of-sagada-mountain-province-o3128,"Councilor of Sagada, Mountain Province",legislative,city,elected,MOUNTAIN PROVINCE,SAGADA,o3133
o3129,councilor-of-bauko-mountain-province-o3129,"Councilor of Bauko, Mountain Province",legislative,city,elected,MOUNTAIN PROVINCE,BAUKO,o3133
o3130,councilor-of-natonin-mountain-province-o3130,"Councilor of Natonin, Mountain Province",legislative,city,elected,MOUNTAIN PROVINCE,NATONIN,o3133
o3131,councilor-of-sabangan-mountain-province-o3131,"Councilor of Sabangan, Mountain Province",legislative,city,elected,MOUNTAIN PROVINCE,SABANGAN,o3133
o3132,councilor-of-barlig-mountain-province-o3132,"Councilor of Barlig, Mountain Province",legislative,city,elected,MOUNTAIN PROVINCE,BARLIG,o3133
o3133,governor-of-mountain-province-o3133,Governor of Mountain Province,executive,provincial,elected,MOUNTAIN PROVINCE,,
o3134,mayor-of-barlig-mountain-province-o3134,"Mayor of Barlig, Mountain Province",executive,city,elected,MOUNTAIN PROVINCE,BARLIG,o3133
o3135,mayor-of-natonin-mountain-province-o3135,"Mayor of Natonin, Mountain Province",executive,city,elected,MOUNTAIN PROVINCE,NATONIN,o3133
o3136,mayor-of-besao-mountain-province-o3136,"Mayor of Besao, Mountain Province",executive,city,elected,MOUNTAIN PROVINCE,BESAO,o3133
o3137,mayor-of-bontoc-mountain-province-o3137,"Mayor of Bontoc, Mountain Province",executive,city,elected,MOUNTAIN PROVINCE,BONTOC,o3133
o3138,mayor-of-sabangan-mountain-province-o3138,"Mayor of Sabangan, Mountain Province",executive,city,elected,MOUNTAIN PROVINCE,SABANGAN,o3133
o3139,mayor-of-sadanga-mountain-province-o3139,"Mayor of Sadanga, Mountain Province",executive,city,elected,MOUNTAIN PROVINCE,SADANGA,o3133
o3140,mayor-of-sagada-mountain-province-o3140,"Mayor of Sagada, Mountain Province",executive,city,elected,MOUNTAIN PROVINCE,SAGADA,o3133
o3141,mayor-of-bauko-mountain-province-o3141,"Mayor of Bauko, Mountain Province",executive,city,elected,MOUNTAIN PROVINCE,BAUKO,o3133
o3142,mayor-of-tadian-mountain-province-o3142,"Mayor of Tadian, Mountain Province",executive,city,elected,MOUNTAIN PROVINCE,TADIAN,o3133
o3143,mayor-of-paracelis-mountain-province-o3143,"Mayor of Paracelis, Mountain Province",executive,city,elected,MOUNTAIN PROVINCE,PARACELIS,o3133
o3144,representative-mountain-province-o3144,"Representative, , Mountain Province",legislative,national,elected,MOUNTAIN PROVINCE,,
o3145,provincial-board-member-of-mountain-province-o3145,Provincial Board Member of Mountain Province,legislative,provincial,elected,MOUNTAIN PROVINCE,,
o3146,vice-governor-of-mountain-province-o3146,Vice Governor of Mountain Province,executive,provincial,elected,MOUNTAIN PROVINCE,,
o3147,vice-mayor-of-sadanga-mountain-province-o3147,"Vice Mayor of Sadanga, Mountain Province",executive,city,elected,MOUNTAIN PROVINCE,SADANGA,o3133
o3148,vice-mayor-of-paracelis-mountain-province-o3148,"Vice Mayor of Paracelis, Mountain Province",executive,city,elected,MOUNTAIN PROVINCE,PARACELIS,o3133
o3149,vice-mayor-of-besao-mountain-province-o3149,"Vice Mayor of Besao, Mountain Province",executive,city,elected,MOUNTAIN PROVINCE,BESAO,o3133
o3150,vice-mayor-of-barlig-mountain-province-o3150,"Vice Mayor of Barlig, Mountain Province",executive,city,elected,MOUNTAIN PROVINCE,BARLIG,o3133
o3151,vice-mayor-of-sagada-mountain-province-o3151,"Vice Mayor of Sagada, Mountain Province",executive,city,elected,MOUNTAIN PROVINCE,SAGADA,o3133
o3152,vice-mayor-of-natonin-mountain-province-o3152,"Vice Mayor of Natonin, Mountain Province",executive,city,elected,MOUNTAIN PROVINCE,NATONIN,o3133
o3153,vice-mayor-of-sabangan-mountain-province-o3153,"Vice Mayor of Sabangan, Mountain Province",executive,city,elected,MOUNTAIN PROVINCE,SABANGAN,o3133
o3154,vice-mayor-of-tadian-mountain-province-o3154,"Vice Mayor of Tadian, Mountain Province",executive,city,elected,MOUNTAIN PROVINCE,TADIAN,o3133
o3155,vice-mayor-of-bauko-mountain-province-o3155,"Vice Mayor of Bauko, Mountain Province",executive,city,elected,MOUNTAIN PROVINCE,BAUKO,o3133
o3156,vice-mayor-of-bontoc-mountain-province-o3156,"Vice Mayor of Bontoc, Mountain Province",executive,city,elected,MOUNTAIN PROVINCE,BONTOC,o3133
o3157,councilor-of-manila-ncr-first-district-o3157,"Councilor of Manila, Ncr First District",legislative,city,elected,NCR FIRST DISTRICT,MANILA,
o3158,mayor-of-manila-ncr-first-district-o3158,"Mayor of Manila, Ncr First District",executive,city,elected,NCR FIRST DISTRICT,MANILA,
o3159,representative-ncr-first-district-o3159,"Representative, , Ncr First District",legislative,national,elected,NCR FIRST DISTRICT,,
o3160,vice-mayor-of-manila-ncr-first-district-o3160,"Vice Mayor of Manila, Ncr First District",executive,city,elected,NCR FIRST DISTRICT,MANILA,
o3161,councilor-of-pasay-ncr-fourth-district-o3161,"Councilor of Pasay, Ncr Fourth District",legislative,city,elected,NCR FOURTH DISTRICT,PASAY,
o3162,councilor-of-las-pinas-ncr-fourth-district-o3162,"Councilor of Las Pinas, Ncr Fourth District",legislative,city,elected,NCR FOURTH DISTRICT,LAS PINAS,
o3163,councilor-of-taguig-ncr-fourth-district-o3163,"Councilor of Taguig, Ncr Fourth District",legislative,city,elected,NCR FOURTH DISTRICT,TAGUIG,
o3164,councilor-of-pateros-ncr-fourth-district-o3164,"Councilor of Pateros, Ncr Fourth District",legislative,city,elected,NCR FOURTH DISTRICT,PATEROS,
o3165,councilor-of-paranaque-ncr-fourth-district-o3165,"Councilor of Paranaque, Ncr Fourth District",legislative,city,elected,NCR FOURTH DISTRICT,PARANAQUE,
o3166,councilor-of-muntinlupa-ncr-fourth-district-o3166,"Councilor of Muntinlupa, Ncr Fourth District",legislative,city,elected,NCR FOURTH DISTRICT,MUNTINLUPA,
o3167,councilor-of-makati-ncr-fourth-district-o3167,"Councilor of Makati, Ncr Fourth District",legislative,city,elected,NCR FOURTH DISTRICT,MAKATI,
o3168,mayor-of-las-pinas-ncr-fourth-district-o3168,"Mayor of Las Pinas, Ncr Fourth District",executive,city,elected,NCR FOURTH DISTRICT,LAS PINAS,
o3169,mayor-of-makati-ncr-fourth-district-o3169,"Mayor of Makati, Ncr Fourth District",executive,city,elected,NCR FOURTH DISTRICT,MAKATI,
o3170,mayor-of-pateros-ncr-fourth-district-o3170,"Mayor of Pateros, Ncr Fourth District",executive,city,elected,NCR FOURTH DISTRICT,PATEROS,
o3171,mayor-of-muntinlupa-ncr-fourth-district-o3171,"Mayor of Muntinlupa, Ncr Fourth District",executive,city,elected,NCR FOURTH DISTRICT,MUNTINLUPA,
o3172,mayor-of-paranaque-ncr-fourth-district-o3172,"Mayor of Paranaque, Ncr Fourth District",executive,city,elected,NCR FOURTH DISTRICT,PARANAQUE,
o3173,mayor-of-taguig-ncr-fourth-district-o3173,"Mayor of Taguig, Ncr Fourth District",executive,city,elected,NCR FOURTH DISTRICT,TAGUIG,
o3174,mayor-of-pasay-ncr-fourth-district-o3174,"Mayor of Pasay, Ncr Fourth District",executive,city,elected,NCR FOURTH DISTRICT,PASAY,
o3175,representative-ncr-fourth-district-o3175,"Representative, , Ncr Fourth District",legislative,national,elected,NCR FOURTH DISTRICT,,
o3176,vice-mayor-of-muntinlupa-ncr-fourth-district-o3176,"Vice Mayor of Muntinlupa, Ncr Fourth District",executive,city,elected,NCR FOURTH DISTRICT,MUNTINLUPA,
o3177,vice-mayor-of-paranaque-ncr-fourth-district-o3177,"Vice Mayor of Paranaque, Ncr Fourth District",executive,city,elected,NCR FOURTH DISTRICT,PARANAQUE,
o3178,vice-mayor-of-pateros-ncr-fourth-district-o3178,"Vice Mayor of Pateros, Ncr Fourth District",executive,city,elected,NCR FOURTH DISTRICT,PATEROS,
o3179,vice-mayor-of-las-pinas-ncr-fourth-district-o3179,"Vice Mayor of Las Pinas, Ncr Fourth District",executive,city,elected,NCR FOURTH DISTRICT,LAS PINAS,
o3180,vice-mayor-of-pasay-ncr-fourth-district-o3180,"Vice Mayor of Pasay, Ncr Fourth District",executive,city,elected,NCR FOURTH DISTRICT,PASAY,
o3181,vice-mayor-of-taguig-ncr-fourth-district-o3181,"Vice Mayor of Taguig, Ncr Fourth District",executive,city,elected,NCR FOURTH DISTRICT,TAGUIG,
o3182,vice-mayor-of-makati-ncr-fourth-district-o3182,"Vice Mayor of Makati, Ncr Fourth District",executive,city,elected,NCR FOURTH DISTRICT,MAKATI,
o3183,councilor-of-quezon-ncr-second-district-o3183,"Councilor of Quezon, Ncr Second District",legislative,city,elected,NCR SECOND DISTRICT,QUEZON,
o3184,councilor-of-mandaluyong-ncr-second-district-o3184,"Councilor of Mandaluyong, Ncr Second District",legislative,city,elected,NCR SECOND DISTRICT,MANDALUYONG,
o3185,councilor-of-san-juan-ncr-second-district-o3185,"Councilor of San Juan, Ncr Second District",legislative,city,elected,NCR SECOND DISTRICT,SAN JUAN,
o3186,councilor-of-pasig-ncr-second-district-o3186,"Councilor of Pasig, Ncr Second District",legislative,city,elected,NCR SECOND DISTRICT,PASIG,
o3187,councilor-of-marikina-ncr-second-district-o3187,"Councilor of Marikina, Ncr Second District",legislative,city,elected,NCR SECOND DISTRICT,MARIKINA,
o3188,mayor-of-mandaluyong-ncr-second-district-o3188,"Mayor of Mandaluyong, Ncr Second District",executive,city,elected,NCR SECOND DISTRICT,MANDALUYONG,
o3189,mayor-of-quezon-ncr-second-district-o3189,"Mayor of Quezon, Ncr Second District",executive,city,elected,NCR SECOND DISTRICT,QUEZON,
o3190,mayor-of-san-juan-ncr-second-district-o3190,"Mayor of San Juan, Ncr Second District",executive,city,elected,NCR SECOND DISTRICT,SAN JUAN,
o3191,mayor-of-pasig-ncr-second-district-o3191,"Mayor of Pasig, Ncr Second District",executive,city,elected,NCR SECOND DISTRICT,PASIG,
o3192,mayor-of-marikina-ncr-second-district-o3192,"Mayor of Marikina, Ncr Second District",executive,city,elected,NCR SECOND DISTRICT,MARIKINA,
o3193,representative-ncr-second-district-o3193,"Representative, , Ncr Second District",legislative,national,elected,NCR SECOND DISTRICT,,
o3194,vice-mayor-of-marikina-ncr-second-district-o3194,"Vice Mayor of Marikina, Ncr Second District",executive,city,elected,NCR SECOND DISTRICT,MARIKINA,
o3195,vice-mayor-of-quezon-ncr-second-district-o3195,"Vice Mayor of Quezon, Ncr Second District",executive,city,elected,NCR SECOND DISTRICT,QUEZON,
o3196,vice-mayor-of-pasig-ncr-second-district-o3196,"Vice Mayor of Pasig, Ncr Second District",executive,city,elected,NCR SECOND DISTRICT,PASIG,
o3197,vice-mayor-of-san-juan-ncr-second-district-o3197,"Vice Mayor of San Juan, Ncr Second District",executive,city,elected,NCR SECOND DISTRICT,SAN JUAN,
o3198,vice-mayor-of-mandaluyong-ncr-second-district-o3198,"Vice Mayor of Mandaluyong, Ncr Second District",executive,city,elected,NCR SECOND DISTRICT,MANDALUYONG,
o3199,councilor-of-kaloocan-ncr-third-district-o3199,"Councilor of Kaloocan, Ncr Third District",legislative,city,elected,NCR THIRD DISTRICT,KALOOCAN,
o3200,councilor-of-malabon-ncr-third-district-o3200,"Councilor of Malabon, Ncr Third District",legislative,city,elected,NCR THIRD DISTRICT,MALABON,
o3201,councilor-of-valenzuela-ncr-third-district-o3201,"Councilor of Valenzuela, Ncr Third District",legislative,city,elected,NCR THIRD DISTRICT,VALENZUELA,
o3202,councilor-of-navotas-ncr-third-district-o3202,"Councilor of Navotas, Ncr Third District",legislative,city,elected,NCR THIRD DISTRICT,NAVOTAS,
o3203,mayor-of-valenzuela-ncr-third-district-o3203,"Mayor of Valenzuela, Ncr Third District",executive,city,elected,NCR THIRD DISTRICT,VALENZUELA,
o3204,mayor-of-kaloocan-ncr-third-district-o3204,"Mayor of Kaloocan, Ncr Third District",executive,city,elected,NCR THIRD DISTRICT,KALOOCAN,
o3205,mayor-of-navotas-ncr-third-district-o3205,"Mayor of Navotas, Ncr Third District",executive,city,elected,NCR THIRD DISTRICT,NAVOTAS,
o3206,mayor-of-malabon-ncr-third-district-o3206,"Mayor of Malabon, Ncr Third District",executive,city,elected,NCR THIRD DISTRICT,MALABON,
o3207,representative-ncr-third-district-o3207,"Representative, , Ncr Third District",legislative,national,elected,NCR THIRD DISTRICT,,
o3208,vice-mayor-of-navotas-ncr-third-district-o3208,"Vice Mayor of Navotas, Ncr Third District",executive,city,elected,NCR THIRD DISTRICT,NAVOTAS,
o3209,vice-mayor-of-valenzuela-ncr-third-district-o3209,"Vice Mayor of Valenzuela, Ncr Third District",executive,city,elected,NCR THIRD DISTRICT,VALENZUELA,
o3210,vice-mayor-of-kaloocan-ncr-third-district-o3210,"Vice Mayor of Kaloocan, Ncr Third District",executive,city,elected,NCR THIRD DISTRICT,KALOOCAN,
o3211,vice-mayor-of-malabon-ncr-third-district-o3211,"Vice Mayor of Malabon, Ncr Third District",executive,city,elected,NCR THIRD DISTRICT,MALABON,
o3212,councilor-of-himamaylan-negros-occidental-o3212,"Councilor of Himamaylan, Negros Occidental",legislative,city,elected,NEGROS OCCIDENTAL,HIMAMAYLAN,o3244
o3213,councilor-of-manapla-negros-occidental-o3213,"Councilor of Manapla, Negros Occidental",legislative,city,elected,NEGROS OCCIDENTAL,MANAPLA,o3244
o3214,councilor-of-valladolid-negros-occidental-o3214,"Councilor of Valladolid, Negros Occidental",legislative,city,elected,NEGROS OCCIDENTAL,VALLADOLID,o3244
o3215,councilor-of-victorias-negros-occidental-o3215,"Councilor of Victorias, Negros Occidental",legislative,city,elected,NEGROS OCCIDENTAL,VICTORIAS,o3244
o3216,councilor-of-hinigaran-negros-occidental-o3216,"Councilor of Hinigaran, Negros Occidental",legislative,city,elected,NEGROS OCCIDENTAL,HINIGARAN,o3244
o3217,councilor-of-la-carlota-negros-occidental-o3217,"Councilor of La Carlota, Negros Occidental",legislative,city,elected,NEGROS OCCIDENTAL,LA CARLOTA,o3244
o3218,councilor-of-salvador-benedicto-negros-occidental-o3218,"Councilor of Salvador Benedicto, Negros Occidental",legislative,city,elected,NEGROS OCCIDENTAL,SALVADOR BENEDICTO,o3244
o3219,councilor-of-escalante-negros-occidental-o3219,"Councilor of Escalante, Negros Occidental",legislative,city,elected,NEGROS OCCIDENTAL,ESCALANTE,o3244
o3220,councilor-of-silay-negros-occidental-o3220,"Councilor of Silay, Negros Occidental",legislative,city,elected,NEGROS OCCIDENTAL,SILAY,o3244
o3221,councilor-of-ilog-negros-occidental-o3221,"Councilor of Ilog, Negros Occidental",legislative,city,elected,NEGROS OCCIDENTAL,ILOG,o3244
o3222,councilor-of-toboso-negros-occidental-o3222,"Councilor of Toboso, Negros Occidental",legislative,city,elected,NEGROS OCCIDENTAL,TOBOSO,o3244
o3223,councilor-of-sipalay-negros-occidental-o3223,"Councilor of Sipalay, Negros Occidental",legislative,city,elected,NEGROS OCCIDENTAL,SIPALAY,o3244
o3224,councilor-of-kabankalan-negros-occidental-o3224,"Councilor of Kabankalan, Negros Occidental",legislative,city,elected,NEGROS OCCIDENTAL,KABANKALAN,o3244
o3225,councilor-of-san-carlos-negros-occidental-o3225,"Councilor of San Carlos, Negros Occidental",legislative,city,elected,NEGROS OCCIDENTAL,SAN CARLOS,o3244
o3226,councilor-of-pontevedra-negros-occidental-o3226,"Councilor of Pontevedra, Negros Occidental",legislative,city,elected,NEGROS OCCIDENTAL,PONTEVEDRA,o3244
o3227,councilor-of-bago-negros-occidental-o3227,"Councilor of Bago, Negros Occidental",legislative,city,elected,NEGROS OCCIDENTAL,BAGO,o3244
o3228,councilor-of-isabela-negros-occidental-o3228,"Councilor of Isabela, Negros Occidental",legislative,city,elected,NEGROS OCCIDENTAL,ISABELA,o3244
o3229,councilor-of-la-castellana-negros-occidental-o3229,"Councilor of La Castellana, Negros Occidental",legislative,city,elected,NEGROS OCCIDENTAL,LA CASTELLANA,o3244
o3230,councilor-of-calatrava-negros-occidental-o3230,"Councilor of Calatrava, Negros Occidental",legislative,city,elected,NEGROS OCCIDENTAL,CALATRAVA,o3244
o3231,councilor-of-enrique-b-magalona-negros-occidental-o3231,"Councilor of Enrique B Magalona, Negros Occidental",legislative,city,elected,NEGROS OCCIDENTAL,ENRIQUE B MAGALONA,o3244
o3232,councilor-of-talisay-negros-occidental-o3232,"Councilor of Talisay, Negros Occidental",legislative,city,elected,NEGROS OCCIDENTAL,TALISAY,o3244
o3233,councilor-of-bacolod-negros-occidental-o3233,"Councilor of Bacolod, Negros Occidental",legislative,city,elected,NEGROS OCCIDENTAL,BACOLOD,o3244
o3234,councilor-of-murcia-negros-occidental-o3234,"Councilor of Murcia, Negros Occidental",legislative,city,elected,NEGROS OCCIDENTAL,MURCIA,o3244
o3235,councilor-of-sagay-negros-occidental-o3235,"Councilor of Sagay, Negros Occidental",legislative,city,elected,NEGROS OCCIDENTAL,SAGAY,o3244
o3236,councilor-of-san-enrique-negros-occidental-o3236,"Councilor of San Enrique, Negros Occidental",legislative,city,elected,NEGROS OCCIDENTAL,SAN ENRIQUE,o3244
o3237,councilor-of-hinoba-an-negros-occidental-o3237,"Councilor of Hinoba An, Negros Occidental",legislative,city,elected,NEGROS OCCIDENTAL,HINOBA AN,o3244
o3238,councilor-of-pulupandan-negros-occidental-o3238,"Councilor of Pulupandan, Negros Occidental",legislative,city,elected,NEGROS OCCIDENTAL,PULUPANDAN,o3244
o3239,councilor-of-candoni-negros-occidental-o3239,"Councilor of Candoni, Negros Occidental",legislative,city,elected,NEGROS OCCIDENTAL,CANDONI,o3244
o3240,councilor-of-moises-padilla-negros-occidental-o3240,"Councilor of Moises Padilla, Negros Occidental",legislative,city,elected,NEGROS OCCIDENTAL,MOISES PADILLA,o3244
o3241,councilor-of-cadiz-negros-occidental-o3241,"Councilor of Cadiz, Negros Occidental",legislative,city,elected,NEGROS OCCIDENTAL,CADIZ,o3244
o3242,councilor-of-binalbagan-negros-occidental-o3242,"Councilor of Binalbagan, Negros Occidental",legislative,city,elected,NEGROS OCCIDENTAL,BINALBAGAN,o3244
o3243,councilor-of-cauayan-negros-occidental-o3243,"Councilor of Cauayan, Negros Occidental",legislative,city,elected,NEGROS OCCIDENTAL,CAUAYAN,o3244
o3244,governor-of-negros-occidental-o3244,Governor of Negros Occidental,executive,provincial,elected,NEGROS OCCIDENTAL,,
o3245,mayor-of-pontevedra-negros-occidental-o3245,"Mayor of Pontevedra, Negros Occidental",executive,city,elected,NEGROS OCCIDENTAL,PONTEVEDRA,o3244
o3246,mayor-of-ilog-negros-occidental-o3246,"Mayor of Ilog, Negros Occidental",executive,city,elected,NEGROS OCCIDENTAL,ILOG,o3244
o3247,mayor-of-binalbagan-negros-occidental-o3247,"Mayor of Binalbagan, Negros Occidental",executive,city,elected,NEGROS OCCIDENTAL,BINALBAGAN,o3244
o3248,mayor-of-victorias-negros-occidental-o3248,"Mayor of Victorias, Negros Occidental",executive,city,elected,NEGROS OCCIDENTAL,VICTORIAS,o3244
o3249,mayor-of-escalante-negros-occidental-o3249,"Mayor of Escalante, Negros Occidental",executive,city,elected,NEGROS OCCIDENTAL,ESCALANTE,o3244
o3250,mayor-of-himamaylan-negros-occidental-o3250,"Mayor of Himamaylan, Negros Occidental",executive,city,elected,NEGROS OCCIDENTAL,HIMAMAYLAN,o3244
o3251,mayor-of-toboso-negros-occidental-o3251,"Mayor of Toboso, Negros Occidental",executive,city,elected,NEGROS OCCIDENTAL,TOBOSO,o3244
o3252,mayor-of-hinoba-an-negros-occidental-o3252,"Mayor of Hinoba An, Negros Occidental",executive,city,elected,NEGROS OCCIDENTAL,HINOBA AN,o3244
o3253,mayor-of-murcia-negros-occidental-o3253,"Mayor of Murcia, Negros Occidental",executive,city,elected,NEGROS OCCIDENTAL,MURCIA,o3244
o3254,mayor-of-salvador-benedicto-negros-occidental-o3254,"Mayor of Salvador Benedicto, Negros Occidental",executive,city,elected,NEGROS OCCIDENTAL,SALVADOR BENEDICTO,o3244
o3255,mayor-of-la-castellana-negros-occidental-o3255,"Mayor of La Castellana, Negros Occidental",executive,city,elected,NEGROS OCCIDENTAL,LA CASTELLANA,o3244
o3256,mayor-of-cadiz-negros-occidental-o3256,"Mayor of Cadiz, Negros Occidental",executive,city,elected,NEGROS OCCIDENTAL,CADIZ,o3244
o3257,mayor-of-manapla-negros-occidental-o3257,"Mayor of Manapla, Negros Occidental",executive,city,elected,NEGROS OCCIDENTAL,MANAPLA,o3244
o3258,mayor-of-calatrava-negros-occidental-o3258,"Mayor of Calatrava, Negros Occidental",executive,city,elected,NEGROS OCCIDENTAL,CALATRAVA,o3244
o3259,mayor-of-silay-negros-occidental-o3259,"Mayor of Silay, Negros Occidental",executive,city,elected,NEGROS OCCIDENTAL,SILAY,o3244
o3260,mayor-of-enrique-b-magalona-negros-occidental-o3260,"Mayor of Enrique B Magalona, Negros Occidental",executive,city,elected,NEGROS OCCIDENTAL,ENRIQUE B MAGALONA,o3244
o3261,mayor-of-moises-padilla-negros-occidental-o3261,"Mayor of Moises Padilla, Negros Occidental",executive,city,elected,NEGROS OCCIDENTAL,MOISES PADILLA,o3244
o3262,mayor-of-hinigaran-negros-occidental-o3262,"Mayor of Hinigaran, Negros Occidental",executive,city,elected,NEGROS OCCIDENTAL,HINIGARAN,o3244
o3263,mayor-of-la-carlota-negros-occidental-o3263,"Mayor of La Carlota, Negros Occidental",executive,city,elected,NEGROS OCCIDENTAL,LA CARLOTA,o3244
o3264,mayor-of-sagay-negros-occidental-o3264,"Mayor of Sagay, Negros Occidental",executive,city,elected,NEGROS OCCIDENTAL,SAGAY,o3244
o3265,mayor-of-san-carlos-negros-occidental-o3265,"Mayor of San Carlos, Negros Occidental",executive,city,elected,NEGROS OCCIDENTAL,SAN CARLOS,o3244
o3266,mayor-of-talisay-negros-occidental-o3266,"Mayor of Talisay, Negros Occidental",executive,city,elected,NEGROS OCCIDENTAL,TALISAY,o3244
o3267,mayor-of-isabela-negros-occidental-o3267,"Mayor of Isabela, Negros Occidental",executive,city,elected,NEGROS OCCIDENTAL,ISABELA,o3244
o3268,mayor-of-candoni-negros-occidental-o3268,"Mayor of Candoni, Negros Occidental",executive,city,elected,NEGROS OCCIDENTAL,CANDONI,o3244
o3269,mayor-of-sipalay-negros-occidental-o3269,"Mayor of Sipalay, Negros Occidental",executive,city,elected,NEGROS OCCIDENTAL,SIPALAY,o3244
o3270,mayor-of-valladolid-negros-occidental-o3270,"Mayor of Valladolid, Negros Occidental",executive,city,elected,NEGROS OCCIDENTAL,VALLADOLID,o3244
o3271,mayor-of-pulupandan-negros-occidental-o3271,"Mayor of Pulupandan, Negros Occidental",executive,city,elected,NEGROS OCCIDENTAL,PULUPANDAN,o3244
o3272,mayor-of-cauayan-negros-occidental-o3272,"Mayor of Cauayan, Negros Occidental",executive,city,elected,NEGROS OCCIDENTAL,CAUAYAN,o3244
o3273,mayor-of-bago-negros-occidental-o3273,"Mayor of Bago, Negros Occidental",executive,city,elected,NEGROS OCCIDENTAL,BAGO,o3244
o3274,mayor-of-san-enrique-negros-occidental-o3274,"Mayor of San Enrique, Negros Occidental",executive,city,elected,NEGROS OCCIDENTAL,SAN ENRIQUE,o3244
o3275,mayor-of-bacolod-negros-occidental-o3275,"Mayor of Bacolod, Negros Occidental",executive,city,elected,NEGROS OCCIDENTAL,BACOLOD,o3244
o3276,mayor-of-kabankalan-negros-occidental-o3276,"Mayor of Kabankalan, Negros Occidental",executive,city,elected,NEGROS OCCIDENTAL,KABANKALAN,o3244
o3277,representative-negros-occidental-o3277,"Representative, , Negros Occidental",legislative,national,elected,NEGROS OCCIDENTAL,,
o3278,provincial-board-member-of-negros-occidental-o3278,Provincial Board Member of Negros Occidental,legislative,provincial,elected,NEGROS OCCIDENTAL,,
o3279,vice-governor-of-negros-occidental-o3279,Vice Governor of Negros Occidental,executive,provincial,elected,NEGROS OCCIDENTAL,,
o3280,vice-mayor-of-murcia-negros-occidental-o3280,"Vice Mayor of Murcia, Negros Occidental",executive,city,elected,NEGROS OCCIDENTAL,MURCIA,o3244
o3281,vice-mayor-of-valladolid-negros-occidental-o3281,"Vice Mayor of Valladolid, Negros Occidental",executive,city,elected,NEGROS OCCIDENTAL,VALLADOLID,o3244
o3282,vice-mayor-of-calatrava-negros-occidental-o3282,"Vice Mayor of Calatrava, Negros Occidental",executive,city,elected,NEGROS OCCIDENTAL,CALATRAVA,o3244
o3283,vice-mayor-of-sagay-negros-occidental-o3283,"Vice Mayor of Sagay, Negros Occidental",executive,city,elected,NEGROS OCCIDENTAL,SAGAY,o3244
o3284,vice-mayor-of-salvador-benedicto-negros-occidental-o3284,"Vice Mayor of Salvador Benedicto, Negros Occidental",executive,city,elected,NEGROS OCCIDENTAL,SALVADOR BENEDICTO,o3244
o3285,vice-mayor-of-toboso-negros-occidental-o3285,"Vice Mayor of Toboso, Negros Occidental",executive,city,elected,NEGROS OCCIDENTAL,TOBOSO,o3244
o3286,vice-mayor-of-bacolod-negros-occidental-o3286,"Vice Mayor of Bacolod, Negros Occidental",executive,city,elected,NEGROS OCCIDENTAL,BACOLOD,o3244
o3287,vice-mayor-of-manapla-negros-occidental-o3287,"Vice Mayor of Manapla, Negros Occidental",executive,city,elected,NEGROS OCCIDENTAL,MANAPLA,o3244
o3288,vice-mayor-of-cadiz-negros-occidental-o3288,"Vice Mayor of Cadiz, Negros Occidental",executive,city,elected,NEGROS OCCIDENTAL,CADIZ,o3244
o3289,vice-mayor-of-la-carlota-negros-occidental-o3289,"Vice Mayor of La Carlota, Negros Occidental",executive,city,elected,NEGROS OCCIDENTAL,LA CARLOTA,o3244
o3290,vice-mayor-of-silay-negros-occidental-o3290,"Vice Mayor of Silay, Negros Occidental",executive,city,elected,NEGROS OCCIDENTAL,SILAY,o3244
o3291,vice-mayor-of-hinigaran-negros-occidental-o3291,"Vice Mayor of Hinigaran, Negros Occidental",executive,city,elected,NEGROS OCCIDENTAL,HINIGARAN,o3244
o3292,vice-mayor-of-san-carlos-negros-occidental-o3292,"Vice Mayor of San Carlos, Negros Occidental",executive,city,elected,NEGROS OCCIDENTAL,SAN CARLOS,o3244
o3293,vice-mayor-of-isabela-negros-occidental-o3293,"Vice Mayor of Isabela, Negros Occidental",executive,city,elected,NEGROS OCCIDENTAL,ISABELA,o3244
o3294,vice-mayor-of-escalante-negros-occidental-o3294,"Vice Mayor of Escalante, Negros Occidental",executive,city,elected,NEGROS OCCIDENTAL,ESCALANTE,o3244
o3295,vice-mayor-of-enrique-b-magalona-negros-occidental-o3295,"Vice Mayor of Enrique B Magalona, Negros Occidental",executive,city,elected,NEGROS OCCIDENTAL,ENRIQUE B MAGALONA,o3244
o3296,vice-mayor-of-cauayan-negros-occidental-o3296,"Vice Mayor of Cauayan, Negros Occidental",executive,city,elected,NEGROS OCCIDENTAL,CAUAYAN,o3244
o3297,vice-mayor-of-pulupandan-negros-occidental-o3297,"Vice Mayor of Pulupandan, Negros Occidental",executive,city,elected,NEGROS OCCIDENTAL,PULUPANDAN,o3244
o3298,vice-mayor-of-la-castellana-negros-occidental-o3298,"Vice Mayor of La Castellana, Negros Occidental",executive,city,elected,NEGROS OCCIDENTAL,LA CASTELLANA,o3244
o3299,vice-mayor-of-san-enrique-negros-occidental-o3299,"Vice Mayor of San Enrique, Negros Occidental",executive,city,elected,NEGROS OCCIDENTAL,SAN ENRIQUE,o3244
o3300,vice-mayor-of-victorias-negros-occidental-o3300,"Vice Mayor of Victorias, Negros Occidental",executive,city,elected,NEGROS OCCIDENTAL,VICTORIAS,o3244
o3301,vice-mayor-of-moises-padilla-negros-occidental-o3301,"Vice Mayor of Moises Padilla, Negros Occidental",executive,city,elected,NEGROS OCCIDENTAL,MOISES PADILLA,o3244
o3302,vice-mayor-of-kabankalan-negros-occidental-o3302,"Vice Mayor of Kabankalan, Negros Occidental",executive,city,elected,NEGROS OCCIDENTAL,KABANKALAN,o3244
o3303,vice-mayor-of-hinoba-an-negros-occidental-o3303,"Vice Mayor of Hinoba An, Negros Occidental",executive,city,elected,NEGROS OCCIDENTAL,HINOBA AN,o3244
o3304,vice-mayor-of-talisay-negros-occidental-o3304,"Vice Mayor of Talisay, Negros Occidental",executive,city,elected,NEGROS OCCIDENTAL,TALISAY,o3244
o3305,vice-mayor-of-candoni-negros-occidental-o3305,"Vice Mayor of Candoni, Negros Occidental",executive,city,elected,NEGROS OCCIDENTAL,CANDONI,o3244
o3306,vice-mayor-of-pontevedra-negros-occidental-o3306,"Vice Mayor of Pontevedra, Negros Occidental",executive,city,elected,NEGROS OCCIDENTAL,PONTEVEDRA,o3244
o3307,vice-mayor-of-himamaylan-negros-occidental-o3307,"Vice Mayor of Himamaylan, Negros Occidental",executive,city,elected,NEGROS OCCIDENTAL,HIMAMAYLAN,o3244
o3308,vice-mayor-of-bago-negros-occidental-o3308,"Vice Mayor of Bago, Negros Occidental",executive,city,elected,NEGROS OCCIDENTAL,BAGO,o3244
o3309,vice-mayor-of-ilog-negros-occidental-o3309,"Vice Mayor of Ilog, Negros Occidental",executive,city,elected,NEGROS OCCIDENTAL,ILOG,o3244
o3310,vice-mayor-of-sipalay-negros-occidental-o3310,"Vice Mayor of Sipalay, Negros Occidental",executive,city,elected,NEGROS OCCIDENTAL,SIPALAY,o3244
o3311,vice-mayor-of-binalbagan-negros-occidental-o3311,"Vice Mayor of Binalbagan, Negros Occidental",executive,city,elected,NEGROS OCCIDENTAL,BINALBAGAN,o3244
o3312,councilor-of-tayasan-negros-oriental-o3312,"Councilor of Tayasan, Negros Oriental",legislative,city,elected,NEGROS ORIENTAL,TAYASAN,o3337
o3313,councilor-of-manjuyod-negros-oriental-o3313,"Councilor of Manjuyod, Negros Oriental",legislative,city,elected,NEGROS ORIENTAL,MANJUYOD,o3337
o3314,councilor-of-la-libertad-negros-oriental-o3314,"Councilor of La Libertad, Negros Oriental",legislative,city,elected,NEGROS ORIENTAL,LA LIBERTAD,o3337
o3315,councilor-of-tanjay-negros-oriental-o3315,"Councilor of Tanjay, Negros Oriental",legislative,city,elected,NEGROS ORIENTAL,TANJAY,o3337
o3316,councilor-of-ayungon-negros-oriental-o3316,"Councilor of Ayungon, Negros Oriental",legislative,city,elected,NEGROS ORIENTAL,AYUNGON,o3337
o3317,councilor-of-dauin-negros-oriental-o3317,"Councilor of Dauin, Negros Oriental",legislative,city,elected,NEGROS ORIENTAL,DAUIN,o3337
o3318,councilor-of-valencia-negros-oriental-o3318,"Councilor of Valencia, Negros Oriental",legislative,city,elected,NEGROS ORIENTAL,VALENCIA,o3337
o3319,councilor-of-basay-negros-oriental-o3319,"Councilor of Basay, Negros Oriental",legislative,city,elected,NEGROS ORIENTAL,BASAY,o3337
o3320,councilor-of-pamplona-negros-oriental-o3320,"Councilor of Pamplona, Negros Oriental",legislative,city,elected,NEGROS ORIENTAL,PAMPLONA,o3337
o3321,councilor-of-bindoy-negros-oriental-o3321,"Councilor of Bindoy, Negros Oriental",legislative,city,elected,NEGROS ORIENTAL,BINDOY,o3337
o3322,councilor-of-jimalalud-negros-oriental-o3322,"Councilor of Jimalalud, Negros Oriental",legislative,city,elected,NEGROS ORIENTAL,JIMALALUD,o3337
o3323,councilor-of-sibulan-negros-oriental-o3323,"Councilor of Sibulan, Negros Oriental",legislative,city,elected,NEGROS ORIENTAL,SIBULAN,o3337
o3324,councilor-of-bacong-negros-oriental-o3324,"Councilor of Bacong, Negros Oriental",legislative,city,elected,NEGROS ORIENTAL,BACONG,o3337
o3325,councilor-of-canlaon-negros-oriental-o3325,"Councilor of Canlaon, Negros Oriental",legislative,city,elected,NEGROS ORIENTAL,CANLAON,o3337
o3326,councilor-of-bais-negros-oriental-o3326,"Councilor of Bais, Negros Oriental",legislative,city,elected,NEGROS ORIENTAL,BAIS,o3337
o3327,councilor-of-san-jose-negros-oriental-o3327,"Councilor of San Jose, Negros Oriental",legislative,city,elected,NEGROS ORIENTAL,SAN JOSE,o3337
o3328,councilor-of-mabinay-negros-oriental-o3328,"Councilor of Mabinay, Negros Oriental",legislative,city,elected,NEGROS ORIENTAL,MABINAY,o3337
o3329,councilor-of-zamboanguita-negros-oriental-o3329,"Councilor of Zamboanguita, Negros Oriental",legislative,city,elected,NEGROS ORIENTAL,ZAMBOANGUITA,o3337
o3330,councilor-of-bayawan-negros-oriental-o3330,"Councilor of Bayawan, Negros Oriental",legislative,city,elected,NEGROS ORIENTAL,BAYAWAN,o3337
o3331,councilor-of-vallehermoso-negros-oriental-o3331,"Councilor of Vallehermoso, Negros Oriental",legislative,city,elected,NEGROS ORIENTAL,VALLEHERMOSO,o3337
o3332,councilor-of-guihulngan-negros-oriental-o3332,"Councilor of Guihulngan, Negros Oriental",legislative,city,elected,NEGROS ORIENTAL,GUIHULNGAN,o3337
o3333,councilor-of-amlan-negros-oriental-o3333,"Councilor of Amlan, Negros Oriental",legislative,city,elected,NEGROS ORIENTAL,AMLAN,o3337
o3334,councilor-of-dumaguete-negros-oriental-o3334,"Councilor of Dumaguete, Negros Oriental",legislative,city,elected,NEGROS ORIENTAL,DUMAGUETE,o3337
o3335,councilor-of-santa-catalina-negros-oriental-o3335,"Councilor of Santa Catalina, Negros Oriental",legislative,city,elected,NEGROS ORIENTAL,SANTA CATALINA,o3337
o3336,councilor-of-siaton-negros-oriental-o3336,"Councilor of Siaton, Negros Oriental",legislative,city,elected,NEGROS ORIENTAL,SIATON,o3337
o3337,governor-of-negros-oriental-o3337,Governor of Negros Oriental,executive,provincial,elected,NEGROS ORIENTAL,,
o3338,mayor-of-zamboanguita-negros-oriental-o3338,"Mayor of Zamboanguita, Negros Oriental",executive,city,elected,NEGROS ORIENTAL,ZAMBOANGUITA,o3337
o3339,mayor-of-dauin-negros-oriental-o3339,"Mayor of Dauin, Negros Oriental",executive,city,elected,NEGROS ORIENTAL,DAUIN,o3337
o3340,mayor-of-bacong-negros-oriental-o3340,"Mayor of Bacong, Negros Oriental",executive,city,elected,NEGROS ORIENTAL,BACONG,o3337
o3341,mayor-of-pamplona-negros-oriental-o3341,"Mayor of Pamplona, Negros Oriental",executive,city,elected,NEGROS ORIENTAL,PAMPLONA,o3337
o3342,mayor-of-mabinay-negros-oriental-o3342,"Mayor of Mabinay, Negros Oriental",executive,city,elected,NEGROS ORIENTAL,MABINAY,o3337
o3343,mayor-of-manjuyod-negros-oriental-o3343,"Mayor of Manjuyod, Negros Oriental",executive,city,elected,NEGROS ORIENTAL,MANJUYOD,o3337
o3344,mayor-of-tayasan-negros-oriental-o3344,"Mayor of Tayasan, Negros Oriental",executive,city,elected,NEGROS ORIENTAL,TAYASAN,o3337
o3345,mayor-of-canlaon-negros-oriental-o3345,"Mayor of Canlaon, Negros Oriental",executive,city,elected,NEGROS ORIENTAL,CANLAON,o3337
o3346,mayor-of-basay-negros-oriental-o3346,"Mayor of Basay, Negros Oriental",executive,city,elected,NEGROS ORIENTAL,BASAY,o3337
o3347,mayor-of-amlan-negros-oriental-o3347,"Mayor of Amlan, Negros Oriental",executive,city,elected,NEGROS ORIENTAL,AMLAN,o3337
o3348,mayor-of-ayungon-negros-oriental-o3348,"Mayor of Ayungon, Negros Oriental",executive,city,elected,NEGROS ORIENTAL,AYUNGON,o3337
o3349,mayor-of-jimalalud-negros-oriental-o3349,"Mayor of Jimalalud, Negros Oriental",executive,city,elected,NEGROS ORIENTAL,JIMALALUD,o3337
o3350,mayor-of-valencia-negros-oriental-o3350,"Mayor of Valencia, Negros Oriental",executive,city,elected,NEGROS ORIENTAL,VALENCIA,o3337
o3351,mayor-of-la-libertad-negros-oriental-o3351,"Mayor of La Libertad, Negros Oriental",executive,city,elected,NEGROS ORIENTAL,LA LIBERTAD,o3337
o3352,mayor-of-santa-catalina-negros-oriental-o3352,"Mayor of Santa Catalina, Negros Oriental",executive,city,elected,NEGROS ORIENTAL,SANTA CATALINA,o3337
o3353,mayor-of-guihulngan-negros-oriental-o3353,"Mayor of Guihulngan, Negros Oriental",executive,city,elected,NEGROS ORIENTAL,GUIHULNGAN,o3337
o3354,mayor-of-dumaguete-negros-oriental-o3354,"Mayor of Dumaguete, Negros Oriental",executive,city,elected,NEGROS ORIENTAL,DUMAGUETE,o3337
o3355,mayor-of-siaton-negros-oriental-o3355,"Mayor of Siaton, Negros Oriental",executive,city,elected,NEGROS ORIENTAL,SIATON,o3337
o3356,mayor-of-sibulan-negros-oriental-o3356,"Mayor of Sibulan, Negros Oriental",executive,city,elected,NEGROS ORIENTAL,SIBULAN,o3337
o3357,mayor-of-san-jose-negros-oriental-o3357,"Mayor of San Jose, Negros Oriental",executive,city,elected,NEGROS ORIENTAL,SAN JOSE,o3337
o3358,mayor-of-tanjay-negros-oriental-o3358,"Mayor of Tanjay, Negros Oriental",executive,city,elected,NEGROS ORIENTAL,TANJAY,o3337
o3359,mayor-of-bayawan-negros-oriental-o3359,"Mayor of Bayawan, Negros Oriental",executive,city,elected,NEGROS ORIENTAL,BAYAWAN,o3337
o3360,mayor-of-bais-negros-oriental-o3360,"Mayor of Bais, Negros Oriental",executive,city,elected,NEGROS ORIENTAL,BAIS,o3337
o3361,mayor-of-vallehermoso-negros-oriental-o3361,"Mayor of Vallehermoso, Negros Oriental",executive,city,elected,NEGROS ORIENTAL,VALLEHERMOSO,o3337
o3362,mayor-of-bindoy-negros-oriental-o3362,"Mayor of Bindoy, Negros Oriental",executive,city,elected,NEGROS ORIENTAL,BINDOY,o3337
o3363,representative-negros-oriental-o3363,"Representative, , Negros Oriental",legislative,national,elected,NEGROS ORIENTAL,,
o3364,provincial-board-member-of-negros-oriental-o3364,Provincial Board Member of Negros Oriental,legislative,provincial,elected,NEGROS ORIENTAL,,
o3365,vice-governor-of-negros-oriental-o3365,Vice Governor of Negros Oriental,executive,provincial,elected,NEGROS ORIENTAL,,
o3366,vice-mayor-of-sibulan-negros-oriental-o3366,"Vice Mayor of Sibulan, Negros Oriental",executive,city,elected,NEGROS ORIENTAL,SIBULAN,o3337
o3367,vice-mayor-of-dumaguete-negros-oriental-o3367,"Vice Mayor of Dumaguete, Negros Oriental",executive,city,elected,NEGROS ORIENTAL,DUMAGUETE,o3337
o3368,vice-mayor-of-pamplona-negros-oriental-o3368,"Vice Mayor of Pamplona, Negros Oriental",executive,city,elected,NEGROS ORIENTAL,PAMPLONA,o3337
o3369,vice-mayor-of-dauin-negros-oriental-o3369,"Vice Mayor of Dauin, Negros Oriental",executive,city,elected,NEGROS ORIENTAL,DAUIN,o3337
o3370,vice-mayor-of-siaton-negros-oriental-o3370,"Vice Mayor of Siaton, Negros Oriental",executive,city,elected,NEGROS ORIENTAL,SIATON,o3337
o3371,vice-mayor-of-bais-negros-oriental-o3371,"Vice Mayor of Bais, Negros Oriental",executive,city,elected,NEGROS ORIENTAL,BAIS,o3337
o3372,vice-mayor-of-tayasan-negros-oriental-o3372,"Vice Mayor of Tayasan, Negros Oriental",executive,city,elected,NEGROS ORIENTAL,TAYASAN,o3337
o3373,vice-mayor-of-canlaon-negros-oriental-o3373,"Vice Mayor of Canlaon, Negros Oriental",executive,city,elected,NEGROS ORIENTAL,CANLAON,o3337
o3374,vice-mayor-of-ayungon-negros-oriental-o3374,"Vice Mayor of Ayungon, Negros Oriental",executive,city,elected,NEGROS ORIENTAL,AYUNGON,o3337
o3375,vice-mayor-of-zamboanguita-negros-oriental-o3375,"Vice Mayor of Zamboanguita, Negros Oriental",executive,city,elected,NEGROS ORIENTAL,ZAMBOANGUITA,o3337
o3376,vice-mayor-of-jimalalud-negros-oriental-o3376,"Vice Mayor of Jimalalud, Negros Oriental",executive,city,elected,NEGROS ORIENTAL,JIMALALUD,o3337
o3377,vice-mayor-of-bayawan-negros-oriental-o3377,"Vice Mayor of Bayawan, Negros Oriental",executive,city,elected,NEGROS ORIENTAL,BAYAWAN,o3337
o3378,vice-mayor-of-la-libertad-negros-oriental-o3378,"Vice Mayor of La Libertad, Negros Oriental",executive,city,elected,NEGROS ORIENTAL,LA LIBERTAD,o3337
o3379,vice-mayor-of-valencia-negros-oriental-o3379,"Vice Mayor of Valencia, Negros Oriental",executive,city,elected,NEGROS ORIENTAL,VALENCIA,o3337
o3380,vice-mayor-of-santa-catalina-negros-oriental-o3380,"Vice Mayor of Santa Catalina, Negros Oriental",executive,city,elected,NEGROS ORIENTAL,SANTA CATALINA,o3337
o3381,vice-mayor-of-san-jose-negros-oriental-o3381,"Vice Mayor of San Jose, Negros Oriental",executive,city,elected,NEGROS ORIENTAL,SAN JOSE,o3337
o3382,vice-mayor-of-bindoy-negros-oriental-o3382,"Vice Mayor of Bindoy, Negros Oriental",executive,city,elected,NEGROS ORIENTAL,BINDOY,o3337
o3383,vice-mayor-of-guihulngan-negros-oriental-o3383,"Vice Mayor of Guihulngan, Negros Oriental",executive,city,elected,NEGROS ORIENTAL,GUIHULNGAN,o3337
o3384,vice-mayor-of-vallehermoso-negros-oriental-o3384,"Vice Mayor of Vallehermoso, Negros Oriental",executive,city,elected,NEGROS ORIENTAL,VALLEHERMOSO,o3337
o3385,vice-mayor-of-manjuyod-negros-oriental-o3385,"Vice Mayor of Manjuyod, Negros Oriental",executive,city,elected,NEGROS ORIENTAL,MANJUYOD,o3337
o3386,vice-mayor-of-amlan-negros-oriental-o3386,"Vice Mayor of Amlan, Negros Oriental",executive,city,elected,NEGROS ORIENTAL,AMLAN,o3337
o3387,vice-mayor-of-tanjay-negros-oriental-o3387,"Vice Mayor of Tanjay, Negros Oriental",executive,city,elected,NEGROS ORIENTAL,TANJAY,o3337
o3388,vice-mayor-of-mabinay-negros-oriental-o3388,"Vice Mayor of Mabinay, Negros Oriental",executive,city,elected,NEGROS ORIENTAL,MABINAY,o3337
o3389,vice-mayor-of-basay-negros-oriental-o3389,"Vice Mayor of Basay, Negros Oriental",executive,city,elected,NEGROS ORIENTAL,BASAY,o3337
o3390,vice-mayor-of-bacong-negros-oriental-o3390,"Vice Mayor of Bacong, Negros Oriental",executive,city,elected,NEGROS ORIENTAL,BACONG,o3337
o3391,councilor-of-rosario-northern-samar-o3391,"Councilor of Rosario, Northern Samar",legislative,city,elected,NORTHERN SAMAR,ROSARIO,o3415
o3392,councilor-of-pambujan-northern-samar-o3392,"Councilor of Pambujan, Northern Samar",legislative,city,elected,NORTHERN SAMAR,PAMBUJAN,o3415
o3393,councilor-of-silvino-lobos-northern-samar-o3393,"Councilor of Silvino Lobos, Northern Samar",legislative,city,elected,NORTHERN SAMAR,SILVINO LOBOS,o3415
o3394,councilor-of-catarman-northern-samar-o3394,"Councilor of Catarman, Northern Samar",legislative,city,elected,NORTHERN SAMAR,CATARMAN,o3415
o3395,councilor-of-mapanas-northern-samar-o3395,"Councilor of Mapanas, Northern Samar",legislative,city,elected,NORTHERN SAMAR,MAPANAS,o3415
o3396,councilor-of-allen-northern-samar-o3396,"Councilor of Allen, Northern Samar",legislative,city,elected,NORTHERN SAMAR,ALLEN,o3415
o3397,councilor-of-las-navas-northern-samar-o3397,"Councilor of Las Navas, Northern Samar",legislative,city,elected,NORTHERN SAMAR,LAS NAVAS,o3415
o3398,councilor-of-lapinig-northern-samar-o3398,"Councilor of Lapinig, Northern Samar",legislative,city,elected,NORTHERN SAMAR,LAPINIG,o3415
o3399,councilor-of-san-jose-northern-samar-o3399,"Councilor of San Jose, Northern Samar",legislative,city,elected,NORTHERN SAMAR,SAN JOSE,o3415
o3400,councilor-of-san-isidro-northern-samar-o3400,"Councilor of San Isidro, Northern Samar",legislative,city,elected,NORTHERN SAMAR,SAN ISIDRO,o3415
o3401,councilor-of-biri-northern-samar-o3401,"Councilor of Biri, Northern Samar",legislative,city,elected,NORTHERN SAMAR,BIRI,o3415
o3402,councilor-of-victoria-northern-samar-o3402,"Councilor of Victoria, Northern Samar",legislative,city,elected,NORTHERN SAMAR,VICTORIA,o3415
o3403,councilor-of-bobon-northern-samar-o3403,"Councilor of Bobon, Northern Samar",legislative,city,elected,NORTHERN SAMAR,BOBON,o3415
o3404,councilor-of-laoang-northern-samar-o3404,"Councilor of Laoang, Northern Samar",legislative,city,elected,NORTHERN SAMAR,LAOANG,o3415
o3405,councilor-of-san-roque-northern-samar-o3405,"Councilor of San Roque, Northern Samar",legislative,city,elected,NORTHERN SAMAR,SAN ROQUE,o3415
o3406,councilor-of-gamay-northern-samar-o3406,"Councilor of Gamay, Northern Samar",legislative,city,elected,NORTHERN SAMAR,GAMAY,o3415
o3407,councilor-of-san-antonio-northern-samar-o3407,"Councilor of San Antonio, Northern Samar",legislative,city,elected,NORTHERN SAMAR,SAN ANTONIO,o3415
o3408,councilor-of-san-vicente-northern-samar-o3408,"Councilor of San Vicente, Northern Samar",legislative,city,elected,NORTHERN SAMAR,SAN VICENTE,o3415
o3409,councilor-of-mondragon-northern-samar-o3409,"Councilor of Mondragon, Northern Samar",legislative,city,elected,NORTHERN SAMAR,MONDRAGON,o3415
o3410,councilor-of-palapag-northern-samar-o3410,"Councilor of Palapag, Northern Samar",legislative,city,elected,NORTHERN SAMAR,PALAPAG,o3415
o3411,councilor-of-lope-de-vega-northern-samar-o3411,"Councilor of Lope De Vega, Northern Samar",legislative,city,elected,NORTHERN SAMAR,LOPE DE VEGA,o3415
o3412,councilor-of-capul-northern-samar-o3412,"Councilor of Capul, Northern Samar",legislative,city,elected,NORTHERN SAMAR,CAPUL,o3415
o3413,councilor-of-lavezares-northern-samar-o3413,"Councilor of Lavezares, Northern Samar",legislative,city,elected,NORTHERN SAMAR,LAVEZARES,o3415
o3414,councilor-of-catubig-northern-samar-o3414,"Councilor of Catubig, Northern Samar",legislative,city,elected,NORTHERN SAMAR,CATUBIG,o3415
o3415,governor-of-northern-samar-o3415,Governor of Northern Samar,executive,provincial,elected,NORTHERN SAMAR,,
o3416,mayor-of-san-roque-northern-samar-o3416,"Mayor of San Roque, Northern Samar",executive,city,elected,NORTHERN SAMAR,SAN ROQUE,o3415
o3417,mayor-of-victoria-northern-samar-o3417,"Mayor of Victoria, Northern Samar",executive,city,elected,NORTHERN SAMAR,VICTORIA,o3415
o3418,mayor-of-san-isidro-northern-samar-o3418,"Mayor of San Isidro, Northern Samar",executive,city,elected,NORTHERN SAMAR,SAN ISIDRO,o3415
o3419,mayor-of-san-antonio-northern-samar-o3419,"Mayor of San Antonio, Northern Samar",executive,city,elected,NORTHERN SAMAR,SAN ANTONIO,o3415
o3420,mayor-of-pambujan-northern-samar-o3420,"Mayor of Pambujan, Northern Samar",executive,city,elected,NORTHERN SAMAR,PAMBUJAN,o3415
o3421,mayor-of-bobon-northern-samar-o3421,"Mayor of Bobon, Northern Samar",executive,city,elected,NORTHERN SAMAR,BOBON,o3415
o3422,mayor-of-san-jose-northern-samar-o3422,"Mayor of San Jose, Northern Samar",executive,city,elected,NORTHERN SAMAR,SAN JOSE,o3415
o3423,mayor-of-capul-northern-samar-o3423,"Mayor of Capul, Northern Samar",executive,city,elected,NORTHERN SAMAR,CAPUL,o3415
o3424,mayor-of-mondragon-northern-samar-o3424,"Mayor of Mondragon, Northern Samar",executive,city,elected,NORTHERN SAMAR,MONDRAGON,o3415
o3425,mayor-of-san-vicente-northern-samar-o3425,"Mayor of San Vicente, Northern Samar",executive,city,elected,NORTHERN SAMAR,SAN VICENTE,o3415
o3426,mayor-of-catubig-northern-samar-o3426,"Mayor of Catubig, Northern Samar",executive,city,elected,NORTHERN SAMAR,CATUBIG,o3415
o3427,mayor-of-palapag-northern-samar-o3427,"Mayor of Palapag, Northern Samar",executive,city,elected,NORTHERN SAMAR,PALAPAG,o3415
o3428,mayor-of-biri-northern-samar-o3428,"Mayor of Biri, Northern Samar",executive,city,elected,NORTHERN SAMAR,BIRI,o3415
o3429,mayor-of-silvino-lobos-northern-samar-o3429,"Mayor of Silvino Lobos, Northern Samar",executive,city,elected,NORTHERN SAMAR,SILVINO LOBOS,o3415
o3430,mayor-of-gamay-northern-samar-o3430,"Mayor of Gamay, Northern Samar",executive,city,elected,NORTHERN SAMAR,GAMAY,o3415
o3431,mayor-of-mapanas-northern-samar-o3431,"Mayor of Mapanas, Northern Samar",executive,city,elected,NORTHERN SAMAR,MAPANAS,o3415
o3432,mayor-of-lapinig-northern-samar-o3432,"Mayor of Lapinig, Northern Samar",executive,city,elected,NORTHERN SAMAR,LAPINIG,o3415
o3433,mayor-of-laoang-northern-samar-o3433,"Mayor of Laoang, Northern Samar",executive,city,elected,NORTHERN SAMAR,LAOANG,o3415
o3434,mayor-of-catarman-northern-samar-o3434,"Mayor of Catarman, Northern Samar",executive,city,elected,NORTHERN SAMAR,CATARMAN,o3415
o3435,mayor-of-lavezares-northern-samar-o3435,"Mayor of Lavezares, Northern Samar",executive,city,elected,NORTHERN SAMAR,LAVEZARES,o3415
o3436,mayor-of-lope-de-vega-northern-samar-o3436,"Mayor of Lope De Vega, Northern Samar",executive,city,elected,NORTHERN SAMAR,LOPE DE VEGA,o3415
o3437,mayor-of-allen-northern-samar-o3437,"Mayor of Allen, Northern Samar",executive,city,elected,NORTHERN SAMAR,ALLEN,o3415
o3438,mayor-of-las-navas-northern-samar-o3438,"Mayor of Las Navas, Northern Samar",executive,city,elected,NORTHERN SAMAR,LAS NAVAS,o3415
o3439,mayor-of-rosario-northern-samar-o3439,"Mayor of Rosario, Northern Samar",executive,city,elected,NORTHERN SAMAR,ROSARIO,o3415
o3440,representative-northern-samar-o3440,"Representative, , Northern Samar",legislative,national,elected,NORTHERN SAMAR,,
o3441,provincial-board-member-of-northern-samar-o3441,Provincial Board Member of Northern Samar,legislative,provincial,elected,NORTHERN SAMAR,,
o3442,vice-governor-of-northern-samar-o3442,Vice Governor of Northern Samar,executive,provincial,elected,NORTHERN SAMAR,,
o3443,vice-mayor-of-catubig-northern-samar-o3443,"Vice Mayor of Catubig, Northern Samar",executive,city,elected,NORTHERN SAMAR,CATUBIG,o3415
o3444,vice-mayor-of-palapag-northern-samar-o3444,"Vice Mayor of Palapag, Northern Samar",executive,city,elected,NORTHERN SAMAR,PALAPAG,o3415
o3445,vice-mayor-of-bobon-northern-samar-o3445,"Vice Mayor of Bobon, Northern Samar",executive,city,elected,NORTHERN SAMAR,BOBON,o3415
o3446,vice-mayor-of-laoang-northern-samar-o3446,"Vice Mayor of Laoang, Northern Samar",executive,city,elected,NORTHERN SAMAR,LAOANG,o3415
o3447,vice-mayor-of-mondragon-northern-samar-o3447,"Vice Mayor of Mondragon, Northern Samar",executive,city,elected,NORTHERN SAMAR,MONDRAGON,o3415
o3448,vice-mayor-of-catarman-northern-samar-o3448,"Vice Mayor of Catarman, Northern Samar",executive,city,elected,NORTHERN SAMAR,CATARMAN,o3415
o3449,vice-mayor-of-rosario-northern-samar-o3449,"Vice Mayor of Rosario, Northern Samar",executive,city,elected,NORTHERN SAMAR,ROSARIO,o3415
o3450,vice-mayor-of-mapanas-northern-samar-o3450,"Vice Mayor of Mapanas, Northern Samar",executive,city,elected,NORTHERN SAMAR,MAPANAS,o3415
o3451,vice-mayor-of-san-antonio-northern-samar-o3451,"Vice Mayor of San Antonio, Northern Samar",executive,city,elected,NORTHERN SAMAR,SAN ANTONIO,o3415
o3452,vice-mayor-of-pambujan-northern-samar-o3452,"Vice Mayor of Pambujan, Northern Samar",executive,city,elected,NORTHERN SAMAR,PAMBUJAN,o3415
o3453,vice-mayor-of-lavezares-northern-samar-o3453,"Vice Mayor of Lavezares, Northern Samar",executive,city,elected,NORTHERN SAMAR,LAVEZARES,o3415
o3454,vice-mayor-of-silvino-lobos-northern-samar-o3454,"Vice Mayor of Silvino Lobos, Northern Samar",executive,city,elected,NORTHERN SAMAR,SILVINO LOBOS,o3415
o3455,vice-mayor-of-san-vicente-northern-samar-o3455,"Vice Mayor of San Vicente, Northern Samar",executive,city,elected,NORTHERN SAMAR,SAN VICENTE,o3415
o3456,vice-mayor-of-san-isidro-northern-samar-o3456,"Vice Mayor of San Isidro, Northern Samar",executive,city,elected,NORTHERN SAMAR,SAN ISIDRO,o3415
o3457,vice-mayor-of-victoria-northern-samar-o3457,"Vice Mayor of Victoria, Northern Samar",executive,city,elected,NORTHERN SAMAR,VICTORIA,o3415
o3458,vice-mayor-of-lope-de-vega-northern-samar-o3458,"Vice Mayor of Lope De Vega, Northern Samar",executive,city,elected,NORTHERN SAMAR,LOPE DE VEGA,o3415
o3459,vice-mayor-of-allen-northern-samar-o3459,"Vice Mayor of Allen, Northern Samar",executive,city,elected,NORTHERN SAMAR,ALLEN,o3415
o3460,vice-mayor-of-las-navas-northern-samar-o3460,"Vice Mayor of Las Navas, Northern Samar",executive,city,elected,NORTHERN SAMAR,LAS NAVAS,o3415
o3461,vice-mayor-of-capul-northern-samar-o3461,"Vice Mayor of Capul, Northern Samar",executive,city,elected,NORTHERN SAMAR,CAPUL,o3415
o3462,vice-mayor-of-gamay-northern-samar-o3462,"Vice Mayor of Gamay, Northern Samar",executive,city,elected,NORTHERN SAMAR,GAMAY,o3415
o3463,vice-mayor-of-lapinig-northern-samar-o3463,"Vice Mayor of Lapinig, Northern Samar",executive,city,elected,NORTHERN SAMAR,LAPINIG,o3415
o3464,vice-mayor-of-san-jose-northern-samar-o3464,"Vice Mayor of San Jose, Northern Samar",executive,city,elected,NORTHERN SAMAR,SAN JOSE,o3415
o3465,vice-mayor-of-biri-northern-samar-o3465,"Vice Mayor of Biri, Northern Samar",executive,city,elected,NORTHERN SAMAR,BIRI,o3415
o3466,vice-mayor-of-san-roque-northern-samar-o3466,"Vice Mayor of San Roque, Northern Samar",executive,city,elected,NORTHERN SAMAR,SAN ROQUE,o3415
o3467,councilor-of-san-leonardo-nueva-ecija-o3467,"Councilor of San Leonardo, Nueva Ecija",legislative,city,elected,NUEVA ECIJA,SAN LEONARDO,o3499
o3468,councilor-of-general-tinio-nueva-ecija-o3468,"Councilor of General Tinio, Nueva Ecija",legislative,city,elected,NUEVA ECIJA,GENERAL TINIO,o3499
o3469,councilor-of-penaranda-nueva-ecija-o3469,"Councilor of Penaranda, Nueva Ecija",legislative,city,elected,NUEVA ECIJA,PENARANDA,o3499
o3470,councilor-of-rizal-nueva-ecija-o3470,"Councilor of Rizal, Nueva Ecija",legislative,city,elected,NUEVA ECIJA,RIZAL,o3499
o3471,councilor-of-cabanatuan-nueva-ecija-o3471,"Councilor of Cabanatuan, Nueva Ecija",legislative,city,elected,NUEVA ECIJA,CABANATUAN,o3499
o3472,councilor-of-guimba-nueva-ecija-o3472,"Councilor of Guimba, Nueva Ecija",legislative,city,elected,NUEVA ECIJA,GUIMBA,o3499
o3473,councilor-of-pantabangan-nueva-ecija-o3473,"Councilor of Pantabangan, Nueva Ecija",legislative,city,elected,NUEVA ECIJA,PANTABANGAN,o3499
o3474,councilor-of-laur-nueva-ecija-o3474,"Councilor of Laur, Nueva Ecija",legislative,city,elected,NUEVA ECIJA,LAUR,o3499
o3475,councilor-of-santa-rosa-nueva-ecija-o3475,"Councilor of Santa Rosa, Nueva Ecija",legislative,city,elected,NUEVA ECIJA,SANTA ROSA,o3499
o3476,councilor-of-licab-nueva-ecija-o3476,"Councilor of Licab, Nueva Ecija",legislative,city,elected,NUEVA ECIJA,LICAB,o3499
o3477,councilor-of-bongabon-nueva-ecija-o3477,"Councilor of Bongabon, Nueva Ecija",legislative,city,elected,NUEVA ECIJA,BONGABON,o3499
o3478,councilor-of-talugtug-nueva-ecija-o3478,"Councilor of Talugtug, Nueva Ecija",legislative,city,elected,NUEVA ECIJA,TALUGTUG,o3499
o3479,councilor-of-gapan-nueva-ecija-o3479,"Councilor of Gapan, Nueva Ecija",legislative,city,elected,NUEVA ECIJA,GAPAN,o3499
o3480,councilor-of-san-jose-nueva-ecija-o3480,"Councilor of San Jose, Nueva Ecija",legislative,city,elected,NUEVA ECIJA,SAN JOSE,o3499
o3481,councilor-of-cuyapo-nueva-ecija-o3481,"Councilor of Cuyapo, Nueva Ecija",legislative,city,elected,NUEVA ECIJA,CUYAPO,o3499
o3482,councilor-of-jaen-nueva-ecija-o3482,"Councilor of Jaen, Nueva Ecija",legislative,city,elected,NUEVA ECIJA,JAEN,o3499
o3483,councilor-of-santo-domingo-nueva-ecija-o3483,"Councilor of Santo Domingo, Nueva Ecija",legislative,city,elected,NUEVA ECIJA,SANTO DOMINGO,o3499
o3484,councilor-of-gabaldon-nueva-ecija-o3484,"Councilor of Gabaldon, Nueva Ecija",legislative,city,elected,NUEVA ECIJA,GABALDON,o3499
o3485,councilor-of-science-city-of-munoz-nueva-ecija-o3485,"Councilor of Science City Of Munoz, Nueva Ecija",legislative,city,elected,NUEVA ECIJA,SCIENCE CITY OF MUNOZ,o3499
o3486,councilor-of-talavera-nueva-ecija-o3486,"Councilor of Talavera, Nueva Ecija",legislative,city,elected,NUEVA ECIJA,TALAVERA,o3499
o3487,councilor-of-lupao-nueva-ecija-o3487,"Councilor of Lupao, Nueva Ecija",legislative,city,elected,NUEVA ECIJA,LUPAO,o3499
o3488,councilor-of-zaragoza-nueva-ecija-o3488,"Councilor of Zaragoza, Nueva Ecija",legislative,city,elected,NUEVA ECIJA,ZARAGOZA,o3499
o3489,councilor-of-llanera-nueva-ecija-o3489,"Councilor of Llanera, Nueva Ecija",legislative,city,elected,NUEVA ECIJA,LLANERA,o3499
o3490,councilor-of-palayan-nueva-ecija-o3490,"Councilor of Palayan, Nueva Ecija",legislative,city,elected,NUEVA ECIJA,PALAYAN,o3499
o3491,councilor-of-san-antonio-nueva-ecija-o3491,"Councilor of San Antonio, Nueva Ecija",legislative,city,elected,NUEVA ECIJA,SAN ANTONIO,o3499
o3492,councilor-of-san-isidro-nueva-ecija-o3492,"Councilor of San Isidro, Nueva Ecija",legislative,city,elected,NUEVA ECIJA,SAN ISIDRO,o3499
o3493,councilor-of-nampicuan-nueva-ecija-o3493,"Councilor of Nampicuan, Nueva Ecija",legislative,city,elected,NUEVA ECIJA,NAMPICUAN,o3499
o3494,councilor-of-aliaga-nueva-ecija-o3494,"Councilor of Aliaga, Nueva Ecija",legislative,city,elected,NUEVA ECIJA,ALIAGA,o3499
o3495,councilor-of-general-mamerto-natividad-nueva-ecija-o3495,"Councilor of General Mamerto Natividad, Nueva Ecija",legislative,city,elected,NUEVA ECIJA,GENERAL MAMERTO NATIVIDAD,o3499
o3496,councilor-of-carranglan-nueva-ecija-o3496,"Councilor of Carranglan, Nueva Ecija",legislative,city,elected,NUEVA ECIJA,CARRANGLAN,o3499
o3497,councilor-of-cabiao-nueva-ecija-o3497,"Councilor of Cabiao, Nueva Ecija",legislative,city,elected,NUEVA ECIJA,CABIAO,o3499
o3498,councilor-of-quezon-nueva-ecija-o3498,"Councilor of Quezon, Nueva Ecija",legislative,city,elected,NUEVA ECIJA,QUEZON,o3499
o3499,governor-of-nueva-ecija-o3499,Governor of Nueva Ecija,executive,provincial,elected,NUEVA ECIJA,,
o3500,mayor-of-science-city-of-munoz-nueva-ecija-o3500,"Mayor of Science City Of Munoz, Nueva Ecija",executive,city,elected,NUEVA ECIJA,SCIENCE CITY OF MUNOZ,o3499
o3501,mayor-of-san-leonardo-nueva-ecija-o3501,"Mayor of San Leonardo, Nueva Ecija",executive,city,elected,NUEVA ECIJA,SAN LEONARDO,o3499
o3502,mayor-of-san-jose-nueva-ecija-o3502,"Mayor of San Jose, Nueva Ecija",executive,city,elected,NUEVA ECIJA,SAN JOSE,o3499
o3503,mayor-of-general-tinio-nueva-ecija-o3503,"Mayor of General Tinio, Nueva Ecija",executive,city,elected,NUEVA ECIJA,GENERAL TINIO,o3499
o3504,mayor-of-laur-nueva-ecija-o3504,"Mayor of Laur, Nueva Ecija",executive,city,elected,NUEVA ECIJA,LAUR,o3499
o3505,mayor-of-licab-nueva-ecija-o3505,"Mayor of Licab, Nueva Ecija",executive,city,elected,NUEVA ECIJA,LICAB,o3499
o3506,mayor-of-cuyapo-nueva-ecija-o3506,"Mayor of Cuyapo, Nueva Ecija",executive,city,elected,NUEVA ECIJA,CUYAPO,o3499
o3507,mayor-of-penaranda-nueva-ecija-o3507,"Mayor of Penaranda, Nueva Ecija",executive,city,elected,NUEVA ECIJA,PENARANDA,o3499
o3508,mayor-of-cabiao-nueva-ecija-o3508,"Mayor of Cabiao, Nueva Ecija",executive,city,elected,NUEVA ECIJA,CABIAO,o3499
o3509,mayor-of-zaragoza-nueva-ecija-o3509,"Mayor of Zaragoza, Nueva Ecija",executive,city,elected,NUEVA ECIJA,ZARAGOZA,o3499
o3510,mayor-of-guimba-nueva-ecija-o3510,"Mayor of Guimba, Nueva Ecija",executive,city,elected,NUEVA ECIJA,GUIMBA,o3499
o3511,mayor-of-santo-domingo-nueva-ecija-o3511,"Mayor of Santo Domingo, Nueva Ecija",executive,city,elected,NUEVA ECIJA,SANTO DOMINGO,o3499
o3512,mayor-of-jaen-nueva-ecija-o3512,"Mayor of Jaen, Nueva Ecija",executive,city,elected,NUEVA ECIJA,JAEN,o3499
o3513,mayor-of-palayan-nueva-ecija-o3513,"Mayor of Palayan, Nueva Ecija",executive,city,elected,NUEVA ECIJA,PALAYAN,o3499
o3514,mayor-of-talavera-nueva-ecija-o3514,"Mayor of Talavera, Nueva Ecija",executive,city,elected,NUEVA ECIJA,TALAVERA,o3499
o3515,mayor-of-bongabon-nueva-ecija-o3515,"Mayor of Bongabon, Nueva Ecija",executive,city,elected,NUEVA ECIJA,BONGABON,o3499
o3516,mayor-of-quezon-nueva-ecija-o3516,"Mayor of Quezon, Nueva Ecija",executive,city,elected,NUEVA ECIJA,QUEZON,o3499
o3517,mayor-of-rizal-nueva-ecija-o3517,"Mayor of Rizal, Nueva Ecija",executive,city,elected,NUEVA ECIJA,RIZAL,o3499
o3518,mayor-of-san-isidro-nueva-ecija-o3518,"Mayor of San Isidro, Nueva Ecija",executive,city,elected,NUEVA ECIJA,SAN ISIDRO,o3499
o3519,mayor-of-gabaldon-nueva-ecija-o3519,"Mayor of Gabaldon, Nueva Ecija",executive,city,elected,NUEVA ECIJA,GABALDON,o3499
o3520,mayor-of-santa-rosa-nueva-ecija-o3520,"Mayor of Santa Rosa, Nueva Ecija",executive,city,elected,NUEVA ECIJA,SANTA ROSA,o3499
o3521,mayor-of-talugtug-nueva-ecija-o3521,"Mayor of Talugtug, Nueva Ecija",executive,city,elected,NUEVA ECIJA,TALUGTUG,o3499
o3522,mayor-of-gapan-nueva-ecija-o3522,"Mayor of Gapan, Nueva Ecija",executive,city,elected,NUEVA ECIJA,GAPAN,o3499
o3523,mayor-of-llanera-nueva-ecija-o3523,"Mayor of Llanera, Nueva Ecija",executive,city,elected,NUEVA ECIJA,LLANERA,o3499
o3524,mayor-of-carranglan-nueva-ecija-o3524,"Mayor of Carranglan, Nueva Ecija",executive,city,elected,NUEVA ECIJA,CARRANGLAN,o3499
o3525,mayor-of-san-antonio-nueva-ecija-o3525,"Mayor of San Antonio, Nueva Ecija",executive,city,elected,NUEVA ECIJA,SAN ANTONIO,o3499
o3526,mayor-of-general-mamerto-natividad-nueva-ecija-o3526,"Mayor of General Mamerto Natividad, Nueva Ecija",executive,city,elected,NUEVA ECIJA,GENERAL MAMERTO NATIVIDAD,o3499
o3527,mayor-of-pantabangan-nueva-ecija-o3527,"Mayor of Pantabangan, Nueva Ecija",executive,city,elected,NUEVA ECIJA,PANTABANGAN,o3499
o3528,mayor-of-aliaga-nueva-ecija-o3528,"Mayor of Aliaga, Nueva Ecija",executive,city,elected,NUEVA ECIJA,ALIAGA,o3499
o3529,mayor-of-lupao-nueva-ecija-o3529,"Mayor of Lupao, Nueva Ecija",executive,city,elected,NUEVA ECIJA,LUPAO,o3499
o3530,mayor-of-nampicuan-nueva-ecija-o3530,"Mayor of Nampicuan, Nueva Ecija",executive,city,elected,NUEVA ECIJA,NAMPICUAN,o3499
o3531,mayor-of-cabanatuan-nueva-ecija-o3531,"Mayor of Cabanatuan, Nueva Ecija",executive,city,elected,NUEVA ECIJA,CABANATUAN,o3499
o3532,representative-nueva-ecija-o3532,"Representative, , Nueva Ecija",legislative,national,elected,NUEVA ECIJA,,
o3533,provincial-board-member-of-nueva-ecija-o3533,Provincial Board Member of Nueva Ecija,legislative,provincial,elected,NUEVA ECIJA,,
o3534,vice-governor-of-nueva-ecija-o3534,Vice Governor of Nueva Ecija,executive,provincial,elected,NUEVA ECIJA,,
o3535,vice-mayor-of-general-tinio-nueva-ecija-o3535,"Vice Mayor of General Tinio, Nueva Ecija",executive,city,elected,NUEVA ECIJA,GENERAL TINIO,o3499
o3536,vice-mayor-of-science-city-of-munoz-nueva-ecija-o3536,"Vice Mayor of Science City Of Munoz, Nueva Ecija",executive,city,elected,NUEVA ECIJA,SCIENCE CITY OF MUNOZ,o3499
o3537,vice-mayor-of-santo-domingo-nueva-ecija-o3537,"Vice Mayor of Santo Domingo, Nueva Ecija",executive,city,elected,NUEVA ECIJA,SANTO DOMINGO,o3499
o3538,vice-mayor-of-santa-rosa-nueva-ecija-o3538,"Vice Mayor of Santa Rosa, Nueva Ecija",executive,city,elected,NUEVA ECIJA,SANTA ROSA,o3499
o3539,vice-mayor-of-gabaldon-nueva-ecija-o3539,"Vice Mayor of Gabaldon, Nueva Ecija",executive,city,elected,NUEVA ECIJA,GABALDON,o3499
o3540,vice-mayor-of-llanera-nueva-ecija-o3540,"Vice Mayor of Llanera, Nueva Ecija",executive,city,elected,NUEVA ECIJA,LLANERA,o3499
o3541,vice-mayor-of-quezon-nueva-ecija-o3541,"Vice Mayor of Quezon, Nueva Ecija",executive,city,elected,NUEVA ECIJA,QUEZON,o3499
o3542,vice-mayor-of-palayan-nueva-ecija-o3542,"Vice Mayor of Palayan, Nueva Ecija",executive,city,elected,NUEVA ECIJA,PALAYAN,o3499
o3543,vice-mayor-of-penaranda-nueva-ecija-o3543,"Vice Mayor of Penaranda, Nueva Ecija",executive,city,elected,NUEVA ECIJA,PENARANDA,o3499
o3544,vice-mayor-of-cabiao-nueva-ecija-o3544,"Vice Mayor of Cabiao, Nueva Ecija",executive,city,elected,NUEVA ECIJA,CABIAO,o3499
o3545,vice-mayor-of-zaragoza-nueva-ecija-o3545,"Vice Mayor of Zaragoza, Nueva Ecija",executive,city,elected,NUEVA ECIJA,ZARAGOZA,o3499
o3546,vice-mayor-of-jaen-nueva-ecija-o3546,"Vice Mayor of Jaen, Nueva Ecija",executive,city,elected,NUEVA ECIJA,JAEN,o3499
o3547,vice-mayor-of-lupao-nueva-ecija-o3547,"Vice Mayor of Lupao, Nueva Ecija",executive,city,elected,NUEVA ECIJA,LUPAO,o3499
o3548,vice-mayor-of-san-isidro-nueva-ecija-o3548,"Vice Mayor of San Isidro, Nueva Ecija",executive,city,elected,NUEVA ECIJA,SAN ISIDRO,o3499
o3549,vice-mayor-of-cuyapo-nueva-ecija-o3549,"Vice Mayor of Cuyapo, Nueva Ecija",executive,city,elected,NUEVA ECIJA,CUYAPO,o3499
o3550,vice-mayor-of-licab-nueva-ecija-o3550,"Vice Mayor of Licab, Nueva Ecija",executive,city,elected,NUEVA ECIJA,LICAB,o3499
o3551,vice-mayor-of-san-antonio-nueva-ecija-o3551,"Vice Mayor of San Antonio, Nueva Ecija",executive,city,elected,NUEVA ECIJA,SAN ANTONIO,o3499
o3552,vice-mayor-of-talugtug-nueva-ecija-o3552,"Vice Mayor of Talugtug, Nueva Ecija",executive,city,elected,NUEVA ECIJA,TALUGTUG,o3499
o3553,vice-mayor-of-nampicuan-nueva-ecija-o3553,"Vice Mayor of Nampicuan, Nueva Ecija",executive,city,elected,NUEVA ECIJA,NAMPICUAN,o3499
o3554,vice-mayor-of-bongabon-nueva-ecija-o3554,"Vice Mayor of Bongabon, Nueva Ecija",executive,city,elected,NUEVA ECIJA,BONGABON,o3499
o3555,vice-mayor-of-pantabangan-nueva-ecija-o3555,"Vice Mayor of Pantabangan, Nueva Ecija",executive,city,elected,NUEVA ECIJA,PANTABANGAN,o3499
o3556,vice-mayor-of-carranglan-nueva-ecija-o3556,"Vice Mayor of Carranglan, Nueva Ecija",executive,city,elected,NUEVA ECIJA,CARRANGLAN,o3499
o3557,vice-mayor-of-san-leonardo-nueva-ecija-o3557,"Vice Mayor of San Leonardo, Nueva Ecija",executive,city,elected,NUEVA ECIJA,SAN LEONARDO,o3499
o3558,vice-mayor-of-laur-nueva-ecija-o3558,"Vice Mayor of Laur, Nueva Ecija",executive,city,elected,NUEVA ECIJA,LAUR,o3499
o3559,vice-mayor-of-gapan-nueva-ecija-o3559,"Vice Mayor of Gapan, Nueva Ecija",executive,city,elected,NUEVA ECIJA,GAPAN,o3499
o3560,vice-mayor-of-cabanatuan-nueva-ecija-o3560,"Vice Mayor of Cabanatuan, Nueva Ecija",executive,city,elected,NUEVA ECIJA,CABANATUAN,o3499
o3561,vice-mayor-of-san-jose-nueva-ecija-o3561,"Vice Mayor of San Jose, Nueva Ecija",executive,city,elected,NUEVA ECIJA,SAN JOSE,o3499
o3562,vice-mayor-of-guimba-nueva-ecija-o3562,"Vice Mayor of Guimba, Nueva Ecija",executive,city,elected,NUEVA ECIJA,GUIMBA,o3499
o3563,vice-mayor-of-aliaga-nueva-ecija-o3563,"Vice Mayor of Aliaga, Nueva Ecija",executive,city,elected,NUEVA ECIJA,ALIAGA,o3499
o3564,vice-mayor-of-talavera-nueva-ecija-o3564,"Vice Mayor of Talavera, Nueva Ecija",executive,city,elected,NUEVA ECIJA,TALAVERA,o3499
o3565,vice-mayor-of-rizal-nueva-ecija-o3565,"Vice Mayor of Rizal, Nueva Ecija",executive,city,elected,NUEVA ECIJA,RIZAL,o3499
o3566,vice-mayor-of-general-mamerto-natividad-nueva-ecija-o3566,"Vice Mayor of General Mamerto Natividad, Nueva Ecija",executive,city,elected,NUEVA ECIJA,GENERAL MAMERTO NATIVIDAD,o3499
o3567,councilor-of-dupax-del-norte-nueva-vizcaya-o3567,"Councilor of Dupax Del Norte, Nueva Vizcaya",legislative,city,elected,NUEVA VIZCAYA,DUPAX DEL NORTE,o3582
o3568,councilor-of-ambaguio-nueva-vizcaya-o3568,"Councilor of Ambaguio, Nueva Vizcaya",legislative,city,elected,NUEVA VIZCAYA,AMBAGUIO,o3582
o3569,councilor-of-diadi-nueva-vizcaya-o3569,"Councilor of Diadi, Nueva Vizcaya",legislative,city,elected,NUEVA VIZCAYA,DIADI,o3582
o3570,councilor-of-bagabag-nueva-vizcaya-o3570,"Councilor of Bagabag, Nueva Vizcaya",legislative,city,elected,NUEVA VIZCAYA,BAGABAG,o3582
o3571,councilor-of-villaverde-nueva-vizcaya-o3571,"Councilor of Villaverde, Nueva Vizcaya",legislative,city,elected,NUEVA VIZCAYA,VILLAVERDE,o3582
o3572,councilor-of-kasibu-nueva-vizcaya-o3572,"Councilor of Kasibu, Nueva Vizcaya",legislative,city,elected,NUEVA VIZCAYA,KASIBU,o3582
o3573,councilor-of-aritao-nueva-vizcaya-o3573,"Councilor of Aritao, Nueva Vizcaya",legislative,city,elected,NUEVA VIZCAYA,ARITAO,o3582
o3574,councilor-of-kayapa-nueva-vizcaya-o3574,"Councilor of Kayapa, Nueva Vizcaya",legislative,city,elected,NUEVA VIZCAYA,KAYAPA,o3582
o3575,councilor-of-santa-fe-nueva-vizcaya-o3575,"Councilor of Santa Fe, Nueva Vizcaya",legislative,city,elected,NUEVA VIZCAYA,SANTA FE,o3582
o3576,councilor-of-bayombong-nueva-vizcaya-o3576,"Councilor of Bayombong, Nueva Vizcaya",legislative,city,elected,NUEVA VIZCAYA,BAYOMBONG,o3582
o3577,councilor-of-alfonso-castaneda-nueva-vizcaya-o3577,"Councilor of Alfonso Castaneda, Nueva Vizcaya",legislative,city,elected,NUEVA VIZCAYA,ALFONSO CASTANEDA,o3582
o3578,councilor-of-dupax-del-sur-nueva-vizcaya-o3578,"Councilor of Dupax Del Sur, Nueva Vizcaya",legislative,city,elected,NUEVA VIZCAYA,DUPAX DEL SUR,o3582
o3579,councilor-of-solano-nueva-vizcaya-o3579,"Councilor of Solano, Nueva Vizcaya",legislative,city,elected,NUEVA VIZCAYA,SOLANO,o3582
o3580,councilor-of-quezon-nueva-vizcaya-o3580,"Councilor of Quezon, Nueva Vizcaya",legislative,city,elected,NUEVA VIZCAYA,QUEZON,o3582
o3581,councilor-of-bambang-nueva-vizcaya-o3581,"Councilor of Bambang, Nueva Vizcaya",legislative,city,elected,NUEVA VIZCAYA,BAMBANG,o3582
o3582,governor-of-nueva-vizcaya-o3582,Governor of Nueva Vizcaya,executive,provincial,elected,NUEVA VIZCAYA,,
o3583,mayor-of-dupax-del-norte-nueva-vizcaya-o3583,"Mayor of Dupax Del Norte, Nueva Vizcaya",executive,city,elected,NUEVA VIZCAYA,DUPAX DEL NORTE,o3582
o3584,mayor-of-villaverde-nueva-vizcaya-o3584,"Mayor of Villaverde, Nueva Vizcaya",executive,city,elected,NUEVA VIZCAYA,VILLAVERDE,o3582
o3585,mayor-of-bambang-nueva-vizcaya-o3585,"Mayor of Bambang, Nueva Vizcaya",executive,city,elected,NUEVA VIZCAYA,BAMBANG,o3582
o3586,mayor-of-alfonso-castaneda-nueva-vizcaya-o3586,"Mayor of Alfonso Castaneda, Nueva Vizcaya",executive,city,elected,NUEVA VIZCAYA,ALFONSO CASTANEDA,o3582
o3587,mayor-of-bagabag-nueva-vizcaya-o3587,"Mayor of Bagabag, Nueva Vizcaya",executive,city,elected,NUEVA VIZCAYA,BAGABAG,o3582
o3588,mayor-of-solano-nueva-vizcaya-o3588,"Mayor of Solano, Nueva Vizcaya",executive,city,elected,NUEVA VIZCAYA,SOLANO,o3582
o3589,mayor-of-bayombong-nueva-vizcaya-o3589,"Mayor of Bayombong, Nueva Vizcaya",executive,city,elected,NUEVA VIZCAYA,BAYOMBONG,o3582
o3590,mayor-of-kayapa-nueva-vizcaya-o3590,"Mayor of Kayapa, Nueva Vizcaya",executive,city,elected,NUEVA VIZCAYA,KAYAPA,o3582
o3591,mayor-of-dupax-del-sur-nueva-vizcaya-o3591,"Mayor of Dupax Del Sur, Nueva Vizcaya",executive,city,elected,NUEVA VIZCAYA,DUPAX DEL SUR,o3582
o3592,mayor-of-ambaguio-nueva-vizcaya-o3592,"Mayor of Ambaguio, Nueva Vizcaya",executive,city,elected,NUEVA VIZCAYA,AMBAGUIO,o3582
o3593,mayor-of-diadi-nueva-vizcaya-o3593,"Mayor of Diadi, Nueva Vizcaya",executive,city,elected,NUEVA VIZCAYA,DIADI,o3582
o3594,mayor-of-santa-fe-nueva-vizcaya-o3594,"Mayor of Santa Fe, Nueva Vizcaya",executive,city,elected,NUEVA VIZCAYA,SANTA FE,o3582
o3595,mayor-of-aritao-nueva-vizcaya-o3595,"Mayor of Aritao, Nueva Vizcaya",executive,city,elected,NUEVA VIZCAYA,ARITAO,o3582
o3596,mayor-of-quezon-nueva-vizcaya-o3596,"Mayor of Quezon, Nueva Vizcaya",executive,city,elected,NUEVA VIZCAYA,QUEZON,o3582
o3597,mayor-of-kasibu-nueva-vizcaya-o3597,"Mayor of Kasibu, Nueva Vizcaya",executive,city,elected,NUEVA VIZCAYA,KASIBU,o3582
o3598,representative-nueva-vizcaya-o3598,"Representative, , Nueva Vizcaya",legislative,national,elected,NUEVA VIZCAYA,,
o3599,provincial-board-member-of-nueva-vizcaya-o3599,Provincial Board Member of Nueva Vizcaya,legislative,provincial,elected,NUEVA VIZCAYA,,
o3600,vice-governor-of-nueva-vizcaya-o3600,Vice Governor of Nueva Vizcaya,executive,provincial,elected,NUEVA VIZCAYA,,
o3601,vice-mayor-of-bayombong-nueva-vizcaya-o3601,"Vice Mayor of Bayombong, Nueva Vizcaya",executive,city,elected,NUEVA VIZCAYA,BAYOMBONG,o3582
o3602,vice-mayor-of-dupax-del-norte-nueva-vizcaya-o3602,"Vice Mayor of Dupax Del Norte, Nueva Vizcaya",executive,city,elected,NUEVA VIZCAYA,DUPAX DEL NORTE,o3582
o3603,vice-mayor-of-kasibu-nueva-vizcaya-o3603,"Vice Mayor of Kasibu, Nueva Vizcaya",executive,city,elected,NUEVA VIZCAYA,KASIBU,o3582
o3604,vice-mayor-of-alfonso-castaneda-nueva-vizcaya-o3604,"Vice Mayor of Alfonso Castaneda, Nueva Vizcaya",executive,city,elected,NUEVA VIZCAYA,ALFONSO CASTANEDA,o3582
o3605,vice-mayor-of-villaverde-nueva-vizcaya-o3605,"Vice Mayor of Villaverde, Nueva Vizcaya",executive,city,elected,NUEVA VIZCAYA,VILLAVERDE,o3582
o3606,vice-mayor-of-aritao-nueva-vizcaya-o3606,"Vice Mayor of Aritao, Nueva Vizcaya",executive,city,elected,NUEVA VIZCAYA,ARITAO,o3582
o3607,vice-mayor-of-quezon-nueva-vizcaya-o3607,"Vice Mayor of Quezon, Nueva Vizcaya",executive,city,elected,NUEVA VIZCAYA,QUEZON,o3582
o3608,vice-mayor-of-dupax-del-sur-nueva-vizcaya-o3608,"Vice Mayor of Dupax Del Sur, Nueva Vizcaya",executive,city,elected,NUEVA VIZCAYA,DUPAX DEL SUR,o3582
o3609,vice-mayor-of-kayapa-nueva-vizcaya-o3609,"Vice Mayor of Kayapa, Nueva Vizcaya",executive,city,elected,NUEVA VIZCAYA,KAYAPA,o3582
o3610,vice-mayor-of-diadi-nueva-vizcaya-o3610,"Vice Mayor of Diadi, Nueva Vizcaya",executive,city,elected,NUEVA VIZCAYA,DIADI,o3582
o3611,vice-mayor-of-ambaguio-nueva-vizcaya-o3611,"Vice Mayor of Ambaguio, Nueva Vizcaya",executive,city,elected,NUEVA VIZCAYA,AMBAGUIO,o3582
o3612,vice-mayor-of-solano-nueva-vizcaya-o3612,"Vice Mayor of Solano, Nueva Vizcaya",executive,city,elected,NUEVA VIZCAYA,SOLANO,o3582
o3613,vice-mayor-of-bagabag-nueva-vizcaya-o3613,"Vice Mayor of Bagabag, Nueva Vizcaya",executive,city,elected,NUEVA VIZCAYA,BAGABAG,o3582
o3614,vice-mayor-of-santa-fe-nueva-vizcaya-o3614,"Vice Mayor of Santa Fe, Nueva Vizcaya",executive,city,elected,NUEVA VIZCAYA,SANTA FE,o3582
o3615,vice-mayor-of-bambang-nueva-vizcaya-o3615,"Vice Mayor of Bambang, Nueva Vizcaya",executive,city,elected,NUEVA VIZCAYA,BAMBANG,o3582
o3616,councilor-of-rizal-occidental-mindoro-o3616,"Councilor of Rizal, Occidental Mindoro",legislative,city,elected,OCCIDENTAL MINDORO,RIZAL,o3627
o3617,councilor-of-mamburao-occidental-mindoro-o3617,"Councilor of Mamburao, Occidental Mindoro",legislative,city,elected,OCCIDENTAL MINDORO,MAMBURAO,o3627
o3618,councilor-of-looc-occidental-mindoro-o3618,"Councilor of Looc, Occidental Mindoro",legislative,city,elected,OCCIDENTAL MINDORO,LOOC,o3627
o3619,councilor-of-san-jose-occidental-mindoro-o3619,"Councilor of San Jose, Occidental Mindoro",legislative,city,elected,OCCIDENTAL MINDORO,SAN JOSE,o3627
o3620,councilor-of-lubang-occidental-mindoro-o3620,"Councilor of Lubang, Occidental Mindoro",legislative,city,elected,OCCIDENTAL MINDORO,LUBANG,o3627
o3621,councilor-of-sablayan-occidental-mindoro-o3621,"Councilor of Sablayan, Occidental Mindoro",legislative,city,elected,OCCIDENTAL MINDORO,SABLAYAN,o3627
o3622,councilor-of-magsaysay-occidental-mindoro-o3622,"Councilor of Magsaysay, Occidental Mindoro",legislative,city,elected,OCCIDENTAL MINDORO,MAGSAYSAY,o3627
o3623,councilor-of-paluan-occidental-mindoro-o3623,"Councilor of Paluan, Occidental Mindoro",legislative,city,elected,OCCIDENTAL MINDORO,PALUAN,o3627
o3624,councilor-of-calintaan-occidental-mindoro-o3624,"Councilor of Calintaan, Occidental Mindoro",legislative,city,elected,OCCIDENTAL MINDORO,CALINTAAN,o3627
o3625,councilor-of-santa-cruz-occidental-mindoro-o3625,"Councilor of Santa Cruz, Occidental Mindoro",legislative,city,elected,OCCIDENTAL MINDORO,SANTA CRUZ,o3627
o3626,councilor-of-abra-de-ilog-occidental-mindoro-o3626,"Councilor of Abra De Ilog, Occidental Mindoro",legislative,city,elected,OCCIDENTAL MINDORO,ABRA DE ILOG,o3627
o3627,governor-of-occidental-mindoro-o3627,Governor of Occidental Mindoro,executive,provincial,elected,OCCIDENTAL MINDORO,,
o3628,mayor-of-mamburao-occidental-mindoro-o3628,"Mayor of Mamburao, Occidental Mindoro",executive,city,elected,OCCIDENTAL MINDORO,MAMBURAO,o3627
o3629,mayor-of-magsaysay-occidental-mindoro-o3629,"Mayor of Magsaysay, Occidental Mindoro",executive,city,elected,OCCIDENTAL MINDORO,MAGSAYSAY,o3627
o3630,mayor-of-abra-de-ilog-occidental-mindoro-o3630,"Mayor of Abra De Ilog, Occidental Mindoro",executive,city,elected,OCCIDENTAL MINDORO,ABRA DE ILOG,o3627
o3631,mayor-of-san-jose-occidental-mindoro-o3631,"Mayor of San Jose, Occidental Mindoro",executive,city,elected,OCCIDENTAL MINDORO,SAN JOSE,o3627
o3632,mayor-of-santa-cruz-occidental-mindoro-o3632,"Mayor of Santa Cruz, Occidental Mindoro",executive,city,elected,OCCIDENTAL MINDORO,SANTA CRUZ,o3627
o3633,mayor-of-sablayan-occidental-mindoro-o3633,"Mayor of Sablayan, Occidental Mindoro",executive,city,elected,OCCIDENTAL MINDORO,SABLAYAN,o3627
o3634,mayor-of-rizal-occidental-mindoro-o3634,"Mayor of Rizal, Occidental Mindoro",executive,city,elected,OCCIDENTAL MINDORO,RIZAL,o3627
o3635,mayor-of-paluan-occidental-mindoro-o3635,"Mayor of Paluan, Occidental Mindoro",executive,city,elected,OCCIDENTAL MINDORO,PALUAN,o3627
o3636,mayor-of-calintaan-occidental-mindoro-o3636,"Mayor of Calintaan, Occidental Mindoro",executive,city,elected,OCCIDENTAL MINDORO,CALINTAAN,o3627
o3637,mayor-of-lubang-occidental-mindoro-o3637,"Mayor of Lubang, Occidental Mindoro",executive,city,elected,OCCIDENTAL MINDORO,LUBANG,o3627
o3638,mayor-of-looc-occidental-mindoro-o3638,"Mayor of Looc, Occidental Mindoro",executive,city,elected,OCCIDENTAL MINDORO,LOOC,o3627
o3639,provincial-board-member-of-occidental-mindoro-o3639,Provincial Board Member of Occidental Mindoro,legislative,provincial,elected,OCCIDENTAL MINDORO,,
o3640,vice-governor-of-occidental-mindoro-o3640,Vice Governor of Occidental Mindoro,executive,provincial,elected,OCCIDENTAL MINDORO,,
o3641,vice-mayor-of-magsaysay-occidental-mindoro-o3641,"Vice Mayor of Magsaysay, Occidental Mindoro",executive,city,elected,OCCIDENTAL MINDORO,MAGSAYSAY,o3627
o3642,vice-mayor-of-abra-de-ilog-occidental-mindoro-o3642,"Vice Mayor of Abra De Ilog, Occidental Mindoro",executive,city,elected,OCCIDENTAL MINDORO,ABRA DE ILOG,o3627
o3643,vice-mayor-of-santa-cruz-occidental-mindoro-o3643,"Vice Mayor of Santa Cruz, Occidental Mindoro",executive,city,elected,OCCIDENTAL MINDORO,SANTA CRUZ,o3627
o3644,vice-mayor-of-calintaan-occidental-mindoro-o3644,"Vice Mayor of Calintaan, Occidental Mindoro",executive,city,elected,OCCIDENTAL MINDORO,CALINTAAN,o3627
o3645,vice-mayor-of-san-jose-occidental-mindoro-o3645,"Vice Mayor of San Jose, Occidental Mindoro",executive,city,elected,OCCIDENTAL MINDORO,SAN JOSE,o3627
o3646,vice-mayor-of-sablayan-occidental-mindoro-o3646,"Vice Mayor of Sablayan, Occidental Mindoro",executive,city,elected,OCCIDENTAL MINDORO,SABLAYAN,o3627
o3647,vice-mayor-of-looc-occidental-mindoro-o3647,"Vice Mayor of Looc, Occidental Mindoro",executive,city,elected,OCCIDENTAL MINDORO,LOOC,o3627
o3648,vice-mayor-of-lubang-occidental-mindoro-o3648,"Vice Mayor of Lubang, Occidental Mindoro",executive,city,elected,OCCIDENTAL MINDORO,LUBANG,o3627
o3649,vice-mayor-of-mamburao-occidental-mindoro-o3649,"Vice Mayor of Mamburao, Occidental Mindoro",executive,city,elected,OCCIDENTAL MINDORO,MAMBURAO,o3627
o3650,vice-mayor-of-rizal-occidental-mindoro-o3650,"Vice Mayor of Rizal, Occidental Mindoro",executive,city,elected,OCCIDENTAL MINDORO,RIZAL,o3627
o3651,vice-mayor-of-paluan-occidental-mindoro-o3651,"Vice Mayor of Paluan, Occidental Mindoro",executive,city,elected,OCCIDENTAL MINDORO,PALUAN,o3627
o3652,councilor-of-calapan-oriental-mindoro-o3652,"Councilor of Calapan, Oriental Mindoro",legislative,city,elected,ORIENTAL MINDORO,CALAPAN,o3667
o3653,councilor-of-san-teodoro-oriental-mindoro-o3653,"Councilor of San Teodoro, Oriental Mindoro",legislative,city,elected,ORIENTAL MINDORO,SAN TEODORO,o3667
o3654,councilor-of-pinamalayan-oriental-mindoro-o3654,"Councilor of Pinamalayan, Oriental Mindoro",legislative,city,elected,ORIENTAL MINDORO,PINAMALAYAN,o3667
o3655,councilor-of-bulalacao-oriental-mindoro-o3655,"Councilor of Bulalacao, Oriental Mindoro",legislative,city,elected,ORIENTAL MINDORO,BULALACAO,o3667
o3656,councilor-of-roxas-oriental-mindoro-o3656,"Councilor of Roxas, Oriental Mindoro",legislative,city,elected,ORIENTAL MINDORO,ROXAS,o3667
o3657,councilor-of-baco-oriental-mindoro-o3657,"Councilor of Baco, Oriental Mindoro",legislative,city,elected,ORIENTAL MINDORO,BACO,o3667
o3658,councilor-of-victoria-oriental-mindoro-o3658,"Councilor of Victoria, Oriental Mindoro",legislative,city,elected,ORIENTAL MINDORO,VICTORIA,o3667
o3659,councilor-of-bansud-oriental-mindoro-o3659,"Councilor of Bansud, Oriental Mindoro",legislative,city,elected,ORIENTAL MINDORO,BANSUD,o3667
o3660,councilor-of-socorro-oriental-mindoro-o3660,"Councilor of Socorro, Oriental Mindoro",legislative,city,elected,ORIENTAL MINDORO,SOCORRO,o3667
o3661,councilor-of-puerto-galera-oriental-mindoro-o3661,"Councilor of Puerto Galera, Oriental Mindoro",legislative,city,elected,ORIENTAL MINDORO,PUERTO GALERA,o3667
o3662,councilor-of-pola-oriental-mindoro-o3662,"Councilor of Pola, Oriental Mindoro",legislative,city,elected,ORIENTAL MINDORO,POLA,o3667
o3663,councilor-of-naujan-oriental-mindoro-o3663,"Councilor of Naujan, Oriental Mindoro",legislative,city,elected,ORIENTAL MINDORO,NAUJAN,o3667
o3664,councilor-of-gloria-oriental-mindoro-o3664,"Councilor of Gloria, Oriental Mindoro",legislative,city,elected,ORIENTAL MINDORO,GLORIA,o3667
o3665,councilor-of-mansalay-oriental-mindoro-o3665,"Councilor of Mansalay, Oriental Mindoro",legislative,city,elected,ORIENTAL MINDORO,MANSALAY,o3667
o3666,councilor-of-bongabong-oriental-mindoro-o3666,"Councilor of Bongabong, Oriental Mindoro",legislative,city,elected,ORIENTAL MINDORO,BONGABONG,o3667
o3667,governor-of-oriental-mindoro-o3667,Governor of Oriental Mindoro,executive,provincial,elected,ORIENTAL MINDORO,,
o3668,mayor-of-gloria-oriental-mindoro-o3668,"Mayor of Gloria, Oriental Mindoro",executive,city,elected,ORIENTAL MINDORO,GLORIA,o3667
o3669,mayor-of-pola-oriental-mindoro-o3669,"Mayor of Pola, Oriental Mindoro",executive,city,elected,ORIENTAL MINDORO,POLA,o3667
o3670,mayor-of-puerto-galera-oriental-mindoro-o3670,"Mayor of Puerto Galera, Oriental Mindoro",executive,city,elected,ORIENTAL MINDORO,PUERTO GALERA,o3667
o3671,mayor-of-san-teodoro-oriental-mindoro-o3671,"Mayor of San Teodoro, Oriental Mindoro",executive,city,elected,ORIENTAL MINDORO,SAN TEODORO,o3667
o3672,mayor-of-socorro-oriental-mindoro-o3672,"Mayor of Socorro, Oriental Mindoro",executive,city,elected,ORIENTAL MINDORO,SOCORRO,o3667
o3673,mayor-of-roxas-oriental-mindoro-o3673,"Mayor of Roxas, Oriental Mindoro",executive,city,elected,ORIENTAL MINDORO,ROXAS,o3667
o3674,mayor-of-bongabong-oriental-mindoro-o3674,"Mayor of Bongabong, Oriental Mindoro",executive,city,elected,ORIENTAL MINDORO,BONGABONG,o3667
o3675,mayor-of-pinamalayan-oriental-mindoro-o3675,"Mayor of Pinamalayan, Oriental Mindoro",executive,city,elected,ORIENTAL MINDORO,PINAMALAYAN,o3667
o3676,mayor-of-mansalay-oriental-mindoro-o3676,"Mayor of Mansalay, Oriental Mindoro",executive,city,elected,ORIENTAL MINDORO,MANSALAY,o3667
o3677,mayor-of-naujan-oriental-mindoro-o3677,"Mayor of Naujan, Oriental Mindoro",executive,city,elected,ORIENTAL MINDORO,NAUJAN,o3667
o3678,mayor-of-victoria-oriental-mindoro-o3678,"Mayor of Victoria, Oriental Mindoro",executive,city,elected,ORIENTAL MINDORO,VICTORIA,o3667
o3679,mayor-of-calapan-oriental-mindoro-o3679,"Mayor of Calapan, Oriental Mindoro",executive,city,elected,ORIENTAL MINDORO,CALAPAN,o3667
o3680,mayor-of-bulalacao-oriental-mindoro-o3680,"Mayor of Bulalacao, Oriental Mindoro",executive,city,elected,ORIENTAL MINDORO,BULALACAO,o3667
o3681,mayor-of-bansud-oriental-mindoro-o3681,"Mayor of Bansud, Oriental Mindoro",executive,city,elected,ORIENTAL MINDORO,BANSUD,o3667
o3682,mayor-of-baco-oriental-mindoro-o3682,"Mayor of Baco, Oriental Mindoro",executive,city,elected,ORIENTAL MINDORO,BACO,o3667
o3683,representative-oriental-mindoro-o3683,"Representative, , Oriental Mindoro",legislative,national,elected,ORIENTAL MINDORO,,
o3684,provincial-board-member-of-oriental-mindoro-o3684,Provincial Board Member of Oriental Mindoro,legislative,provincial,elected,ORIENTAL MINDORO,,
o3685,vice-governor-of-oriental-mindoro-o3685,Vice Governor of Oriental Mindoro,executive,provincial,elected,ORIENTAL MINDORO,,
o3686,vice-mayor-of-puerto-galera-oriental-mindoro-o3686,"Vice Mayor of Puerto Galera, Oriental Mindoro",executive,city,elected,ORIENTAL MINDORO,PUERTO GALERA,o3667
o3687,vice-mayor-of-bansud-oriental-mindoro-o3687,"Vice Mayor of Bansud, Oriental Mindoro",executive,city,elected,ORIENTAL MINDORO,BANSUD,o3667
o3688,vice-mayor-of-roxas-oriental-mindoro-o3688,"Vice Mayor of Roxas, Oriental Mindoro",executive,city,elected,ORIENTAL MINDORO,ROXAS,o3667
o3689,vice-mayor-of-baco-oriental-mindoro-o3689,"Vice Mayor of Baco, Oriental Mindoro",executive,city,elected,ORIENTAL MINDORO,BACO,o3667
o3690,vice-mayor-of-san-teodoro-oriental-mindoro-o3690,"Vice Mayor of San Teodoro, Oriental Mindoro",executive,city,elected,ORIENTAL MINDORO,SAN TEODORO,o3667
o3691,vice-mayor-of-gloria-oriental-mindoro-o3691,"Vice Mayor of Gloria, Oriental Mindoro",executive,city,elected,ORIENTAL MINDORO,GLORIA,o3667
o3692,vice-mayor-of-socorro-oriental-mindoro-o3692,"Vice Mayor of Socorro, Oriental Mindoro",executive,city,elected,ORIENTAL MINDORO,SOCORRO,o3667
o3693,vice-mayor-of-naujan-oriental-mindoro-o3693,"Vice Mayor of Naujan, Oriental Mindoro",executive,city,elected,ORIENTAL MINDORO,NAUJAN,o3667
o3694,vice-mayor-of-pola-oriental-mindoro-o3694,"Vice Mayor of Pola, Oriental Mindoro",executive,city,elected,ORIENTAL MINDORO,POLA,o3667
o3695,vice-mayor-of-pinamalayan-oriental-mindoro-o3695,"Vice Mayor of Pinamalayan, Oriental Mindoro",executive,city,elected,ORIENTAL MINDORO,PINAMALAYAN,o3667
o3696,vice-mayor-of-mansalay-oriental-mindoro-o3696,"Vice Mayor of Mansalay, Oriental Mindoro",executive,city,elected,ORIENTAL MINDORO,MANSALAY,o3667
o3697,vice-mayor-of-victoria-oriental-mindoro-o3697,"Vice Mayor of Victoria, Oriental Mindoro",executive,city,elected,ORIENTAL MINDORO,VICTORIA,o3667
o3698,vice-mayor-of-calapan-oriental-mindoro-o3698,"Vice Mayor of Calapan, Oriental Mindoro",executive,city,elected,ORIENTAL MINDORO,CALAPAN,o3667
o3699,vice-mayor-of-bulalacao-oriental-mindoro-o3699,"Vice Mayor of Bulalacao, Oriental Mindoro",executive,city,elected,ORIENTAL MINDORO,BULALACAO,o3667
o3700,vice-mayor-of-bongabong-oriental-mindoro-o3700,"Vice Mayor of Bongabong, Oriental Mindoro",executive,city,elected,ORIENTAL MINDORO,BONGABONG,o3667
o3701,councilor-of-sofronio-espanola-palawan-o3701,"Councilor of Sofronio Espanola, Palawan",legislative,city,elected,PALAWAN,SOFRONIO ESPANOLA,o3725
o3702,councilor-of-quezon-palawan-o3702,"Councilor of Quezon, Palawan",legislative,city,elected,PALAWAN,QUEZON,o3725
o3703,councilor-of-brookes-point-palawan-o3703,"Councilor of Brookes Point, Palawan",legislative,city,elected,PALAWAN,BROOKES POINT,o3725
o3704,councilor-of-puerto-princesa-palawan-o3704,"Councilor of Puerto Princesa, Palawan",legislative,city,elected,PALAWAN,PUERTO PRINCESA,o3725
o3705,councilor-of-san-vicente-palawan-o3705,"Councilor of San Vicente, Palawan",legislative,city,elected,PALAWAN,SAN VICENTE,o3725
o3706,councilor-of-linapacan-palawan-o3706,"Councilor of Linapacan, Palawan",legislative,city,elected,PALAWAN,LINAPACAN,o3725
o3707,councilor-of-cuyo-palawan-o3707,"Councilor of Cuyo, Palawan",legislative,city,elected,PALAWAN,CUYO,o3725
o3708,councilor-of-culion-palawan-o3708,"Councilor of Culion, Palawan",legislative,city,elected,PALAWAN,CULION,o3725
o3709,councilor-of-balabac-palawan-o3709,"Councilor of Balabac, Palawan",legislative,city,elected,PALAWAN,BALABAC,o3725
o3710,councilor-of-narra-palawan-o3710,"Councilor of Narra, Palawan",legislative,city,elected,PALAWAN,NARRA,o3725
o3711,councilor-of-rizal-palawan-o3711,"Councilor of Rizal, Palawan",legislative,city,elected,PALAWAN,RIZAL,o3725
o3712,councilor-of-araceli-palawan-o3712,"Councilor of Araceli, Palawan",legislative,city,elected,PALAWAN,ARACELI,o3725
o3713,councilor-of-bataraza-palawan-o3713,"Councilor of Bataraza, Palawan",legislative,city,elected,PALAWAN,BATARAZA,o3725
o3714,councilor-of-busuanga-palawan-o3714,"Councilor of Busuanga, Palawan",legislative,city,elected,PALAWAN,BUSUANGA,o3725
o3715,councilor-of-el-nido-palawan-o3715,"Councilor of El Nido, Palawan",legislative,city,elected,PALAWAN,EL NIDO,o3725
o3716,councilor-of-taytay-palawan-o3716,"Councilor of Taytay, Palawan",legislative,city,elected,PALAWAN,TAYTAY,o3725
o3717,councilor-of-cagayancillo-palawan-o3717,"Councilor of Cagayancillo, Palawan",legislative,city,elected,PALAWAN,CAGAYANCILLO,o3725
o3718,councilor-of-kalayaan-palawan-o3718,"Councilor of Kalayaan, Palawan",legislative,city,elected,PALAWAN,KALAYAAN,o3725
o3719,councilor-of-roxas-palawan-o3719,"Councilor of Roxas, Palawan",legislative,city,elected,PALAWAN,ROXAS,o3725
o3720,councilor-of-agutaya-palawan-o3720,"Councilor of Agutaya, Palawan",legislative,city,elected,PALAWAN,AGUTAYA,o3725
o3721,councilor-of-dumaran-palawan-o3721,"Councilor of Dumaran, Palawan",legislative,city,elected,PALAWAN,DUMARAN,o3725
o3722,councilor-of-aborlan-palawan-o3722,"Councilor of Aborlan, Palawan",legislative,city,elected,PALAWAN,ABORLAN,o3725
o3723,councilor-of-coron-palawan-o3723,"Councilor of Coron, Palawan",legislative,city,elected,PALAWAN,CORON,o3725
o3724,councilor-of-magsaysay-palawan-o3724,"Councilor of Magsaysay, Palawan",legislative,city,elected,PALAWAN,MAGSAYSAY,o3725
o3725,governor-of-palawan-o3725,Governor of Palawan,executive,provincial,elected,PALAWAN,,
o3726,mayor-of-aborlan-palawan-o3726,"Mayor of Aborlan, Palawan",executive,city,elected,PALAWAN,ABORLAN,o3725
o3727,mayor-of-balabac-palawan-o3727,"Mayor of Balabac, Palawan",executive,city,elected,PALAWAN,BALABAC,o3725
o3728,mayor-of-dumaran-palawan-o3728,"Mayor of Dumaran, Palawan",executive,city,elected,PALAWAN,DUMARAN,o3725
o3729,mayor-of-quezon-palawan-o3729,"Mayor of Quezon, Palawan",executive,city,elected,PALAWAN,QUEZON,o3725
o3730,mayor-of-brookes-point-palawan-o3730,"Mayor of Brookes Point, Palawan",executive,city,elected,PALAWAN,BROOKES POINT,o3725
o3731,mayor-of-cagayancillo-palawan-o3731,"Mayor of Cagayancillo, Palawan",executive,city,elected,PALAWAN,CAGAYANCILLO,o3725
o3732,mayor-of-sofronio-espanola-palawan-o3732,"Mayor of Sofronio Espanola, Palawan",executive,city,elected,PALAWAN,SOFRONIO ESPANOLA,o3725
o3733,mayor-of-busuanga-palawan-o3733,"Mayor of Busuanga, Palawan",executive,city,elected,PALAWAN,BUSUANGA,o3725
o3734,mayor-of-rizal-palawan-o3734,"Mayor of Rizal, Palawan",executive,city,elected,PALAWAN,RIZAL,o3725
o3735,mayor-of-magsaysay-palawan-o3735,"Mayor of Magsaysay, Palawan",executive,city,elected,PALAWAN,MAGSAYSAY,o3725
o3736,mayor-of-narra-palawan-o3736,"Mayor of Narra, Palawan",executive,city,elected,PALAWAN,NARRA,o3725
o3737,mayor-of-coron-palawan-o3737,"Mayor of Coron, Palawan",executive,city,elected,PALAWAN,CORON,o3725
o3738,mayor-of-linapacan-palawan-o3738,"Mayor of Linapacan, Palawan",executive,city,elected,PALAWAN,LINAPACAN,o3725
o3739,mayor-of-san-vicente-palawan-o3739,"Mayor of San Vicente, Palawan",executive,city,elected,PALAWAN,SAN VICENTE,o3725
o3740,mayor-of-puerto-princesa-palawan-o3740,"Mayor of Puerto Princesa, Palawan",executive,city,elected,PALAWAN,PUERTO PRINCESA,o3725
o3741,mayor-of-el-nido-palawan-o3741,"Mayor of El Nido, Palawan",executive,city,elected,PALAWAN,EL NIDO,o3725
o3742,mayor-of-kalayaan-palawan-o3742,"Mayor of Kalayaan, Palawan",executive,city,elected,PALAWAN,KALAYAAN,o3725
o3743,mayor-of-culion-palawan-o3743,"Mayor of Culion, Palawan",executive,city,elected,PALAWAN,CULION,o3725
o3744,mayor-of-cuyo-palawan-o3744,"Mayor of Cuyo, Palawan",executive,city,elected,PALAWAN,CUYO,o3725
o3745,mayor-of-araceli-palawan-o3745,"Mayor of Araceli, Palawan",executive,city,elected,PALAWAN,ARACELI,o3725
o3746,mayor-of-bataraza-palawan-o3746,"Mayor of Bataraza, Palawan",executive,city,elected,PALAWAN,BATARAZA,o3725
o3747,mayor-of-taytay-palawan-o3747,"Mayor of Taytay, Palawan",executive,city,elected,PALAWAN,TAYTAY,o3725
o3748,mayor-of-roxas-palawan-o3748,"Mayor of Roxas, Palawan",executive,city,elected,PALAWAN,ROXAS,o3725
o3749,mayor-of-agutaya-palawan-o3749,"Mayor of Agutaya, Palawan",executive,city,elected,PALAWAN,AGUTAYA,o3725
o3750,representative-palawan-o3750,"Representative, , Palawan",legislative,national,elected,PALAWAN,,
o3751,provincial-board-member-of-palawan-o3751,Provincial Board Member of Palawan,legislative,provincial,elected,PALAWAN,,
o3752,vice-governor-of-palawan-o3752,Vice Governor of Palawan,executive,provincial,elected,PALAWAN,,
o3753,vice-mayor-of-balabac-palawan-o3753,"Vice Mayor of Balabac, Palawan",executive,city,elected,PALAWAN,BALABAC,o3725
o3754,vice-mayor-of-taytay-palawan-o3754,"Vice Mayor of Taytay, Palawan",executive,city,elected,PALAWAN,TAYTAY,o3725
o3755,vice-mayor-of-magsaysay-palawan-o3755,"Vice Mayor of Magsaysay, Palawan",executive,city,elected,PALAWAN,MAGSAYSAY,o3725
o3756,vice-mayor-of-sofronio-espanola-palawan-o3756,"Vice Mayor of Sofronio Espanola, Palawan",executive,city,elected,PALAWAN,SOFRONIO ESPANOLA,o3725
o3757,vice-mayor-of-narra-palawan-o3757,"Vice Mayor of Narra, Palawan",executive,city,elected,PALAWAN,NARRA,o3725
o3758,vice-mayor-of-roxas-palawan-o3758,"Vice Mayor of Roxas, Palawan",executive,city,elected,PALAWAN,ROXAS,o3725
o3759,vice-mayor-of-rizal-palawan-o3759,"Vice Mayor of Rizal, Palawan",executive,city,elected,PALAWAN,RIZAL,o3725
o3760,vice-mayor-of-puerto-princesa-palawan-o3760,"Vice Mayor of Puerto Princesa, Palawan",executive,city,elected,PALAWAN,PUERTO PRINCESA,o3725
o3761,vice-mayor-of-dumaran-palawan-o3761,"Vice Mayor of Dumaran, Palawan",executive,city,elected,PALAWAN,DUMARAN,o3725
o3762,vice-mayor-of-brookes-point-palawan-o3762,"Vice Mayor of Brookes Point, Palawan",executive,city,elected,PALAWAN,BROOKES POINT,o3725
o3763,vice-mayor-of-aborlan-palawan-o3763,"Vice Mayor of Aborlan, Palawan",executive,city,elected,PALAWAN,ABORLAN,o3725
o3764,vice-mayor-of-el-nido-palawan-o3764,"Vice Mayor of El Nido, Palawan",executive,city,elected,PALAWAN,EL NIDO,o3725
o3765,vice-mayor-of-agutaya-palawan-o3765,"Vice Mayor of Agutaya, Palawan",executive,city,elected,PALAWAN,AGUTAYA,o3725
o3766,vice-mayor-of-linapacan-palawan-o3766,"Vice Mayor of Linapacan, Palawan",executive,city,elected,PALAWAN,LINAPACAN,o3725
o3767,vice-mayor-of-cagayancillo-palawan-o3767,"Vice Mayor of Cagayancillo, Palawan",executive,city,elected,PALAWAN,CAGAYANCILLO,o3725
o3768,vice-mayor-of-busuanga-palawan-o3768,"Vice Mayor of Busuanga, Palawan",executive,city,elected,PALAWAN,BUSUANGA,o3725
o3769,vice-mayor-of-san-vicente-palawan-o3769,"Vice Mayor of San Vicente, Palawan",executive,city,elected,PALAWAN,SAN VICENTE,o3725
o3770,vice-mayor-of-quezon-palawan-o3770,"Vice Mayor of Quezon, Palawan",executive,city,elected,PALAWAN,QUEZON,o3725
o3771,vice-mayor-of-culion-palawan-o3771,"Vice Mayor of Culion, Palawan",executive,city,elected,PALAWAN,CULION,o3725
o3772,vice-mayor-of-araceli-palawan-o3772,"Vice Mayor of Araceli, Palawan",executive,city,elected,PALAWAN,ARACELI,o3725
o3773,vice-mayor-of-coron-palawan-o3773,"Vice Mayor of Coron, Palawan",executive,city,elected,PALAWAN,CORON,o3725
o3774,vice-mayor-of-kalayaan-palawan-o3774,"Vice Mayor of Kalayaan, Palawan",executive,city,elected,PALAWAN,KALAYAAN,o3725
o3775,vice-mayor-of-bataraza-palawan-o3775,"Vice Mayor of Bataraza, Palawan",executive,city,elected,PALAWAN,BATARAZA,o3725
o3776,vice-mayor-of-cuyo-palawan-o3776,"Vice Mayor of Cuyo, Palawan",executive,city,elected,PALAWAN,CUYO,o3725
o3777,councilor-of-candaba-pampanga-o3777,"Councilor of Candaba, Pampanga",legislative,city,elected,PAMPANGA,CANDABA,o3799
o3778,councilor-of-sasmuan-pampanga-o3778,"Councilor of Sasmuan, Pampanga",legislative,city,elected,PAMPANGA,SASMUAN,o3799
o3779,councilor-of-angeles-pampanga-o3779,"Councilor of Angeles, Pampanga",legislative,city,elected,PAMPANGA,ANGELES,o3799
o3780,councilor-of-santa-rita-pampanga-o3780,"Councilor of Santa Rita, Pampanga",legislative,city,elected,PAMPANGA,SANTA RITA,o3799
o3781,councilor-of-magalang-pampanga-o3781,"Councilor of Magalang, Pampanga",legislative,city,elected,PAMPANGA,MAGALANG,o3799
o3782,councilor-of-apalit-pampanga-o3782,"Councilor of Apalit, Pampanga",legislative,city,elected,PAMPANGA,APALIT,o3799
o3783,councilor-of-minalin-pampanga-o3783,"Councilor of Minalin, Pampanga",legislative,city,elected,PAMPANGA,MINALIN,o3799
o3784,councilor-of-masantol-pampanga-o3784,"Councilor of Masantol, Pampanga",legislative,city,elected,PAMPANGA,MASANTOL,o3799
o3785,councilor-of-lubao-pampanga-o3785,"Councilor of Lubao, Pampanga",legislative,city,elected,PAMPANGA,LUBAO,o3799
o3786,councilor-of-floridablanca-pampanga-o3786,"Councilor of Floridablanca, Pampanga",legislative,city,elected,PAMPANGA,FLORIDABLANCA,o3799
o3787,councilor-of-san-simon-pampanga-o3787,"Councilor of San Simon, Pampanga",legislative,city,elected,PAMPANGA,SAN SIMON,o3799
o3788,councilor-of-macabebe-pampanga-o3788,"Councilor of Macabebe, Pampanga",legislative,city,elected,PAMPANGA,MACABEBE,o3799
o3789,councilor-of-bacolor-pampanga-o3789,"Councilor of Bacolor, Pampanga",legislative,city,elected,PAMPANGA,BACOLOR,o3799
o3790,councilor-of-mabalacat-pampanga-o3790,"Councilor of Mabalacat, Pampanga",legislative,city,elected,PAMPANGA,MABALACAT,o3799
o3791,councilor-of-san-fernando-pampanga-o3791,"Councilor of San Fernando, Pampanga",legislative,city,elected,PAMPANGA,SAN FERNANDO,o3799
o3792,councilor-of-arayat-pampanga-o3792,"Councilor of Arayat, Pampanga",legislative,city,elected,PAMPANGA,ARAYAT,o3799
o3793,councilor-of-santo-tomas-pampanga-o3793,"Councilor of Santo Tomas, Pampanga",legislative,city,elected,PAMPANGA,SANTO TOMAS,o3799
o3794,councilor-of-guagua-pampanga-o3794,"Councilor of Guagua, Pampanga",legislative,city,elected,PAMPANGA,GUAGUA,o3799
o3795,councilor-of-mexico-pampanga-o3795,"Councilor of Mexico, Pampanga",legislative,city,elected,PAMPANGA,MEXICO,o3799
o3796,councilor-of-santa-ana-pampanga-o3796,"Councilor of Santa Ana, Pampanga",legislative,city,elected,PAMPANGA,SANTA ANA,o3799
o3797,councilor-of-porac-pampanga-o3797,"Councilor of Porac, Pampanga",legislative,city,elected,PAMPANGA,PORAC,o3799
o3798,councilor-of-san-luis-pampanga-o3798,"Councilor of San Luis, Pampanga",legislative,city,elected,PAMPANGA,SAN LUIS,o3799
o3799,governor-of-pampanga-o3799,Governor of Pampanga,executive,provincial,elected,PAMPANGA,,
o3800,mayor-of-san-fernando-pampanga-o3800,"Mayor of San Fernando, Pampanga",executive,city,elected,PAMPANGA,SAN FERNANDO,o3799
o3801,mayor-of-santo-tomas-pampanga-o3801,"Mayor of Santo Tomas, Pampanga",executive,city,elected,PAMPANGA,SANTO TOMAS,o3799
o3802,mayor-of-sasmuan-pampanga-o3802,"Mayor of Sasmuan, Pampanga",executive,city,elected,PAMPANGA,SASMUAN,o3799
o3803,mayor-of-san-simon-pampanga-o3803,"Mayor of San Simon, Pampanga",executive,city,elected,PAMPANGA,SAN SIMON,o3799
o3804,mayor-of-bacolor-pampanga-o3804,"Mayor of Bacolor, Pampanga",executive,city,elected,PAMPANGA,BACOLOR,o3799
o3805,mayor-of-arayat-pampanga-o3805,"Mayor of Arayat, Pampanga",executive,city,elected,PAMPANGA,ARAYAT,o3799
o3806,mayor-of-candaba-pampanga-o3806,"Mayor of Candaba, Pampanga",executive,city,elected,PAMPANGA,CANDABA,o3799
o3807,mayor-of-macabebe-pampanga-o3807,"Mayor of Macabebe, Pampanga",executive,city,elected,PAMPANGA,MACABEBE,o3799
o3808,mayor-of-minalin-pampanga-o3808,"Mayor of Minalin, Pampanga",executive,city,elected,PAMPANGA,MINALIN,o3799
o3809,mayor-of-santa-ana-pampanga-o3809,"Mayor of Santa Ana, Pampanga",executive,city,elected,PAMPANGA,SANTA ANA,o3799
o3810,mayor-of-porac-pampanga-o3810,"Mayor of Porac, Pampanga",executive,city,elected,PAMPANGA,PORAC,o3799
o3811,mayor-of-magalang-pampanga-o3811,"Mayor of Magalang, Pampanga",executive,city,elected,PAMPANGA,MAGALANG,o3799
o3812,mayor-of-apalit-pampanga-o3812,"Mayor of Apalit, Pampanga",executive,city,elected,PAMPANGA,APALIT,o3799
o3813,mayor-of-masantol-pampanga-o3813,"Mayor of Masantol, Pampanga",executive,city,elected,PAMPANGA,MASANTOL,o3799
o3814,mayor-of-angeles-pampanga-o3814,"Mayor of Angeles, Pampanga",executive,city,elected,PAMPANGA,ANGELES,o3799
o3815,mayor-of-guagua-pampanga-o3815,"Mayor of Guagua, Pampanga",executive,city,elected,PAMPANGA,GUAGUA,o3799
o3816,mayor-of-floridablanca-pampanga-o3816,"Mayor of Floridablanca, Pampanga",executive,city,elected,PAMPANGA,FLORIDABLANCA,o3799
o3817,mayor-of-mabalacat-pampanga-o3817,"Mayor of Mabalacat, Pampanga",executive,city,elected,PAMPANGA,MABALACAT,o3799
o3818,mayor-of-lubao-pampanga-o3818,"Mayor of Lubao, Pampanga",executive,city,elected,PAMPANGA,LUBAO,o3799
o3819,mayor-of-mexico-pampanga-o3819,"Mayor of Mexico, Pampanga",executive,city,elected,PAMPANGA,MEXICO,o3799
o3820,mayor-of-san-luis-pampanga-o3820,"Mayor of San Luis, Pampanga",executive,city,elected,PAMPANGA,SAN LUIS,o3799
o3821,mayor-of-santa-rita-pampanga-o3821,"Mayor of Santa Rita, Pampanga",executive,city,elected,PAMPANGA,SANTA RITA,o3799
o3822,representative-pampanga-o3822,"Representative, , Pampanga",legislative,national,elected,PAMPANGA,,
o3823,provincial-board-member-of-pampanga-o3823,Provincial Board Member of Pampanga,legislative,provincial,elected,PAMPANGA,,
o3824,vice-governor-of-pampanga-o3824,Vice Governor of Pampanga,executive,provincial,elected,PAMPANGA,,
o3825,vice-mayor-of-santo-tomas-pampanga-o3825,"Vice Mayor of Santo Tomas, Pampanga",executive,city,elected,PAMPANGA,SANTO TOMAS,o3799
o3826,vice-mayor-of-sasmuan-pampanga-o3826,"Vice Mayor of Sasmuan, Pampanga",executive,city,elected,PAMPANGA,SASMUAN,o3799
o3827,vice-mayor-of-san-simon-pampanga-o3827,"Vice Mayor of San Simon, Pampanga",executive,city,elected,PAMPANGA,SAN SIMON,o3799
o3828,vice-mayor-of-guagua-pampanga-o3828,"Vice Mayor of Guagua, Pampanga",executive,city,elected,PAMPANGA,GUAGUA,o3799
o3829,vice-mayor-of-floridablanca-pampanga-o3829,"Vice Mayor of Floridablanca, Pampanga",executive,city,elected,PAMPANGA,FLORIDABLANCA,o3799
o3830,vice-mayor-of-magalang-pampanga-o3830,"Vice Mayor of Magalang, Pampanga",executive,city,elected,PAMPANGA,MAGALANG,o3799
o3831,vice-mayor-of-bacolor-pampanga-o3831,"Vice Mayor of Bacolor, Pampanga",executive,city,elected,PAMPANGA,BACOLOR,o3799
o3832,vice-mayor-of-lubao-pampanga-o3832,"Vice Mayor of Lubao, Pampanga",executive,city,elected,PAMPANGA,LUBAO,o3799
o3833,vice-mayor-of-santa-rita-pampanga-o3833,"Vice Mayor of Santa Rita, Pampanga",executive,city,elected,PAMPANGA,SANTA RITA,o3799
o3834,vice-mayor-of-candaba-pampanga-o3834,"Vice Mayor of Candaba, Pampanga",executive,city,elected,PAMPANGA,CANDABA,o3799
o3835,vice-mayor-of-masantol-pampanga-o3835,"Vice Mayor of Masantol, Pampanga",executive,city,elected,PAMPANGA,MASANTOL,o3799
o3836,vice-mayor-of-mabalacat-pampanga-o3836,"Vice Mayor of Mabalacat, Pampanga",executive,city,elected,PAMPANGA,MABALACAT,o3799
o3837,vice-mayor-of-san-fernando-pampanga-o3837,"Vice Mayor of San Fernando, Pampanga",executive,city,elected,PAMPANGA,SAN FERNANDO,o3799
o3838,vice-mayor-of-porac-pampanga-o3838,"Vice Mayor of Porac, Pampanga",executive,city,elected,PAMPANGA,PORAC,o3799
o3839,vice-mayor-of-apalit-pampanga-o3839,"Vice Mayor of Apalit, Pampanga",executive,city,elected,PAMPANGA,APALIT,o3799
o3840,vice-mayor-of-minalin-pampanga-o3840,"Vice Mayor of Minalin, Pampanga",executive,city,elected,PAMPANGA,MINALIN,o3799
o3841,vice-mayor-of-santa-ana-pampanga-o3841,"Vice Mayor of Santa Ana, Pampanga",executive,city,elected,PAMPANGA,SANTA ANA,o3799
o3842,vice-mayor-of-arayat-pampanga-o3842,"Vice Mayor of Arayat, Pampanga",executive,city,elected,PAMPANGA,ARAYAT,o3799
o3843,vice-mayor-of-mexico-pampanga-o3843,"Vice Mayor of Mexico, Pampanga",executive,city,elected,PAMPANGA,MEXICO,o3799
o3844,vice-mayor-of-san-luis-pampanga-o3844,"Vice Mayor of San Luis, Pampanga",executive,city,elected,PAMPANGA,SAN LUIS,o3799
o3845,vice-mayor-of-macabebe-pampanga-o3845,"Vice Mayor of Macabebe, Pampanga",executive,city,elected,PAMPANGA,MACABEBE,o3799
o3846,vice-mayor-of-angeles-pampanga-o3846,"Vice Mayor of Angeles, Pampanga",executive,city,elected,PAMPANGA,ANGELES,o3799
o3847,councilor-of-basista-pangasinan-o3847,"Councilor of Basista, Pangasinan",legislative,city,elected,PANGASINAN,BASISTA,o3895
o3848,councilor-of-mangaldan-pangasinan-o3848,"Councilor of Mangaldan, Pangasinan",legislative,city,elected,PANGASINAN,MANGALDAN,o3895
o3849,councilor-of-pozzorubio-pangasinan-o3849,"Councilor of Pozzorubio, Pangasinan",legislative,city,elected,PANGASINAN,POZZORUBIO,o3895
o3850,councilor-of-san-jacinto-pangasinan-o3850,"Councilor of San Jacinto, Pangasinan",legislative,city,elected,PANGASINAN,SAN JACINTO,o3895
o3851,councilor-of-alaminos-pangasinan-o3851,"Councilor of Alaminos, Pangasinan",legislative,city,elected,PANGASINAN,ALAMINOS,o3895
o3852,councilor-of-dasol-pangasinan-o3852,"Councilor of Dasol, Pangasinan",legislative,city,elected,PANGASINAN,DASOL,o3895
o3853,councilor-of-alcala-pangasinan-o3853,"Councilor of Alcala, Pangasinan",legislative,city,elected,PANGASINAN,ALCALA,o3895
o3854,councilor-of-bani-pangasinan-o3854,"Councilor of Bani, Pangasinan",legislative,city,elected,PANGASINAN,BANI,o3895
o3855,councilor-of-balungao-pangasinan-o3855,"Councilor of Balungao, Pangasinan",legislative,city,elected,PANGASINAN,BALUNGAO,o3895
o3856,councilor-of-umingan-pangasinan-o3856,"Councilor of Umingan, Pangasinan",legislative,city,elected,PANGASINAN,UMINGAN,o3895
o3857,councilor-of-sual-pangasinan-o3857,"Councilor of Sual, Pangasinan",legislative,city,elected,PANGASINAN,SUAL,o3895
o3858,councilor-of-natividad-pangasinan-o3858,"Councilor of Natividad, Pangasinan",legislative,city,elected,PANGASINAN,NATIVIDAD,o3895
o3859,councilor-of-santa-maria-pangasinan-o3859,"Councilor of Santa Maria, Pangasinan",legislative,city,elected,PANGASINAN,SANTA MARIA,o3895
o3860,councilor-of-binmaley-pangasinan-o3860,"Councilor of Binmaley, Pangasinan",legislative,city,elected,PANGASINAN,BINMALEY,o3895
o3861,councilor-of-tayug-pangasinan-o3861,"Councilor of Tayug, Pangasinan",legislative,city,elected,PANGASINAN,TAYUG,o3895
o3862,councilor-of-dagupan-pangasinan-o3862,"Councilor of Dagupan, Pangasinan",legislative,city,elected,PANGASINAN,DAGUPAN,o3895
o3863,councilor-of-bolinao-pangasinan-o3863,"Councilor of Bolinao, Pangasinan",legislative,city,elected,PANGASINAN,BOLINAO,o3895
o3864,councilor-of-mabini-pangasinan-o3864,"Councilor of Mabini, Pangasinan",legislative,city,elected,PANGASINAN,MABINI,o3895
o3865,councilor-of-san-manuel-pangasinan-o3865,"Councilor of San Manuel, Pangasinan",legislative,city,elected,PANGASINAN,SAN MANUEL,o3895
o3866,councilor-of-manaoag-pangasinan-o3866,"Councilor of Manaoag, Pangasinan",legislative,city,elected,PANGASINAN,MANAOAG,o3895
o3867,councilor-of-mangatarem-pangasinan-o3867,"Councilor of Mangatarem, Pangasinan",legislative,city,elected,PANGASINAN,MANGATAREM,o3895
o3868,councilor-of-urbiztondo-pangasinan-o3868,"Councilor of Urbiztondo, Pangasinan",legislative,city,elected,PANGASINAN,URBIZTONDO,o3895
o3869,councilor-of-santo-tomas-pangasinan-o3869,"Councilor of Santo Tomas, Pangasinan",legislative,city,elected,PANGASINAN,SANTO TOMAS,o3895
o3870,councilor-of-bautista-pangasinan-o3870,"Councilor of Bautista, Pangasinan",legislative,city,elected,PANGASINAN,BAUTISTA,o3895
o3871,councilor-of-san-nicolas-pangasinan-o3871,"Councilor of San Nicolas, Pangasinan",legislative,city,elected,PANGASINAN,SAN NICOLAS,o3895
o3872,councilor-of-lingayen-pangasinan-o3872,"Councilor of Lingayen, Pangasinan",legislative,city,elected,PANGASINAN,LINGAYEN,o3895
o3873,councilor-of-bugallon-pangasinan-o3873,"Councilor of Bugallon, Pangasinan",legislative,city,elected,PANGASINAN,BUGALLON,o3895
o3874,councilor-of-aguilar-pangasinan-o3874,"Councilor of Aguilar, Pangasinan",legislative,city,elected,PANGASINAN,AGUILAR,o3895
o3875,councilor-of-bayambang-pangasinan-o3875,"Councilor of Bayambang, Pangasinan",legislative,city,elected,PANGASINAN,BAYAMBANG,o3895
o3876,councilor-of-binalonan-pangasinan-o3876,"Councilor of Binalonan, Pangasinan",legislative,city,elected,PANGASINAN,BINALONAN,o3895
o3877,councilor-of-calasiao-pangasinan-o3877,"Councilor of Calasiao, Pangasinan",legislative,city,elected,PANGASINAN,CALASIAO,o3895
o3878,councilor-of-rosales-pangasinan-o3878,"Councilor of Rosales, Pangasinan",legislative,city,elected,PANGASINAN,ROSALES,o3895
o3879,councilor-of-mapandan-pangasinan-o3879,"Councilor of Mapandan, Pangasinan",legislative,city,elected,PANGASINAN,MAPANDAN,o3895
o3880,councilor-of-burgos-pangasinan-o3880,"Councilor of Burgos, Pangasinan",legislative,city,elected,PANGASINAN,BURGOS,o3895
o3881,councilor-of-malasiqui-pangasinan-o3881,"Councilor of Malasiqui, Pangasinan",legislative,city,elected,PANGASINAN,MALASIQUI,o3895
o3882,councilor-of-agno-pangasinan-o3882,"Councilor of Agno, Pangasinan",legislative,city,elected,PANGASINAN,AGNO,o3895
o3883,councilor-of-santa-barbara-pangasinan-o3883,"Councilor of Santa Barbara, Pangasinan",legislative,city,elected,PANGASINAN,SANTA BARBARA,o3895
o3884,councilor-of-anda-pangasinan-o3884,"Councilor of Anda, Pangasinan",legislative,city,elected,PANGASINAN,ANDA,o3895
o3885,councilor-of-villasis-pangasinan-o3885,"Councilor of Villasis, Pangasinan",legislative,city,elected,PANGASINAN,VILLASIS,o3895
o3886,councilor-of-sison-pangasinan-o3886,"Councilor of Sison, Pangasinan",legislative,city,elected,PANGASINAN,SISON,o3895
o3887,councilor-of-urdaneta-pangasinan-o3887,"Councilor of Urdaneta, Pangasinan",legislative,city,elected,PANGASINAN,URDANETA,o3895
o3888,councilor-of-asingan-pangasinan-o3888,"Councilor of Asingan, Pangasinan",legislative,city,elected,PANGASINAN,ASINGAN,o3895
o3889,councilor-of-san-carlos-pangasinan-o3889,"Councilor of San Carlos, Pangasinan",legislative,city,elected,PANGASINAN,SAN CARLOS,o3895
o3890,councilor-of-san-fabian-pangasinan-o3890,"Councilor of San Fabian, Pangasinan",legislative,city,elected,PANGASINAN,SAN FABIAN,o3895
o3891,councilor-of-labrador-pangasinan-o3891,"Councilor of Labrador, Pangasinan",legislative,city,elected,PANGASINAN,LABRADOR,o3895
o3892,councilor-of-infanta-pangasinan-o3892,"Councilor of Infanta, Pangasinan",legislative,city,elected,PANGASINAN,INFANTA,o3895
o3893,councilor-of-laoac-pangasinan-o3893,"Councilor of Laoac, Pangasinan",legislative,city,elected,PANGASINAN,LAOAC,o3895
o3894,councilor-of-san-quintin-pangasinan-o3894,"Councilor of San Quintin, Pangasinan",legislative,city,elected,PANGASINAN,SAN QUINTIN,o3895
o3895,governor-of-pangasinan-o3895,Governor of Pangasinan,executive,provincial,elected,PANGASINAN,,
o3896,mayor-of-villasis-pangasinan-o3896,"Mayor of Villasis, Pangasinan",executive,city,elected,PANGASINAN,VILLASIS,o3895
o3897,mayor-of-labrador-pangasinan-o3897,"Mayor of Labrador, Pangasinan",executive,city,elected,PANGASINAN,LABRADOR,o3895
o3898,mayor-of-sual-pangasinan-o3898,"Mayor of Sual, Pangasinan",executive,city,elected,PANGASINAN,SUAL,o3895
o3899,mayor-of-san-quintin-pangasinan-o3899,"Mayor of San Quintin, Pangasinan",executive,city,elected,PANGASINAN,SAN QUINTIN,o3895
o3900,mayor-of-mabini-pangasinan-o3900,"Mayor of Mabini, Pangasinan",executive,city,elected,PANGASINAN,MABINI,o3895
o3901,mayor-of-mapandan-pangasinan-o3901,"Mayor of Mapandan, Pangasinan",executive,city,elected,PANGASINAN,MAPANDAN,o3895
o3902,mayor-of-lingayen-pangasinan-o3902,"Mayor of Lingayen, Pangasinan",executive,city,elected,PANGASINAN,LINGAYEN,o3895
o3903,mayor-of-bolinao-pangasinan-o3903,"Mayor of Bolinao, Pangasinan",executive,city,elected,PANGASINAN,BOLINAO,o3895
o3904,mayor-of-pozzorubio-pangasinan-o3904,"Mayor of Pozzorubio, Pangasinan",executive,city,elected,PANGASINAN,POZZORUBIO,o3895
o3905,mayor-of-alcala-pangasinan-o3905,"Mayor of Alcala, Pangasinan",executive,city,elected,PANGASINAN,ALCALA,o3895
o3906,mayor-of-san-jacinto-pangasinan-o3906,"Mayor of San Jacinto, Pangasinan",executive,city,elected,PANGASINAN,SAN JACINTO,o3895
o3907,mayor-of-mangatarem-pangasinan-o3907,"Mayor of Mangatarem, Pangasinan",executive,city,elected,PANGASINAN,MANGATAREM,o3895
o3908,mayor-of-basista-pangasinan-o3908,"Mayor of Basista, Pangasinan",executive,city,elected,PANGASINAN,BASISTA,o3895
o3909,mayor-of-bayambang-pangasinan-o3909,"Mayor of Bayambang, Pangasinan",executive,city,elected,PANGASINAN,BAYAMBANG,o3895
o3910,mayor-of-burgos-pangasinan-o3910,"Mayor of Burgos, Pangasinan",executive,city,elected,PANGASINAN,BURGOS,o3895
o3911,mayor-of-binmaley-pangasinan-o3911,"Mayor of Binmaley, Pangasinan",executive,city,elected,PANGASINAN,BINMALEY,o3895
o3912,mayor-of-bautista-pangasinan-o3912,"Mayor of Bautista, Pangasinan",executive,city,elected,PANGASINAN,BAUTISTA,o3895
o3913,mayor-of-aguilar-pangasinan-o3913,"Mayor of Aguilar, Pangasinan",executive,city,elected,PANGASINAN,AGUILAR,o3895
o3914,mayor-of-alaminos-pangasinan-o3914,"Mayor of Alaminos, Pangasinan",executive,city,elected,PANGASINAN,ALAMINOS,o3895
o3915,mayor-of-manaoag-pangasinan-o3915,"Mayor of Manaoag, Pangasinan",executive,city,elected,PANGASINAN,MANAOAG,o3895
o3916,mayor-of-santa-maria-pangasinan-o3916,"Mayor of Santa Maria, Pangasinan",executive,city,elected,PANGASINAN,SANTA MARIA,o3895
o3917,mayor-of-binalonan-pangasinan-o3917,"Mayor of Binalonan, Pangasinan",executive,city,elected,PANGASINAN,BINALONAN,o3895
o3918,mayor-of-dasol-pangasinan-o3918,"Mayor of Dasol, Pangasinan",executive,city,elected,PANGASINAN,DASOL,o3895
o3919,mayor-of-bugallon-pangasinan-o3919,"Mayor of Bugallon, Pangasinan",executive,city,elected,PANGASINAN,BUGALLON,o3895
o3920,mayor-of-sison-pangasinan-o3920,"Mayor of Sison, Pangasinan",executive,city,elected,PANGASINAN,SISON,o3895
o3921,mayor-of-san-fabian-pangasinan-o3921,"Mayor of San Fabian, Pangasinan",executive,city,elected,PANGASINAN,SAN FABIAN,o3895
o3922,mayor-of-dagupan-pangasinan-o3922,"Mayor of Dagupan, Pangasinan",executive,city,elected,PANGASINAN,DAGUPAN,o3895
o3923,mayor-of-asingan-pangasinan-o3923,"Mayor of Asingan, Pangasinan",executive,city,elected,PANGASINAN,ASINGAN,o3895
o3924,mayor-of-calasiao-pangasinan-o3924,"Mayor of Calasiao, Pangasinan",executive,city,elected,PANGASINAN,CALASIAO,o3895
o3925,mayor-of-infanta-pangasinan-o3925,"Mayor of Infanta, Pangasinan",executive,city,elected,PANGASINAN,INFANTA,o3895
o3926,mayor-of-bani-pangasinan-o3926,"Mayor of Bani, Pangasinan",executive,city,elected,PANGASINAN,BANI,o3895
o3927,mayor-of-balungao-pangasinan-o3927,"Mayor of Balungao, Pangasinan",executive,city,elected,PANGASINAN,BALUNGAO,o3895
o3928,mayor-of-urdaneta-pangasinan-o3928,"Mayor of Urdaneta, Pangasinan",executive,city,elected,PANGASINAN,URDANETA,o3895
o3929,mayor-of-san-manuel-pangasinan-o3929,"Mayor of San Manuel, Pangasinan",executive,city,elected,PANGASINAN,SAN MANUEL,o3895
o3930,mayor-of-anda-pangasinan-o3930,"Mayor of Anda, Pangasinan",executive,city,elected,PANGASINAN,ANDA,o3895
o3931,mayor-of-umingan-pangasinan-o3931,"Mayor of Umingan, Pangasinan",executive,city,elected,PANGASINAN,UMINGAN,o3895
o3932,mayor-of-san-carlos-pangasinan-o3932,"Mayor of San Carlos, Pangasinan",executive,city,elected,PANGASINAN,SAN CARLOS,o3895
o3933,mayor-of-san-nicolas-pangasinan-o3933,"Mayor of San Nicolas, Pangasinan",executive,city,elected,PANGASINAN,SAN NICOLAS,o3895
o3934,mayor-of-agno-pangasinan-o3934,"Mayor of Agno, Pangasinan",executive,city,elected,PANGASINAN,AGNO,o3895
o3935,mayor-of-mangaldan-pangasinan-o3935,"Mayor of Mangaldan, Pangasinan",executive,city,elected,PANGASINAN,MANGALDAN,o3895
o3936,mayor-of-malasiqui-pangasinan-o3936,"Mayor of Malasiqui, Pangasinan",executive,city,elected,PANGASINAN,MALASIQUI,o3895
o3937,mayor-of-urbiztondo-pangasinan-o3937,"Mayor of Urbiztondo, Pangasinan",executive,city,elected,PANGASINAN,URBIZTONDO,o3895
o3938,mayor-of-natividad-pangasinan-o3938,"Mayor of Natividad, Pangasinan",executive,city,elected,PANGASINAN,NATIVIDAD,o3895
o3939,mayor-of-laoac-pangasinan-o3939,"Mayor of Laoac, Pangasinan",executive,city,elected,PANGASINAN,LAOAC,o3895
o3940,mayor-of-santo-tomas-pangasinan-o3940,"Mayor of Santo Tomas, Pangasinan",executive,city,elected,PANGASINAN,SANTO TOMAS,o3895
o3941,mayor-of-rosales-pangasinan-o3941,"Mayor of Rosales, Pangasinan",executive,city,elected,PANGASINAN,ROSALES,o3895
o3942,mayor-of-santa-barbara-pangasinan-o3942,"Mayor of Santa Barbara, Pangasinan",executive,city,elected,PANGASINAN,SANTA BARBARA,o3895
o3943,mayor-of-tayug-pangasinan-o3943,"Mayor of Tayug, Pangasinan",executive,city,elected,PANGASINAN,TAYUG,o3895
o3944,representative-pangasinan-o3944,"Representative, , Pangasinan",legislative,national,elected,PANGASINAN,,
o3945,provincial-board-member-of-pangasinan-o3945,Provincial Board Member of Pangasinan,legislative,provincial,elected,PANGASINAN,,
o3946,vice-governor-of-pangasinan-o3946,Vice Governor of Pangasinan,executive,provincial,elected,PANGASINAN,,
o3947,vice-mayor-of-laoac-pangasinan-o3947,"Vice Mayor of Laoac, Pangasinan",executive,city,elected,PANGASINAN,LAOAC,o3895
o3948,vice-mayor-of-bolinao-pangasinan-o3948,"Vice Mayor of Bolinao, Pangasinan",executive,city,elected,PANGASINAN,BOLINAO,o3895
o3949,vice-mayor-of-san-manuel-pangasinan-o3949,"Vice Mayor of San Manuel, Pangasinan",executive,city,elected,PANGASINAN,SAN MANUEL,o3895
o3950,vice-mayor-of-mapandan-pangasinan-o3950,"Vice Mayor of Mapandan, Pangasinan",executive,city,elected,PANGASINAN,MAPANDAN,o3895
o3951,vice-mayor-of-labrador-pangasinan-o3951,"Vice Mayor of Labrador, Pangasinan",executive,city,elected,PANGASINAN,LABRADOR,o3895
o3952,vice-mayor-of-lingayen-pangasinan-o3952,"Vice Mayor of Lingayen, Pangasinan",executive,city,elected,PANGASINAN,LINGAYEN,o3895
o3953,vice-mayor-of-urdaneta-pangasinan-o3953,"Vice Mayor of Urdaneta, Pangasinan",executive,city,elected,PANGASINAN,URDANETA,o3895
o3954,vice-mayor-of-dasol-pangasinan-o3954,"Vice Mayor of Dasol, Pangasinan",executive,city,elected,PANGASINAN,DASOL,o3895
o3955,vice-mayor-of-burgos-pangasinan-o3955,"Vice Mayor of Burgos, Pangasinan",executive,city,elected,PANGASINAN,BURGOS,o3895
o3956,vice-mayor-of-san-carlos-pangasinan-o3956,"Vice Mayor of San Carlos, Pangasinan",executive,city,elected,PANGASINAN,SAN CARLOS,o3895
o3957,vice-mayor-of-bautista-pangasinan-o3957,"Vice Mayor of Bautista, Pangasinan",executive,city,elected,PANGASINAN,BAUTISTA,o3895
o3958,vice-mayor-of-binmaley-pangasinan-o3958,"Vice Mayor of Binmaley, Pangasinan",executive,city,elected,PANGASINAN,BINMALEY,o3895
o3959,vice-mayor-of-bani-pangasinan-o3959,"Vice Mayor of Bani, Pangasinan",executive,city,elected,PANGASINAN,BANI,o3895
o3960,vice-mayor-of-calasiao-pangasinan-o3960,"Vice Mayor of Calasiao, Pangasinan",executive,city,elected,PANGASINAN,CALASIAO,o3895
o3961,vice-mayor-of-mangatarem-pangasinan-o3961,"Vice Mayor of Mangatarem, Pangasinan",executive,city,elected,PANGASINAN,MANGATAREM,o3895
o3962,vice-mayor-of-san-nicolas-pangasinan-o3962,"Vice Mayor of San Nicolas, Pangasinan",executive,city,elected,PANGASINAN,SAN NICOLAS,o3895
o3963,vice-mayor-of-malasiqui-pangasinan-o3963,"Vice Mayor of Malasiqui, Pangasinan",executive,city,elected,PANGASINAN,MALASIQUI,o3895
o3964,vice-mayor-of-dagupan-pangasinan-o3964,"Vice Mayor of Dagupan, Pangasinan",executive,city,elected,PANGASINAN,DAGUPAN,o3895
o3965,vice-mayor-of-basista-pangasinan-o3965,"Vice Mayor of Basista, Pangasinan",executive,city,elected,PANGASINAN,BASISTA,o3895
o3966,vice-mayor-of-alcala-pangasinan-o3966,"Vice Mayor of Alcala, Pangasinan",executive,city,elected,PANGASINAN,ALCALA,o3895
o3967,vice-mayor-of-pozzorubio-pangasinan-o3967,"Vice Mayor of Pozzorubio, Pangasinan",executive,city,elected,PANGASINAN,POZZORUBIO,o3895
o3968,vice-mayor-of-alaminos-pangasinan-o3968,"Vice Mayor of Alaminos, Pangasinan",executive,city,elected,PANGASINAN,ALAMINOS,o3895
o3969,vice-mayor-of-santa-barbara-pangasinan-o3969,"Vice Mayor of Santa Barbara, Pangasinan",executive,city,elected,PANGASINAN,SANTA BARBARA,o3895
o3970,vice-mayor-of-san-fabian-pangasinan-o3970,"Vice Mayor of San Fabian, Pangasinan",executive,city,elected,PANGASINAN,SAN FABIAN,o3895
o3971,vice-mayor-of-tayug-pangasinan-o3971,"Vice Mayor of Tayug, Pangasinan",executive,city,elected,PANGASINAN,TAYUG,o3895
o3972,vice-mayor-of-sison-pangasinan-o3972,"Vice Mayor of Sison, Pangasinan",executive,city,elected,PANGASINAN,SISON,o3895
o3973,vice-mayor-of-infanta-pangasinan-o3973,"Vice Mayor of Infanta, Pangasinan",executive,city,elected,PANGASINAN,INFANTA,o3895
o3974,vice-mayor-of-bugallon-pangasinan-o3974,"Vice Mayor of Bugallon, Pangasinan",executive,city,elected,PANGASINAN,BUGALLON,o3895
o3975,vice-mayor-of-san-jacinto-pangasinan-o3975,"Vice Mayor of San Jacinto, Pangasinan",executive,city,elected,PANGASINAN,SAN JACINTO,o3895
o3976,vice-mayor-of-villasis-pangasinan-o3976,"Vice Mayor of Villasis, Pangasinan",executive,city,elected,PANGASINAN,VILLASIS,o3895
o3977,vice-mayor-of-natividad-pangasinan-o3977,"Vice Mayor of Natividad, Pangasinan",executive,city,elected,PANGASINAN,NATIVIDAD,o3895
o3978,vice-mayor-of-urbiztondo-pangasinan-o3978,"Vice Mayor of Urbiztondo, Pangasinan",executive,city,elected,PANGASINAN,URBIZTONDO,o3895
o3979,vice-mayor-of-santo-tomas-pangasinan-o3979,"Vice Mayor of Santo Tomas, Pangasinan",executive,city,elected,PANGASINAN,SANTO TOMAS,o3895
o3980,vice-mayor-of-asingan-pangasinan-o3980,"Vice Mayor of Asingan, Pangasinan",executive,city,elected,PANGASINAN,ASINGAN,o3895
o3981,vice-mayor-of-anda-pangasinan-o3981,"Vice Mayor of Anda, Pangasinan",executive,city,elected,PANGASINAN,ANDA,o3895
o3982,vice-mayor-of-bayambang-pangasinan-o3982,"Vice Mayor of Bayambang, Pangasinan",executive,city,elected,PANGASINAN,BAYAMBANG,o3895
o3983,vice-mayor-of-mabini-pangasinan-o3983,"Vice Mayor of Mabini, Pangasinan",executive,city,elected,PANGASINAN,MABINI,o3895
o3984,vice-mayor-of-sual-pangasinan-o3984,"Vice Mayor of Sual, Pangasinan",executive,city,elected,PANGASINAN,SUAL,o3895
o3985,vice-mayor-of-mangaldan-pangasinan-o3985,"Vice Mayor of Mangaldan, Pangasinan",executive,city,elected,PANGASINAN,MANGALDAN,o3895
o3986,vice-mayor-of-agno-pangasinan-o3986,"Vice Mayor of Agno, Pangasinan",executive,city,elected,PANGASINAN,AGNO,o3895
o3987,vice-mayor-of-aguilar-pangasinan-o3987,"Vice Mayor of Aguilar, Pangasinan",executive,city,elected,PANGASINAN,AGUILAR,o3895
o3988,vice-mayor-of-manaoag-pangasinan-o3988,"Vice Mayor of Manaoag, Pangasinan",executive,city,elected,PANGASINAN,MANAOAG,o3895
o3989,vice-mayor-of-santa-maria-pangasinan-o3989,"Vice Mayor of Santa Maria, Pangasinan",executive,city,elected,PANGASINAN,SANTA MARIA,o3895
o3990,vice-mayor-of-rosales-pangasinan-o3990,"Vice Mayor of Rosales, Pangasinan",executive,city,elected,PANGASINAN,ROSALES,o3895
o3991,vice-mayor-of-san-quintin-pangasinan-o3991,"Vice Mayor of San Quintin, Pangasinan",executive,city,elected,PANGASINAN,SAN QUINTIN,o3895
o3992,vice-mayor-of-balungao-pangasinan-o3992,"Vice Mayor of Balungao, Pangasinan",executive,city,elected,PANGASINAN,BALUNGAO,o3895
o3993,vice-mayor-of-umingan-pangasinan-o3993,"Vice Mayor of Umingan, Pangasinan",executive,city,elected,PANGASINAN,UMINGAN,o3895
o3994,vice-mayor-of-binalonan-pangasinan-o3994,"Vice Mayor of Binalonan, Pangasinan",executive,city,elected,PANGASINAN,BINALONAN,o3895
o3995,councilor-of-tayabas-quezon-o3995,"Councilor of Tayabas, Quezon",legislative,city,elected,QUEZON,TAYABAS,o4036
o3996,councilor-of-sariaya-quezon-o3996,"Councilor of Sariaya, Quezon",legislative,city,elected,QUEZON,SARIAYA,o4036
o3997,councilor-of-plaridel-quezon-o3997,"Councilor of Plaridel, Quezon",legislative,city,elected,QUEZON,PLARIDEL,o4036
o3998,councilor-of-buenavista-quezon-o3998,"Councilor of Buenavista, Quezon",legislative,city,elected,QUEZON,BUENAVISTA,o4036
o3999,councilor-of-tagkawayan-quezon-o3999,"Councilor of Tagkawayan, Quezon",legislative,city,elected,QUEZON,TAGKAWAYAN,o4036
o4000,councilor-of-dolores-quezon-o4000,"Councilor of Dolores, Quezon",legislative,city,elected,QUEZON,DOLORES,o4036
o4001,councilor-of-polillo-quezon-o4001,"Councilor of Polillo, Quezon",legislative,city,elected,QUEZON,POLILLO,o4036
o4002,councilor-of-atimonan-quezon-o4002,"Councilor of Atimonan, Quezon",legislative,city,elected,QUEZON,ATIMONAN,o4036
o4003,councilor-of-alabat-quezon-o4003,"Councilor of Alabat, Quezon",legislative,city,elected,QUEZON,ALABAT,o4036
o4004,councilor-of-lopez-quezon-o4004,"Councilor of Lopez, Quezon",legislative,city,elected,QUEZON,LOPEZ,o4036
o4005,councilor-of-lucena-quezon-o4005,"Councilor of Lucena, Quezon",legislative,city,elected,QUEZON,LUCENA,o4036
o4006,councilor-of-tiaong-quezon-o4006,"Councilor of Tiaong, Quezon",legislative,city,elected,QUEZON,TIAONG,o4036
o4007,councilor-of-san-francisco-quezon-o4007,"Councilor of San Francisco, Quezon",legislative,city,elected,QUEZON,SAN FRANCISCO,o4036
o4008,councilor-of-quezon-quezon-o4008,"Councilor of Quezon, Quezon",legislative,city,elected,QUEZON,QUEZON,o4036
o4009,councilor-of-perez-quezon-o4009,"Councilor of Perez, Quezon",legislative,city,elected,QUEZON,PEREZ,o4036
o4010,councilor-of-macalelon-quezon-o4010,"Councilor of Macalelon, Quezon",legislative,city,elected,QUEZON,MACALELON,o4036
o4011,councilor-of-mauban-quezon-o4011,"Councilor of Mauban, Quezon",legislative,city,elected,QUEZON,MAUBAN,o4036
o4012,councilor-of-padre-burgos-quezon-o4012,"Councilor of Padre Burgos, Quezon",legislative,city,elected,QUEZON,PADRE BURGOS,o4036
o4013,councilor-of-pitogo-quezon-o4013,"Councilor of Pitogo, Quezon",legislative,city,elected,QUEZON,PITOGO,o4036
o4014,councilor-of-san-narciso-quezon-o4014,"Councilor of San Narciso, Quezon",legislative,city,elected,QUEZON,SAN NARCISO,o4036
o4015,councilor-of-general-nakar-quezon-o4015,"Councilor of General Nakar, Quezon",legislative,city,elected,QUEZON,GENERAL NAKAR,o4036
o4016,councilor-of-real-quezon-o4016,"Councilor of Real, Quezon",legislative,city,elected,QUEZON,REAL,o4036
o4017,councilor-of-gumaca-quezon-o4017,"Councilor of Gumaca, Quezon",legislative,city,elected,QUEZON,GUMACA,o4036
o4018,councilor-of-san-antonio-quezon-o4018,"Councilor of San Antonio, Quezon",legislative,city,elected,QUEZON,SAN ANTONIO,o4036
o4019,councilor-of-burdeos-quezon-o4019,"Councilor of Burdeos, Quezon",legislative,city,elected,QUEZON,BURDEOS,o4036
o4020,councilor-of-san-andres-quezon-o4020,"Councilor of San Andres, Quezon",legislative,city,elected,QUEZON,SAN ANDRES,o4036
o4021,councilor-of-patnanungan-quezon-o4021,"Councilor of Patnanungan, Quezon",legislative,city,elected,QUEZON,PATNANUNGAN,o4036
o4022,councilor-of-mulanay-quezon-o4022,"Councilor of Mulanay, Quezon",legislative,city,elected,QUEZON,MULANAY,o4036
o4023,councilor-of-unisan-quezon-o4023,"Councilor of Unisan, Quezon",legislative,city,elected,QUEZON,UNISAN,o4036
o4024,councilor-of-pagbilao-quezon-o4024,"Councilor of Pagbilao, Quezon",legislative,city,elected,QUEZON,PAGBILAO,o4036
o4025,councilor-of-lucban-quezon-o4025,"Councilor of Lucban, Quezon",legislative,city,elected,QUEZON,LUCBAN,o4036
o4026,councilor-of-jomalig-quezon-o4026,"Councilor of Jomalig, Quezon",legislative,city,elected,QUEZON,JOMALIG,o4036
o4027,councilor-of-infanta-quezon-o4027,"Councilor of Infanta, Quezon",legislative,city,elected,QUEZON,INFANTA,o4036
o4028,councilor-of-candelaria-quezon-o4028,"Councilor of Candelaria, Quezon",legislative,city,elected,QUEZON,CANDELARIA,o4036
o4029,councilor-of-guinayangan-quezon-o4029,"Councilor of Guinayangan, Quezon",legislative,city,elected,QUEZON,GUINAYANGAN,o4036
o4030,councilor-of-catanauan-quezon-o4030,"Councilor of Catanauan, Quezon",legislative,city,elected,QUEZON,CATANAUAN,o4036
o4031,councilor-of-sampaloc-quezon-o4031,"Councilor of Sampaloc, Quezon",legislative,city,elected,QUEZON,SAMPALOC,o4036
o4032,councilor-of-agdangan-quezon-o4032,"Councilor of Agdangan, Quezon",legislative,city,elected,QUEZON,AGDANGAN,o4036
o4033,councilor-of-calauag-quezon-o4033,"Councilor of Calauag, Quezon",legislative,city,elected,QUEZON,CALAUAG,o4036
o4034,councilor-of-general-luna-quezon-o4034,"Councilor of General Luna, Quezon",legislative,city,elected,QUEZON,GENERAL LUNA,o4036
o4035,councilor-of-panukulan-quezon-o4035,"Councilor of Panukulan, Quezon",legislative,city,elected,QUEZON,PANUKULAN,o4036
o4036,governor-of-quezon-o4036,Governor of Quezon,executive,provincial,elected,QUEZON,,
o4037,mayor-of-unisan-quezon-o4037,"Mayor of Unisan, Quezon",executive,city,elected,QUEZON,UNISAN,o4036
o4038,mayor-of-burdeos-quezon-o4038,"Mayor of Burdeos, Quezon",executive,city,elected,QUEZON,BURDEOS,o4036
o4039,mayor-of-gumaca-quezon-o4039,"Mayor of Gumaca, Quezon",executive,city,elected,QUEZON,GUMACA,o4036
o4040,mayor-of-polillo-quezon-o4040,"Mayor of Polillo, Quezon",executive,city,elected,QUEZON,POLILLO,o4036
o4041,mayor-of-guinayangan-quezon-o4041,"Mayor of Guinayangan, Quezon",executive,city,elected,QUEZON,GUINAYANGAN,o4036
o4042,mayor-of-lucban-quezon-o4042,"Mayor of Lucban, Quezon",executive,city,elected,QUEZON,LUCBAN,o4036
o4043,mayor-of-sampaloc-quezon-o4043,"Mayor of Sampaloc, Quezon",executive,city,elected,QUEZON,SAMPALOC,o4036
o4044,mayor-of-real-quezon-o4044,"Mayor of Real, Quezon",executive,city,elected,QUEZON,REAL,o4036
o4045,mayor-of-san-andres-quezon-o4045,"Mayor of San Andres, Quezon",executive,city,elected,QUEZON,SAN ANDRES,o4036
o4046,mayor-of-candelaria-quezon-o4046,"Mayor of Candelaria, Quezon",executive,city,elected,QUEZON,CANDELARIA,o4036
o4047,mayor-of-alabat-quezon-o4047,"Mayor of Alabat, Quezon",executive,city,elected,QUEZON,ALABAT,o4036
o4048,mayor-of-calauag-quezon-o4048,"Mayor of Calauag, Quezon",executive,city,elected,QUEZON,CALAUAG,o4036
o4049,mayor-of-mauban-quezon-o4049,"Mayor of Mauban, Quezon",executive,city,elected,QUEZON,MAUBAN,o4036
o4050,mayor-of-mulanay-quezon-o4050,"Mayor of Mulanay, Quezon",executive,city,elected,QUEZON,MULANAY,o4036
o4051,mayor-of-panukulan-quezon-o4051,"Mayor of Panukulan, Quezon",executive,city,elected,QUEZON,PANUKULAN,o4036
o4052,mayor-of-infanta-quezon-o4052,"Mayor of Infanta, Quezon",executive,city,elected,QUEZON,INFANTA,o4036
o4053,mayor-of-quezon-quezon-o4053,"Mayor of Quezon, Quezon",executive,city,elected,QUEZON,QUEZON,o4036
o4054,mayor-of-san-antonio-quezon-o4054,"Mayor of San Antonio, Quezon",executive,city,elected,QUEZON,SAN ANTONIO,o4036
o4055,mayor-of-agdangan-quezon-o4055,"Mayor of Agdangan, Quezon",executive,city,elected,QUEZON,AGDANGAN,o4036
o4056,mayor-of-pagbilao-quezon-o4056,"Mayor of Pagbilao, Quezon",executive,city,elected,QUEZON,PAGBILAO,o4036
o4057,mayor-of-buenavista-quezon-o4057,"Mayor of Buenavista, Quezon",executive,city,elected,QUEZON,BUENAVISTA,o4036
o4058,mayor-of-perez-quezon-o4058,"Mayor of Perez, Quezon",executive,city,elected,QUEZON,PEREZ,o4036
o4059,mayor-of-san-narciso-quezon-o4059,"Mayor of San Narciso, Quezon",executive,city,elected,QUEZON,SAN NARCISO,o4036
o4060,mayor-of-patnanungan-quezon-o4060,"Mayor of Patnanungan, Quezon",executive,city,elected,QUEZON,PATNANUNGAN,o4036
o4061,mayor-of-general-nakar-quezon-o4061,"Mayor of General Nakar, Quezon",executive,city,elected,QUEZON,GENERAL NAKAR,o4036
o4062,mayor-of-plaridel-quezon-o4062,"Mayor of Plaridel, Quezon",executive,city,elected,QUEZON,PLARIDEL,o4036
o4063,mayor-of-tagkawayan-quezon-o4063,"Mayor of Tagkawayan, Quezon",executive,city,elected,QUEZON,TAGKAWAYAN,o4036
o4064,mayor-of-dolores-quezon-o4064,"Mayor of Dolores, Quezon",executive,city,elected,QUEZON,DOLORES,o4036
o4065,mayor-of-general-luna-quezon-o4065,"Mayor of General Luna, Quezon",executive,city,elected,QUEZON,GENERAL LUNA,o4036
o4066,mayor-of-catanauan-quezon-o4066,"Mayor of Catanauan, Quezon",executive,city,elected,QUEZON,CATANAUAN,o4036
o4067,mayor-of-tayabas-quezon-o4067,"Mayor of Tayabas, Quezon",executive,city,elected,QUEZON,TAYABAS,o4036
o4068,mayor-of-lucena-quezon-o4068,"Mayor of Lucena, Quezon",executive,city,elected,QUEZON,LUCENA,o4036
o4069,mayor-of-macalelon-quezon-o4069,"Mayor of Macalelon, Quezon",executive,city,elected,QUEZON,MACALELON,o4036
o4070,mayor-of-pitogo-quezon-o4070,"Mayor of Pitogo, Quezon",executive,city,elected,QUEZON,PITOGO,o4036
o4071,mayor-of-san-francisco-quezon-o4071,"Mayor of San Francisco, Quezon",executive,city,elected,QUEZON,SAN FRANCISCO,o4036
o4072,mayor-of-jomalig-quezon-o4072,"Mayor of Jomalig, Quezon",executive,city,elected,QUEZON,JOMALIG,o4036
o4073,mayor-of-lopez-quezon-o4073,"Mayor of Lopez, Quezon",executive,city,elected,QUEZON,LOPEZ,o4036
o4074,mayor-of-tiaong-quezon-o4074,"Mayor of Tiaong, Quezon",executive,city,elected,QUEZON,TIAONG,o4036
o4075,mayor-of-atimonan-quezon-o4075,"Mayor of Atimonan, Quezon",executive,city,elected,QUEZON,ATIMONAN,o4036
o4076,mayor-of-sariaya-quezon-o4076,"Mayor of Sariaya, Quezon",executive,city,elected,QUEZON,SARIAYA,o4036
o4077,mayor-of-padre-burgos-quezon-o4077,"Mayor of Padre Burgos, Quezon",executive,city,elected,QUEZON,PADRE BURGOS,o4036
o4078,representative-quezon-o4078,"Representative, , Quezon",legislative,national,elected,QUEZON,,
o4079,provincial-board-member-of-quezon-o4079,Provincial Board Member of Quezon,legislative,provincial,elected,QUEZON,,
o4080,vice-governor-of-quezon-o4080,Vice Governor of Quezon,executive,provincial,elected,QUEZON,,
o4081,vice-mayor-of-atimonan-quezon-o4081,"Vice Mayor of Atimonan, Quezon",executive,city,elected,QUEZON,ATIMONAN,o4036
o4082,vice-mayor-of-lucena-quezon-o4082,"Vice Mayor of Lucena, Quezon",executive,city,elected,QUEZON,LUCENA,o4036
o4083,vice-mayor-of-infanta-quezon-o4083,"Vice Mayor of Infanta, Quezon",executive,city,elected,QUEZON,INFANTA,o4036
o4084,vice-mayor-of-mulanay-quezon-o4084,"Vice Mayor of Mulanay, Quezon",executive,city,elected,QUEZON,MULANAY,o4036
o4085,vice-mayor-of-plaridel-quezon-o4085,"Vice Mayor of Plaridel, Quezon",executive,city,elected,QUEZON,PLARIDEL,o4036
o4086,vice-mayor-of-alabat-quezon-o4086,"Vice Mayor of Alabat, Quezon",executive,city,elected,QUEZON,ALABAT,o4036
o4087,vice-mayor-of-san-narciso-quezon-o4087,"Vice Mayor of San Narciso, Quezon",executive,city,elected,QUEZON,SAN NARCISO,o4036
o4088,vice-mayor-of-perez-quezon-o4088,"Vice Mayor of Perez, Quezon",executive,city,elected,QUEZON,PEREZ,o4036
o4089,vice-mayor-of-unisan-quezon-o4089,"Vice Mayor of Unisan, Quezon",executive,city,elected,QUEZON,UNISAN,o4036
o4090,vice-mayor-of-pitogo-quezon-o4090,"Vice Mayor of Pitogo, Quezon",executive,city,elected,QUEZON,PITOGO,o4036
o4091,vice-mayor-of-gumaca-quezon-o4091,"Vice Mayor of Gumaca, Quezon",executive,city,elected,QUEZON,GUMACA,o4036
o4092,vice-mayor-of-burdeos-quezon-o4092,"Vice Mayor of Burdeos, Quezon",executive,city,elected,QUEZON,BURDEOS,o4036
o4093,vice-mayor-of-pagbilao-quezon-o4093,"Vice Mayor of Pagbilao, Quezon",executive,city,elected,QUEZON,PAGBILAO,o4036
o4094,vice-mayor-of-mauban-quezon-o4094,"Vice Mayor of Mauban, Quezon",executive,city,elected,QUEZON,MAUBAN,o4036
o4095,vice-mayor-of-tagkawayan-quezon-o4095,"Vice Mayor of Tagkawayan, Quezon",executive,city,elected,QUEZON,TAGKAWAYAN,o4036
o4096,vice-mayor-of-general-nakar-quezon-o4096,"Vice Mayor of General Nakar, Quezon",executive,city,elected,QUEZON,GENERAL NAKAR,o4036
o4097,vice-mayor-of-calauag-quezon-o4097,"Vice Mayor of Calauag, Quezon",executive,city,elected,QUEZON,CALAUAG,o4036
o4098,vice-mayor-of-candelaria-quezon-o4098,"Vice Mayor of Candelaria, Quezon",executive,city,elected,QUEZON,CANDELARIA,o4036
o4099,vice-mayor-of-polillo-quezon-o4099,"Vice Mayor of Polillo, Quezon",executive,city,elected,QUEZON,POLILLO,o4036
o4100,vice-mayor-of-lopez-quezon-o4100,"Vice Mayor of Lopez, Quezon",executive,city,elected,QUEZON,LOPEZ,o4036
o4101,vice-mayor-of-tayabas-quezon-o4101,"Vice Mayor of Tayabas, Quezon",executive,city,elected,QUEZON,TAYABAS,o4036
o4102,vice-mayor-of-sampaloc-quezon-o4102,"Vice Mayor of Sampaloc, Quezon",executive,city,elected,QUEZON,SAMPALOC,o4036
o4103,vice-mayor-of-catanauan-quezon-o4103,"Vice Mayor of Catanauan, Quezon",executive,city,elected,QUEZON,CATANAUAN,o4036
o4104,vice-mayor-of-padre-burgos-quezon-o4104,"Vice Mayor of Padre Burgos, Quezon",executive,city,elected,QUEZON,PADRE BURGOS,o4036
o4105,vice-mayor-of-real-quezon-o4105,"Vice Mayor of Real, Quezon",executive,city,elected,QUEZON,REAL,o4036
o4106,vice-mayor-of-panukulan-quezon-o4106,"Vice Mayor of Panukulan, Quezon",executive,city,elected,QUEZON,PANUKULAN,o4036
o4107,vice-mayor-of-san-francisco-quezon-o4107,"Vice Mayor of San Francisco, Quezon",executive,city,elected,QUEZON,SAN FRANCISCO,o4036
o4108,vice-mayor-of-sariaya-quezon-o4108,"Vice Mayor of Sariaya, Quezon",executive,city,elected,QUEZON,SARIAYA,o4036
o4109,vice-mayor-of-dolores-quezon-o4109,"Vice Mayor of Dolores, Quezon",executive,city,elected,QUEZON,DOLORES,o4036
o4110,vice-mayor-of-guinayangan-quezon-o4110,"Vice Mayor of Guinayangan, Quezon",executive,city,elected,QUEZON,GUINAYANGAN,o4036
o4111,vice-mayor-of-general-luna-quezon-o4111,"Vice Mayor of General Luna, Quezon",executive,city,elected,QUEZON,GENERAL LUNA,o4036
o4112,vice-mayor-of-san-andres-quezon-o4112,"Vice Mayor of San Andres, Quezon",executive,city,elected,QUEZON,SAN ANDRES,o4036
o4113,vice-mayor-of-tiaong-quezon-o4113,"Vice Mayor of Tiaong, Quezon",executive,city,elected,QUEZON,TIAONG,o4036
o4114,vice-mayor-of-macalelon-quezon-o4114,"Vice Mayor of Macalelon, Quezon",executive,city,elected,QUEZON,MACALELON,o4036
o4115,vice-mayor-of-jomalig-quezon-o4115,"Vice Mayor of Jomalig, Quezon",executive,city,elected,QUEZON,JOMALIG,o4036
o4116,vice-mayor-of-agdangan-quezon-o4116,"Vice Mayor of Agdangan, Quezon",executive,city,elected,QUEZON,AGDANGAN,o4036
o4117,vice-mayor-of-quezon-quezon-o4117,"Vice Mayor of Quezon, Quezon",executive,city,elected,QUEZON,QUEZON,o4036
o4118,vice-mayor-of-patnanungan-quezon-o4118,"Vice Mayor of Patnanungan, Quezon",executive,city,elected,QUEZON,PATNANUNGAN,o4036
o4119,vice-mayor-of-buenavista-quezon-o4119,"Vice Mayor of Buenavista, Quezon",executive,city,elected,QUEZON,BUENAVISTA,o4036
o4120,vice-mayor-of-lucban-quezon-o4120,"Vice Mayor of Lucban, Quezon",executive,city,elected,QUEZON,LUCBAN,o4036
o4121,vice-mayor-of-san-antonio-quezon-o4121,"Vice Mayor of San Antonio, Quezon",executive,city,elected,QUEZON,SAN ANTONIO,o4036
o4122,councilor-of-nagtipunan-quirino-o4122,"Councilor of Nagtipunan, Quirino",legislative,city,elected,QUIRINO,NAGTIPUNAN,o4128
o4123,councilor-of-cabarroguis-quirino-o4123,"Councilor of Cabarroguis, Quirino",legislative,city,elected,QUIRINO,CABARROGUIS,o4128
o4124,councilor-of-saguday-quirino-o4124,"Councilor of Saguday, Quirino",legislative,city,elected,QUIRINO,SAGUDAY,o4128
o4125,councilor-of-diffun-quirino-o4125,"Councilor of Diffun, Quirino",legislative,city,elected,QUIRINO,DIFFUN,o4128
o4126,councilor-of-aglipay-quirino-o4126,"Councilor of Aglipay, Quirino",legislative,city,elected,QUIRINO,AGLIPAY,o4128
o4127,councilor-of-maddela-quirino-o4127,"Councilor of Maddela, Quirino",legislative,city,elected,QUIRINO,MADDELA,o4128
o4128,governor-of-quirino-o4128,Governor of Quirino,executive,provincial,elected,QUIRINO,,
o4129,mayor-of-diffun-quirino-o4129,"Mayor of Diffun, Quirino",executive,city,elected,QUIRINO,DIFFUN,o4128
o4130,mayor-of-nagtipunan-quirino-o4130,"Mayor of Nagtipunan, Quirino",executive,city,elected,QUIRINO,NAGTIPUNAN,o4128
o4131,mayor-of-cabarroguis-quirino-o4131,"Mayor of Cabarroguis, Quirino",executive,city,elected,QUIRINO,CABARROGUIS,o4128
o4132,mayor-of-aglipay-quirino-o4132,"Mayor of Aglipay, Quirino",executive,city,elected,QUIRINO,AGLIPAY,o4128
o4133,mayor-of-saguday-quirino-o4133,"Mayor of Saguday, Quirino",executive,city,elected,QUIRINO,SAGUDAY,o4128
o4134,mayor-of-maddela-quirino-o4134,"Mayor of Maddela, Quirino",executive,city,elected,QUIRINO,MADDELA,o4128
o4135,representative-quirino-o4135,"Representative, , Quirino",legislative,national,elected,QUIRINO,,
o4136,provincial-board-member-of-quirino-o4136,Provincial Board Member of Quirino,legislative,provincial,elected,QUIRINO,,
o4137,vice-governor-of-quirino-o4137,Vice Governor of Quirino,executive,provincial,elected,QUIRINO,,
o4138,vice-mayor-of-aglipay-quirino-o4138,"Vice Mayor of Aglipay, Quirino",executive,city,elected,QUIRINO,AGLIPAY,o4128
o4139,vice-mayor-of-cabarroguis-quirino-o4139,"Vice Mayor of Cabarroguis, Quirino",executive,city,elected,QUIRINO,CABARROGUIS,o4128
o4140,vice-mayor-of-nagtipunan-quirino-o4140,"Vice Mayor of Nagtipunan, Quirino",executive,city,elected,QUIRINO,NAGTIPUNAN,o4128
o4141,vice-mayor-of-diffun-quirino-o4141,"Vice Mayor of Diffun, Quirino",executive,city,elected,QUIRINO,DIFFUN,o4128
o4142,vice-mayor-of-saguday-quirino-o4142,"Vice Mayor of Saguday, Quirino",executive,city,elected,QUIRINO,SAGUDAY,o4128
o4143,vice-mayor-of-maddela-quirino-o4143,"Vice Mayor of Maddela, Quirino",executive,city,elected,QUIRINO,MADDELA,o4128
o4144,councilor-of-pililla-rizal-o4144,"Councilor of Pililla, Rizal",legislative,city,elected,RIZAL,PILILLA,o4158
o4145,councilor-of-tanay-rizal-o4145,"Councilor of Tanay, Rizal",legislative,city,elected,RIZAL,TANAY,o4158
o4146,councilor-of-antipolo-rizal-o4146,"Councilor of Antipolo, Rizal",legislative,city,elected,RIZAL,ANTIPOLO,o4158
o4147,councilor-of-taytay-rizal-o4147,"Councilor of Taytay, Rizal",legislative,city,elected,RIZAL,TAYTAY,o4158
o4148,councilor-of-jala-jala-rizal-o4148,"Councilor of Jala Jala, Rizal",legislative,city,elected,RIZAL,JALA JALA,o4158
o4149,councilor-of-binangonan-rizal-o4149,"Councilor of Binangonan, Rizal",legislative,city,elected,RIZAL,BINANGONAN,o4158
o4150,councilor-of-cardona-rizal-o4150,"Councilor of Cardona, Rizal",legislative,city,elected,RIZAL,CARDONA,o4158
o4151,councilor-of-angono-rizal-o4151,"Councilor of Angono, Rizal",legislative,city,elected,RIZAL,ANGONO,o4158
o4152,councilor-of-morong-rizal-o4152,"Councilor of Morong, Rizal",legislative,city,elected,RIZAL,MORONG,o4158
o4153,councilor-of-cainta-rizal-o4153,"Councilor of Cainta, Rizal",legislative,city,elected,RIZAL,CAINTA,o4158
o4154,councilor-of-san-mateo-rizal-o4154,"Councilor of San Mateo, Rizal",legislative,city,elected,RIZAL,SAN MATEO,o4158
o4155,councilor-of-rodriguez-rizal-o4155,"Councilor of Rodriguez, Rizal",legislative,city,elected,RIZAL,RODRIGUEZ,o4158
o4156,councilor-of-baras-rizal-o4156,"Councilor of Baras, Rizal",legislative,city,elected,RIZAL,BARAS,o4158
o4157,councilor-of-teresa-rizal-o4157,"Councilor of Teresa, Rizal",legislative,city,elected,RIZAL,TERESA,o4158
o4158,governor-of-rizal-o4158,Governor of Rizal,executive,provincial,elected,RIZAL,,
o4159,mayor-of-morong-rizal-o4159,"Mayor of Morong, Rizal",executive,city,elected,RIZAL,MORONG,o4158
o4160,mayor-of-angono-rizal-o4160,"Mayor of Angono, Rizal",executive,city,elected,RIZAL,ANGONO,o4158
o4161,mayor-of-rodriguez-rizal-o4161,"Mayor of Rodriguez, Rizal",executive,city,elected,RIZAL,RODRIGUEZ,o4158
o4162,mayor-of-jala-jala-rizal-o4162,"Mayor of Jala Jala, Rizal",executive,city,elected,RIZAL,JALA JALA,o4158
o4163,mayor-of-san-mateo-rizal-o4163,"Mayor of San Mateo, Rizal",executive,city,elected,RIZAL,SAN MATEO,o4158
o4164,mayor-of-cainta-rizal-o4164,"Mayor of Cainta, Rizal",executive,city,elected,RIZAL,CAINTA,o4158
o4165,mayor-of-baras-rizal-o4165,"Mayor of Baras, Rizal",executive,city,elected,RIZAL,BARAS,o4158
o4166,mayor-of-antipolo-rizal-o4166,"Mayor of Antipolo, Rizal",executive,city,elected,RIZAL,ANTIPOLO,o4158
o4167,mayor-of-pililla-rizal-o4167,"Mayor of Pililla, Rizal",executive,city,elected,RIZAL,PILILLA,o4158
o4168,mayor-of-cardona-rizal-o4168,"Mayor of Cardona, Rizal",executive,city,elected,RIZAL,CARDONA,o4158
o4169,mayor-of-teresa-rizal-o4169,"Mayor of Teresa, Rizal",executive,city,elected,RIZAL,TERESA,o4158
o4170,mayor-of-tanay-rizal-o4170,"Mayor of Tanay, Rizal",executive,city,elected,RIZAL,TANAY,o4158
o4171,mayor-of-binangonan-rizal-o4171,"Mayor of Binangonan, Rizal",executive,city,elected,RIZAL,BINANGONAN,o4158
o4172,mayor-of-taytay-rizal-o4172,"Mayor of Taytay, Rizal",executive,city,elected,RIZAL,TAYTAY,o4158
o4173,representative-rizal-o4173,"Representative, , Rizal",legislative,national,elected,RIZAL,,
o4174,provincial-board-member-of-rizal-o4174,Provincial Board Member of Rizal,legislative,provincial,elected,RIZAL,,
o4175,vice-governor-of-rizal-o4175,Vice Governor of Rizal,executive,provincial,elected,RIZAL,,
o4176,vice-mayor-of-san-mateo-rizal-o4176,"Vice Mayor of San Mateo, Rizal",executive,city,elected,RIZAL,SAN MATEO,o4158
o4177,vice-mayor-of-morong-rizal-o4177,"Vice Mayor of Morong, Rizal",executive,city,elected,RIZAL,MORONG,o4158
o4178,vice-mayor-of-taytay-rizal-o4178,"Vice Mayor of Taytay, Rizal",executive,city,elected,RIZAL,TAYTAY,o4158
o4179,vice-mayor-of-cardona-rizal-o4179,"Vice Mayor of Cardona, Rizal",executive,city,elected,RIZAL,CARDONA,o4158
o4180,vice-mayor-of-teresa-rizal-o4180,"Vice Mayor of Teresa, Rizal",executive,city,elected,RIZAL,TERESA,o4158
o4181,vice-mayor-of-jala-jala-rizal-o4181,"Vice Mayor of Jala Jala, Rizal",executive,city,elected,RIZAL,JALA JALA,o4158
o4182,vice-mayor-of-tanay-rizal-o4182,"Vice Mayor of Tanay, Rizal",executive,city,elected,RIZAL,TANAY,o4158
o4183,vice-mayor-of-pililla-rizal-o4183,"Vice Mayor of Pililla, Rizal",executive,city,elected,RIZAL,PILILLA,o4158
o4184,vice-mayor-of-binangonan-rizal-o4184,"Vice Mayor of Binangonan, Rizal",executive,city,elected,RIZAL,BINANGONAN,o4158
o4185,vice-mayor-of-cainta-rizal-o4185,"Vice Mayor of Cainta, Rizal",executive,city,elected,RIZAL,CAINTA,o4158
o4186,vice-mayor-of-baras-rizal-o4186,"Vice Mayor of Baras, Rizal",executive,city,elected,RIZAL,BARAS,o4158
o4187,vice-mayor-of-rodriguez-rizal-o4187,"Vice Mayor of Rodriguez, Rizal",executive,city,elected,RIZAL,RODRIGUEZ,o4158
o4188,vice-mayor-of-angono-rizal-o4188,"Vice Mayor of Angono, Rizal",executive,city,elected,RIZAL,ANGONO,o4158
o4189,vice-mayor-of-antipolo-rizal-o4189,"Vice Mayor of Antipolo, Rizal",executive,city,elected,RIZAL,ANTIPOLO,o4158
o4190,councilor-of-corcuera-romblon-o4190,"Councilor of Corcuera, Romblon",legislative,city,elected,ROMBLON,CORCUERA,o4207
o4191,councilor-of-ferrol-romblon-o4191,"Councilor of Ferrol, Romblon",legislative,city,elected,ROMBLON,FERROL,o4207
o4192,councilor-of-odiongan-romblon-o4192,"Councilor of Odiongan, Romblon",legislative,city,elected,ROMBLON,ODIONGAN,o4207
o4193,councilor-of-san-andres-romblon-o4193,"Councilor of San Andres, Romblon",legislative,city,elected,ROMBLON,SAN ANDRES,o4207
o4194,councilor-of-san-jose-romblon-o4194,"Councilor of San Jose, Romblon",legislative,city,elected,ROMBLON,SAN JOSE,o4207
o4195,councilor-of-looc-romblon-o4195,"Councilor of Looc, Romblon",legislative,city,elected,ROMBLON,LOOC,o4207
o4196,councilor-of-romblon-romblon-o4196,"Councilor of Romblon, Romblon",legislative,city,elected,ROMBLON,ROMBLON,o4207
o4197,councilor-of-san-fernando-romblon-o4197,"Councilor of San Fernando, Romblon",legislative,city,elected,ROMBLON,SAN FERNANDO,o4207
o4198,councilor-of-alcantara-romblon-o4198,"Councilor of Alcantara, Romblon",legislative,city,elected,ROMBLON,ALCANTARA,o4207
o4199,councilor-of-santa-fe-romblon-o4199,"Councilor of Santa Fe, Romblon",legislative,city,elected,ROMBLON,SANTA FE,o4207
o4200,councilor-of-cajidiocan-romblon-o4200,"Councilor of Cajidiocan, Romblon",legislative,city,elected,ROMBLON,CAJIDIOCAN,o4207
o4201,councilor-of-san-agustin-romblon-o4201,"Councilor of San Agustin, Romblon",legislative,city,elected,ROMBLON,SAN AGUSTIN,o4207
o4202,councilor-of-banton-romblon-o4202,"Councilor of Banton, Romblon",legislative,city,elected,ROMBLON,BANTON,o4207
o4203,councilor-of-concepcion-romblon-o4203,"Councilor of Concepcion, Romblon",legislative,city,elected,ROMBLON,CONCEPCION,o4207
o4204,councilor-of-calatrava-romblon-o4204,"Councilor of Calatrava, Romblon",legislative,city,elected,ROMBLON,CALATRAVA,o4207
o4205,councilor-of-santa-maria-romblon-o4205,"Councilor of Santa Maria, Romblon",legislative,city,elected,ROMBLON,SANTA MARIA,o4207
o4206,councilor-of-magdiwang-romblon-o4206,"Councilor of Magdiwang, Romblon",legislative,city,elected,ROMBLON,MAGDIWANG,o4207
o4207,governor-of-romblon-o4207,Governor of Romblon,executive,provincial,elected,ROMBLON,,
o4208,mayor-of-looc-romblon-o4208,"Mayor of Looc, Romblon",executive,city,elected,ROMBLON,LOOC,o4207
o4209,mayor-of-concepcion-romblon-o4209,"Mayor of Concepcion, Romblon",executive,city,elected,ROMBLON,CONCEPCION,o4207
o4210,mayor-of-banton-romblon-o4210,"Mayor of Banton, Romblon",executive,city,elected,ROMBLON,BANTON,o4207
o4211,mayor-of-odiongan-romblon-o4211,"Mayor of Odiongan, Romblon",executive,city,elected,ROMBLON,ODIONGAN,o4207
o4212,mayor-of-corcuera-romblon-o4212,"Mayor of Corcuera, Romblon",executive,city,elected,ROMBLON,CORCUERA,o4207
o4213,mayor-of-calatrava-romblon-o4213,"Mayor of Calatrava, Romblon",executive,city,elected,ROMBLON,CALATRAVA,o4207
o4214,mayor-of-san-andres-romblon-o4214,"Mayor of San Andres, Romblon",executive,city,elected,ROMBLON,SAN ANDRES,o4207
o4215,mayor-of-alcantara-romblon-o4215,"Mayor of Alcantara, Romblon",executive,city,elected,ROMBLON,ALCANTARA,o4207
o4216,mayor-of-san-agustin-romblon-o4216,"Mayor of San Agustin, Romblon",executive,city,elected,ROMBLON,SAN AGUSTIN,o4207
o4217,mayor-of-ferrol-romblon-o4217,"Mayor of Ferrol, Romblon",executive,city,elected,ROMBLON,FERROL,o4207
o4218,mayor-of-romblon-romblon-o4218,"Mayor of Romblon, Romblon",executive,city,elected,ROMBLON,ROMBLON,o4207
o4219,mayor-of-santa-maria-romblon-o4219,"Mayor of Santa Maria, Romblon",executive,city,elected,ROMBLON,SANTA MARIA,o4207
o4220,mayor-of-magdiwang-romblon-o4220,"Mayor of Magdiwang, Romblon",executive,city,elected,ROMBLON,MAGDIWANG,o4207
o4221,mayor-of-cajidiocan-romblon-o4221,"Mayor of Cajidiocan, Romblon",executive,city,elected,ROMBLON,CAJIDIOCAN,o4207
o4222,mayor-of-san-jose-romblon-o4222,"Mayor of San Jose, Romblon",executive,city,elected,ROMBLON,SAN JOSE,o4207
o4223,mayor-of-san-fernando-romblon-o4223,"Mayor of San Fernando, Romblon",executive,city,elected,ROMBLON,SAN FERNANDO,o4207
o4224,mayor-of-santa-fe-romblon-o4224,"Mayor of Santa Fe, Romblon",executive,city,elected,ROMBLON,SANTA FE,o4207
o4225,representative-romblon-o4225,"Representative, , Romblon",legislative,national,elected,ROMBLON,,
o4226,provincial-board-member-of-romblon-o4226,Provincial Board Member of Romblon,legislative,provincial,elected,ROMBLON,,
o4227,vice-governor-of-romblon-o4227,Vice Governor of Romblon,executive,provincial,elected,ROMBLON,,
o4228,vice-mayor-of-santa-maria-romblon-o4228,"Vice Mayor of Santa Maria, Romblon",executive,city,elected,ROMBLON,SANTA MARIA,o4207
o4229,vice-mayor-of-banton-romblon-o4229,"Vice Mayor of Banton, Romblon",executive,city,elected,ROMBLON,BANTON,o4207
o4230,vice-mayor-of-calatrava-romblon-o4230,"Vice Mayor of Calatrava, Romblon",executive,city,elected,ROMBLON,CALATRAVA,o4207
o4231,vice-mayor-of-san-agustin-romblon-o4231,"Vice Mayor of San Agustin, Romblon",executive,city,elected,ROMBLON,SAN AGUSTIN,o4207
o4232,vice-mayor-of-corcuera-romblon-o4232,"Vice Mayor of Corcuera, Romblon",executive,city,elected,ROMBLON,CORCUERA,o4207
o4233,vice-mayor-of-san-andres-romblon-o4233,"Vice Mayor of San Andres, Romblon",executive,city,elected,ROMBLON,SAN ANDRES,o4207
o4234,vice-mayor-of-santa-fe-romblon-o4234,"Vice Mayor of Santa Fe, Romblon",executive,city,elected,ROMBLON,SANTA FE,o4207
o4235,vice-mayor-of-alcantara-romblon-o4235,"Vice Mayor of Alcantara, Romblon",executive,city,elected,ROMBLON,ALCANTARA,o4207
o4236,vice-mayor-of-concepcion-romblon-o4236,"Vice Mayor of Concepcion, Romblon",executive,city,elected,ROMBLON,CONCEPCION,o4207
o4237,vice-mayor-of-cajidiocan-romblon-o4237,"Vice Mayor of Cajidiocan, Romblon",executive,city,elected,ROMBLON,CAJIDIOCAN,o4207
o4238,vice-mayor-of-looc-romblon-o4238,"Vice Mayor of Looc, Romblon",executive,city,elected,ROMBLON,LOOC,o4207
o4239,vice-mayor-of-romblon-romblon-o4239,"Vice Mayor of Romblon, Romblon",executive,city,elected,ROMBLON,ROMBLON,o4207
o4240,vice-mayor-of-ferrol-romblon-o4240,"Vice Mayor of Ferrol, Romblon",executive,city,elected,ROMBLON,FERROL,o4207
o4241,vice-mayor-of-san-fernando-romblon-o4241,"Vice Mayor of San Fernando, Romblon",executive,city,elected,ROMBLON,SAN FERNANDO,o4207
o4242,vice-mayor-of-magdiwang-romblon-o4242,"Vice Mayor of Magdiwang, Romblon",executive,city,elected,ROMBLON,MAGDIWANG,o4207
o4243,vice-mayor-of-odiongan-romblon-o4243,"Vice Mayor of Odiongan, Romblon",executive,city,elected,ROMBLON,ODIONGAN,o4207
o4244,vice-mayor-of-san-jose-romblon-o4244,"Vice Mayor of San Jose, Romblon",executive,city,elected,ROMBLON,SAN JOSE,o4207
o4245,councilor-of-hinabangan-samar-o4245,"Councilor of Hinabangan, Samar",legislative,city,elected,SAMAR,HINABANGAN,o4271
o4246,councilor-of-paranas-samar-o4246,"Councilor of Paranas, Samar",legislative,city,elected,SAMAR,PARANAS,o4271
o4247,councilor-of-calbiga-samar-o4247,"Councilor of Calbiga, Samar",legislative,city,elected,SAMAR,CALBIGA,o4271
o4248,councilor-of-basey-samar-o4248,"Councilor of Basey, Samar",legislative,city,elected,SAMAR,BASEY,o4271
o4249,councilor-of-pinabacdao-samar-o4249,"Councilor of Pinabacdao, Samar",legislative,city,elected,SAMAR,PINABACDAO,o4271
o4250,councilor-of-matuguinao-samar-o4250,"Councilor of Matuguinao, Samar",legislative,city,elected,SAMAR,MATUGUINAO,o4271
o4251,councilor-of-santa-rita-samar-o4251,"Councilor of Santa Rita, Samar",legislative,city,elected,SAMAR,SANTA RITA,o4271
o4252,councilor-of-daram-samar-o4252,"Councilor of Daram, Samar",legislative,city,elected,SAMAR,DARAM,o4271
o4253,councilor-of-gandara-samar-o4253,"Councilor of Gandara, Samar",legislative,city,elected,SAMAR,GANDARA,o4271
o4254,councilor-of-almagro-samar-o4254,"Councilor of Almagro, Samar",legislative,city,elected,SAMAR,ALMAGRO,o4271
o4255,councilor-of-marabut-samar-o4255,"Councilor of Marabut, Samar",legislative,city,elected,SAMAR,MARABUT,o4271
o4256,councilor-of-tarangnan-samar-o4256,"Councilor of Tarangnan, Samar",legislative,city,elected,SAMAR,TARANGNAN,o4271
o4257,councilor-of-talalora-samar-o4257,"Councilor of Talalora, Samar",legislative,city,elected,SAMAR,TALALORA,o4271
o4258,councilor-of-santo-nino-samar-o4258,"Councilor of Santo Nino, Samar",legislative,city,elected,SAMAR,SANTO NINO,o4271
o4259,councilor-of-san-sebastian-samar-o4259,"Councilor of San Sebastian, Samar",legislative,city,elected,SAMAR,SAN SEBASTIAN,o4271
o4260,councilor-of-jiabong-samar-o4260,"Councilor of Jiabong, Samar",legislative,city,elected,SAMAR,JIABONG,o4271
o4261,councilor-of-tagapul-an-samar-o4261,"Councilor of Tagapul An, Samar",legislative,city,elected,SAMAR,TAGAPUL AN,o4271
o4262,councilor-of-catbalogan-samar-o4262,"Councilor of Catbalogan, Samar",legislative,city,elected,SAMAR,CATBALOGAN,o4271
o4263,councilor-of-san-jorge-samar-o4263,"Councilor of San Jorge, Samar",legislative,city,elected,SAMAR,SAN JORGE,o4271
o4264,councilor-of-villareal-samar-o4264,"Councilor of Villareal, Samar",legislative,city,elected,SAMAR,VILLAREAL,o4271
o4265,councilor-of-santa-margarita-samar-o4265,"Councilor of Santa Margarita, Samar",legislative,city,elected,SAMAR,SANTA MARGARITA,o4271
o4266,councilor-of-zumarraga-samar-o4266,"Councilor of Zumarraga, Samar",legislative,city,elected,SAMAR,ZUMARRAGA,o4271
o4267,councilor-of-pagsanghan-samar-o4267,"Councilor of Pagsanghan, Samar",legislative,city,elected,SAMAR,PAGSANGHAN,o4271
o4268,councilor-of-calbayog-samar-o4268,"Councilor of Calbayog, Samar",legislative,city,elected,SAMAR,CALBAYOG,o4271
o4269,councilor-of-san-jose-de-buan-samar-o4269,"Councilor of San Jose De Buan, Samar",legislative,city,elected,SAMAR,SAN JOSE DE BUAN,o4271
o4270,councilor-of-motiong-samar-o4270,"Councilor of Motiong, Samar",legislative,city,elected,SAMAR,MOTIONG,o4271
o4271,governor-of-samar-o4271,Governor of Samar,executive,provincial,elected,SAMAR,,
o4272,mayor-of-santo-nino-samar-o4272,"Mayor of Santo Nino, Samar",executive,city,elected,SAMAR,SANTO NINO,o4271
o4273,mayor-of-gandara-samar-o4273,"Mayor of Gandara, Samar",executive,city,elected,SAMAR,GANDARA,o4271
o4274,mayor-of-santa-margarita-samar-o4274,"Mayor of Santa Margarita, Samar",executive,city,elected,SAMAR,SANTA MARGARITA,o4271
o4275,mayor-of-talalora-samar-o4275,"Mayor of Talalora, Samar",executive,city,elected,SAMAR,TALALORA,o4271
o4276,mayor-of-daram-samar-o4276,"Mayor of Daram, Samar",executive,city,elected,SAMAR,DARAM,o4271
o4277,mayor-of-paranas-samar-o4277,"Mayor of Paranas, Samar",executive,city,elected,SAMAR,PARANAS,o4271
o4278,mayor-of-san-sebastian-samar-o4278,"Mayor of San Sebastian, Samar",executive,city,elected,SAMAR,SAN SEBASTIAN,o4271
o4279,mayor-of-marabut-samar-o4279,"Mayor of Marabut, Samar",executive,city,elected,SAMAR,MARABUT,o4271
o4280,mayor-of-san-jorge-samar-o4280,"Mayor of San Jorge, Samar",executive,city,elected,SAMAR,SAN JORGE,o4271
o4281,mayor-of-pagsanghan-samar-o4281,"Mayor of Pagsanghan, Samar",executive,city,elected,SAMAR,PAGSANGHAN,o4271
o4282,mayor-of-matuguinao-samar-o4282,"Mayor of Matuguinao, Samar",executive,city,elected,SAMAR,MATUGUINAO,o4271
o4283,mayor-of-basey-samar-o4283,"Mayor of Basey, Samar",executive,city,elected,SAMAR,BASEY,o4271
o4284,mayor-of-zumarraga-samar-o4284,"Mayor of Zumarraga, Samar",executive,city,elected,SAMAR,ZUMARRAGA,o4271
o4285,mayor-of-jiabong-samar-o4285,"Mayor of Jiabong, Samar",executive,city,elected,SAMAR,JIABONG,o4271
o4286,mayor-of-tagapul-an-samar-o4286,"Mayor of Tagapul An, Samar",executive,city,elected,SAMAR,TAGAPUL AN,o4271
o4287,mayor-of-motiong-samar-o4287,"Mayor of Motiong, Samar",executive,city,elected,SAMAR,MOTIONG,o4271
o4288,mayor-of-villareal-samar-o4288,"Mayor of Villareal, Samar",executive,city,elected,SAMAR,VILLAREAL,o4271
o4289,mayor-of-calbiga-samar-o4289,"Mayor of Calbiga, Samar",executive,city,elected,SAMAR,CALBIGA,o4271
o4290,mayor-of-tarangnan-samar-o4290,"Mayor of Tarangnan, Samar",executive,city,elected,SAMAR,TARANGNAN,o4271
o4291,mayor-of-pinabacdao-samar-o4291,"Mayor of Pinabacdao, Samar",executive,city,elected,SAMAR,PINABACDAO,o4271
o4292,mayor-of-san-jose-de-buan-samar-o4292,"Mayor of San Jose De Buan, Samar",executive,city,elected,SAMAR,SAN JOSE DE BUAN,o4271
o4293,mayor-of-catbalogan-samar-o4293,"Mayor of Catbalogan, Samar",executive,city,elected,SAMAR,CATBALOGAN,o4271
o4294,mayor-of-calbayog-samar-o4294,"Mayor of Calbayog, Samar",executive,city,elected,SAMAR,CALBAYOG,o4271
o4295,mayor-of-almagro-samar-o4295,"Mayor of Almagro, Samar",executive,city,elected,SAMAR,ALMAGRO,o4271
o4296,mayor-of-hinabangan-samar-o4296,"Mayor of Hinabangan, Samar",executive,city,elected,SAMAR,HINABANGAN,o4271
o4297,mayor-of-santa-rita-samar-o4297,"Mayor of Santa Rita, Samar",executive,city,elected,SAMAR,SANTA RITA,o4271
o4298,representative-samar-o4298,"Representative, , Samar",legislative,national,elected,SAMAR,,
o4299,provincial-board-member-of-samar-o4299,Provincial Board Member of Samar,legislative,provincial,elected,SAMAR,,
o4300,vice-governor-of-samar-o4300,Vice Governor of Samar,executive,provincial,elected,SAMAR,,
o4301,vice-mayor-of-san-sebastian-samar-o4301,"Vice Mayor of San Sebastian, Samar",executive,city,elected,SAMAR,SAN SEBASTIAN,o4271
o4302,vice-mayor-of-motiong-samar-o4302,"Vice Mayor of Motiong, Samar",executive,city,elected,SAMAR,MOTIONG,o4271
o4303,vice-mayor-of-paranas-samar-o4303,"Vice Mayor of Paranas, Samar",executive,city,elected,SAMAR,PARANAS,o4271
o4304,vice-mayor-of-gandara-samar-o4304,"Vice Mayor of Gandara, Samar",executive,city,elected,SAMAR,GANDARA,o4271
o4305,vice-mayor-of-jiabong-samar-o4305,"Vice Mayor of Jiabong, Samar",executive,city,elected,SAMAR,JIABONG,o4271
o4306,vice-mayor-of-daram-samar-o4306,"Vice Mayor of Daram, Samar",executive,city,elected,SAMAR,DARAM,o4271
o4307,vice-mayor-of-almagro-samar-o4307,"Vice Mayor of Almagro, Samar",executive,city,elected,SAMAR,ALMAGRO,o4271
o4308,vice-mayor-of-matuguinao-samar-o4308,"Vice Mayor of Matuguinao, Samar",executive,city,elected,SAMAR,MATUGUINAO,o4271
o4309,vice-mayor-of-hinabangan-samar-o4309,"Vice Mayor of Hinabangan, Samar",executive,city,elected,SAMAR,HINABANGAN,o4271
o4310,vice-mayor-of-calbiga-samar-o4310,"Vice Mayor of Calbiga, Samar",executive,city,elected,SAMAR,CALBIGA,o4271
o4311,vice-mayor-of-calbayog-samar-o4311,"Vice Mayor of Calbayog, Samar",executive,city,elected,SAMAR,CALBAYOG,o4271
o4312,vice-mayor-of-marabut-samar-o4312,"Vice Mayor of Marabut, Samar",executive,city,elected,SAMAR,MARABUT,o4271
o4313,vice-mayor-of-basey-samar-o4313,"Vice Mayor of Basey, Samar",executive,city,elected,SAMAR,BASEY,o4271
o4314,vice-mayor-of-tagapul-an-samar-o4314,"Vice Mayor of Tagapul An, Samar",executive,city,elected,SAMAR,TAGAPUL AN,o4271
o4315,vice-mayor-of-tarangnan-samar-o4315,"Vice Mayor of Tarangnan, Samar",executive,city,elected,SAMAR,TARANGNAN,o4271
o4316,vice-mayor-of-santa-margarita-samar-o4316,"Vice Mayor of Santa Margarita, Samar",executive,city,elected,SAMAR,SANTA MARGARITA,o4271
o4317,vice-mayor-of-san-jose-de-buan-samar-o4317,"Vice Mayor of San Jose De Buan, Samar",executive,city,elected,SAMAR,SAN JOSE DE BUAN,o4271
o4318,vice-mayor-of-santo-nino-samar-o4318,"Vice Mayor of Santo Nino, Samar",executive,city,elected,SAMAR,SANTO NINO,o4271
o4319,vice-mayor-of-san-jorge-samar-o4319,"Vice Mayor of San Jorge, Samar",executive,city,elected,SAMAR,SAN JORGE,o4271
o4320,vice-mayor-of-pagsanghan-samar-o4320,"Vice Mayor of Pagsanghan, Samar",executive,city,elected,SAMAR,PAGSANGHAN,o4271
o4321,vice-mayor-of-talalora-samar-o4321,"Vice Mayor of Talalora, Samar",executive,city,elected,SAMAR,TALALORA,o4271
o4322,vice-mayor-of-santa-rita-samar-o4322,"Vice Mayor of Santa Rita, Samar",executive,city,elected,SAMAR,SANTA RITA,o4271
o4323,vice-mayor-of-catbalogan-samar-o4323,"Vice Mayor of Catbalogan, Samar",executive,city,elected,SAMAR,CATBALOGAN,o4271
o4324,vice-mayor-of-pinabacdao-samar-o4324,"Vice Mayor of Pinabacdao, Samar",executive,city,elected,SAMAR,PINABACDAO,o4271
o4325,vice-mayor-of-zumarraga-samar-o4325,"Vice Mayor of Zumarraga, Samar",executive,city,elected,SAMAR,ZUMARRAGA,o4271
o4326,vice-mayor-of-villareal-samar-o4326,"Vice Mayor of Villareal, Samar",executive,city,elected,SAMAR,VILLAREAL,o4271
o4327,councilor-of-malapatan-sarangani-o4327,"Councilor of Malapatan, Sarangani",legislative,city,elected,SARANGANI,MALAPATAN,o4334
o4328,councilor-of-alabel-sarangani-o4328,"Councilor of Alabel, Sarangani",legislative,city,elected,SARANGANI,ALABEL,o4334
o4329,councilor-of-maitum-sarangani-o4329,"Councilor of Maitum, Sarangani",legislative,city,elected,SARANGANI,MAITUM,o4334
o4330,councilor-of-glan-sarangani-o4330,"Councilor of Glan, Sarangani",legislative,city,elected,SARANGANI,GLAN,o4334
o4331,councilor-of-kiamba-sarangani-o4331,"Councilor of Kiamba, Sarangani",legislative,city,elected,SARANGANI,KIAMBA,o4334
o4332,councilor-of-malungon-sarangani-o4332,"Councilor of Malungon, Sarangani",legislative,city,elected,SARANGANI,MALUNGON,o4334
o4333,councilor-of-maasim-sarangani-o4333,"Councilor of Maasim, Sarangani",legislative,city,elected,SARANGANI,MAASIM,o4334
o4334,governor-of-sarangani-o4334,Governor of Sarangani,executive,provincial,elected,SARANGANI,,
o4335,mayor-of-alabel-sarangani-o4335,"Mayor of Alabel, Sarangani",executive,city,elected,SARANGANI,ALABEL,o4334
o4336,mayor-of-maasim-sarangani-o4336,"Mayor of Maasim, Sarangani",executive,city,elected,SARANGANI,MAASIM,o4334
o4337,mayor-of-kiamba-sarangani-o4337,"Mayor of Kiamba, Sarangani",executive,city,elected,SARANGANI,KIAMBA,o4334
o4338,mayor-of-malungon-sarangani-o4338,"Mayor of Malungon, Sarangani",executive,city,elected,SARANGANI,MALUNGON,o4334
o4339,mayor-of-malapatan-sarangani-o4339,"Mayor of Malapatan, Sarangani",executive,city,elected,SARANGANI,MALAPATAN,o4334
o4340,mayor-of-maitum-sarangani-o4340,"Mayor of Maitum, Sarangani",executive,city,elected,SARANGANI,MAITUM,o4334
o4341,mayor-of-glan-sarangani-o4341,"Mayor of Glan, Sarangani",executive,city,elected,SARANGANI,GLAN,o4334
o4342,representative-sarangani-o4342,"Representative, , Sarangani",legislative,national,elected,SARANGANI,,
o4343,provincial-board-member-of-sarangani-o4343,Provincial Board Member of Sarangani,legislative,provincial,elected,SARANGANI,,
o4344,vice-governor-of-sarangani-o4344,Vice Governor of Sarangani,executive,provincial,elected,SARANGANI,,
o4345,vice-mayor-of-kiamba-sarangani-o4345,"Vice Mayor of Kiamba, Sarangani",executive,city,elected,SARANGANI,KIAMBA,o4334
o4346,vice-mayor-of-malapatan-sarangani-o4346,"Vice Mayor of Malapatan, Sarangani",executive,city,elected,SARANGANI,MALAPATAN,o4334
o4347,vice-mayor-of-malungon-sarangani-o4347,"Vice Mayor of Malungon, Sarangani",executive,city,elected,SARANGANI,MALUNGON,o4334
o4348,vice-mayor-of-maasim-sarangani-o4348,"Vice Mayor of Maasim, Sarangani",executive,city,elected,SARANGANI,MAASIM,o4334
o4349,vice-mayor-of-maitum-sarangani-o4349,"Vice Mayor of Maitum, Sarangani",executive,city,elected,SARANGANI,MAITUM,o4334
o4350,vice-mayor-of-alabel-sarangani-o4350,"Vice Mayor of Alabel, Sarangani",executive,city,elected,SARANGANI,ALABEL,o4334
o4351,vice-mayor-of-glan-sarangani-o4351,"Vice Mayor of Glan, Sarangani",executive,city,elected,SARANGANI,GLAN,o4334
o4352,councilor-of-maria-siquijor-o4352,"Councilor of Maria, Siquijor",legislative,city,elected,SIQUIJOR,MARIA,o4358
o4353,councilor-of-lazi-siquijor-o4353,"Councilor of Lazi, Siquijor",legislative,city,elected,SIQUIJOR,LAZI,o4358
o4354,councilor-of-san-juan-siquijor-o4354,"Councilor of San Juan, Siquijor",legislative,city,elected,SIQUIJOR,SAN JUAN,o4358
o4355,councilor-of-siquijor-siquijor-o4355,"Councilor of Siquijor, Siquijor",legislative,city,elected,SIQUIJOR,SIQUIJOR,o4358
o4356,councilor-of-enrique-villanueva-siquijor-o4356,"Councilor of Enrique Villanueva, Siquijor",legislative,city,elected,SIQUIJOR,ENRIQUE VILLANUEVA,o4358
o4357,councilor-of-larena-siquijor-o4357,"Councilor of Larena, Siquijor",legislative,city,elected,SIQUIJOR,LARENA,o4358
o4358,governor-of-siquijor-o4358,Governor of Siquijor,executive,provincial,elected,SIQUIJOR,,
o4359,mayor-of-siquijor-siquijor-o4359,"Mayor of Siquijor, Siquijor",executive,city,elected,SIQUIJOR,SIQUIJOR,o4358
o4360,mayor-of-lazi-siquijor-o4360,"Mayor of Lazi, Siquijor",executive,city,elected,SIQUIJOR,LAZI,o4358
o4361,mayor-of-san-juan-siquijor-o4361,"Mayor of San Juan, Siquijor",executive,city,elected,SIQUIJOR,SAN JUAN,o4358
o4362,mayor-of-enrique-villanueva-siquijor-o4362,"Mayor of Enrique Villanueva, Siquijor",executive,city,elected,SIQUIJOR,ENRIQUE VILLANUEVA,o4358
o4363,mayor-of-maria-siquijor-o4363,"Mayor of Maria, Siquijor",executive,city,elected,SIQUIJOR,MARIA,o4358
o4364,mayor-of-larena-siquijor-o4364,"Mayor of Larena, Siquijor",executive,city,elected,SIQUIJOR,LARENA,o4358
o4365,provincial-board-member-of-siquijor-o4365,Provincial Board Member of Siquijor,legislative,provincial,elected,SIQUIJOR,,
o4366,vice-governor-of-siquijor-o4366,Vice Governor of Siquijor,executive,provincial,elected,SIQUIJOR,,
o4367,vice-mayor-of-enrique-villanueva-siquijor-o4367,"Vice Mayor of Enrique Villanueva, Siquijor",executive,city,elected,SIQUIJOR,ENRIQUE VILLANUEVA,o4358
o4368,vice-mayor-of-larena-siquijor-o4368,"Vice Mayor of Larena, Siquijor",executive,city,elected,SIQUIJOR,LARENA,o4358
o4369,vice-mayor-of-siquijor-siquijor-o4369,"Vice Mayor of Siquijor, Siquijor",executive,city,elected,SIQUIJOR,SIQUIJOR,o4358
o4370,vice-mayor-of-san-juan-siquijor-o4370,"Vice Mayor of San Juan, Siquijor",executive,city,elected,SIQUIJOR,SAN JUAN,o4358
o4371,vice-mayor-of-maria-siquijor-o4371,"Vice Mayor of Maria, Siquijor",executive,city,elected,SIQUIJOR,MARIA,o4358
o4372,vice-mayor-of-lazi-siquijor-o4372,"Vice Mayor of Lazi, Siquijor",executive,city,elected,SIQUIJOR,LAZI,o4358
o4373,councilor-of-sorsogon-sorsogon-o4373,"Councilor of Sorsogon, Sorsogon",legislative,city,elected,SORSOGON,SORSOGON,o4388
o4374,councilor-of-donsol-sorsogon-o4374,"Councilor of Donsol, Sorsogon",legislative,city,elected,SORSOGON,DONSOL,o4388
o4375,councilor-of-pilar-sorsogon-o4375,"Councilor of Pilar, Sorsogon",legislative,city,elected,SORSOGON,PILAR,o4388
o4376,councilor-of-casiguran-sorsogon-o4376,"Councilor of Casiguran, Sorsogon",legislative,city,elected,SORSOGON,CASIGURAN,o4388
o4377,councilor-of-magallanes-sorsogon-o4377,"Councilor of Magallanes, Sorsogon",legislative,city,elected,SORSOGON,MAGALLANES,o4388
o4378,councilor-of-irosin-sorsogon-o4378,"Councilor of Irosin, Sorsogon",legislative,city,elected,SORSOGON,IROSIN,o4388
o4379,councilor-of-castilla-sorsogon-o4379,"Councilor of Castilla, Sorsogon",legislative,city,elected,SORSOGON,CASTILLA,o4388
o4380,councilor-of-juban-sorsogon-o4380,"Councilor of Juban, Sorsogon",legislative,city,elected,SORSOGON,JUBAN,o4388
o4381,councilor-of-matnog-sorsogon-o4381,"Councilor of Matnog, Sorsogon",legislative,city,elected,SORSOGON,MATNOG,o4388
o4382,councilor-of-bulan-sorsogon-o4382,"Councilor of Bulan, Sorsogon",legislative,city,elected,SORSOGON,BULAN,o4388
o4383,councilor-of-bulusan-sorsogon-o4383,"Councilor of Bulusan, Sorsogon",legislative,city,elected,SORSOGON,BULUSAN,o4388
o4384,councilor-of-prieto-diaz-sorsogon-o4384,"Councilor of Prieto Diaz, Sorsogon",legislative,city,elected,SORSOGON,PRIETO DIAZ,o4388
o4385,councilor-of-barcelona-sorsogon-o4385,"Councilor of Barcelona, Sorsogon",legislative,city,elected,SORSOGON,BARCELONA,o4388
o4386,councilor-of-gubat-sorsogon-o4386,"Councilor of Gubat, Sorsogon",legislative,city,elected,SORSOGON,GUBAT,o4388
o4387,councilor-of-santa-magdalena-sorsogon-o4387,"Councilor of Santa Magdalena, Sorsogon",legislative,city,elected,SORSOGON,SANTA MAGDALENA,o4388
o4388,governor-of-sorsogon-o4388,Governor of Sorsogon,executive,provincial,elected,SORSOGON,,
o4389,mayor-of-donsol-sorsogon-o4389,"Mayor of Donsol, Sorsogon",executive,city,elected,SORSOGON,DONSOL,o4388
o4390,mayor-of-magallanes-sorsogon-o4390,"Mayor of Magallanes, Sorsogon",executive,city,elected,SORSOGON,MAGALLANES,o4388
o4391,mayor-of-bulan-sorsogon-o4391,"Mayor of Bulan, Sorsogon",executive,city,elected,SORSOGON,BULAN,o4388
o4392,mayor-of-prieto-diaz-sorsogon-o4392,"Mayor of Prieto Diaz, Sorsogon",executive,city,elected,SORSOGON,PRIETO DIAZ,o4388
o4393,mayor-of-barcelona-sorsogon-o4393,"Mayor of Barcelona, Sorsogon",executive,city,elected,SORSOGON,BARCELONA,o4388
o4394,mayor-of-juban-sorsogon-o4394,"Mayor of Juban, Sorsogon",executive,city,elected,SORSOGON,JUBAN,o4388
o4395,mayor-of-santa-magdalena-sorsogon-o4395,"Mayor of Santa Magdalena, Sorsogon",executive,city,elected,SORSOGON,SANTA MAGDALENA,o4388
o4396,mayor-of-irosin-sorsogon-o4396,"Mayor of Irosin, Sorsogon",executive,city,elected,SORSOGON,IROSIN,o4388
o4397,mayor-of-bulusan-sorsogon-o4397,"Mayor of Bulusan, Sorsogon",executive,city,elected,SORSOGON,BULUSAN,o4388
o4398,mayor-of-casiguran-sorsogon-o4398,"Mayor of Casiguran, Sorsogon",executive,city,elected,SORSOGON,CASIGURAN,o4388
o4399,mayor-of-castilla-sorsogon-o4399,"Mayor of Castilla, Sorsogon",executive,city,elected,SORSOGON,CASTILLA,o4388
o4400,mayor-of-sorsogon-sorsogon-o4400,"Mayor of Sorsogon, Sorsogon",executive,city,elected,SORSOGON,SORSOGON,o4388
o4401,mayor-of-gubat-sorsogon-o4401,"Mayor of Gubat, Sorsogon",executive,city,elected,SORSOGON,GUBAT,o4388
o4402,mayor-of-pilar-sorsogon-o4402,"Mayor of Pilar, Sorsogon",executive,city,elected,SORSOGON,PILAR,o4388
o4403,mayor-of-matnog-sorsogon-o4403,"Mayor of Matnog, Sorsogon",executive,city,elected,SORSOGON,MATNOG,o4388
o4404,representative-sorsogon-o4404,"Representative, , Sorsogon",legislative,national,elected,SORSOGON,,
o4405,provincial-board-member-of-sorsogon-o4405,Provincial Board Member of Sorsogon,legislative,provincial,elected,SORSOGON,,
o4406,vice-governor-of-sorsogon-o4406,Vice Governor of Sorsogon,executive,provincial,elected,SORSOGON,,
o4407,vice-mayor-of-juban-sorsogon-o4407,"Vice Mayor of Juban, Sorsogon",executive,city,elected,SORSOGON,JUBAN,o4388
o4408,vice-mayor-of-sorsogon-sorsogon-o4408,"Vice Mayor of Sorsogon, Sorsogon",executive,city,elected,SORSOGON,SORSOGON,o4388
o4409,vice-mayor-of-matnog-sorsogon-o4409,"Vice Mayor of Matnog, Sorsogon",executive,city,elected,SORSOGON,MATNOG,o4388
o4410,vice-mayor-of-magallanes-sorsogon-o4410,"Vice Mayor of Magallanes, Sorsogon",executive,city,elected,SORSOGON,MAGALLANES,o4388
o4411,vice-mayor-of-prieto-diaz-sorsogon-o4411,"Vice Mayor of Prieto Diaz, Sorsogon",executive,city,elected,SORSOGON,PRIETO DIAZ,o4388
o4412,vice-mayor-of-barcelona-sorsogon-o4412,"Vice Mayor of Barcelona, Sorsogon",executive,city,elected,SORSOGON,BARCELONA,o4388
o4413,vice-mayor-of-bulusan-sorsogon-o4413,"Vice Mayor of Bulusan, Sorsogon",executive,city,elected,SORSOGON,BULUSAN,o4388
o4414,vice-mayor-of-santa-magdalena-sorsogon-o4414,"Vice Mayor of Santa Magdalena, Sorsogon",executive,city,elected,SORSOGON,SANTA MAGDALENA,o4388
o4415,vice-mayor-of-casiguran-sorsogon-o4415,"Vice Mayor of Casiguran, Sorsogon",executive,city,elected,SORSOGON,CASIGURAN,o4388
o4416,vice-mayor-of-bulan-sorsogon-o4416,"Vice Mayor of Bulan, Sorsogon",executive,city,elected,SORSOGON,BULAN,o4388
o4417,vice-mayor-of-castilla-sorsogon-o4417,"Vice Mayor of Castilla, Sorsogon",executive,city,elected,SORSOGON,CASTILLA,o4388
o4418,vice-mayor-of-gubat-sorsogon-o4418,"Vice Mayor of Gubat, Sorsogon",executive,city,elected,SORSOGON,GUBAT,o4388
o4419,vice-mayor-of-pilar-sorsogon-o4419,"Vice Mayor of Pilar, Sorsogon",executive,city,elected,SORSOGON,PILAR,o4388
o4420,vice-mayor-of-irosin-sorsogon-o4420,"Vice Mayor of Irosin, Sorsogon",executive,city,elected,SORSOGON,IROSIN,o4388
o4421,vice-mayor-of-donsol-sorsogon-o4421,"Vice Mayor of Donsol, Sorsogon",executive,city,elected,SORSOGON,DONSOL,o4388
o4422,councilor-of-general-santos-south-cotabato-o4422,"Councilor of General Santos, South Cotabato",legislative,city,elected,SOUTH COTABATO,GENERAL SANTOS,o4434
o4423,councilor-of-koronadal-south-cotabato-o4423,"Councilor of Koronadal, South Cotabato",legislative,city,elected,SOUTH COTABATO,KORONADAL,o4434
o4424,councilor-of-surallah-south-cotabato-o4424,"Councilor of Surallah, South Cotabato",legislative,city,elected,SOUTH COTABATO,SURALLAH,o4434
o4425,councilor-of-norala-south-cotabato-o4425,"Councilor of Norala, South Cotabato",legislative,city,elected,SOUTH COTABATO,NORALA,o4434
o4426,councilor-of-polomolok-south-cotabato-o4426,"Councilor of Polomolok, South Cotabato",legislative,city,elected,SOUTH COTABATO,POLOMOLOK,o4434
o4427,councilor-of-lake-sebu-south-cotabato-o4427,"Councilor of Lake Sebu, South Cotabato",legislative,city,elected,SOUTH COTABATO,LAKE SEBU,o4434
o4428,councilor-of-tampakan-south-cotabato-o4428,"Councilor of Tampakan, South Cotabato",legislative,city,elected,SOUTH COTABATO,TAMPAKAN,o4434
o4429,councilor-of-santo-nino-south-cotabato-o4429,"Councilor of Santo Nino, South Cotabato",legislative,city,elected,SOUTH COTABATO,SANTO NINO,o4434
o4430,councilor-of-tupi-south-cotabato-o4430,"Councilor of Tupi, South Cotabato",legislative,city,elected,SOUTH COTABATO,TUPI,o4434
o4431,councilor-of-banga-south-cotabato-o4431,"Councilor of Banga, South Cotabato",legislative,city,elected,SOUTH COTABATO,BANGA,o4434
o4432,councilor-of-tantangan-south-cotabato-o4432,"Councilor of Tantangan, South Cotabato",legislative,city,elected,SOUTH COTABATO,TANTANGAN,o4434
o4433,councilor-of-t-boli-south-cotabato-o4433,"Councilor of T Boli, South Cotabato",legislative,city,elected,SOUTH COTABATO,T BOLI,o4434
o4434,governor-of-south-cotabato-o4434,Governor of South Cotabato,executive,provincial,elected,SOUTH COTABATO,,
o4435,mayor-of-general-santos-south-cotabato-o4435,"Mayor of General Santos, South Cotabato",executive,city,elected,SOUTH COTABATO,GENERAL SANTOS,o4434
o4436,mayor-of-t-boli-south-cotabato-o4436,"Mayor of T Boli, South Cotabato",executive,city,elected,SOUTH COTABATO,T BOLI,o4434
o4437,mayor-of-tampakan-south-cotabato-o4437,"Mayor of Tampakan, South Cotabato",executive,city,elected,SOUTH COTABATO,TAMPAKAN,o4434
o4438,mayor-of-surallah-south-cotabato-o4438,"Mayor of Surallah, South Cotabato",executive,city,elected,SOUTH COTABATO,SURALLAH,o4434
o4439,mayor-of-banga-south-cotabato-o4439,"Mayor of Banga, South Cotabato",executive,city,elected,SOUTH COTABATO,BANGA,o4434
o4440,mayor-of-norala-south-cotabato-o4440,"Mayor of Norala, South Cotabato",executive,city,elected,SOUTH COTABATO,NORALA,o4434
o4441,mayor-of-tantangan-south-cotabato-o4441,"Mayor of Tantangan, South Cotabato",executive,city,elected,SOUTH COTABATO,TANTANGAN,o4434
o4442,mayor-of-santo-nino-south-cotabato-o4442,"Mayor of Santo Nino, South Cotabato",executive,city,elected,SOUTH COTABATO,SANTO NINO,o4434
o4443,mayor-of-tupi-south-cotabato-o4443,"Mayor of Tupi, South Cotabato",executive,city,elected,SOUTH COTABATO,TUPI,o4434
o4444,mayor-of-koronadal-south-cotabato-o4444,"Mayor of Koronadal, South Cotabato",executive,city,elected,SOUTH COTABATO,KORONADAL,o4434
o4445,mayor-of-polomolok-south-cotabato-o4445,"Mayor of Polomolok, South Cotabato",executive,city,elected,SOUTH COTABATO,POLOMOLOK,o4434
o4446,mayor-of-lake-sebu-south-cotabato-o4446,"Mayor of Lake Sebu, South Cotabato",executive,city,elected,SOUTH COTABATO,LAKE SEBU,o4434
o4447,provincial-board-member-of-south-cotabato-o4447,Provincial Board Member of South Cotabato,legislative,provincial,elected,SOUTH COTABATO,,
o4448,vice-governor-of-south-cotabato-o4448,Vice Governor of South Cotabato,executive,provincial,elected,SOUTH COTABATO,,
o4449,vice-mayor-of-polomolok-south-cotabato-o4449,"Vice Mayor of Polomolok, South Cotabato",executive,city,elected,SOUTH COTABATO,POLOMOLOK,o4434
o4450,vice-mayor-of-tantangan-south-cotabato-o4450,"Vice Mayor of Tantangan, South Cotabato",executive,city,elected,SOUTH COTABATO,TANTANGAN,o4434
o4451,vice-mayor-of-santo-nino-south-cotabato-o4451,"Vice Mayor of Santo Nino, South Cotabato",executive,city,elected,SOUTH COTABATO,SANTO NINO,o4434
o4452,vice-mayor-of-tampakan-south-cotabato-o4452,"Vice Mayor of Tampakan, South Cotabato",executive,city,elected,SOUTH COTABATO,TAMPAKAN,o4434
o4453,vice-mayor-of-general-santos-south-cotabato-o4453,"Vice Mayor of General Santos, South Cotabato",executive,city,elected,SOUTH COTABATO,GENERAL SANTOS,o4434
o4454,vice-mayor-of-tupi-south-cotabato-o4454,"Vice Mayor of Tupi, South Cotabato",executive,city,elected,SOUTH COTABATO,TUPI,o4434
o4455,vice-mayor-of-t-boli-south-cotabato-o4455,"Vice Mayor of T Boli, South Cotabato",executive,city,elected,SOUTH COTABATO,T BOLI,o4434
o4456,vice-mayor-of-banga-south-cotabato-o4456,"Vice Mayor of Banga, South Cotabato",executive,city,elected,SOUTH COTABATO,BANGA,o4434
o4457,vice-mayor-of-koronadal-south-cotabato-o4457,"Vice Mayor of Koronadal, South Cotabato",executive,city,elected,SOUTH COTABATO,KORONADAL,o4434
o4458,vice-mayor-of-norala-south-cotabato-o4458,"Vice Mayor of Norala, South Cotabato",executive,city,elected,SOUTH COTABATO,NORALA,o4434
o4459,vice-mayor-of-surallah-south-cotabato-o4459,"Vice Mayor of Surallah, South Cotabato",executive,city,elected,SOUTH COTABATO,SURALLAH,o4434
o4460,vice-mayor-of-lake-sebu-south-cotabato-o4460,"Vice Mayor of Lake Sebu, South Cotabato",executive,city,elected,SOUTH COTABATO,LAKE SEBU,o4434
o4461,councilor-of-anahawan-southern-leyte-o4461,"Councilor of Anahawan, Southern Leyte",legislative,city,elected,SOUTHERN LEYTE,ANAHAWAN,o4480
o4462,councilor-of-maasin-southern-leyte-o4462,"Councilor of Maasin, Southern Leyte",legislative,city,elected,SOUTHERN LEYTE,MAASIN,o4480
o4463,councilor-of-hinunangan-southern-leyte-o4463,"Councilor of Hinunangan, Southern Leyte",legislative,city,elected,SOUTHERN LEYTE,HINUNANGAN,o4480
o4464,councilor-of-limasawa-southern-leyte-o4464,"Councilor of Limasawa, Southern Leyte",legislative,city,elected,SOUTHERN LEYTE,LIMASAWA,o4480
o4465,councilor-of-san-francisco-southern-leyte-o4465,"Councilor of San Francisco, Southern Leyte",legislative,city,elected,SOUTHERN LEYTE,SAN FRANCISCO,o4480
o4466,councilor-of-silago-southern-leyte-o4466,"Councilor of Silago, Southern Leyte",legislative,city,elected,SOUTHERN LEYTE,SILAGO,o4480
o4467,councilor-of-san-juan-southern-leyte-o4467,"Councilor of San Juan, Southern Leyte",legislative,city,elected,SOUTHERN LEYTE,SAN JUAN,o4480
o4468,councilor-of-liloan-southern-leyte-o4468,"Councilor of Liloan, Southern Leyte",legislative,city,elected,SOUTHERN LEYTE,LILOAN,o4480
o4469,councilor-of-macrohon-southern-leyte-o4469,"Councilor of Macrohon, Southern Leyte",legislative,city,elected,SOUTHERN LEYTE,MACROHON,o4480
o4470,councilor-of-sogod-southern-leyte-o4470,"Councilor of Sogod, Southern Leyte",legislative,city,elected,SOUTHERN LEYTE,SOGOD,o4480
o4471,councilor-of-padre-burgos-southern-leyte-o4471,"Councilor of Padre Burgos, Southern Leyte",legislative,city,elected,SOUTHERN LEYTE,PADRE BURGOS,o4480
o4472,councilor-of-tomas-oppus-southern-leyte-o4472,"Councilor of Tomas Oppus, Southern Leyte",legislative,city,elected,SOUTHERN LEYTE,TOMAS OPPUS,o4480
o4473,councilor-of-hinundayan-southern-leyte-o4473,"Councilor of Hinundayan, Southern Leyte",legislative,city,elected,SOUTHERN LEYTE,HINUNDAYAN,o4480
o4474,councilor-of-saint-bernard-southern-leyte-o4474,"Councilor of Saint Bernard, Southern Leyte",legislative,city,elected,SOUTHERN LEYTE,SAINT BERNARD,o4480
o4475,councilor-of-san-ricardo-southern-leyte-o4475,"Councilor of San Ricardo, Southern Leyte",legislative,city,elected,SOUTHERN LEYTE,SAN RICARDO,o4480
o4476,councilor-of-libagon-southern-leyte-o4476,"Councilor of Libagon, Southern Leyte",legislative,city,elected,SOUTHERN LEYTE,LIBAGON,o4480
o4477,councilor-of-malitbog-southern-leyte-o4477,"Councilor of Malitbog, Southern Leyte",legislative,city,elected,SOUTHERN LEYTE,MALITBOG,o4480
o4478,councilor-of-pintuyan-southern-leyte-o4478,"Councilor of Pintuyan, Southern Leyte",legislative,city,elected,SOUTHERN LEYTE,PINTUYAN,o4480
o4479,councilor-of-bontoc-southern-leyte-o4479,"Councilor of Bontoc, Southern Leyte",legislative,city,elected,SOUTHERN LEYTE,BONTOC,o4480
o4480,governor-of-southern-leyte-o4480,Governor of Southern Leyte,executive,provincial,elected,SOUTHERN LEYTE,,
o4481,mayor-of-padre-burgos-southern-leyte-o4481,"Mayor of Padre Burgos, Southern Leyte",executive,city,elected,SOUTHERN LEYTE,PADRE BURGOS,o4480
o4482,mayor-of-san-juan-southern-leyte-o4482,"Mayor of San Juan, Southern Leyte",executive,city,elected,SOUTHERN LEYTE,SAN JUAN,o4480
o4483,mayor-of-macrohon-southern-leyte-o4483,"Mayor of Macrohon, Southern Leyte",executive,city,elected,SOUTHERN LEYTE,MACROHON,o4480
o4484,mayor-of-pintuyan-southern-leyte-o4484,"Mayor of Pintuyan, Southern Leyte",executive,city,elected,SOUTHERN LEYTE,PINTUYAN,o4480
o4485,mayor-of-tomas-oppus-southern-leyte-o4485,"Mayor of Tomas Oppus, Southern Leyte",executive,city,elected,SOUTHERN LEYTE,TOMAS OPPUS,o4480
o4486,mayor-of-limasawa-southern-leyte-o4486,"Mayor of Limasawa, Southern Leyte",executive,city,elected,SOUTHERN LEYTE,LIMASAWA,o4480
o4487,mayor-of-libagon-southern-leyte-o4487,"Mayor of Libagon, Southern Leyte",executive,city,elected,SOUTHERN LEYTE,LIBAGON,o4480
o4488,mayor-of-bontoc-southern-leyte-o4488,"Mayor of Bontoc, Southern Leyte",executive,city,elected,SOUTHERN LEYTE,BONTOC,o4480
o4489,mayor-of-malitbog-southern-leyte-o4489,"Mayor of Malitbog, Southern Leyte",executive,city,elected,SOUTHERN LEYTE,MALITBOG,o4480
o4490,mayor-of-hinunangan-southern-leyte-o4490,"Mayor of Hinunangan, Southern Leyte",executive,city,elected,SOUTHERN LEYTE,HINUNANGAN,o4480
o4491,mayor-of-saint-bernard-southern-leyte-o4491,"Mayor of Saint Bernard, Southern Leyte",executive,city,elected,SOUTHERN LEYTE,SAINT BERNARD,o4480
o4492,mayor-of-liloan-southern-leyte-o4492,"Mayor of Liloan, Southern Leyte",executive,city,elected,SOUTHERN LEYTE,LILOAN,o4480
o4493,mayor-of-san-ricardo-southern-leyte-o4493,"Mayor of San Ricardo, Southern Leyte",executive,city,elected,SOUTHERN LEYTE,SAN RICARDO,o4480
o4494,mayor-of-maasin-southern-leyte-o4494,"Mayor of Maasin, Southern Leyte",executive,city,elected,SOUTHERN LEYTE,MAASIN,o4480
o4495,mayor-of-anahawan-southern-leyte-o4495,"Mayor of Anahawan, Southern Leyte",executive,city,elected,SOUTHERN LEYTE,ANAHAWAN,o4480
o4496,mayor-of-hinundayan-southern-leyte-o4496,"Mayor of Hinundayan, Southern Leyte",executive,city,elected,SOUTHERN LEYTE,HINUNDAYAN,o4480
o4497,mayor-of-silago-southern-leyte-o4497,"Mayor of Silago, Southern Leyte",executive,city,elected,SOUTHERN LEYTE,SILAGO,o4480
o4498,mayor-of-sogod-southern-leyte-o4498,"Mayor of Sogod, Southern Leyte",executive,city,elected,SOUTHERN LEYTE,SOGOD,o4480
o4499,mayor-of-san-francisco-southern-leyte-o4499,"Mayor of San Francisco, Southern Leyte",executive,city,elected,SOUTHERN LEYTE,SAN FRANCISCO,o4480
o4500,representative-southern-leyte-o4500,"Representative, , Southern Leyte",legislative,national,elected,SOUTHERN LEYTE,,
o4501,provincial-board-member-of-southern-leyte-o4501,Provincial Board Member of Southern Leyte,legislative,provincial,elected,SOUTHERN LEYTE,,
o4502,vice-governor-of-southern-leyte-o4502,Vice Governor of Southern Leyte,executive,provincial,elected,SOUTHERN LEYTE,,
o4503,vice-mayor-of-hinunangan-southern-leyte-o4503,"Vice Mayor of Hinunangan, Southern Leyte",executive,city,elected,SOUTHERN LEYTE,HINUNANGAN,o4480
o4504,vice-mayor-of-silago-southern-leyte-o4504,"Vice Mayor of Silago, Southern Leyte",executive,city,elected,SOUTHERN LEYTE,SILAGO,o4480
o4505,vice-mayor-of-san-francisco-southern-leyte-o4505,"Vice Mayor of San Francisco, Southern Leyte",executive,city,elected,SOUTHERN LEYTE,SAN FRANCISCO,o4480
o4506,vice-mayor-of-padre-burgos-southern-leyte-o4506,"Vice Mayor of Padre Burgos, Southern Leyte",executive,city,elected,SOUTHERN LEYTE,PADRE BURGOS,o4480
o4507,vice-mayor-of-macrohon-southern-leyte-o4507,"Vice Mayor of Macrohon, Southern Leyte",executive,city,elected,SOUTHERN LEYTE,MACROHON,o4480
o4508,vice-mayor-of-san-juan-southern-leyte-o4508,"Vice Mayor of San Juan, Southern Leyte",executive,city,elected,SOUTHERN LEYTE,SAN JUAN,o4480
o4509,vice-mayor-of-anahawan-southern-leyte-o4509,"Vice Mayor of Anahawan, Southern Leyte",executive,city,elected,SOUTHERN LEYTE,ANAHAWAN,o4480
o4510,vice-mayor-of-bontoc-southern-leyte-o4510,"Vice Mayor of Bontoc, Southern Leyte",executive,city,elected,SOUTHERN LEYTE,BONTOC,o4480
o4511,vice-mayor-of-tomas-oppus-southern-leyte-o4511,"Vice Mayor of Tomas Oppus, Southern Leyte",executive,city,elected,SOUTHERN LEYTE,TOMAS OPPUS,o4480
o4512,vice-mayor-of-hinundayan-southern-leyte-o4512,"Vice Mayor of Hinundayan, Southern Leyte",executive,city,elected,SOUTHERN LEYTE,HINUNDAYAN,o4480
o4513,vice-mayor-of-san-ricardo-southern-leyte-o4513,"Vice Mayor of San Ricardo, Southern Leyte",executive,city,elected,SOUTHERN LEYTE,SAN RICARDO,o4480
o4514,vice-mayor-of-malitbog-southern-leyte-o4514,"Vice Mayor of Malitbog, Southern Leyte",executive,city,elected,SOUTHERN LEYTE,MALITBOG,o4480
o4515,vice-mayor-of-saint-bernard-southern-leyte-o4515,"Vice Mayor of Saint Bernard, Southern Leyte",executive,city,elected,SOUTHERN LEYTE,SAINT BERNARD,o4480
o4516,vice-mayor-of-liloan-southern-leyte-o4516,"Vice Mayor of Liloan, Southern Leyte",executive,city,elected,SOUTHERN LEYTE,LILOAN,o4480
o4517,vice-mayor-of-pintuyan-southern-leyte-o4517,"Vice Mayor of Pintuyan, Southern Leyte",executive,city,elected,SOUTHERN LEYTE,PINTUYAN,o4480
o4518,vice-mayor-of-libagon-southern-leyte-o4518,"Vice Mayor of Libagon, Southern Leyte",executive,city,elected,SOUTHERN LEYTE,LIBAGON,o4480
o4519,vice-mayor-of-limasawa-southern-leyte-o4519,"Vice Mayor of Limasawa, Southern Leyte",executive,city,elected,SOUTHERN LEYTE,LIMASAWA,o4480
o4520,vice-mayor-of-sogod-southern-leyte-o4520,"Vice Mayor of Sogod, Southern Leyte",executive,city,elected,SOUTHERN LEYTE,SOGOD,o4480
o4521,vice-mayor-of-maasin-southern-leyte-o4521,"Vice Mayor of Maasin, Southern Leyte",executive,city,elected,SOUTHERN LEYTE,MAASIN,o4480
o4522,councilor-of-president-quirino-sultan-kudarat-o4522,"Councilor of President Quirino, Sultan Kudarat",legislative,city,elected,SULTAN KUDARAT,PRESIDENT QUIRINO,o4534
o4523,councilor-of-kalamansig-sultan-kudarat-o4523,"Councilor of Kalamansig, Sultan Kudarat",legislative,city,elected,SULTAN KUDARAT,KALAMANSIG,o4534
o4524,councilor-of-columbio-sultan-kudarat-o4524,"Councilor of Columbio, Sultan Kudarat",legislative,city,elected,SULTAN KUDARAT,COLUMBIO,o4534
o4525,councilor-of-tacurong-sultan-kudarat-o4525,"Councilor of Tacurong, Sultan Kudarat",legislative,city,elected,SULTAN KUDARAT,TACURONG,o4534
o4526,councilor-of-isulan-sultan-kudarat-o4526,"Councilor of Isulan, Sultan Kudarat",legislative,city,elected,SULTAN KUDARAT,ISULAN,o4534
o4527,councilor-of-lambayong-sultan-kudarat-o4527,"Councilor of Lambayong, Sultan Kudarat",legislative,city,elected,SULTAN KUDARAT,LAMBAYONG,o4534
o4528,councilor-of-lebak-sultan-kudarat-o4528,"Councilor of Lebak, Sultan Kudarat",legislative,city,elected,SULTAN KUDARAT,LEBAK,o4534
o4529,councilor-of-sen-ninoy-aquino-sultan-kudarat-o4529,"Councilor of Sen Ninoy Aquino, Sultan Kudarat",legislative,city,elected,SULTAN KUDARAT,SEN NINOY AQUINO,o4534
o4530,councilor-of-bagumbayan-sultan-kudarat-o4530,"Councilor of Bagumbayan, Sultan Kudarat",legislative,city,elected,SULTAN KUDARAT,BAGUMBAYAN,o4534
o4531,councilor-of-lutayan-sultan-kudarat-o4531,"Councilor of Lutayan, Sultan Kudarat",legislative,city,elected,SULTAN KUDARAT,LUTAYAN,o4534
o4532,councilor-of-esperanza-sultan-kudarat-o4532,"Councilor of Esperanza, Sultan Kudarat",legislative,city,elected,SULTAN KUDARAT,ESPERANZA,o4534
o4533,councilor-of-palimbang-sultan-kudarat-o4533,"Councilor of Palimbang, Sultan Kudarat",legislative,city,elected,SULTAN KUDARAT,PALIMBANG,o4534
o4534,governor-of-sultan-kudarat-o4534,Governor of Sultan Kudarat,executive,provincial,elected,SULTAN KUDARAT,,
o4535,mayor-of-lambayong-sultan-kudarat-o4535,"Mayor of Lambayong, Sultan Kudarat",executive,city,elected,SULTAN KUDARAT,LAMBAYONG,o4534
o4536,mayor-of-bagumbayan-sultan-kudarat-o4536,"Mayor of Bagumbayan, Sultan Kudarat",executive,city,elected,SULTAN KUDARAT,BAGUMBAYAN,o4534
o4537,mayor-of-lebak-sultan-kudarat-o4537,"Mayor of Lebak, Sultan Kudarat",executive,city,elected,SULTAN KUDARAT,LEBAK,o4534
o4538,mayor-of-columbio-sultan-kudarat-o4538,"Mayor of Columbio, Sultan Kudarat",executive,city,elected,SULTAN KUDARAT,COLUMBIO,o4534
o4539,mayor-of-president-quirino-sultan-kudarat-o4539,"Mayor of President Quirino, Sultan Kudarat",executive,city,elected,SULTAN KUDARAT,PRESIDENT QUIRINO,o4534
o4540,mayor-of-kalamansig-sultan-kudarat-o4540,"Mayor of Kalamansig, Sultan Kudarat",executive,city,elected,SULTAN KUDARAT,KALAMANSIG,o4534
o4541,mayor-of-esperanza-sultan-kudarat-o4541,"Mayor of Esperanza, Sultan Kudarat",executive,city,elected,SULTAN KUDARAT,ESPERANZA,o4534
o4542,mayor-of-palimbang-sultan-kudarat-o4542,"Mayor of Palimbang, Sultan Kudarat",executive,city,elected,SULTAN KUDARAT,PALIMBANG,o4534
o4543,mayor-of-lutayan-sultan-kudarat-o4543,"Mayor of Lutayan, Sultan Kudarat",executive,city,elected,SULTAN KUDARAT,LUTAYAN,o4534
o4544,mayor-of-isulan-sultan-kudarat-o4544,"Mayor of Isulan, Sultan Kudarat",executive,city,elected,SULTAN KUDARAT,ISULAN,o4534
o4545,mayor-of-tacurong-sultan-kudarat-o4545,"Mayor of Tacurong, Sultan Kudarat",executive,city,elected,SULTAN KUDARAT,TACURONG,o4534
o4546,mayor-of-sen-ninoy-aquino-sultan-kudarat-o4546,"Mayor of Sen Ninoy Aquino, Sultan Kudarat",executive,city,elected,SULTAN KUDARAT,SEN NINOY AQUINO,o4534
o4547,representative-sultan-kudarat-o4547,"Representative, , Sultan Kudarat",legislative,national,elected,SULTAN KUDARAT,,
o4548,provincial-board-member-of-sultan-kudarat-o4548,Provincial Board Member of Sultan Kudarat,legislative,provincial,elected,SULTAN KUDARAT,,
o4549,vice-governor-of-sultan-kudarat-o4549,Vice Governor of Sultan Kudarat,executive,provincial,elected,SULTAN KUDARAT,,
o4550,vice-mayor-of-lambayong-sultan-kudarat-o4550,"Vice Mayor of Lambayong, Sultan Kudarat",executive,city,elected,SULTAN KUDARAT,LAMBAYONG,o4534
o4551,vice-mayor-of-president-quirino-sultan-kudarat-o4551,"Vice Mayor of President Quirino, Sultan Kudarat",executive,city,elected,SULTAN KUDARAT,PRESIDENT QUIRINO,o4534
o4552,vice-mayor-of-lutayan-sultan-kudarat-o4552,"Vice Mayor of Lutayan, Sultan Kudarat",executive,city,elected,SULTAN KUDARAT,LUTAYAN,o4534
o4553,vice-mayor-of-kalamansig-sultan-kudarat-o4553,"Vice Mayor of Kalamansig, Sultan Kudarat",executive,city,elected,SULTAN KUDARAT,KALAMANSIG,o4534
o4554,vice-mayor-of-lebak-sultan-kudarat-o4554,"Vice Mayor of Lebak, Sultan Kudarat",executive,city,elected,SULTAN KUDARAT,LEBAK,o4534
o4555,vice-mayor-of-isulan-sultan-kudarat-o4555,"Vice Mayor of Isulan, Sultan Kudarat",executive,city,elected,SULTAN KUDARAT,ISULAN,o4534
o4556,vice-mayor-of-palimbang-sultan-kudarat-o4556,"Vice Mayor of Palimbang, Sultan Kudarat",executive,city,elected,SULTAN KUDARAT,PALIMBANG,o4534
o4557,vice-mayor-of-bagumbayan-sultan-kudarat-o4557,"Vice Mayor of Bagumbayan, Sultan Kudarat",executive,city,elected,SULTAN KUDARAT,BAGUMBAYAN,o4534
o4558,vice-mayor-of-sen-ninoy-aquino-sultan-kudarat-o4558,"Vice Mayor of Sen Ninoy Aquino, Sultan Kudarat",executive,city,elected,SULTAN KUDARAT,SEN NINOY AQUINO,o4534
o4559,vice-mayor-of-tacurong-sultan-kudarat-o4559,"Vice Mayor of Tacurong, Sultan Kudarat",executive,city,elected,SULTAN KUDARAT,TACURONG,o4534
o4560,vice-mayor-of-columbio-sultan-kudarat-o4560,"Vice Mayor of Columbio, Sultan Kudarat",executive,city,elected,SULTAN KUDARAT,COLUMBIO,o4534
o4561,vice-mayor-of-esperanza-sultan-kudarat-o4561,"Vice Mayor of Esperanza, Sultan Kudarat",executive,city,elected,SULTAN KUDARAT,ESPERANZA,o4534
o4562,councilor-of-pata-sulu-o4562,"Councilor of Pata, Sulu",legislative,city,elected,SULU,PATA,o4579
o4563,councilor-of-parang-sulu-o4563,"Councilor of Parang, Sulu",legislative,city,elected,SULU,PARANG,o4579
o4564,councilor-of-pandami-sulu-o4564,"Councilor of Pandami, Sulu",legislative,city,elected,SULU,PANDAMI,o4579
o4565,councilor-of-hadji-panglima-tahil-sulu-o4565,"Councilor of Hadji Panglima Tahil, Sulu",legislative,city,elected,SULU,HADJI PANGLIMA TAHIL,o4579
o4566,councilor-of-tapul-sulu-o4566,"Councilor of Tapul, Sulu",legislative,city,elected,SULU,TAPUL,o4579
o4567,councilor-of-pangutaran-sulu-o4567,"Councilor of Pangutaran, Sulu",legislative,city,elected,SULU,PANGUTARAN,o4579
o4568,councilor-of-maimbung-sulu-o4568,"Councilor of Maimbung, Sulu",legislative,city,elected,SULU,MAIMBUNG,o4579
o4569,councilor-of-talipao-sulu-o4569,"Councilor of Talipao, Sulu",legislative,city,elected,SULU,TALIPAO,o4579
o4570,councilor-of-patikul-sulu-o4570,"Councilor of Patikul, Sulu",legislative,city,elected,SULU,PATIKUL,o4579
o4571,councilor-of-kalingalan-caluang-sulu-o4571,"Councilor of Kalingalan Caluang, Sulu",legislative,city,elected,SULU,KALINGALAN CALUANG,o4579
o4572,councilor-of-siasi-sulu-o4572,"Councilor of Siasi, Sulu",legislative,city,elected,SULU,SIASI,o4579
o4573,councilor-of-jolo-sulu-o4573,"Councilor of Jolo, Sulu",legislative,city,elected,SULU,JOLO,o4579
o4574,councilor-of-tongkil-sulu-o4574,"Councilor of Tongkil, Sulu",legislative,city,elected,SULU,TONGKIL,o4579
o4575,councilor-of-indanan-sulu-o4575,"Councilor of Indanan, Sulu",legislative,city,elected,SULU,INDANAN,o4579
o4576,councilor-of-panglima-estino-sulu-o4576,"Councilor of Panglima Estino, Sulu",legislative,city,elected,SULU,PANGLIMA ESTINO,o4579
o4577,councilor-of-old-panamao-sulu-o4577,"Councilor of Old Panamao, Sulu",legislative,city,elected,SULU,OLD PANAMAO,o4579
o4578,councilor-of-luuk-sulu-o4578,"Councilor of Luuk, Sulu",legislative,city,elected,SULU,LUUK,o4579
o4579,governor-of-sulu-o4579,Governor of Sulu,executive,provincial,elected,SULU,,
o4580,mayor-of-old-panamao-sulu-o4580,"Mayor of Old Panamao, Sulu",executive,city,elected,SULU,OLD PANAMAO,o4579
o4581,mayor-of-luuk-sulu-o4581,"Mayor of Luuk, Sulu",executive,city,elected,SULU,LUUK,o4579
o4582,mayor-of-hadji-panglima-tahil-sulu-o4582,"Mayor of Hadji Panglima Tahil, Sulu",executive,city,elected,SULU,HADJI PANGLIMA TAHIL,o4579
o4583,mayor-of-pata-sulu-o4583,"Mayor of Pata, Sulu",executive,city,elected,SULU,PATA,o4579
o4584,mayor-of-kalingalan-caluang-sulu-o4584,"Mayor of Kalingalan Caluang, Sulu",executive,city,elected,SULU,KALINGALAN CALUANG,o4579
o4585,mayor-of-tapul-sulu-o4585,"Mayor of Tapul, Sulu",executive,city,elected,SULU,TAPUL,o4579
o4586,mayor-of-panglima-estino-sulu-o4586,"Mayor of Panglima Estino, Sulu",executive,city,elected,SULU,PANGLIMA ESTINO,o4579
o4587,mayor-of-patikul-sulu-o4587,"Mayor of Patikul, Sulu",executive,city,elected,SULU,PATIKUL,o4579
o4588,mayor-of-pandami-sulu-o4588,"Mayor of Pandami, Sulu",executive,city,elected,SULU,PANDAMI,o4579
o4589,mayor-of-maimbung-sulu-o4589,"Mayor of Maimbung, Sulu",executive,city,elected,SULU,MAIMBUNG,o4579
o4590,mayor-of-indanan-sulu-o4590,"Mayor of Indanan, Sulu",executive,city,elected,SULU,INDANAN,o4579
o4591,mayor-of-parang-sulu-o4591,"Mayor of Parang, Sulu",executive,city,elected,SULU,PARANG,o4579
o4592,mayor-of-siasi-sulu-o4592,"Mayor of Siasi, Sulu",executive,city,elected,SULU,SIASI,o4579
o4593,mayor-of-pangutaran-sulu-o4593,"Mayor of Pangutaran, Sulu",executive,city,elected,SULU,PANGUTARAN,o4579
o4594,mayor-of-tongkil-sulu-o4594,"Mayor of Tongkil, Sulu",executive,city,elected,SULU,TONGKIL,o4579
o4595,mayor-of-jolo-sulu-o4595,"Mayor of Jolo, Sulu",executive,city,elected,SULU,JOLO,o4579
o4596,mayor-of-talipao-sulu-o4596,"Mayor of Talipao, Sulu",executive,city,elected,SULU,TALIPAO,o4579
o4597,representative-sulu-o4597,"Representative, , Sulu",legislative,national,elected,SULU,,
o4598,provincial-board-member-of-sulu-o4598,Provincial Board Member of Sulu,legislative,provincial,elected,SULU,,
o4599,vice-governor-of-sulu-o4599,Vice Governor of Sulu,executive,provincial,elected,SULU,,
o4600,vice-mayor-of-tapul-sulu-o4600,"Vice Mayor of Tapul, Sulu",executive,city,elected,SULU,TAPUL,o4579
o4601,vice-mayor-of-pangutaran-sulu-o4601,"Vice Mayor of Pangutaran, Sulu",executive,city,elected,SULU,PANGUTARAN,o4579
o4602,vice-mayor-of-siasi-sulu-o4602,"Vice Mayor of Siasi, Sulu",executive,city,elected,SULU,SIASI,o4579
o4603,vice-mayor-of-old-panamao-sulu-o4603,"Vice Mayor of Old Panamao, Sulu",executive,city,elected,SULU,OLD PANAMAO,o4579
o4604,vice-mayor-of-pandami-sulu-o4604,"Vice Mayor of Pandami, Sulu",executive,city,elected,SULU,PANDAMI,o4579
o4605,vice-mayor-of-pata-sulu-o4605,"Vice Mayor of Pata, Sulu",executive,city,elected,SULU,PATA,o4579
o4606,vice-mayor-of-hadji-panglima-tahil-sulu-o4606,"Vice Mayor of Hadji Panglima Tahil, Sulu",executive,city,elected,SULU,HADJI PANGLIMA TAHIL,o4579
o4607,vice-mayor-of-panglima-estino-sulu-o4607,"Vice Mayor of Panglima Estino, Sulu",executive,city,elected,SULU,PANGLIMA ESTINO,o4579
o4608,vice-mayor-of-kalingalan-caluang-sulu-o4608,"Vice Mayor of Kalingalan Caluang, Sulu",executive,city,elected,SULU,KALINGALAN CALUANG,o4579
o4609,vice-mayor-of-talipao-sulu-o4609,"Vice Mayor of Talipao, Sulu",executive,city,elected,SULU,TALIPAO,o4579
o4610,vice-mayor-of-tongkil-sulu-o4610,"Vice Mayor of Tongkil, Sulu",executive,city,elected,SULU,TONGKIL,o4579
o4611,vice-mayor-of-maimbung-sulu-o4611,"Vice Mayor of Maimbung, Sulu",executive,city,elected,SULU,MAIMBUNG,o4579
o4612,vice-mayor-of-luuk-sulu-o4612,"Vice Mayor of Luuk, Sulu",executive,city,elected,SULU,LUUK,o4579
o4613,vice-mayor-of-patikul-sulu-o4613,"Vice Mayor of Patikul, Sulu",executive,city,elected,SULU,PATIKUL,o4579
o4614,vice-mayor-of-indanan-sulu-o4614,"Vice Mayor of Indanan, Sulu",executive,city,elected,SULU,INDANAN,o4579
o4615,vice-mayor-of-parang-sulu-o4615,"Vice Mayor of Parang, Sulu",executive,city,elected,SULU,PARANG,o4579
o4616,vice-mayor-of-jolo-sulu-o4616,"Vice Mayor of Jolo, Sulu",executive,city,elected,SULU,JOLO,o4579
o4617,councilor-of-loreto-surigao-del-norte-o4617,"Councilor of Loreto, Surigao Del Norte",legislative,city,elected,SURIGAO DEL NORTE,LORETO,o4645
o4618,councilor-of-sison-surigao-del-norte-o4618,"Councilor of Sison, Surigao Del Norte",legislative,city,elected,SURIGAO DEL NORTE,SISON,o4645
o4619,councilor-of-claver-surigao-del-norte-o4619,"Councilor of Claver, Surigao Del Norte",legislative,city,elected,SURIGAO DEL NORTE,CLAVER,o4645
o4620,councilor-of-surigao-surigao-del-norte-o4620,"Councilor of Surigao, Surigao Del Norte",legislative,city,elected,SURIGAO DEL NORTE,SURIGAO,o4645
o4621,councilor-of-pilar-surigao-del-norte-o4621,"Councilor of Pilar, Surigao Del Norte",legislative,city,elected,SURIGAO DEL NORTE,PILAR,o4645
o4622,councilor-of-tagana-an-surigao-del-norte-o4622,"Councilor of Tagana An, Surigao Del Norte",legislative,city,elected,SURIGAO DEL NORTE,TAGANA AN,o4645
o4623,councilor-of-cagdianao-surigao-del-norte-o4623,"Councilor of Cagdianao, Surigao Del Norte",legislative,city,elected,SURIGAO DEL NORTE,CAGDIANAO,o4645
o4624,councilor-of-malimono-surigao-del-norte-o4624,"Councilor of Malimono, Surigao Del Norte",legislative,city,elected,SURIGAO DEL NORTE,MALIMONO,o4645
o4625,councilor-of-tubajon-surigao-del-norte-o4625,"Councilor of Tubajon, Surigao Del Norte",legislative,city,elected,SURIGAO DEL NORTE,TUBAJON,o4645
o4626,councilor-of-basilisa-surigao-del-norte-o4626,"Councilor of Basilisa, Surigao Del Norte",legislative,city,elected,SURIGAO DEL NORTE,BASILISA,o4645
o4627,councilor-of-alegria-surigao-del-norte-o4627,"Councilor of Alegria, Surigao Del Norte",legislative,city,elected,SURIGAO DEL NORTE,ALEGRIA,o4645
o4628,councilor-of-gigaquit-surigao-del-norte-o4628,"Councilor of Gigaquit, Surigao Del Norte",legislative,city,elected,SURIGAO DEL NORTE,GIGAQUIT,o4645
o4629,councilor-of-tubod-surigao-del-norte-o4629,"Councilor of Tubod, Surigao Del Norte",legislative,city,elected,SURIGAO DEL NORTE,TUBOD,o4645
o4630,councilor-of-san-jose-surigao-del-norte-o4630,"Councilor of San Jose, Surigao Del Norte",legislative,city,elected,SURIGAO DEL NORTE,SAN JOSE,o4645
o4631,councilor-of-burgos-surigao-del-norte-o4631,"Councilor of Burgos, Surigao Del Norte",legislative,city,elected,SURIGAO DEL NORTE,BURGOS,o4645
o4632,councilor-of-general-luna-surigao-del-norte-o4632,"Councilor of General Luna, Surigao Del Norte",legislative,city,elected,SURIGAO DEL NORTE,GENERAL LUNA,o4645
o4633,councilor-of-dinagat-surigao-del-norte-o4633,"Councilor of Dinagat, Surigao Del Norte",legislative,city,elected,SURIGAO DEL NORTE,DINAGAT,o4645
o4634,councilor-of-san-francisco-surigao-del-norte-o4634,"Councilor of San Francisco, Surigao Del Norte",legislative,city,elected,SURIGAO DEL NORTE,SAN FRANCISCO,o4645
o4635,councilor-of-libjo-surigao-del-norte-o4635,"Councilor of Libjo, Surigao Del Norte",legislative,city,elected,SURIGAO DEL NORTE,LIBJO,o4645
o4636,councilor-of-placer-surigao-del-norte-o4636,"Councilor of Placer, Surigao Del Norte",legislative,city,elected,SURIGAO DEL NORTE,PLACER,o4645
o4637,councilor-of-san-benito-surigao-del-norte-o4637,"Councilor of San Benito, Surigao Del Norte",legislative,city,elected,SURIGAO DEL NORTE,SAN BENITO,o4645
o4638,councilor-of-bacuag-surigao-del-norte-o4638,"Councilor of Bacuag, Surigao Del Norte",legislative,city,elected,SURIGAO DEL NORTE,BACUAG,o4645
o4639,councilor-of-mainit-surigao-del-norte-o4639,"Councilor of Mainit, Surigao Del Norte",legislative,city,elected,SURIGAO DEL NORTE,MAINIT,o4645
o4640,councilor-of-san-isidro-surigao-del-norte-o4640,"Councilor of San Isidro, Surigao Del Norte",legislative,city,elected,SURIGAO DEL NORTE,SAN ISIDRO,o4645
o4641,councilor-of-socorro-surigao-del-norte-o4641,"Councilor of Socorro, Surigao Del Norte",legislative,city,elected,SURIGAO DEL NORTE,SOCORRO,o4645
o4642,councilor-of-dapa-surigao-del-norte-o4642,"Councilor of Dapa, Surigao Del Norte",legislative,city,elected,SURIGAO DEL NORTE,DAPA,o4645
o4643,councilor-of-del-carmen-surigao-del-norte-o4643,"Councilor of Del Carmen, Surigao Del Norte",legislative,city,elected,SURIGAO DEL NORTE,DEL CARMEN,o4645
o4644,councilor-of-santa-monica-surigao-del-norte-o4644,"Councilor of Santa Monica, Surigao Del Norte",legislative,city,elected,SURIGAO DEL NORTE,SANTA MONICA,o4645
o4645,governor-of-surigao-del-norte-o4645,Governor of Surigao Del Norte,executive,provincial,elected,SURIGAO DEL NORTE,,
o4646,mayor-of-alegria-surigao-del-norte-o4646,"Mayor of Alegria, Surigao Del Norte",executive,city,elected,SURIGAO DEL NORTE,ALEGRIA,o4645
o4647,mayor-of-santa-monica-surigao-del-norte-o4647,"Mayor of Santa Monica, Surigao Del Norte",executive,city,elected,SURIGAO DEL NORTE,SANTA MONICA,o4645
o4648,mayor-of-burgos-surigao-del-norte-o4648,"Mayor of Burgos, Surigao Del Norte",executive,city,elected,SURIGAO DEL NORTE,BURGOS,o4645
o4649,mayor-of-surigao-surigao-del-norte-o4649,"Mayor of Surigao, Surigao Del Norte",executive,city,elected,SURIGAO DEL NORTE,SURIGAO,o4645
o4650,mayor-of-san-isidro-surigao-del-norte-o4650,"Mayor of San Isidro, Surigao Del Norte",executive,city,elected,SURIGAO DEL NORTE,SAN ISIDRO,o4645
o4651,mayor-of-dinagat-surigao-del-norte-o4651,"Mayor of Dinagat, Surigao Del Norte",executive,city,elected,SURIGAO DEL NORTE,DINAGAT,o4645
o4652,mayor-of-san-jose-surigao-del-norte-o4652,"Mayor of San Jose, Surigao Del Norte",executive,city,elected,SURIGAO DEL NORTE,SAN JOSE,o4645
o4653,mayor-of-gigaquit-surigao-del-norte-o4653,"Mayor of Gigaquit, Surigao Del Norte",executive,city,elected,SURIGAO DEL NORTE,GIGAQUIT,o4645
o4654,mayor-of-tagana-an-surigao-del-norte-o4654,"Mayor of Tagana An, Surigao Del Norte",executive,city,elected,SURIGAO DEL NORTE,TAGANA AN,o4645
o4655,mayor-of-socorro-surigao-del-norte-o4655,"Mayor of Socorro, Surigao Del Norte",executive,city,elected,SURIGAO DEL NORTE,SOCORRO,o4645
o4656,mayor-of-mainit-surigao-del-norte-o4656,"Mayor of Mainit, Surigao Del Norte",executive,city,elected,SURIGAO DEL NORTE,MAINIT,o4645
o4657,mayor-of-claver-surigao-del-norte-o4657,"Mayor of Claver, Surigao Del Norte",executive,city,elected,SURIGAO DEL NORTE,CLAVER,o4645
o4658,mayor-of-basilisa-surigao-del-norte-o4658,"Mayor of Basilisa, Surigao Del Norte",executive,city,elected,SURIGAO DEL NORTE,BASILISA,o4645
o4659,mayor-of-loreto-surigao-del-norte-o4659,"Mayor of Loreto, Surigao Del Norte",executive,city,elected,SURIGAO DEL NORTE,LORETO,o4645
o4660,mayor-of-libjo-surigao-del-norte-o4660,"Mayor of Libjo, Surigao Del Norte",executive,city,elected,SURIGAO DEL NORTE,LIBJO,o4645
o4661,mayor-of-cagdianao-surigao-del-norte-o4661,"Mayor of Cagdianao, Surigao Del Norte",executive,city,elected,SURIGAO DEL NORTE,CAGDIANAO,o4645
o4662,mayor-of-tubajon-surigao-del-norte-o4662,"Mayor of Tubajon, Surigao Del Norte",executive,city,elected,SURIGAO DEL NORTE,TUBAJON,o4645
o4663,mayor-of-sison-surigao-del-norte-o4663,"Mayor of Sison, Surigao Del Norte",executive,city,elected,SURIGAO DEL NORTE,SISON,o4645
o4664,mayor-of-dapa-surigao-del-norte-o4664,"Mayor of Dapa, Surigao Del Norte",executive,city,elected,SURIGAO DEL NORTE,DAPA,o4645
o4665,mayor-of-del-carmen-surigao-del-norte-o4665,"Mayor of Del Carmen, Surigao Del Norte",executive,city,elected,SURIGAO DEL NORTE,DEL CARMEN,o4645
o4666,mayor-of-san-francisco-surigao-del-norte-o4666,"Mayor of San Francisco, Surigao Del Norte",executive,city,elected,SURIGAO DEL NORTE,SAN FRANCISCO,o4645
o4667,mayor-of-bacuag-surigao-del-norte-o4667,"Mayor of Bacuag, Surigao Del Norte",executive,city,elected,SURIGAO DEL NORTE,BACUAG,o4645
o4668,mayor-of-pilar-surigao-del-norte-o4668,"Mayor of Pilar, Surigao Del Norte",executive,city,elected,SURIGAO DEL NORTE,PILAR,o4645
o4669,mayor-of-tubod-surigao-del-norte-o4669,"Mayor of Tubod, Surigao Del Norte",executive,city,elected,SURIGAO DEL NORTE,TUBOD,o4645
o4670,mayor-of-general-luna-surigao-del-norte-o4670,"Mayor of General Luna, Surigao Del Norte",executive,city,elected,SURIGAO DEL NORTE,GENERAL LUNA,o4645
o4671,mayor-of-malimono-surigao-del-norte-o4671,"Mayor of Malimono, Surigao Del Norte",executive,city,elected,SURIGAO DEL NORTE,MALIMONO,o4645
o4672,mayor-of-san-benito-surigao-del-norte-o4672,"Mayor of San Benito, Surigao Del Norte",executive,city,elected,SURIGAO DEL NORTE,SAN BENITO,o4645
o4673,mayor-of-placer-surigao-del-norte-o4673,"Mayor of Placer, Surigao Del Norte",executive,city,elected,SURIGAO DEL NORTE,PLACER,o4645
o4674,representative-surigao-del-norte-o4674,"Representative, , Surigao Del Norte",legislative,national,elected,SURIGAO DEL NORTE,,
o4675,provincial-board-member-of-surigao-del-norte-o4675,Provincial Board Member of Surigao Del Norte,legislative,provincial,elected,SURIGAO DEL NORTE,,
o4676,vice-governor-of-surigao-del-norte-o4676,Vice Governor of Surigao Del Norte,executive,provincial,elected,SURIGAO DEL NORTE,,
o4677,vice-mayor-of-san-francisco-surigao-del-norte-o4677,"Vice Mayor of San Francisco, Surigao Del Norte",executive,city,elected,SURIGAO DEL NORTE,SAN FRANCISCO,o4645
o4678,vice-mayor-of-basilisa-surigao-del-norte-o4678,"Vice Mayor of Basilisa, Surigao Del Norte",executive,city,elected,SURIGAO DEL NORTE,BASILISA,o4645
o4679,vice-mayor-of-dapa-surigao-del-norte-o4679,"Vice Mayor of Dapa, Surigao Del Norte",executive,city,elected,SURIGAO DEL NORTE,DAPA,o4645
o4680,vice-mayor-of-gigaquit-surigao-del-norte-o4680,"Vice Mayor of Gigaquit, Surigao Del Norte",executive,city,elected,SURIGAO DEL NORTE,GIGAQUIT,o4645
o4681,vice-mayor-of-placer-surigao-del-norte-o4681,"Vice Mayor of Placer, Surigao Del Norte",executive,city,elected,SURIGAO DEL NORTE,PLACER,o4645
o4682,vice-mayor-of-cagdianao-surigao-del-norte-o4682,"Vice Mayor of Cagdianao, Surigao Del Norte",executive,city,elected,SURIGAO DEL NORTE,CAGDIANAO,o4645
o4683,vice-mayor-of-san-benito-surigao-del-norte-o4683,"Vice Mayor of San Benito, Surigao Del Norte",executive,city,elected,SURIGAO DEL NORTE,SAN BENITO,o4645
o4684,vice-mayor-of-dinagat-surigao-del-norte-o4684,"Vice Mayor of Dinagat, Surigao Del Norte",executive,city,elected,SURIGAO DEL NORTE,DINAGAT,o4645
o4685,vice-mayor-of-tagana-an-surigao-del-norte-o4685,"Vice Mayor of Tagana An, Surigao Del Norte",executive,city,elected,SURIGAO DEL NORTE,TAGANA AN,o4645
o4686,vice-mayor-of-mainit-surigao-del-norte-o4686,"Vice Mayor of Mainit, Surigao Del Norte",executive,city,elected,SURIGAO DEL NORTE,MAINIT,o4645
o4687,vice-mayor-of-tubod-surigao-del-norte-o4687,"Vice Mayor of Tubod, Surigao Del Norte",executive,city,elected,SURIGAO DEL NORTE,TUBOD,o4645
o4688,vice-mayor-of-del-carmen-surigao-del-norte-o4688,"Vice Mayor of Del Carmen, Surigao Del Norte",executive,city,elected,SURIGAO DEL NORTE,DEL CARMEN,o4645
o4689,vice-mayor-of-pilar-surigao-del-norte-o4689,"Vice Mayor of Pilar, Surigao Del Norte",executive,city,elected,SURIGAO DEL NORTE,PILAR,o4645
o4690,vice-mayor-of-general-luna-surigao-del-norte-o4690,"Vice Mayor of General Luna, Surigao Del Norte",executive,city,elected,SURIGAO DEL NORTE,GENERAL LUNA,o4645
o4691,vice-mayor-of-loreto-surigao-del-norte-o4691,"Vice Mayor of Loreto, Surigao Del Norte",executive,city,elected,SURIGAO DEL NORTE,LORETO,o4645
o4692,vice-mayor-of-surigao-surigao-del-norte-o4692,"Vice Mayor of Surigao, Surigao Del Norte",executive,city,elected,SURIGAO DEL NORTE,SURIGAO,o4645
o4693,vice-mayor-of-san-isidro-surigao-del-norte-o4693,"Vice Mayor of San Isidro, Surigao Del Norte",executive,city,elected,SURIGAO DEL NORTE,SAN ISIDRO,o4645
o4694,vice-mayor-of-alegria-surigao-del-norte-o4694,"Vice Mayor of Alegria, Surigao Del Norte",executive,city,elected,SURIGAO DEL NORTE,ALEGRIA,o4645
o4695,vice-mayor-of-sison-surigao-del-norte-o4695,"Vice Mayor of Sison, Surigao Del Norte",executive,city,elected,SURIGAO DEL NORTE,SISON,o4645
o4696,vice-mayor-of-claver-surigao-del-norte-o4696,"Vice Mayor of Claver, Surigao Del Norte",executive,city,elected,SURIGAO DEL NORTE,CLAVER,o4645
o4697,vice-mayor-of-santa-monica-surigao-del-norte-o4697,"Vice Mayor of Santa Monica, Surigao Del Norte",executive,city,elected,SURIGAO DEL NORTE,SANTA MONICA,o4645
o4698,vice-mayor-of-libjo-surigao-del-norte-o4698,"Vice Mayor of Libjo, Surigao Del Norte",executive,city,elected,SURIGAO DEL NORTE,LIBJO,o4645
o4699,vice-mayor-of-bacuag-surigao-del-norte-o4699,"Vice Mayor of Bacuag, Surigao Del Norte",executive,city,elected,SURIGAO DEL NORTE,BACUAG,o4645
o4700,vice-mayor-of-socorro-surigao-del-norte-o4700,"Vice Mayor of Socorro, Surigao Del Norte",executive,city,elected,SURIGAO DEL NORTE,SOCORRO,o4645
o4701,vice-mayor-of-burgos-surigao-del-norte-o4701,"Vice Mayor of Burgos, Surigao Del Norte",executive,city,elected,SURIGAO DEL NORTE,BURGOS,o4645
o4702,vice-mayor-of-tubajon-surigao-del-norte-o4702,"Vice Mayor of Tubajon, Surigao Del Norte",executive,city,elected,SURIGAO DEL NORTE,TUBAJON,o4645
o4703,vice-mayor-of-san-jose-surigao-del-norte-o4703,"Vice Mayor of San Jose, Surigao Del Norte",executive,city,elected,SURIGAO DEL NORTE,SAN JOSE,o4645
o4704,vice-mayor-of-malimono-surigao-del-norte-o4704,"Vice Mayor of Malimono, Surigao Del Norte",executive,city,elected,SURIGAO DEL NORTE,MALIMONO,o4645
o4705,councilor-of-marihatag-surigao-del-sur-o4705,"Councilor of Marihatag, Surigao Del Sur",legislative,city,elected,SURIGAO DEL SUR,MARIHATAG,o4724
o4706,councilor-of-cagwait-surigao-del-sur-o4706,"Councilor of Cagwait, Surigao Del Sur",legislative,city,elected,SURIGAO DEL SUR,CAGWAIT,o4724
o4707,councilor-of-bislig-surigao-del-sur-o4707,"Councilor of Bislig, Surigao Del Sur",legislative,city,elected,SURIGAO DEL SUR,BISLIG,o4724
o4708,councilor-of-lingig-surigao-del-sur-o4708,"Councilor of Lingig, Surigao Del Sur",legislative,city,elected,SURIGAO DEL SUR,LINGIG,o4724
o4709,councilor-of-tagbina-surigao-del-sur-o4709,"Councilor of Tagbina, Surigao Del Sur",legislative,city,elected,SURIGAO DEL SUR,TAGBINA,o4724
o4710,councilor-of-carrascal-surigao-del-sur-o4710,"Councilor of Carrascal, Surigao Del Sur",legislative,city,elected,SURIGAO DEL SUR,CARRASCAL,o4724
o4711,councilor-of-carmen-surigao-del-sur-o4711,"Councilor of Carmen, Surigao Del Sur",legislative,city,elected,SURIGAO DEL SUR,CARMEN,o4724
o4712,councilor-of-cortes-surigao-del-sur-o4712,"Councilor of Cortes, Surigao Del Sur",legislative,city,elected,SURIGAO DEL SUR,CORTES,o4724
o4713,councilor-of-madrid-surigao-del-sur-o4713,"Councilor of Madrid, Surigao Del Sur",legislative,city,elected,SURIGAO DEL SUR,MADRID,o4724
o4714,councilor-of-tandag-surigao-del-sur-o4714,"Councilor of Tandag, Surigao Del Sur",legislative,city,elected,SURIGAO DEL SUR,TANDAG,o4724
o4715,councilor-of-barobo-surigao-del-sur-o4715,"Councilor of Barobo, Surigao Del Sur",legislative,city,elected,SURIGAO DEL SUR,BAROBO,o4724
o4716,councilor-of-lanuza-surigao-del-sur-o4716,"Councilor of Lanuza, Surigao Del Sur",legislative,city,elected,SURIGAO DEL SUR,LANUZA,o4724
o4717,councilor-of-cantilan-surigao-del-sur-o4717,"Councilor of Cantilan, Surigao Del Sur",legislative,city,elected,SURIGAO DEL SUR,CANTILAN,o4724
o4718,councilor-of-tago-surigao-del-sur-o4718,"Councilor of Tago, Surigao Del Sur",legislative,city,elected,SURIGAO DEL SUR,TAGO,o4724
o4719,councilor-of-san-miguel-surigao-del-sur-o4719,"Councilor of San Miguel, Surigao Del Sur",legislative,city,elected,SURIGAO DEL SUR,SAN MIGUEL,o4724
o4720,councilor-of-bayabas-surigao-del-sur-o4720,"Councilor of Bayabas, Surigao Del Sur",legislative,city,elected,SURIGAO DEL SUR,BAYABAS,o4724
o4721,councilor-of-san-agustin-surigao-del-sur-o4721,"Councilor of San Agustin, Surigao Del Sur",legislative,city,elected,SURIGAO DEL SUR,SAN AGUSTIN,o4724
o4722,councilor-of-hinatuan-surigao-del-sur-o4722,"Councilor of Hinatuan, Surigao Del Sur",legislative,city,elected,SURIGAO DEL SUR,HINATUAN,o4724
o4723,councilor-of-lianga-surigao-del-sur-o4723,"Councilor of Lianga, Surigao Del Sur",legislative,city,elected,SURIGAO DEL SUR,LIANGA,o4724
o4724,governor-of-surigao-del-sur-o4724,Governor of Surigao Del Sur,executive,provincial,elected,SURIGAO DEL SUR,,
o4725,mayor-of-san-agustin-surigao-del-sur-o4725,"Mayor of San Agustin, Surigao Del Sur",executive,city,elected,SURIGAO DEL SUR,SAN AGUSTIN,o4724
o4726,mayor-of-carmen-surigao-del-sur-o4726,"Mayor of Carmen, Surigao Del Sur",executive,city,elected,SURIGAO DEL SUR,CARMEN,o4724
o4727,mayor-of-carrascal-surigao-del-sur-o4727,"Mayor of Carrascal, Surigao Del Sur",executive,city,elected,SURIGAO DEL SUR,CARRASCAL,o4724
o4728,mayor-of-tandag-surigao-del-sur-o4728,"Mayor of Tandag, Surigao Del Sur",executive,city,elected,SURIGAO DEL SUR,TANDAG,o4724
o4729,mayor-of-bislig-surigao-del-sur-o4729,"Mayor of Bislig, Surigao Del Sur",executive,city,elected,SURIGAO DEL SUR,BISLIG,o4724
o4730,mayor-of-cantilan-surigao-del-sur-o4730,"Mayor of Cantilan, Surigao Del Sur",executive,city,elected,SURIGAO DEL SUR,CANTILAN,o4724
o4731,mayor-of-lanuza-surigao-del-sur-o4731,"Mayor of Lanuza, Surigao Del Sur",executive,city,elected,SURIGAO DEL SUR,LANUZA,o4724
o4732,mayor-of-bayabas-surigao-del-sur-o4732,"Mayor of Bayabas, Surigao Del Sur",executive,city,elected,SURIGAO DEL SUR,BAYABAS,o4724
o4733,mayor-of-cagwait-surigao-del-sur-o4733,"Mayor of Cagwait, Surigao Del Sur",executive,city,elected,SURIGAO DEL SUR,CAGWAIT,o4724
o4734,mayor-of-lingig-surigao-del-sur-o4734,"Mayor of Lingig, Surigao Del Sur",executive,city,elected,SURIGAO DEL SUR,LINGIG,o4724
o4735,mayor-of-madrid-surigao-del-sur-o4735,"Mayor of Madrid, Surigao Del Sur",executive,city,elected,SURIGAO DEL SUR,MADRID,o4724
o4736,mayor-of-hinatuan-surigao-del-sur-o4736,"Mayor of Hinatuan, Surigao Del Sur",executive,city,elected,SURIGAO DEL SUR,HINATUAN,o4724
o4737,mayor-of-san-miguel-surigao-del-sur-o4737,"Mayor of San Miguel, Surigao Del Sur",executive,city,elected,SURIGAO DEL SUR,SAN MIGUEL,o4724
o4738,mayor-of-marihatag-surigao-del-sur-o4738,"Mayor of Marihatag, Surigao Del Sur",executive,city,elected,SURIGAO DEL SUR,MARIHATAG,o4724
o4739,mayor-of-tago-surigao-del-sur-o4739,"Mayor of Tago, Surigao Del Sur",executive,city,elected,SURIGAO DEL SUR,TAGO,o4724
o4740,mayor-of-tagbina-surigao-del-sur-o4740,"Mayor of Tagbina, Surigao Del Sur",executive,city,elected,SURIGAO DEL SUR,TAGBINA,o4724
o4741,mayor-of-barobo-surigao-del-sur-o4741,"Mayor of Barobo, Surigao Del Sur",executive,city,elected,SURIGAO DEL SUR,BAROBO,o4724
o4742,mayor-of-lianga-surigao-del-sur-o4742,"Mayor of Lianga, Surigao Del Sur",executive,city,elected,SURIGAO DEL SUR,LIANGA,o4724
o4743,mayor-of-cortes-surigao-del-sur-o4743,"Mayor of Cortes, Surigao Del Sur",executive,city,elected,SURIGAO DEL SUR,CORTES,o4724
o4744,representative-surigao-del-sur-o4744,"Representative, , Surigao Del Sur",legislative,national,elected,SURIGAO DEL SUR,,
o4745,provincial-board-member-of-surigao-del-sur-o4745,Provincial Board Member of Surigao Del Sur,legislative,provincial,elected,SURIGAO DEL SUR,,
o4746,vice-governor-of-surigao-del-sur-o4746,Vice Governor of Surigao Del Sur,executive,provincial,elected,SURIGAO DEL SUR,,
o4747,vice-mayor-of-carmen-surigao-del-sur-o4747,"Vice Mayor of Carmen, Surigao Del Sur",executive,city,elected,SURIGAO DEL SUR,CARMEN,o4724
o4748,vice-mayor-of-lanuza-surigao-del-sur-o4748,"Vice Mayor of Lanuza, Surigao Del Sur",executive,city,elected,SURIGAO DEL SUR,LANUZA,o4724
o4749,vice-mayor-of-bislig-surigao-del-sur-o4749,"Vice Mayor of Bislig, Surigao Del Sur",executive,city,elected,SURIGAO DEL SUR,BISLIG,o4724
o4750,vice-mayor-of-tagbina-surigao-del-sur-o4750,"Vice Mayor of Tagbina, Surigao Del Sur",executive,city,elected,SURIGAO DEL SUR,TAGBINA,o4724
o4751,vice-mayor-of-lingig-surigao-del-sur-o4751,"Vice Mayor of Lingig, Surigao Del Sur",executive,city,elected,SURIGAO DEL SUR,LINGIG,o4724
o4752,vice-mayor-of-tago-surigao-del-sur-o4752,"Vice Mayor of Tago, Surigao Del Sur",executive,city,elected,SURIGAO DEL SUR,TAGO,o4724
o4753,vice-mayor-of-san-agustin-surigao-del-sur-o4753,"Vice Mayor of San Agustin, Surigao Del Sur",executive,city,elected,SURIGAO DEL SUR,SAN AGUSTIN,o4724
o4754,vice-mayor-of-madrid-surigao-del-sur-o4754,"Vice Mayor of Madrid, Surigao Del Sur",executive,city,elected,SURIGAO DEL SUR,MADRID,o4724
o4755,vice-mayor-of-hinatuan-surigao-del-sur-o4755,"Vice Mayor of Hinatuan, Surigao Del Sur",executive,city,elected,SURIGAO DEL SUR,HINATUAN,o4724
o4756,vice-mayor-of-cantilan-surigao-del-sur-o4756,"Vice Mayor of Cantilan, Surigao Del Sur",executive,city,elected,SURIGAO DEL SUR,CANTILAN,o4724
o4757,vice-mayor-of-lianga-surigao-del-sur-o4757,"Vice Mayor of Lianga, Surigao Del Sur",executive,city,elected,SURIGAO DEL SUR,LIANGA,o4724
o4758,vice-mayor-of-marihatag-surigao-del-sur-o4758,"Vice Mayor of Marihatag, Surigao Del Sur",executive,city,elected,SURIGAO DEL SUR,MARIHATAG,o4724
o4759,vice-mayor-of-bayabas-surigao-del-sur-o4759,"Vice Mayor of Bayabas, Surigao Del Sur",executive,city,elected,SURIGAO DEL SUR,BAYABAS,o4724
o4760,vice-mayor-of-cagwait-surigao-del-sur-o4760,"Vice Mayor of Cagwait, Surigao Del Sur",executive,city,elected,SURIGAO DEL SUR,CAGWAIT,o4724
o4761,vice-mayor-of-cortes-surigao-del-sur-o4761,"Vice Mayor of Cortes, Surigao Del Sur",executive,city,elected,SURIGAO DEL SUR,CORTES,o4724
o4762,vice-mayor-of-tandag-surigao-del-sur-o4762,"Vice Mayor of Tandag, Surigao Del Sur",executive,city,elected,SURIGAO DEL SUR,TANDAG,o4724
o4763,vice-mayor-of-san-miguel-surigao-del-sur-o4763,"Vice Mayor of San Miguel, Surigao Del Sur",executive,city,elected,SURIGAO DEL SUR,SAN MIGUEL,o4724
o4764,vice-mayor-of-barobo-surigao-del-sur-o4764,"Vice Mayor of Barobo, Surigao Del Sur",executive,city,elected,SURIGAO DEL SUR,BAROBO,o4724
o4765,vice-mayor-of-carrascal-surigao-del-sur-o4765,"Vice Mayor of Carrascal, Surigao Del Sur",executive,city,elected,SURIGAO DEL SUR,CARRASCAL,o4724
o4766,councilor-of-camiling-tarlac-o4766,"Councilor of Camiling, Tarlac",legislative,city,elected,TARLAC,CAMILING,o4784
o4767,councilor-of-san-clemente-tarlac-o4767,"Councilor of San Clemente, Tarlac",legislative,city,elected,TARLAC,SAN CLEMENTE,o4784
o4768,councilor-of-moncada-tarlac-o4768,"Councilor of Moncada, Tarlac",legislative,city,elected,TARLAC,MONCADA,o4784
o4769,councilor-of-tarlac-tarlac-o4769,"Councilor of Tarlac, Tarlac",legislative,city,elected,TARLAC,TARLAC,o4784
o4770,councilor-of-victoria-tarlac-o4770,"Councilor of Victoria, Tarlac",legislative,city,elected,TARLAC,VICTORIA,o4784
o4771,councilor-of-la-paz-tarlac-o4771,"Councilor of La Paz, Tarlac",legislative,city,elected,TARLAC,LA PAZ,o4784
o4772,councilor-of-anao-tarlac-o4772,"Councilor of Anao, Tarlac",legislative,city,elected,TARLAC,ANAO,o4784
o4773,councilor-of-paniqui-tarlac-o4773,"Councilor of Paniqui, Tarlac",legislative,city,elected,TARLAC,PANIQUI,o4784
o4774,councilor-of-ramos-tarlac-o4774,"Councilor of Ramos, Tarlac",legislative,city,elected,TARLAC,RAMOS,o4784
o4775,councilor-of-san-manuel-tarlac-o4775,"Councilor of San Manuel, Tarlac",legislative,city,elected,TARLAC,SAN MANUEL,o4784
o4776,councilor-of-pura-tarlac-o4776,"Councilor of Pura, Tarlac",legislative,city,elected,TARLAC,PURA,o4784
o4777,councilor-of-bamban-tarlac-o4777,"Councilor of Bamban, Tarlac",legislative,city,elected,TARLAC,BAMBAN,o4784
o4778,councilor-of-mayantoc-tarlac-o4778,"Councilor of Mayantoc, Tarlac",legislative,city,elected,TARLAC,MAYANTOC,o4784
o4779,councilor-of-capas-tarlac-o4779,"Councilor of Capas, Tarlac",legislative,city,elected,TARLAC,CAPAS,o4784
o4780,councilor-of-santa-ignacia-tarlac-o4780,"Councilor of Santa Ignacia, Tarlac",legislative,city,elected,TARLAC,SANTA IGNACIA,o4784
o4781,councilor-of-concepcion-tarlac-o4781,"Councilor of Concepcion, Tarlac",legislative,city,elected,TARLAC,CONCEPCION,o4784
o4782,councilor-of-gerona-tarlac-o4782,"Councilor of Gerona, Tarlac",legislative,city,elected,TARLAC,GERONA,o4784
o4783,councilor-of-san-jose-tarlac-o4783,"Councilor of San Jose, Tarlac",legislative,city,elected,TARLAC,SAN JOSE,o4784
o4784,governor-of-tarlac-o4784,Governor of Tarlac,executive,provincial,elected,TARLAC,,
o4785,mayor-of-bamban-tarlac-o4785,"Mayor of Bamban, Tarlac",executive,city,elected,TARLAC,BAMBAN,o4784
o4786,mayor-of-moncada-tarlac-o4786,"Mayor of Moncada, Tarlac",executive,city,elected,TARLAC,MONCADA,o4784
o4787,mayor-of-ramos-tarlac-o4787,"Mayor of Ramos, Tarlac",executive,city,elected,TARLAC,RAMOS,o4784
o4788,mayor-of-capas-tarlac-o4788,"Mayor of Capas, Tarlac",executive,city,elected,TARLAC,CAPAS,o4784
o4789,mayor-of-camiling-tarlac-o4789,"Mayor of Camiling, Tarlac",executive,city,elected,TARLAC,CAMILING,o4784
o4790,mayor-of-san-jose-tarlac-o4790,"Mayor of San Jose, Tarlac",executive,city,elected,TARLAC,SAN JOSE,o4784
o4791,mayor-of-anao-tarlac-o4791,"Mayor of Anao, Tarlac",executive,city,elected,TARLAC,ANAO,o4784
o4792,mayor-of-victoria-tarlac-o4792,"Mayor of Victoria, Tarlac",executive,city,elected,TARLAC,VICTORIA,o4784
o4793,mayor-of-paniqui-tarlac-o4793,"Mayor of Paniqui, Tarlac",executive,city,elected,TARLAC,PANIQUI,o4784
o4794,mayor-of-concepcion-tarlac-o4794,"Mayor of Concepcion, Tarlac",executive,city,elected,TARLAC,CONCEPCION,o4784
o4795,mayor-of-san-manuel-tarlac-o4795,"Mayor of San Manuel, Tarlac",executive,city,elected,TARLAC,SAN MANUEL,o4784
o4796,mayor-of-la-paz-tarlac-o4796,"Mayor of La Paz, Tarlac",executive,city,elected,TARLAC,LA PAZ,o4784
o4797,mayor-of-tarlac-tarlac-o4797,"Mayor of Tarlac, Tarlac",executive,city,elected,TARLAC,TARLAC,o4784
o4798,mayor-of-santa-ignacia-tarlac-o4798,"Mayor of Santa Ignacia, Tarlac",executive,city,elected,TARLAC,SANTA IGNACIA,o4784
o4799,mayor-of-san-clemente-tarlac-o4799,"Mayor of San Clemente, Tarlac",executive,city,elected,TARLAC,SAN CLEMENTE,o4784
o4800,mayor-of-mayantoc-tarlac-o4800,"Mayor of Mayantoc, Tarlac",executive,city,elected,TARLAC,MAYANTOC,o4784
o4801,mayor-of-pura-tarlac-o4801,"Mayor of Pura, Tarlac",executive,city,elected,TARLAC,PURA,o4784
o4802,mayor-of-gerona-tarlac-o4802,"Mayor of Gerona, Tarlac",executive,city,elected,TARLAC,GERONA,o4784
o4803,provincial-board-member-of-tarlac-o4803,Provincial Board Member of Tarlac,legislative,provincial,elected,TARLAC,,
o4804,vice-governor-of-tarlac-o4804,Vice Governor of Tarlac,executive,provincial,elected,TARLAC,,
o4805,vice-mayor-of-san-manuel-tarlac-o4805,"Vice Mayor of San Manuel, Tarlac",executive,city,elected,TARLAC,SAN MANUEL,o4784
o4806,vice-mayor-of-concepcion-tarlac-o4806,"Vice Mayor of Concepcion, Tarlac",executive,city,elected,TARLAC,CONCEPCION,o4784
o4807,vice-mayor-of-gerona-tarlac-o4807,"Vice Mayor of Gerona, Tarlac",executive,city,elected,TARLAC,GERONA,o4784
o4808,vice-mayor-of-la-paz-tarlac-o4808,"Vice Mayor of La Paz, Tarlac",executive,city,elected,TARLAC,LA PAZ,o4784
o4809,vice-mayor-of-moncada-tarlac-o4809,"Vice Mayor of Moncada, Tarlac",executive,city,elected,TARLAC,MONCADA,o4784
o4810,vice-mayor-of-santa-ignacia-tarlac-o4810,"Vice Mayor of Santa Ignacia, Tarlac",executive,city,elected,TARLAC,SANTA IGNACIA,o4784
o4811,vice-mayor-of-san-jose-tarlac-o4811,"Vice Mayor of San Jose, Tarlac",executive,city,elected,TARLAC,SAN JOSE,o4784
o4812,vice-mayor-of-bamban-tarlac-o4812,"Vice Mayor of Bamban, Tarlac",executive,city,elected,TARLAC,BAMBAN,o4784
o4813,vice-mayor-of-camiling-tarlac-o4813,"Vice Mayor of Camiling, Tarlac",executive,city,elected,TARLAC,CAMILING,o4784
o4814,vice-mayor-of-anao-tarlac-o4814,"Vice Mayor of Anao, Tarlac",executive,city,elected,TARLAC,ANAO,o4784
o4815,vice-mayor-of-paniqui-tarlac-o4815,"Vice Mayor of Paniqui, Tarlac",executive,city,elected,TARLAC,PANIQUI,o4784
o4816,vice-mayor-of-san-clemente-tarlac-o4816,"Vice Mayor of San Clemente, Tarlac",executive,city,elected,TARLAC,SAN CLEMENTE,o4784
o4817,vice-mayor-of-ramos-tarlac-o4817,"Vice Mayor of Ramos, Tarlac",executive,city,elected,TARLAC,RAMOS,o4784
o4818,vice-mayor-of-victoria-tarlac-o4818,"Vice Mayor of Victoria, Tarlac",executive,city,elected,TARLAC,VICTORIA,o4784
o4819,vice-mayor-of-capas-tarlac-o4819,"Vice Mayor of Capas, Tarlac",executive,city,elected,TARLAC,CAPAS,o4784
o4820,vice-mayor-of-tarlac-tarlac-o4820,"Vice Mayor of Tarlac, Tarlac",executive,city,elected,TARLAC,TARLAC,o4784
o4821,vice-mayor-of-mayantoc-tarlac-o4821,"Vice Mayor of Mayantoc, Tarlac",executive,city,elected,TARLAC,MAYANTOC,o4784
o4822,vice-mayor-of-pura-tarlac-o4822,"Vice Mayor of Pura, Tarlac",executive,city,elected,TARLAC,PURA,o4784
o4823,councilor-of-simunul-tawi-tawi-o4823,"Councilor of Simunul, Tawi Tawi",legislative,city,elected,TAWI TAWI,SIMUNUL,o5554
o4824,councilor-of-bongao-tawi-tawi-o4824,"Councilor of Bongao, Tawi Tawi",legislative,city,elected,TAWI TAWI,BONGAO,o5554
o4825,councilor-of-turtle-islands-tawi-tawi-o4825,"Councilor of Turtle Islands, Tawi Tawi",legislative,city,elected,TAWI TAWI,TURTLE ISLANDS,o5554
o4826,councilor-of-panglima-sugala-tawi-tawi-o4826,"Councilor of Panglima Sugala, Tawi Tawi",legislative,city,elected,TAWI TAWI,PANGLIMA SUGALA,o5554
o4827,councilor-of-sapa-sapa-tawi-tawi-o4827,"Councilor of Sapa Sapa, Tawi Tawi",legislative,city,elected,TAWI TAWI,SAPA SAPA,o5554
o4828,councilor-of-mapun-tawi-tawi-o4828,"Councilor of Mapun, Tawi Tawi",legislative,city,elected,TAWI TAWI,MAPUN,o5554
o4829,councilor-of-sitangkai-tawi-tawi-o4829,"Councilor of Sitangkai, Tawi Tawi",legislative,city,elected,TAWI TAWI,SITANGKAI,o5554
o4830,councilor-of-tandubas-tawi-tawi-o4830,"Councilor of Tandubas, Tawi Tawi",legislative,city,elected,TAWI TAWI,TANDUBAS,o5554
o4831,councilor-of-languyan-tawi-tawi-o4831,"Councilor of Languyan, Tawi Tawi",legislative,city,elected,TAWI TAWI,LANGUYAN,o5554
o4832,councilor-of-south-ubian-tawi-tawi-o4832,"Councilor of South Ubian, Tawi Tawi",legislative,city,elected,TAWI TAWI,SOUTH UBIAN,o5554
o4833,mayor-of-simunul-tawi-tawi-o4833,"Mayor of Simunul, Tawi Tawi",executive,city,elected,TAWI TAWI,SIMUNUL,o5554
o4834,mayor-of-sitangkai-tawi-tawi-o4834,"Mayor of Sitangkai, Tawi Tawi",executive,city,elected,TAWI TAWI,SITANGKAI,o5554
o4835,mayor-of-turtle-islands-tawi-tawi-o4835,"Mayor of Turtle Islands, Tawi Tawi",executive,city,elected,TAWI TAWI,TURTLE ISLANDS,o5554
o4836,mayor-of-languyan-tawi-tawi-o4836,"Mayor of Languyan, Tawi Tawi",executive,city,elected,TAWI TAWI,LANGUYAN,o5554
o4837,mayor-of-sapa-sapa-tawi-tawi-o4837,"Mayor of Sapa Sapa, Tawi Tawi",executive,city,elected,TAWI TAWI,SAPA SAPA,o5554
o4838,mayor-of-south-ubian-tawi-tawi-o4838,"Mayor of South Ubian, Tawi Tawi",executive,city,elected,TAWI TAWI,SOUTH UBIAN,o5554
o4839,mayor-of-bongao-tawi-tawi-o4839,"Mayor of Bongao, Tawi Tawi",executive,city,elected,TAWI TAWI,BONGAO,o5554
o4840,mayor-of-panglima-sugala-tawi-tawi-o4840,"Mayor of Panglima Sugala, Tawi Tawi",executive,city,elected,TAWI TAWI,PANGLIMA SUGALA,o5554
o4841,mayor-of-tandubas-tawi-tawi-o4841,"Mayor of Tandubas, Tawi Tawi",executive,city,elected,TAWI TAWI,TANDUBAS,o5554
o4842,mayor-of-mapun-tawi-tawi-o4842,"Mayor of Mapun, Tawi Tawi",executive,city,elected,TAWI TAWI,MAPUN,o5554
o4843,representative-tawi-tawi-o4843,"Representative, , Tawi Tawi",legislative,national,elected,TAWI TAWI,,
o4844,provincial-board-member-of-tawi-tawi-o4844,Provincial Board Member of Tawi Tawi,legislative,provincial,elected,TAWI TAWI,,
o4845,vice-mayor-of-simunul-tawi-tawi-o4845,"Vice Mayor of Simunul, Tawi Tawi",executive,city,elected,TAWI TAWI,SIMUNUL,o5554
o4846,vice-mayor-of-south-ubian-tawi-tawi-o4846,"Vice Mayor of South Ubian, Tawi Tawi",executive,city,elected,TAWI TAWI,SOUTH UBIAN,o5554
o4847,vice-mayor-of-panglima-sugala-tawi-tawi-o4847,"Vice Mayor of Panglima Sugala, Tawi Tawi",executive,city,elected,TAWI TAWI,PANGLIMA SUGALA,o5554
o4848,vice-mayor-of-turtle-islands-tawi-tawi-o4848,"Vice Mayor of Turtle Islands, Tawi Tawi",executive,city,elected,TAWI TAWI,TURTLE ISLANDS,o5554
o4849,vice-mayor-of-bongao-tawi-tawi-o4849,"Vice Mayor of Bongao, Tawi Tawi",executive,city,elected,TAWI TAWI,BONGAO,o5554
o4850,vice-mayor-of-mapun-tawi-tawi-o4850,"Vice Mayor of Mapun, Tawi Tawi",executive,city,elected,TAWI TAWI,MAPUN,o5554
o4851,vice-mayor-of-sitangkai-tawi-tawi-o4851,"Vice Mayor of Sitangkai, Tawi Tawi",executive,city,elected,TAWI TAWI,SITANGKAI,o5554
o4852,vice-mayor-of-languyan-tawi-tawi-o4852,"Vice Mayor of Languyan, Tawi Tawi",executive,city,elected,TAWI TAWI,LANGUYAN,o5554
o4853,vice-mayor-of-tandubas-tawi-tawi-o4853,"Vice Mayor of Tandubas, Tawi Tawi",executive,city,elected,TAWI TAWI,TANDUBAS,o5554
o4854,vice-mayor-of-sapa-sapa-tawi-tawi-o4854,"Vice Mayor of Sapa Sapa, Tawi Tawi",executive,city,elected,TAWI TAWI,SAPA SAPA,o5554
o4855,councilor-of-iba-zambales-o4855,"Councilor of Iba, Zambales",legislative,city,elected,ZAMBALES,IBA,o4869
o4856,councilor-of-palauig-zambales-o4856,"Councilor of Palauig, Zambales",legislative,city,elected,ZAMBALES,PALAUIG,o4869
o4857,councilor-of-san-narciso-zambales-o4857,"Councilor of San Narciso, Zambales",legislative,city,elected,ZAMBALES,SAN NARCISO,o4869
o4858,councilor-of-san-marcelino-zambales-o4858,"Councilor of San Marcelino, Zambales",legislative,city,elected,ZAMBALES,SAN MARCELINO,o4869
o4859,councilor-of-castillejos-zambales-o4859,"Councilor of Castillejos, Zambales",legislative,city,elected,ZAMBALES,CASTILLEJOS,o4869
o4860,councilor-of-santa-cruz-zambales-o4860,"Councilor of Santa Cruz, Zambales",legislative,city,elected,ZAMBALES,SANTA CRUZ,o4869
o4861,councilor-of-olongapo-zambales-o4861,"Councilor of Olongapo, Zambales",legislative,city,elected,ZAMBALES,OLONGAPO,o4869
o4862,councilor-of-cabangan-zambales-o4862,"Councilor of Cabangan, Zambales",legislative,city,elected,ZAMBALES,CABANGAN,o4869
o4863,councilor-of-san-felipe-zambales-o4863,"Councilor of San Felipe, Zambales",legislative,city,elected,ZAMBALES,SAN FELIPE,o4869
o4864,councilor-of-san-antonio-zambales-o4864,"Councilor of San Antonio, Zambales",legislative,city,elected,ZAMBALES,SAN ANTONIO,o4869
o4865,councilor-of-masinloc-zambales-o4865,"Councilor of Masinloc, Zambales",legislative,city,elected,ZAMBALES,MASINLOC,o4869
o4866,councilor-of-candelaria-zambales-o4866,"Councilor of Candelaria, Zambales",legislative,city,elected,ZAMBALES,CANDELARIA,o4869
o4867,councilor-of-botolan-zambales-o4867,"Councilor of Botolan, Zambales",legislative,city,elected,ZAMBALES,BOTOLAN,o4869
o4868,councilor-of-subic-zambales-o4868,"Councilor of Subic, Zambales",legislative,city,elected,ZAMBALES,SUBIC,o4869
o4869,governor-of-zambales-o4869,Governor of Zambales,executive,provincial,elected,ZAMBALES,,
o4870,mayor-of-san-felipe-zambales-o4870,"Mayor of San Felipe, Zambales",executive,city,elected,ZAMBALES,SAN FELIPE,o4869
o4871,mayor-of-candelaria-zambales-o4871,"Mayor of Candelaria, Zambales",executive,city,elected,ZAMBALES,CANDELARIA,o4869
o4872,mayor-of-castillejos-zambales-o4872,"Mayor of Castillejos, Zambales",executive,city,elected,ZAMBALES,CASTILLEJOS,o4869
o4873,mayor-of-masinloc-zambales-o4873,"Mayor of Masinloc, Zambales",executive,city,elected,ZAMBALES,MASINLOC,o4869
o4874,mayor-of-san-marcelino-zambales-o4874,"Mayor of San Marcelino, Zambales",executive,city,elected,ZAMBALES,SAN MARCELINO,o4869
o4875,mayor-of-olongapo-zambales-o4875,"Mayor of Olongapo, Zambales",executive,city,elected,ZAMBALES,OLONGAPO,o4869
o4876,mayor-of-palauig-zambales-o4876,"Mayor of Palauig, Zambales",executive,city,elected,ZAMBALES,PALAUIG,o4869
o4877,mayor-of-subic-zambales-o4877,"Mayor of Subic, Zambales",executive,city,elected,ZAMBALES,SUBIC,o4869
o4878,mayor-of-san-narciso-zambales-o4878,"Mayor of San Narciso, Zambales",executive,city,elected,ZAMBALES,SAN NARCISO,o4869
o4879,mayor-of-san-antonio-zambales-o4879,"Mayor of San Antonio, Zambales",executive,city,elected,ZAMBALES,SAN ANTONIO,o4869
o4880,mayor-of-santa-cruz-zambales-o4880,"Mayor of Santa Cruz, Zambales",executive,city,elected,ZAMBALES,SANTA CRUZ,o4869
o4881,mayor-of-cabangan-zambales-o4881,"Mayor of Cabangan, Zambales",executive,city,elected,ZAMBALES,CABANGAN,o4869
o4882,mayor-of-iba-zambales-o4882,"Mayor of Iba, Zambales",executive,city,elected,ZAMBALES,IBA,o4869
o4883,mayor-of-botolan-zambales-o4883,"Mayor of Botolan, Zambales",executive,city,elected,ZAMBALES,BOTOLAN,o4869
o4884,representative-zambales-o4884,"Representative, , Zambales",legislative,national,elected,ZAMBALES,,
o4885,provincial-board-member-of-zambales-o4885,Provincial Board Member of Zambales,legislative,provincial,elected,ZAMBALES,,
o4886,vice-governor-of-zambales-o4886,Vice Governor of Zambales,executive,provincial,elected,ZAMBALES,,
o4887,vice-mayor-of-palauig-zambales-o4887,"Vice Mayor of Palauig, Zambales",executive,city,elected,ZAMBALES,PALAUIG,o4869
o4888,vice-mayor-of-olongapo-zambales-o4888,"Vice Mayor of Olongapo, Zambales",executive,city,elected,ZAMBALES,OLONGAPO,o4869
o4889,vice-mayor-of-masinloc-zambales-o4889,"Vice Mayor of Masinloc, Zambales",executive,city,elected,ZAMBALES,MASINLOC,o4869
o4890,vice-mayor-of-botolan-zambales-o4890,"Vice Mayor of Botolan, Zambales",executive,city,elected,ZAMBALES,BOTOLAN,o4869
o4891,vice-mayor-of-castillejos-zambales-o4891,"Vice Mayor of Castillejos, Zambales",executive,city,elected,ZAMBALES,CASTILLEJOS,o4869
o4892,vice-mayor-of-candelaria-zambales-o4892,"Vice Mayor of Candelaria, Zambales",executive,city,elected,ZAMBALES,CANDELARIA,o4869
o4893,vice-mayor-of-san-felipe-zambales-o4893,"Vice Mayor of San Felipe, Zambales",executive,city,elected,ZAMBALES,SAN FELIPE,o4869
o4894,vice-mayor-of-san-narciso-zambales-o4894,"Vice Mayor of San Narciso, Zambales",executive,city,elected,ZAMBALES,SAN NARCISO,o4869
o4895,vice-mayor-of-iba-zambales-o4895,"Vice Mayor of Iba, Zambales",executive,city,elected,ZAMBALES,IBA,o4869
o4896,vice-mayor-of-san-marcelino-zambales-o4896,"Vice Mayor of San Marcelino, Zambales",executive,city,elected,ZAMBALES,SAN MARCELINO,o4869
o4897,vice-mayor-of-santa-cruz-zambales-o4897,"Vice Mayor of Santa Cruz, Zambales",executive,city,elected,ZAMBALES,SANTA CRUZ,o4869
o4898,vice-mayor-of-san-antonio-zambales-o4898,"Vice Mayor of San Antonio, Zambales",executive,city,elected,ZAMBALES,SAN ANTONIO,o4869
o4899,vice-mayor-of-subic-zambales-o4899,"Vice Mayor of Subic, Zambales",executive,city,elected,ZAMBALES,SUBIC,o4869
o4900,vice-mayor-of-cabangan-zambales-o4900,"Vice Mayor of Cabangan, Zambales",executive,city,elected,ZAMBALES,CABANGAN,o4869
o4901,councilor-of-dapitan-zamboanga-del-norte-o4901,"Councilor of Dapitan, Zamboanga Del Norte",legislative,city,elected,ZAMBOANGA DEL NORTE,DAPITAN,o4928
o4902,councilor-of-sergio-osmena-sr-zamboanga-del-norte-o4902,"Councilor of Sergio Osmena Sr, Zamboanga Del Norte",legislative,city,elected,ZAMBOANGA DEL NORTE,SERGIO OSMENA SR,o4928
o4903,councilor-of-mutia-zamboanga-del-norte-o4903,"Councilor of Mutia, Zamboanga Del Norte",legislative,city,elected,ZAMBOANGA DEL NORTE,MUTIA,o4928
o4904,councilor-of-sirawai-zamboanga-del-norte-o4904,"Councilor of Sirawai, Zamboanga Del Norte",legislative,city,elected,ZAMBOANGA DEL NORTE,SIRAWAI,o4928
o4905,councilor-of-sindangan-zamboanga-del-norte-o4905,"Councilor of Sindangan, Zamboanga Del Norte",legislative,city,elected,ZAMBOANGA DEL NORTE,SINDANGAN,o4928
o4906,councilor-of-sibuco-zamboanga-del-norte-o4906,"Councilor of Sibuco, Zamboanga Del Norte",legislative,city,elected,ZAMBOANGA DEL NORTE,SIBUCO,o4928
o4907,councilor-of-jose-dalman-zamboanga-del-norte-o4907,"Councilor of Jose Dalman, Zamboanga Del Norte",legislative,city,elected,ZAMBOANGA DEL NORTE,JOSE DALMAN,o4928
o4908,councilor-of-dipolog-zamboanga-del-norte-o4908,"Councilor of Dipolog, Zamboanga Del Norte",legislative,city,elected,ZAMBOANGA DEL NORTE,DIPOLOG,o4928
o4909,councilor-of-godod-zamboanga-del-norte-o4909,"Councilor of Godod, Zamboanga Del Norte",legislative,city,elected,ZAMBOANGA DEL NORTE,GODOD,o4928
o4910,councilor-of-siocon-zamboanga-del-norte-o4910,"Councilor of Siocon, Zamboanga Del Norte",legislative,city,elected,ZAMBOANGA DEL NORTE,SIOCON,o4928
o4911,councilor-of-la-libertad-zamboanga-del-norte-o4911,"Councilor of La Libertad, Zamboanga Del Norte",legislative,city,elected,ZAMBOANGA DEL NORTE,LA LIBERTAD,o4928
o4912,councilor-of-kalawit-zamboanga-del-norte-o4912,"Councilor of Kalawit, Zamboanga Del Norte",legislative,city,elected,ZAMBOANGA DEL NORTE,KALAWIT,o4928
o4913,councilor-of-siayan-zamboanga-del-norte-o4913,"Councilor of Siayan, Zamboanga Del Norte",legislative,city,elected,ZAMBOANGA DEL NORTE,SIAYAN,o4928
o4914,councilor-of-baliguian-zamboanga-del-norte-o4914,"Councilor of Baliguian, Zamboanga Del Norte",legislative,city,elected,ZAMBOANGA DEL NORTE,BALIGUIAN,o4928
o4915,councilor-of-pres-manuel-a-roxas-zamboanga-del-norte-o4915,"Councilor of Pres Manuel A Roxas, Zamboanga Del Norte",legislative,city,elected,ZAMBOANGA DEL NORTE,PRES MANUEL A ROXAS,o4928
o4916,councilor-of-bacungan-zamboanga-del-norte-o4916,"Councilor of Bacungan, Zamboanga Del Norte",legislative,city,elected,ZAMBOANGA DEL NORTE,BACUNGAN,o4928
o4917,councilor-of-salug-zamboanga-del-norte-o4917,"Councilor of Salug, Zamboanga Del Norte",legislative,city,elected,ZAMBOANGA DEL NORTE,SALUG,o4928
o4918,councilor-of-tampilisan-zamboanga-del-norte-o4918,"Councilor of Tampilisan, Zamboanga Del Norte",legislative,city,elected,ZAMBOANGA DEL NORTE,TAMPILISAN,o4928
o4919,councilor-of-sibutad-zamboanga-del-norte-o4919,"Councilor of Sibutad, Zamboanga Del Norte",legislative,city,elected,ZAMBOANGA DEL NORTE,SIBUTAD,o4928
o4920,councilor-of-labason-zamboanga-del-norte-o4920,"Councilor of Labason, Zamboanga Del Norte",legislative,city,elected,ZAMBOANGA DEL NORTE,LABASON,o4928
o4921,councilor-of-manukan-zamboanga-del-norte-o4921,"Councilor of Manukan, Zamboanga Del Norte",legislative,city,elected,ZAMBOANGA DEL NORTE,MANUKAN,o4928
o4922,councilor-of-pinan-zamboanga-del-norte-o4922,"Councilor of Pinan, Zamboanga Del Norte",legislative,city,elected,ZAMBOANGA DEL NORTE,PINAN,o4928
o4923,councilor-of-liloy-zamboanga-del-norte-o4923,"Councilor of Liloy, Zamboanga Del Norte",legislative,city,elected,ZAMBOANGA DEL NORTE,LILOY,o4928
o4924,councilor-of-rizal-zamboanga-del-norte-o4924,"Councilor of Rizal, Zamboanga Del Norte",legislative,city,elected,ZAMBOANGA DEL NORTE,RIZAL,o4928
o4925,councilor-of-gutalac-zamboanga-del-norte-o4925,"Councilor of Gutalac, Zamboanga Del Norte",legislative,city,elected,ZAMBOANGA DEL NORTE,GUTALAC,o4928
o4926,councilor-of-polanco-zamboanga-del-norte-o4926,"Councilor of Polanco, Zamboanga Del Norte",legislative,city,elected,ZAMBOANGA DEL NORTE,POLANCO,o4928
o4927,councilor-of-katipunan-zamboanga-del-norte-o4927,"Councilor of Katipunan, Zamboanga Del Norte",legislative,city,elected,ZAMBOANGA DEL NORTE,KATIPUNAN,o4928
o4928,governor-of-zamboanga-del-norte-o4928,Governor of Zamboanga Del Norte,executive,provincial,elected,ZAMBOANGA DEL NORTE,,
o4929,mayor-of-sindangan-zamboanga-del-norte-o4929,"Mayor of Sindangan, Zamboanga Del Norte",executive,city,elected,ZAMBOANGA DEL NORTE,SINDANGAN,o4928
o4930,mayor-of-sergio-osmena-sr-zamboanga-del-norte-o4930,"Mayor of Sergio Osmena Sr, Zamboanga Del Norte",executive,city,elected,ZAMBOANGA DEL NORTE,SERGIO OSMENA SR,o4928
o4931,mayor-of-manukan-zamboanga-del-norte-o4931,"Mayor of Manukan, Zamboanga Del Norte",executive,city,elected,ZAMBOANGA DEL NORTE,MANUKAN,o4928
o4932,mayor-of-sirawai-zamboanga-del-norte-o4932,"Mayor of Sirawai, Zamboanga Del Norte",executive,city,elected,ZAMBOANGA DEL NORTE,SIRAWAI,o4928
o4933,mayor-of-gutalac-zamboanga-del-norte-o4933,"Mayor of Gutalac, Zamboanga Del Norte",executive,city,elected,ZAMBOANGA DEL NORTE,GUTALAC,o4928
o4934,mayor-of-kalawit-zamboanga-del-norte-o4934,"Mayor of Kalawit, Zamboanga Del Norte",executive,city,elected,ZAMBOANGA DEL NORTE,KALAWIT,o4928
o4935,mayor-of-tampilisan-zamboanga-del-norte-o4935,"Mayor of Tampilisan, Zamboanga Del Norte",executive,city,elected,ZAMBOANGA DEL NORTE,TAMPILISAN,o4928
o4936,mayor-of-dapitan-zamboanga-del-norte-o4936,"Mayor of Dapitan, Zamboanga Del Norte",executive,city,elected,ZAMBOANGA DEL NORTE,DAPITAN,o4928
o4937,mayor-of-pinan-zamboanga-del-norte-o4937,"Mayor of Pinan, Zamboanga Del Norte",executive,city,elected,ZAMBOANGA DEL NORTE,PINAN,o4928
o4938,mayor-of-rizal-zamboanga-del-norte-o4938,"Mayor of Rizal, Zamboanga Del Norte",executive,city,elected,ZAMBOANGA DEL NORTE,RIZAL,o4928
o4939,mayor-of-jose-dalman-zamboanga-del-norte-o4939,"Mayor of Jose Dalman, Zamboanga Del Norte",executive,city,elected,ZAMBOANGA DEL NORTE,JOSE DALMAN,o4928
o4940,mayor-of-sibuco-zamboanga-del-norte-o4940,"Mayor of Sibuco, Zamboanga Del Norte",executive,city,elected,ZAMBOANGA DEL NORTE,SIBUCO,o4928
o4941,mayor-of-katipunan-zamboanga-del-norte-o4941,"Mayor of Katipunan, Zamboanga Del Norte",executive,city,elected,ZAMBOANGA DEL NORTE,KATIPUNAN,o4928
o4942,mayor-of-pres-manuel-a-roxas-zamboanga-del-norte-o4942,"Mayor of Pres Manuel A Roxas, Zamboanga Del Norte",executive,city,elected,ZAMBOANGA DEL NORTE,PRES MANUEL A ROXAS,o4928
o4943,mayor-of-bacungan-zamboanga-del-norte-o4943,"Mayor of Bacungan, Zamboanga Del Norte",executive,city,elected,ZAMBOANGA DEL NORTE,BACUNGAN,o4928
o4944,mayor-of-salug-zamboanga-del-norte-o4944,"Mayor of Salug, Zamboanga Del Norte",executive,city,elected,ZAMBOANGA DEL NORTE,SALUG,o4928
o4945,mayor-of-labason-zamboanga-del-norte-o4945,"Mayor of Labason, Zamboanga Del Norte",executive,city,elected,ZAMBOANGA DEL NORTE,LABASON,o4928
o4946,mayor-of-polanco-zamboanga-del-norte-o4946,"Mayor of Polanco, Zamboanga Del Norte",executive,city,elected,ZAMBOANGA DEL NORTE,POLANCO,o4928
o4947,mayor-of-siayan-zamboanga-del-norte-o4947,"Mayor of Siayan, Zamboanga Del Norte",executive,city,elected,ZAMBOANGA DEL NORTE,SIAYAN,o4928
o4948,mayor-of-siocon-zamboanga-del-norte-o4948,"Mayor of Siocon, Zamboanga Del Norte",executive,city,elected,ZAMBOANGA DEL NORTE,SIOCON,o4928
o4949,mayor-of-la-libertad-zamboanga-del-norte-o4949,"Mayor of La Libertad, Zamboanga Del Norte",executive,city,elected,ZAMBOANGA DEL NORTE,LA LIBERTAD,o4928
o4950,mayor-of-baliguian-zamboanga-del-norte-o4950,"Mayor of Baliguian, Zamboanga Del Norte",executive,city,elected,ZAMBOANGA DEL NORTE,BALIGUIAN,o4928
o4951,mayor-of-godod-zamboanga-del-norte-o4951,"Mayor of Godod, Zamboanga Del Norte",executive,city,elected,ZAMBOANGA DEL NORTE,GODOD,o4928
o4952,mayor-of-mutia-zamboanga-del-norte-o4952,"Mayor of Mutia, Zamboanga Del Norte",executive,city,elected,ZAMBOANGA DEL NORTE,MUTIA,o4928
o4953,mayor-of-sibutad-zamboanga-del-norte-o4953,"Mayor of Sibutad, Zamboanga Del Norte",executive,city,elected,ZAMBOANGA DEL NORTE,SIBUTAD,o4928
o4954,mayor-of-dipolog-zamboanga-del-norte-o4954,"Mayor of Dipolog, Zamboanga Del Norte",executive,city,elected,ZAMBOANGA DEL NORTE,DIPOLOG,o4928
o4955,mayor-of-liloy-zamboanga-del-norte-o4955,"Mayor of Liloy, Zamboanga Del Norte",executive,city,elected,ZAMBOANGA DEL NORTE,LILOY,o4928
o4956,representative-zamboanga-del-norte-o4956,"Representative, , Zamboanga Del Norte",legislative,national,elected,ZAMBOANGA DEL NORTE,,
o4957,provincial-board-member-of-zamboanga-del-norte-o4957,Provincial Board Member of Zamboanga Del Norte,legislative,provincial,elected,ZAMBOANGA DEL NORTE,,
o4958,vice-governor-of-zamboanga-del-norte-o4958,Vice Governor of Zamboanga Del Norte,executive,provincial,elected,ZAMBOANGA DEL NORTE,,
o4959,vice-mayor-of-kalawit-zamboanga-del-norte-o4959,"Vice Mayor of Kalawit, Zamboanga Del Norte",executive,city,elected,ZAMBOANGA DEL NORTE,KALAWIT,o4928
o4960,vice-mayor-of-labason-zamboanga-del-norte-o4960,"Vice Mayor of Labason, Zamboanga Del Norte",executive,city,elected,ZAMBOANGA DEL NORTE,LABASON,o4928
o4961,vice-mayor-of-polanco-zamboanga-del-norte-o4961,"Vice Mayor of Polanco, Zamboanga Del Norte",executive,city,elected,ZAMBOANGA DEL NORTE,POLANCO,o4928
o4962,vice-mayor-of-godod-zamboanga-del-norte-o4962,"Vice Mayor of Godod, Zamboanga Del Norte",executive,city,elected,ZAMBOANGA DEL NORTE,GODOD,o4928
o4963,vice-mayor-of-rizal-zamboanga-del-norte-o4963,"Vice Mayor of Rizal, Zamboanga Del Norte",executive,city,elected,ZAMBOANGA DEL NORTE,RIZAL,o4928
o4964,vice-mayor-of-dipolog-zamboanga-del-norte-o4964,"Vice Mayor of Dipolog, Zamboanga Del Norte",executive,city,elected,ZAMBOANGA DEL NORTE,DIPOLOG,o4928
o4965,vice-mayor-of-gutalac-zamboanga-del-norte-o4965,"Vice Mayor of Gutalac, Zamboanga Del Norte",executive,city,elected,ZAMBOANGA DEL NORTE,GUTALAC,o4928
o4966,vice-mayor-of-sergio-osmena-sr-zamboanga-del-norte-o4966,"Vice Mayor of Sergio Osmena Sr, Zamboanga Del Norte",executive,city,elected,ZAMBOANGA DEL NORTE,SERGIO OSMENA SR,o4928
o4967,vice-mayor-of-baliguian-zamboanga-del-norte-o4967,"Vice Mayor of Baliguian, Zamboanga Del Norte",executive,city,elected,ZAMBOANGA DEL NORTE,BALIGUIAN,o4928
o4968,vice-mayor-of-pres-manuel-a-roxas-zamboanga-del-norte-o4968,"Vice Mayor of Pres Manuel A Roxas, Zamboanga Del Norte",executive,city,elected,ZAMBOANGA DEL NORTE,PRES MANUEL A ROXAS,o4928
o4969,vice-mayor-of-sibuco-zamboanga-del-norte-o4969,"Vice Mayor of Sibuco, Zamboanga Del Norte",executive,city,elected,ZAMBOANGA DEL NORTE,SIBUCO,o4928
o4970,vice-mayor-of-tampilisan-zamboanga-del-norte-o4970,"Vice Mayor of Tampilisan, Zamboanga Del Norte",executive,city,elected,ZAMBOANGA DEL NORTE,TAMPILISAN,o4928
o4971,vice-mayor-of-la-libertad-zamboanga-del-norte-o4971,"Vice Mayor of La Libertad, Zamboanga Del Norte",executive,city,elected,ZAMBOANGA DEL NORTE,LA LIBERTAD,o4928
o4972,vice-mayor-of-jose-dalman-zamboanga-del-norte-o4972,"Vice Mayor of Jose Dalman, Zamboanga Del Norte",executive,city,elected,ZAMBOANGA DEL NORTE,JOSE DALMAN,o4928
o4973,vice-mayor-of-siayan-zamboanga-del-norte-o4973,"Vice Mayor of Siayan, Zamboanga Del Norte",executive,city,elected,ZAMBOANGA DEL NORTE,SIAYAN,o4928
o4974,vice-mayor-of-siocon-zamboanga-del-norte-o4974,"Vice Mayor of Siocon, Zamboanga Del Norte",executive,city,elected,ZAMBOANGA DEL NORTE,SIOCON,o4928
o4975,vice-mayor-of-sindangan-zamboanga-del-norte-o4975,"Vice Mayor of Sindangan, Zamboanga Del Norte",executive,city,elected,ZAMBOANGA DEL NORTE,SINDANGAN,o4928
o4976,vice-mayor-of-manukan-zamboanga-del-norte-o4976,"Vice Mayor of Manukan, Zamboanga Del Norte",executive,city,elected,ZAMBOANGA DEL NORTE,MANUKAN,o4928
o4977,vice-mayor-of-sibutad-zamboanga-del-norte-o4977,"Vice Mayor of Sibutad, Zamboanga Del Norte",executive,city,elected,ZAMBOANGA DEL NORTE,SIBUTAD,o4928
o4978,vice-mayor-of-mutia-zamboanga-del-norte-o4978,"Vice Mayor of Mutia, Zamboanga Del Norte",executive,city,elected,ZAMBOANGA DEL NORTE,MUTIA,o4928
o4979,vice-mayor-of-katipunan-zamboanga-del-norte-o4979,"Vice Mayor of Katipunan, Zamboanga Del Norte",executive,city,elected,ZAMBOANGA DEL NORTE,KATIPUNAN,o4928
o4980,vice-mayor-of-pinan-zamboanga-del-norte-o4980,"Vice Mayor of Pinan, Zamboanga Del Norte",executive,city,elected,ZAMBOANGA DEL NORTE,PINAN,o4928
o4981,vice-mayor-of-salug-zamboanga-del-norte-o4981,"Vice Mayor of Salug, Zamboanga Del Norte",executive,city,elected,ZAMBOANGA DEL NORTE,SALUG,o4928
o4982,vice-mayor-of-dapitan-zamboanga-del-norte-o4982,"Vice Mayor of Dapitan, Zamboanga Del Norte",executive,city,elected,ZAMBOANGA DEL NORTE,DAPITAN,o4928
o4983,vice-mayor-of-bacungan-zamboanga-del-norte-o4983,"Vice Mayor of Bacungan, Zamboanga Del Norte",executive,city,elected,ZAMBOANGA DEL NORTE,BACUNGAN,o4928
o4984,vice-mayor-of-liloy-zamboanga-del-norte-o4984,"Vice Mayor of Liloy, Zamboanga Del Norte",executive,city,elected,ZAMBOANGA DEL NORTE,LILOY,o4928
o4985,vice-mayor-of-sirawai-zamboanga-del-norte-o4985,"Vice Mayor of Sirawai, Zamboanga Del Norte",executive,city,elected,ZAMBOANGA DEL NORTE,SIRAWAI,o4928
o4986,councilor-of-kumalarang-zamboanga-del-sur-o4986,"Councilor of Kumalarang, Zamboanga Del Sur",legislative,city,elected,ZAMBOANGA DEL SUR,KUMALARANG,o5014
o4987,councilor-of-josefina-zamboanga-del-sur-o4987,"Councilor of Josefina, Zamboanga Del Sur",legislative,city,elected,ZAMBOANGA DEL SUR,JOSEFINA,o5014
o4988,councilor-of-ramon-magsaysay-zamboanga-del-sur-o4988,"Councilor of Ramon Magsaysay, Zamboanga Del Sur",legislative,city,elected,ZAMBOANGA DEL SUR,RAMON MAGSAYSAY,o5014
o4989,councilor-of-lakewood-zamboanga-del-sur-o4989,"Councilor of Lakewood, Zamboanga Del Sur",legislative,city,elected,ZAMBOANGA DEL SUR,LAKEWOOD,o5014
o4990,councilor-of-san-pablo-zamboanga-del-sur-o4990,"Councilor of San Pablo, Zamboanga Del Sur",legislative,city,elected,ZAMBOANGA DEL SUR,SAN PABLO,o5014
o4991,councilor-of-labangan-zamboanga-del-sur-o4991,"Councilor of Labangan, Zamboanga Del Sur",legislative,city,elected,ZAMBOANGA DEL SUR,LABANGAN,o5014
o4992,councilor-of-dimataling-zamboanga-del-sur-o4992,"Councilor of Dimataling, Zamboanga Del Sur",legislative,city,elected,ZAMBOANGA DEL SUR,DIMATALING,o5014
o4993,councilor-of-dumalinao-zamboanga-del-sur-o4993,"Councilor of Dumalinao, Zamboanga Del Sur",legislative,city,elected,ZAMBOANGA DEL SUR,DUMALINAO,o5014
o4994,councilor-of-dinas-zamboanga-del-sur-o4994,"Councilor of Dinas, Zamboanga Del Sur",legislative,city,elected,ZAMBOANGA DEL SUR,DINAS,o5014
o4995,councilor-of-pagadian-zamboanga-del-sur-o4995,"Councilor of Pagadian, Zamboanga Del Sur",legislative,city,elected,ZAMBOANGA DEL SUR,PAGADIAN,o5014
o4996,councilor-of-tabina-zamboanga-del-sur-o4996,"Councilor of Tabina, Zamboanga Del Sur",legislative,city,elected,ZAMBOANGA DEL SUR,TABINA,o5014
o4997,councilor-of-bayog-zamboanga-del-sur-o4997,"Councilor of Bayog, Zamboanga Del Sur",legislative,city,elected,ZAMBOANGA DEL SUR,BAYOG,o5014
o4998,councilor-of-mahayag-zamboanga-del-sur-o4998,"Councilor of Mahayag, Zamboanga Del Sur",legislative,city,elected,ZAMBOANGA DEL SUR,MAHAYAG,o5014
o4999,councilor-of-tambulig-zamboanga-del-sur-o4999,"Councilor of Tambulig, Zamboanga Del Sur",legislative,city,elected,ZAMBOANGA DEL SUR,TAMBULIG,o5014
o5000,councilor-of-midsalip-zamboanga-del-sur-o5000,"Councilor of Midsalip, Zamboanga Del Sur",legislative,city,elected,ZAMBOANGA DEL SUR,MIDSALIP,o5014
o5001,councilor-of-pitogo-zamboanga-del-sur-o5001,"Councilor of Pitogo, Zamboanga Del Sur",legislative,city,elected,ZAMBOANGA DEL SUR,PITOGO,o5014
o5002,councilor-of-molave-zamboanga-del-sur-o5002,"Councilor of Molave, Zamboanga Del Sur",legislative,city,elected,ZAMBOANGA DEL SUR,MOLAVE,o5014
o5003,councilor-of-lapuyan-zamboanga-del-sur-o5003,"Councilor of Lapuyan, Zamboanga Del Sur",legislative,city,elected,ZAMBOANGA DEL SUR,LAPUYAN,o5014
o5004,councilor-of-tigbao-zamboanga-del-sur-o5004,"Councilor of Tigbao, Zamboanga Del Sur",legislative,city,elected,ZAMBOANGA DEL SUR,TIGBAO,o5014
o5005,councilor-of-san-miguel-zamboanga-del-sur-o5005,"Councilor of San Miguel, Zamboanga Del Sur",legislative,city,elected,ZAMBOANGA DEL SUR,SAN MIGUEL,o5014
o5006,councilor-of-guipos-zamboanga-del-sur-o5006,"Councilor of Guipos, Zamboanga Del Sur",legislative,city,elected,ZAMBOANGA DEL SUR,GUIPOS,o5014
o5007,councilor-of-sominot-zamboanga-del-sur-o5007,"Councilor of Sominot, Zamboanga Del Sur",legislative,city,elected,ZAMBOANGA DEL SUR,SOMINOT,o5014
o5008,councilor-of-margosatubig-zamboanga-del-sur-o5008,"Councilor of Margosatubig, Zamboanga Del Sur",legislative,city,elected,ZAMBOANGA DEL SUR,MARGOSATUBIG,o5014
o5009,councilor-of-dumingag-zamboanga-del-sur-o5009,"Councilor of Dumingag, Zamboanga Del Sur",legislative,city,elected,ZAMBOANGA DEL SUR,DUMINGAG,o5014
o5010,councilor-of-zamboanga-zamboanga-del-sur-o5010,"Councilor of Zamboanga, Zamboanga Del Sur",legislative,city,elected,ZAMBOANGA DEL SUR,ZAMBOANGA,o5014
o5011,councilor-of-vincenzo-a-sagun-zamboanga-del-sur-o5011,"Councilor of Vincenzo A Sagun, Zamboanga Del Sur",legislative,city,elected,ZAMBOANGA DEL SUR,VINCENZO A SAGUN,o5014
o5012,councilor-of-aurora-zamboanga-del-sur-o5012,"Councilor of Aurora, Zamboanga Del Sur",legislative,city,elected,ZAMBOANGA DEL SUR,AURORA,o5014
o5013,councilor-of-tukuran-zamboanga-del-sur-o5013,"Councilor of Tukuran, Zamboanga Del Sur",legislative,city,elected,ZAMBOANGA DEL SUR,TUKURAN,o5014
o5014,governor-of-zamboanga-del-sur-o5014,Governor of Zamboanga Del Sur,executive,provincial,elected,ZAMBOANGA DEL SUR,,
o5015,mayor-of-ramon-magsaysay-zamboanga-del-sur-o5015,"Mayor of Ramon Magsaysay, Zamboanga Del Sur",executive,city,elected,ZAMBOANGA DEL SUR,RAMON MAGSAYSAY,o5014
o5016,mayor-of-dinas-zamboanga-del-sur-o5016,"Mayor of Dinas, Zamboanga Del Sur",executive,city,elected,ZAMBOANGA DEL SUR,DINAS,o5014
o5017,mayor-of-tambulig-zamboanga-del-sur-o5017,"Mayor of Tambulig, Zamboanga Del Sur",executive,city,elected,ZAMBOANGA DEL SUR,TAMBULIG,o5014
o5018,mayor-of-tukuran-zamboanga-del-sur-o5018,"Mayor of Tukuran, Zamboanga Del Sur",executive,city,elected,ZAMBOANGA DEL SUR,TUKURAN,o5014
o5019,mayor-of-dimataling-zamboanga-del-sur-o5019,"Mayor of Dimataling, Zamboanga Del Sur",executive,city,elected,ZAMBOANGA DEL SUR,DIMATALING,o5014
o5020,mayor-of-kumalarang-zamboanga-del-sur-o5020,"Mayor of Kumalarang, Zamboanga Del Sur",executive,city,elected,ZAMBOANGA DEL SUR,KUMALARANG,o5014
o5021,mayor-of-tigbao-zamboanga-del-sur-o5021,"Mayor of Tigbao, Zamboanga Del Sur",executive,city,elected,ZAMBOANGA DEL SUR,TIGBAO,o5014
o5022,mayor-of-san-pablo-zamboanga-del-sur-o5022,"Mayor of San Pablo, Zamboanga Del Sur",executive,city,elected,ZAMBOANGA DEL SUR,SAN PABLO,o5014
o5023,mayor-of-dumalinao-zamboanga-del-sur-o5023,"Mayor of Dumalinao, Zamboanga Del Sur",executive,city,elected,ZAMBOANGA DEL SUR,DUMALINAO,o5014
o5024,mayor-of-mahayag-zamboanga-del-sur-o5024,"Mayor of Mahayag, Zamboanga Del Sur",executive,city,elected,ZAMBOANGA DEL SUR,MAHAYAG,o5014
o5025,mayor-of-vincenzo-a-sagun-zamboanga-del-sur-o5025,"Mayor of Vincenzo A Sagun, Zamboanga Del Sur",executive,city,elected,ZAMBOANGA DEL SUR,VINCENZO A SAGUN,o5014
o5026,mayor-of-pitogo-zamboanga-del-sur-o5026,"Mayor of Pitogo, Zamboanga Del Sur",executive,city,elected,ZAMBOANGA DEL SUR,PITOGO,o5014
o5027,mayor-of-bayog-zamboanga-del-sur-o5027,"Mayor of Bayog, Zamboanga Del Sur",executive,city,elected,ZAMBOANGA DEL SUR,BAYOG,o5014
o5028,mayor-of-sominot-zamboanga-del-sur-o5028,"Mayor of Sominot, Zamboanga Del Sur",executive,city,elected,ZAMBOANGA DEL SUR,SOMINOT,o5014
o5029,mayor-of-dumingag-zamboanga-del-sur-o5029,"Mayor of Dumingag, Zamboanga Del Sur",executive,city,elected,ZAMBOANGA DEL SUR,DUMINGAG,o5014
o5030,mayor-of-zamboanga-zamboanga-del-sur-o5030,"Mayor of Zamboanga, Zamboanga Del Sur",executive,city,elected,ZAMBOANGA DEL SUR,ZAMBOANGA,o5014
o5031,mayor-of-san-miguel-zamboanga-del-sur-o5031,"Mayor of San Miguel, Zamboanga Del Sur",executive,city,elected,ZAMBOANGA DEL SUR,SAN MIGUEL,o5014
o5032,mayor-of-josefina-zamboanga-del-sur-o5032,"Mayor of Josefina, Zamboanga Del Sur",executive,city,elected,ZAMBOANGA DEL SUR,JOSEFINA,o5014
o5033,mayor-of-labangan-zamboanga-del-sur-o5033,"Mayor of Labangan, Zamboanga Del Sur",executive,city,elected,ZAMBOANGA DEL SUR,LABANGAN,o5014
o5034,mayor-of-margosatubig-zamboanga-del-sur-o5034,"Mayor of Margosatubig, Zamboanga Del Sur",executive,city,elected,ZAMBOANGA DEL SUR,MARGOSATUBIG,o5014
o5035,mayor-of-lakewood-zamboanga-del-sur-o5035,"Mayor of Lakewood, Zamboanga Del Sur",executive,city,elected,ZAMBOANGA DEL SUR,LAKEWOOD,o5014
o5036,mayor-of-guipos-zamboanga-del-sur-o5036,"Mayor of Guipos, Zamboanga Del Sur",executive,city,elected,ZAMBOANGA DEL SUR,GUIPOS,o5014
o5037,mayor-of-midsalip-zamboanga-del-sur-o5037,"Mayor of Midsalip, Zamboanga Del Sur",executive,city,elected,ZAMBOANGA DEL SUR,MIDSALIP,o5014
o5038,mayor-of-tabina-zamboanga-del-sur-o5038,"Mayor of Tabina, Zamboanga Del Sur",executive,city,elected,ZAMBOANGA DEL SUR,TABINA,o5014
o5039,mayor-of-pagadian-zamboanga-del-sur-o5039,"Mayor of Pagadian, Zamboanga Del Sur",executive,city,elected,ZAMBOANGA DEL SUR,PAGADIAN,o5014
o5040,mayor-of-molave-zamboanga-del-sur-o5040,"Mayor of Molave, Zamboanga Del Sur",executive,city,elected,ZAMBOANGA DEL SUR,MOLAVE,o5014
o5041,mayor-of-lapuyan-zamboanga-del-sur-o5041,"Mayor of Lapuyan, Zamboanga Del Sur",executive,city,elected,ZAMBOANGA DEL SUR,LAPUYAN,o5014
o5042,mayor-of-aurora-zamboanga-del-sur-o5042,"Mayor of Aurora, Zamboanga Del Sur",executive,city,elected,ZAMBOANGA DEL SUR,AURORA,o5014
o5043,representative-zamboanga-del-sur-o5043,"Representative, , Zamboanga Del Sur",legislative,national,elected,ZAMBOANGA DEL SUR,,
o5044,provincial-board-member-of-zamboanga-del-sur-o5044,Provincial Board Member of Zamboanga Del Sur,legislative,provincial,elected,ZAMBOANGA DEL SUR,,
o5045,vice-governor-of-zamboanga-del-sur-o5045,Vice Governor of Zamboanga Del Sur,executive,provincial,elected,ZAMBOANGA DEL SUR,,
o5046,vice-mayor-of-sominot-zamboanga-del-sur-o5046,"Vice Mayor of Sominot, Zamboanga Del Sur",executive,city,elected,ZAMBOANGA DEL SUR,SOMINOT,o5014
o5047,vice-mayor-of-tambulig-zamboanga-del-sur-o5047,"Vice Mayor of Tambulig, Zamboanga Del Sur",executive,city,elected,ZAMBOANGA DEL SUR,TAMBULIG,o5014
o5048,vice-mayor-of-san-miguel-zamboanga-del-sur-o5048,"Vice Mayor of San Miguel, Zamboanga Del Sur",executive,city,elected,ZAMBOANGA DEL SUR,SAN MIGUEL,o5014
o5049,vice-mayor-of-dumalinao-zamboanga-del-sur-o5049,"Vice Mayor of Dumalinao, Zamboanga Del Sur",executive,city,elected,ZAMBOANGA DEL SUR,DUMALINAO,o5014
o5050,vice-mayor-of-margosatubig-zamboanga-del-sur-o5050,"Vice Mayor of Margosatubig, Zamboanga Del Sur",executive,city,elected,ZAMBOANGA DEL SUR,MARGOSATUBIG,o5014
o5051,vice-mayor-of-ramon-magsaysay-zamboanga-del-sur-o5051,"Vice Mayor of Ramon Magsaysay, Zamboanga Del Sur",executive,city,elected,ZAMBOANGA DEL SUR,RAMON MAGSAYSAY,o5014
o5052,vice-mayor-of-vincenzo-a-sagun-zamboanga-del-sur-o5052,"Vice Mayor of Vincenzo A Sagun, Zamboanga Del Sur",executive,city,elected,ZAMBOANGA DEL SUR,VINCENZO A SAGUN,o5014
o5053,vice-mayor-of-josefina-zamboanga-del-sur-o5053,"Vice Mayor of Josefina, Zamboanga Del Sur",executive,city,elected,ZAMBOANGA DEL SUR,JOSEFINA,o5014
o5054,vice-mayor-of-guipos-zamboanga-del-sur-o5054,"Vice Mayor of Guipos, Zamboanga Del Sur",executive,city,elected,ZAMBOANGA DEL SUR,GUIPOS,o5014
o5055,vice-mayor-of-kumalarang-zamboanga-del-sur-o5055,"Vice Mayor of Kumalarang, Zamboanga Del Sur",executive,city,elected,ZAMBOANGA DEL SUR,KUMALARANG,o5014
o5056,vice-mayor-of-pagadian-zamboanga-del-sur-o5056,"Vice Mayor of Pagadian, Zamboanga Del Sur",executive,city,elected,ZAMBOANGA DEL SUR,PAGADIAN,o5014
o5057,vice-mayor-of-mahayag-zamboanga-del-sur-o5057,"Vice Mayor of Mahayag, Zamboanga Del Sur",executive,city,elected,ZAMBOANGA DEL SUR,MAHAYAG,o5014
o5058,vice-mayor-of-zamboanga-zamboanga-del-sur-o5058,"Vice Mayor of Zamboanga, Zamboanga Del Sur",executive,city,elected,ZAMBOANGA DEL SUR,ZAMBOANGA,o5014
o5059,vice-mayor-of-molave-zamboanga-del-sur-o5059,"Vice Mayor of Molave, Zamboanga Del Sur",executive,city,elected,ZAMBOANGA DEL SUR,MOLAVE,o5014
o5060,vice-mayor-of-aurora-zamboanga-del-sur-o5060,"Vice Mayor of Aurora, Zamboanga Del Sur",executive,city,elected,ZAMBOANGA DEL SUR,AURORA,o5014
o5061,vice-mayor-of-tabina-zamboanga-del-sur-o5061,"Vice Mayor of Tabina, Zamboanga Del Sur",executive,city,elected,ZAMBOANGA DEL SUR,TABINA,o5014
o5062,vice-mayor-of-lakewood-zamboanga-del-sur-o5062,"Vice Mayor of Lakewood, Zamboanga Del Sur",executive,city,elected,ZAMBOANGA DEL SUR,LAKEWOOD,o5014
o5063,vice-mayor-of-dimataling-zamboanga-del-sur-o5063,"Vice Mayor of Dimataling, Zamboanga Del Sur",executive,city,elected,ZAMBOANGA DEL SUR,DIMATALING,o5014
o5064,vice-mayor-of-san-pablo-zamboanga-del-sur-o5064,"Vice Mayor of San Pablo, Zamboanga Del Sur",executive,city,elected,ZAMBOANGA DEL SUR,SAN PABLO,o5014
o5065,vice-mayor-of-labangan-zamboanga-del-sur-o5065,"Vice Mayor of Labangan, Zamboanga Del Sur",executive,city,elected,ZAMBOANGA DEL SUR,LABANGAN,o5014
o5066,vice-mayor-of-dinas-zamboanga-del-sur-o5066,"Vice Mayor of Dinas, Zamboanga Del Sur",executive,city,elected,ZAMBOANGA DEL SUR,DINAS,o5014
o5067,vice-mayor-of-bayog-zamboanga-del-sur-o5067,"Vice Mayor of Bayog, Zamboanga Del Sur",executive,city,elected,ZAMBOANGA DEL SUR,BAYOG,o5014
o5068,vice-mayor-of-dumingag-zamboanga-del-sur-o5068,"Vice Mayor of Dumingag, Zamboanga Del Sur",executive,city,elected,ZAMBOANGA DEL SUR,DUMINGAG,o5014
o5069,vice-mayor-of-midsalip-zamboanga-del-sur-o5069,"Vice Mayor of Midsalip, Zamboanga Del Sur",executive,city,elected,ZAMBOANGA DEL SUR,MIDSALIP,o5014
o5070,vice-mayor-of-pitogo-zamboanga-del-sur-o5070,"Vice Mayor of Pitogo, Zamboanga Del Sur",executive,city,elected,ZAMBOANGA DEL SUR,PITOGO,o5014
o5071,vice-mayor-of-lapuyan-zamboanga-del-sur-o5071,"Vice Mayor of Lapuyan, Zamboanga Del Sur",executive,city,elected,ZAMBOANGA DEL SUR,LAPUYAN,o5014
o5072,vice-mayor-of-tigbao-zamboanga-del-sur-o5072,"Vice Mayor of Tigbao, Zamboanga Del Sur",executive,city,elected,ZAMBOANGA DEL SUR,TIGBAO,o5014
o5073,vice-mayor-of-tukuran-zamboanga-del-sur-o5073,"Vice Mayor of Tukuran, Zamboanga Del Sur",executive,city,elected,ZAMBOANGA DEL SUR,TUKURAN,o5014
o5074,councilor-of-mabuhay-zamboanga-sibugay-o5074,"Councilor of Mabuhay, Zamboanga Sibugay",legislative,city,elected,ZAMBOANGA SIBUGAY,MABUHAY,o5090
o5075,councilor-of-talusan-zamboanga-sibugay-o5075,"Councilor of Talusan, Zamboanga Sibugay",legislative,city,elected,ZAMBOANGA SIBUGAY,TALUSAN,o5090
o5076,councilor-of-tungawan-zamboanga-sibugay-o5076,"Councilor of Tungawan, Zamboanga Sibugay",legislative,city,elected,ZAMBOANGA SIBUGAY,TUNGAWAN,o5090
o5077,councilor-of-siay-zamboanga-sibugay-o5077,"Councilor of Siay, Zamboanga Sibugay",legislative,city,elected,ZAMBOANGA SIBUGAY,SIAY,o5090
o5078,councilor-of-kabasalan-zamboanga-sibugay-o5078,"Councilor of Kabasalan, Zamboanga Sibugay",legislative,city,elected,ZAMBOANGA SIBUGAY,KABASALAN,o5090
o5079,councilor-of-diplahan-zamboanga-sibugay-o5079,"Councilor of Diplahan, Zamboanga Sibugay",legislative,city,elected,ZAMBOANGA SIBUGAY,DIPLAHAN,o5090
o5080,councilor-of-ipil-zamboanga-sibugay-o5080,"Councilor of Ipil, Zamboanga Sibugay",legislative,city,elected,ZAMBOANGA SIBUGAY,IPIL,o5090
o5081,councilor-of-naga-zamboanga-sibugay-o5081,"Councilor of Naga, Zamboanga Sibugay",legislative,city,elected,ZAMBOANGA SIBUGAY,NAGA,o5090
o5082,councilor-of-payao-zamboanga-sibugay-o5082,"Councilor of Payao, Zamboanga Sibugay",legislative,city,elected,ZAMBOANGA SIBUGAY,PAYAO,o5090
o5083,councilor-of-malangas-zamboanga-sibugay-o5083,"Councilor of Malangas, Zamboanga Sibugay",legislative,city,elected,ZAMBOANGA SIBUGAY,MALANGAS,o5090
o5084,councilor-of-titay-zamboanga-sibugay-o5084,"Councilor of Titay, Zamboanga Sibugay",legislative,city,elected,ZAMBOANGA SIBUGAY,TITAY,o5090
o5085,councilor-of-buug-zamboanga-sibugay-o5085,"Councilor of Buug, Zamboanga Sibugay",legislative,city,elected,ZAMBOANGA SIBUGAY,BUUG,o5090
o5086,councilor-of-roseller-lim-zamboanga-sibugay-o5086,"Councilor of Roseller Lim, Zamboanga Sibugay",legislative,city,elected,ZAMBOANGA SIBUGAY,ROSELLER LIM,o5090
o5087,councilor-of-olutanga-zamboanga-sibugay-o5087,"Councilor of Olutanga, Zamboanga Sibugay",legislative,city,elected,ZAMBOANGA SIBUGAY,OLUTANGA,o5090
o5088,councilor-of-alicia-zamboanga-sibugay-o5088,"Councilor of Alicia, Zamboanga Sibugay",legislative,city,elected,ZAMBOANGA SIBUGAY,ALICIA,o5090
o5089,councilor-of-imelda-zamboanga-sibugay-o5089,"Councilor of Imelda, Zamboanga Sibugay",legislative,city,elected,ZAMBOANGA SIBUGAY,IMELDA,o5090
o5090,governor-of-zamboanga-sibugay-o5090,Governor of Zamboanga Sibugay,executive,provincial,elected,ZAMBOANGA SIBUGAY,,
o5091,mayor-of-naga-zamboanga-sibugay-o5091,"Mayor of Naga, Zamboanga Sibugay",executive,city,elected,ZAMBOANGA SIBUGAY,NAGA,o5090
o5092,mayor-of-payao-zamboanga-sibugay-o5092,"Mayor of Payao, Zamboanga Sibugay",executive,city,elected,ZAMBOANGA SIBUGAY,PAYAO,o5090
o5093,mayor-of-mabuhay-zamboanga-sibugay-o5093,"Mayor of Mabuhay, Zamboanga Sibugay",executive,city,elected,ZAMBOANGA SIBUGAY,MABUHAY,o5090
o5094,mayor-of-olutanga-zamboanga-sibugay-o5094,"Mayor of Olutanga, Zamboanga Sibugay",executive,city,elected,ZAMBOANGA SIBUGAY,OLUTANGA,o5090
o5095,mayor-of-kabasalan-zamboanga-sibugay-o5095,"Mayor of Kabasalan, Zamboanga Sibugay",executive,city,elected,ZAMBOANGA SIBUGAY,KABASALAN,o5090
o5096,mayor-of-tungawan-zamboanga-sibugay-o5096,"Mayor of Tungawan, Zamboanga Sibugay",executive,city,elected,ZAMBOANGA SIBUGAY,TUNGAWAN,o5090
o5097,mayor-of-buug-zamboanga-sibugay-o5097,"Mayor of Buug, Zamboanga Sibugay",executive,city,elected,ZAMBOANGA SIBUGAY,BUUG,o5090
o5098,mayor-of-imelda-zamboanga-sibugay-o5098,"Mayor of Imelda, Zamboanga Sibugay",executive,city,elected,ZAMBOANGA SIBUGAY,IMELDA,o5090
o5099,mayor-of-siay-zamboanga-sibugay-o5099,"Mayor of Siay, Zamboanga Sibugay",executive,city,elected,ZAMBOANGA SIBUGAY,SIAY,o5090
o5100,mayor-of-ipil-zamboanga-sibugay-o5100,"Mayor of Ipil, Zamboanga Sibugay",executive,city,elected,ZAMBOANGA SIBUGAY,IPIL,o5090
o5101,mayor-of-diplahan-zamboanga-sibugay-o5101,"Mayor of Diplahan, Zamboanga Sibugay",executive,city,elected,ZAMBOANGA SIBUGAY,DIPLAHAN,o5090
o5102,mayor-of-roseller-lim-zamboanga-sibugay-o5102,"Mayor of Roseller Lim, Zamboanga Sibugay",executive,city,elected,ZAMBOANGA SIBUGAY,ROSELLER LIM,o5090
o5103,mayor-of-talusan-zamboanga-sibugay-o5103,"Mayor of Talusan, Zamboanga Sibugay",executive,city,elected,ZAMBOANGA SIBUGAY,TALUSAN,o5090
o5104,mayor-of-titay-zamboanga-sibugay-o5104,"Mayor of Titay, Zamboanga Sibugay",executive,city,elected,ZAMBOANGA SIBUGAY,TITAY,o5090
o5105,mayor-of-alicia-zamboanga-sibugay-o5105,"Mayor of Alicia, Zamboanga Sibugay",executive,city,elected,ZAMBOANGA SIBUGAY,ALICIA,o5090
o5106,mayor-of-malangas-zamboanga-sibugay-o5106,"Mayor of Malangas, Zamboanga Sibugay",executive,city,elected,ZAMBOANGA SIBUGAY,MALANGAS,o5090
o5107,representative-zamboanga-sibugay-o5107,"Representative, , Zamboanga Sibugay",legislative,national,elected,ZAMBOANGA SIBUGAY,,
o5108,provincial-board-member-of-zamboanga-sibugay-o5108,Provincial Board Member of Zamboanga Sibugay,legislative,provincial,elected,ZAMBOANGA SIBUGAY,,
o5109,vice-governor-of-zamboanga-sibugay-o5109,Vice Governor of Zamboanga Sibugay,executive,provincial,elected,ZAMBOANGA SIBUGAY,,
o5110,vice-mayor-of-diplahan-zamboanga-sibugay-o5110,"Vice Mayor of Diplahan, Zamboanga Sibugay",executive,city,elected,ZAMBOANGA SIBUGAY,DIPLAHAN,o5090
o5111,vice-mayor-of-malangas-zamboanga-sibugay-o5111,"Vice Mayor of Malangas, Zamboanga Sibugay",executive,city,elected,ZAMBOANGA SIBUGAY,MALANGAS,o5090
o5112,vice-mayor-of-alicia-zamboanga-sibugay-o5112,"Vice Mayor of Alicia, Zamboanga Sibugay",executive,city,elected,ZAMBOANGA SIBUGAY,ALICIA,o5090
o5113,vice-mayor-of-titay-zamboanga-sibugay-o5113,"Vice Mayor of Titay, Zamboanga Sibugay",executive,city,elected,ZAMBOANGA SIBUGAY,TITAY,o5090
o5114,vice-mayor-of-imelda-zamboanga-sibugay-o5114,"Vice Mayor of Imelda, Zamboanga Sibugay",executive,city,elected,ZAMBOANGA SIBUGAY,IMELDA,o5090
o5115,vice-mayor-of-olutanga-zamboanga-sibugay-o5115,"Vice Mayor of Olutanga, Zamboanga Sibugay",executive,city,elected,ZAMBOANGA SIBUGAY,OLUTANGA,o5090
o5116,vice-mayor-of-mabuhay-zamboanga-sibugay-o5116,"Vice Mayor of Mabuhay, Zamboanga Sibugay",executive,city,elected,ZAMBOANGA SIBUGAY,MABUHAY,o5090
o5117,vice-mayor-of-kabasalan-zamboanga-sibugay-o5117,"Vice Mayor of Kabasalan, Zamboanga Sibugay",executive,city,elected,ZAMBOANGA SIBUGAY,KABASALAN,o5090
o5118,vice-mayor-of-naga-zamboanga-sibugay-o5118,"Vice Mayor of Naga, Zamboanga Sibugay",executive,city,elected,ZAMBOANGA SIBUGAY,NAGA,o5090
o5119,vice-mayor-of-tungawan-zamboanga-sibugay-o5119,"Vice Mayor of Tungawan, Zamboanga Sibugay",executive,city,elected,ZAMBOANGA SIBUGAY,TUNGAWAN,o5090
o5120,vice-mayor-of-payao-zamboanga-sibugay-o5120,"Vice Mayor of Payao, Zamboanga Sibugay",executive,city,elected,ZAMBOANGA SIBUGAY,PAYAO,o5090
o5121,vice-mayor-of-talusan-zamboanga-sibugay-o5121,"Vice Mayor of Talusan, Zamboanga Sibugay",executive,city,elected,ZAMBOANGA SIBUGAY,TALUSAN,o5090
o5122,vice-mayor-of-buug-zamboanga-sibugay-o5122,"Vice Mayor of Buug, Zamboanga Sibugay",executive,city,elected,ZAMBOANGA SIBUGAY,BUUG,o5090
o5123,vice-mayor-of-ipil-zamboanga-sibugay-o5123,"Vice Mayor of Ipil, Zamboanga Sibugay",executive,city,elected,ZAMBOANGA SIBUGAY,IPIL,o5090
o5124,vice-mayor-of-siay-zamboanga-sibugay-o5124,"Vice Mayor of Siay, Zamboanga Sibugay",executive,city,elected,ZAMBOANGA SIBUGAY,SIAY,o5090
o5125,vice-mayor-of-roseller-lim-zamboanga-sibugay-o5125,"Vice Mayor of Roseller Lim, Zamboanga Sibugay",executive,city,elected,ZAMBOANGA SIBUGAY,ROSELLER LIM,o5090
o5126,councilor-of-licuan-baay-licuan-abra-o5126,"Councilor of Licuan Baay Licuan, Abra",legislative,city,elected,ABRA,LICUAN BAAY LICUAN,o27
o5127,councilor-of-sallapadan-abra-o5127,"Councilor of Sallapadan, Abra",legislative,city,elected,ABRA,SALLAPADAN,o27
o5128,councilor-of-abra-o5128,"Councilor of , Abra",legislative,city,elected,ABRA,,o27
o5129,mayor-of-licuan-baay-licuan-abra-o5129,"Mayor of Licuan Baay Licuan, Abra",executive,city,elected,ABRA,LICUAN BAAY LICUAN,o27
o5130,mayor-of-sallapadan-abra-o5130,"Mayor of Sallapadan, Abra",executive,city,elected,ABRA,SALLAPADAN,o27
o5131,mayor-of-abra-o5131,"Mayor of , Abra",executive,city,elected,ABRA,,o27
o5132,vice-mayor-of-sallapadan-abra-o5132,"Vice Mayor of Sallapadan, Abra",executive,city,elected,ABRA,SALLAPADAN,o27
o5133,vice-mayor-of-licuan-baay-licuan-abra-o5133,"Vice Mayor of Licuan Baay Licuan, Abra",executive,city,elected,ABRA,LICUAN BAAY LICUAN,o27
o5134,councilor-of-agusan-del-norte-o5134,"Councilor of , Agusan Del Norte",legislative,city,elected,AGUSAN DEL NORTE,,o97
o5135,councilor-of-agusan-del-sur-o5135,"Councilor of , Agusan Del Sur",legislative,city,elected,AGUSAN DEL SUR,,o139
o5136,mayor-of-agusan-del-sur-o5136,"Mayor of , Agusan Del Sur",executive,city,elected,AGUSAN DEL SUR,,o139
o5137,councilor-of-aklan-o5137,"Councilor of , Aklan",legislative,city,elected,AKLAN,,o188
o5138,councilor-of-santo-domingo-libog-albay-o5138,"Councilor of Santo Domingo Libog, Albay",legislative,city,elected,ALBAY,SANTO DOMINGO LIBOG,o244
o5139,councilor-of-albay-o5139,"Councilor of , Albay",legislative,city,elected,ALBAY,,o244
o5140,councilor-of-daraga-locsin-albay-o5140,"Councilor of Daraga Locsin, Albay",legislative,city,elected,ALBAY,DARAGA LOCSIN,o244
o5141,mayor-of-santo-domingo-libog-albay-o5141,"Mayor of Santo Domingo Libog, Albay",executive,city,elected,ALBAY,SANTO DOMINGO LIBOG,o244
o5142,mayor-of-daraga-locsin-albay-o5142,"Mayor of Daraga Locsin, Albay",executive,city,elected,ALBAY,DARAGA LOCSIN,o244
o5143,vice-mayor-of-santo-domingo-libog-albay-o5143,"Vice Mayor of Santo Domingo Libog, Albay",executive,city,elected,ALBAY,SANTO DOMINGO LIBOG,o244
o5144,vice-mayor-of-daraga-locsin-albay-o5144,"Vice Mayor of Daraga Locsin, Albay",executive,city,elected,ALBAY,DARAGA LOCSIN,o244
o5145,councilor-of-tobias-fornier-dao-antique-o5145,"Councilor of Tobias Fornier Dao, Antique",legislative,city,elected,ANTIQUE,TOBIAS FORNIER DAO,o302
o5146,councilor-of-antique-o5146,"Councilor of , Antique",legislative,city,elected,ANTIQUE,,o302
o5147,mayor-of-tobias-fornier-dao-antique-o5147,"Mayor of Tobias Fornier Dao, Antique",executive,city,elected,ANTIQUE,TOBIAS FORNIER DAO,o302
o5148,vice-mayor-of-antique-o5148,"Vice Mayor of , Antique",executive,city,elected,ANTIQUE,,o302
o5149,vice-mayor-of-tobias-fornier-dao-antique-o5149,"Vice Mayor of Tobias Fornier Dao, Antique",executive,city,elected,ANTIQUE,TOBIAS FORNIER DAO,o302
o5150,councilor-of-calanasan-bayag-apayao-o5150,"Councilor of Calanasan Bayag, Apayao",legislative,city,elected,APAYAO,CALANASAN BAYAG,o349
o5151,councilor-of-kabugao-capital-apayao-o5151,"Councilor of Kabugao Capital, Apayao",legislative,city,elected,APAYAO,KABUGAO CAPITAL,o349
o5152,councilor-of-apayao-o5152,"Councilor of , Apayao",legislative,city,elected,APAYAO,,o349
o5153,mayor-of-calanasan-bayag-apayao-o5153,"Mayor of Calanasan Bayag, Apayao",executive,city,elected,APAYAO,CALANASAN BAYAG,o349
o5154,mayor-of-apayao-o5154,"Mayor of , Apayao",executive,city,elected,APAYAO,,o349
o5155,mayor-of-kabugao-capital-apayao-o5155,"Mayor of Kabugao Capital, Apayao",executive,city,elected,APAYAO,KABUGAO CAPITAL,o349
o5156,vice-mayor-of-kabugao-capital-apayao-o5156,"Vice Mayor of Kabugao Capital, Apayao",executive,city,elected,APAYAO,KABUGAO CAPITAL,o349
o5157,vice-mayor-of-calanasan-bayag-apayao-o5157,"Vice Mayor of Calanasan Bayag, Apayao",executive,city,elected,APAYAO,CALANASAN BAYAG,o349
o5158,vice-mayor-of-apayao-o5158,"Vice Mayor of , Apayao",executive,city,elected,APAYAO,,o349
o5159,councilor-of-aurora-o5159,"Councilor of , Aurora",legislative,city,elected,AURORA,,o375
o5160,mayor-of-aurora-o5160,"Mayor of , Aurora",executive,city,elected,AURORA,,o375
o5161,councilor-of-basilan-o5161,"Councilor of , Basilan",legislative,city,elected,BASILAN,,o402
o5162,vice-mayor-of-basilan-o5162,"Vice Mayor of , Basilan",executive,city,elected,BASILAN,,o402
o5163,councilor-of-bataan-o5163,"Councilor of , Bataan",legislative,city,elected,BATAAN,,o432
o5164,vice-mayor-of-bataan-o5164,"Vice Mayor of , Bataan",executive,city,elected,BATAAN,,o432
o5165,councilor-of-batanes-o5165,"Councilor of , Batanes",legislative,city,elected,BATANES,,o466
o5166,councilor-of-batangas-o5166,"Councilor of , Batangas",legislative,city,elected,BATANGAS,,o516
o5167,mayor-of-batangas-o5167,"Mayor of , Batangas",executive,city,elected,BATANGAS,,o516
o5168,vice-mayor-of-batangas-o5168,"Vice Mayor of , Batangas",executive,city,elected,BATANGAS,,o516
o5169,councilor-of-benguet-o5169,"Councilor of , Benguet",legislative,city,elected,BENGUET,,o602
o5170,councilor-of-la-trinidad-capital-benguet-o5170,"Councilor of La Trinidad Capital, Benguet",legislative,city,elected,BENGUET,LA TRINIDAD CAPITAL,o602
o5171,vice-mayor-of-la-trinidad-capital-benguet-o5171,"Vice Mayor of La Trinidad Capital, Benguet",executive,city,elected,BENGUET,LA TRINIDAD CAPITAL,o602
o5172,councilor-of-biliran-o5172,"Councilor of , Biliran",legislative,city,elected,BILIRAN,,o642
o5173,councilor-of-pres-carlos-p-garcia-pitogo-bohol-o5173,"Councilor of Pres Carlos P Garcia Pitogo, Bohol",legislative,city,elected,BOHOL,PRES CARLOS P GARCIA PITOGO,o710
o5174,councilor-of-sagbayan-borja-bohol-o5174,"Councilor of Sagbayan Borja, Bohol",legislative,city,elected,BOHOL,SAGBAYAN BORJA,o710
o5175,councilor-of-bohol-o5175,"Councilor of , Bohol",legislative,city,elected,BOHOL,,o710
o5176,mayor-of-pres-carlos-p-garcia-pitogo-bohol-o5176,"Mayor of Pres Carlos P Garcia Pitogo, Bohol",executive,city,elected,BOHOL,PRES CARLOS P GARCIA PITOGO,o710
o5177,mayor-of-sagbayan-borja-bohol-o5177,"Mayor of Sagbayan Borja, Bohol",executive,city,elected,BOHOL,SAGBAYAN BORJA,o710
o5178,vice-mayor-of-sagbayan-borja-bohol-o5178,"Vice Mayor of Sagbayan Borja, Bohol",executive,city,elected,BOHOL,SAGBAYAN BORJA,o710
o5179,vice-mayor-of-pres-carlos-p-garcia-pitogo-bohol-o5179,"Vice Mayor of Pres Carlos P Garcia Pitogo, Bohol",executive,city,elected,BOHOL,PRES CARLOS P GARCIA PITOGO,o710
o5180,councilor-of-bukidnon-o5180,"Councilor of , Bukidnon",legislative,city,elected,BUKIDNON,,o832
o5181,mayor-of-bukidnon-o5181,"Mayor of , Bukidnon",executive,city,elected,BUKIDNON,,o832
o5182,vice-mayor-of-bukidnon-o5182,"Vice Mayor of , Bukidnon",executive,city,elected,BUKIDNON,,o832
o5183,councilor-of-bulacan-o5183,"Councilor of , Bulacan",legislative,city,elected,BULACAN,,o904
o5184,councilor-of-balagtas-bigaa-bulacan-o5184,"Councilor of Balagtas Bigaa, Bulacan",legislative,city,elected,BULACAN,BALAGTAS BIGAA,o904
o5185,mayor-of-balagtas-bigaa-bulacan-o5185,"Mayor of Balagtas Bigaa, Bulacan",executive,city,elected,BULACAN,BALAGTAS BIGAA,o904
o5186,mayor-of-bulacan-o5186,"Mayor of , Bulacan",executive,city,elected,BULACAN,,o904
o5187,vice-mayor-of-bulacan-o5187,"Vice Mayor of , Bulacan",executive,city,elected,BULACAN,,o904
o5188,vice-mayor-of-balagtas-bigaa-bulacan-o5188,"Vice Mayor of Balagtas Bigaa, Bulacan",executive,city,elected,BULACAN,BALAGTAS BIGAA,o904
o5189,councilor-of-santo-nino-faire-cagayan-o5189,"Councilor of Santo Nino Faire, Cagayan",legislative,city,elected,CAGAYAN,SANTO NINO FAIRE,o985
o5190,councilor-of-cagayan-o5190,"Councilor of , Cagayan",legislative,city,elected,CAGAYAN,,o985
o5191,mayor-of-cagayan-o5191,"Mayor of , Cagayan",executive,city,elected,CAGAYAN,,o985
o5192,mayor-of-santo-nino-faire-cagayan-o5192,"Mayor of Santo Nino Faire, Cagayan",executive,city,elected,CAGAYAN,SANTO NINO FAIRE,o985
o5193,vice-mayor-of-santo-nino-faire-cagayan-o5193,"Vice Mayor of Santo Nino Faire, Cagayan",executive,city,elected,CAGAYAN,SANTO NINO FAIRE,o985
o5194,councilor-of-san-lorenzo-ruiz-imelda-camarines-norte-o5194,"Councilor of San Lorenzo Ruiz Imelda, Camarines Norte",legislative,city,elected,CAMARINES NORTE,SAN LORENZO RUIZ IMELDA,o1059
o5195,councilor-of-camarines-norte-o5195,"Councilor of , Camarines Norte",legislative,city,elected,CAMARINES NORTE,,o1059
o5196,mayor-of-san-lorenzo-ruiz-imelda-camarines-norte-o5196,"Mayor of San Lorenzo Ruiz Imelda, Camarines Norte",executive,city,elected,CAMARINES NORTE,SAN LORENZO RUIZ IMELDA,o1059
o5197,vice-mayor-of-san-lorenzo-ruiz-imelda-camarines-norte-o5197,"Vice Mayor of San Lorenzo Ruiz Imelda, Camarines Norte",executive,city,elected,CAMARINES NORTE,SAN LORENZO RUIZ IMELDA,o1059
o5198,councilor-of-camarines-sur-o5198,"Councilor of , Camarines Sur",legislative,city,elected,CAMARINES SUR,,o1124
o5199,councilor-of-presentacion-parubcan-camarines-sur-o5199,"Councilor of Presentacion Parubcan, Camarines Sur",legislative,city,elected,CAMARINES SUR,PRESENTACION PARUBCAN,o1124
o5200,mayor-of-presentacion-parubcan-camarines-sur-o5200,"Mayor of Presentacion Parubcan, Camarines Sur",executive,city,elected,CAMARINES SUR,PRESENTACION PARUBCAN,o1124
o5201,mayor-of-camarines-sur-o5201,"Mayor of , Camarines Sur",executive,city,elected,CAMARINES SUR,,o1124
o5202,vice-mayor-of-presentacion-parubcan-camarines-sur-o5202,"Vice Mayor of Presentacion Parubcan, Camarines Sur",executive,city,elected,CAMARINES SUR,PRESENTACION PARUBCAN,o1124
o5203,councilor-of-camiguin-o5203,"Councilor of , Camiguin",legislative,city,elected,CAMIGUIN,,o1207
o5204,councilor-of-capiz-o5204,"Councilor of , Capiz",legislative,city,elected,CAPIZ,,o1238
o5205,mayor-of-capiz-o5205,"Mayor of , Capiz",executive,city,elected,CAPIZ,,o1238
o5206,vice-mayor-of-capiz-o5206,"Vice Mayor of , Capiz",executive,city,elected,CAPIZ,,o1238
o5207,councilor-of-san-andres-calolbon-catanduanes-o5207,"Councilor of San Andres Calolbon, Catanduanes",legislative,city,elected,CATANDUANES,SAN ANDRES CALOLBON,o1287
o5208,councilor-of-panganiban-payo-catanduanes-o5208,"Councilor of Panganiban Payo, Catanduanes",legislative,city,elected,CATANDUANES,PANGANIBAN PAYO,o1287
o5209,councilor-of-catanduanes-o5209,"Councilor of , Catanduanes",legislative,city,elected,CATANDUANES,,o1287
o5210,mayor-of-san-andres-calolbon-catanduanes-o5210,"Mayor of San Andres Calolbon, Catanduanes",executive,city,elected,CATANDUANES,SAN ANDRES CALOLBON,o1287
o5211,mayor-of-panganiban-payo-catanduanes-o5211,"Mayor of Panganiban Payo, Catanduanes",executive,city,elected,CATANDUANES,PANGANIBAN PAYO,o1287
o5212,vice-mayor-of-panganiban-payo-catanduanes-o5212,"Vice Mayor of Panganiban Payo, Catanduanes",executive,city,elected,CATANDUANES,PANGANIBAN PAYO,o1287
o5213,vice-mayor-of-catanduanes-o5213,"Vice Mayor of , Catanduanes",executive,city,elected,CATANDUANES,,o1287
o5214,councilor-of-mendez-mendez-nunez-cavite-o5214,"Councilor of Mendez Mendez Nunez, Cavite",legislative,city,elected,CAVITE,MENDEZ MENDEZ NUNEZ,o1336
o5215,councilor-of-cavite-o5215,"Councilor of , Cavite",legislative,city,elected,CAVITE,,o1336
o5216,mayor-of-mendez-mendez-nunez-cavite-o5216,"Mayor of Mendez Mendez Nunez, Cavite",executive,city,elected,CAVITE,MENDEZ MENDEZ NUNEZ,o1336
o5217,mayor-of-cavite-o5217,"Mayor of , Cavite",executive,city,elected,CAVITE,,o1336
o5218,vice-mayor-of-mendez-mendez-nunez-cavite-o5218,"Vice Mayor of Mendez Mendez Nunez, Cavite",executive,city,elected,CAVITE,MENDEZ MENDEZ NUNEZ,o1336
o5219,councilor-of-lapu-lapu-city-opon-cebu-o5219,"Councilor of Lapu Lapu City Opon, Cebu",legislative,city,elected,CEBU,LAPU LAPU CITY OPON,o1439
o5220,councilor-of-cebu-o5220,"Councilor of , Cebu",legislative,city,elected,CEBU,,o1439
o5221,councilor-of-pinamungahan-cebu-o5221,"Councilor of Pinamungahan, Cebu",legislative,city,elected,CEBU,PINAMUNGAHAN,o1439
o5222,mayor-of-lapu-lapu-city-opon-cebu-o5222,"Mayor of Lapu Lapu City Opon, Cebu",executive,city,elected,CEBU,LAPU LAPU CITY OPON,o1439
o5223,mayor-of-pinamungahan-cebu-o5223,"Mayor of Pinamungahan, Cebu",executive,city,elected,CEBU,PINAMUNGAHAN,o1439
o5224,vice-mayor-of-pinamungahan-cebu-o5224,"Vice Mayor of Pinamungahan, Cebu",executive,city,elected,CEBU,PINAMUNGAHAN,o1439
o5225,vice-mayor-of-cebu-o5225,"Vice Mayor of , Cebu",executive,city,elected,CEBU,,o1439
o5226,vice-mayor-of-lapu-lapu-city-opon-cebu-o5226,"Vice Mayor of Lapu Lapu City Opon, Cebu",executive,city,elected,CEBU,LAPU LAPU CITY OPON,o1439
o5227,councilor-of-cotabato-o5227,"Councilor of , Cotabato",legislative,city,elected,COTABATO,,o1567
o5228,mayor-of-cotabato-o5228,"Mayor of , Cotabato",executive,city,elected,COTABATO,,o1567
o5229,councilor-of-laak-san-vicente-davao-de-oro-o5229,"Councilor of Laak San Vicente, Davao De Oro",legislative,city,elected,DAVAO DE ORO,LAAK SAN VICENTE,o1618
o5230,councilor-of-maragusan-san-mariano-davao-de-oro-o5230,"Councilor of Maragusan San Mariano, Davao De Oro",legislative,city,elected,DAVAO DE ORO,MARAGUSAN SAN MARIANO,o1618
o5231,councilor-of-mabini-dona-alicia-davao-de-oro-o5231,"Councilor of Mabini Dona Alicia, Davao De Oro",legislative,city,elected,DAVAO DE ORO,MABINI DONA ALICIA,o1618
o5232,councilor-of-davao-de-oro-o5232,"Councilor of , Davao De Oro",legislative,city,elected,DAVAO DE ORO,,o1618
o5233,mayor-of-laak-san-vicente-davao-de-oro-o5233,"Mayor of Laak San Vicente, Davao De Oro",executive,city,elected,DAVAO DE ORO,LAAK SAN VICENTE,o1618
o5234,mayor-of-mabini-dona-alicia-davao-de-oro-o5234,"Mayor of Mabini Dona Alicia, Davao De Oro",executive,city,elected,DAVAO DE ORO,MABINI DONA ALICIA,o1618
o5235,mayor-of-maragusan-san-mariano-davao-de-oro-o5235,"Mayor of Maragusan San Mariano, Davao De Oro",executive,city,elected,DAVAO DE ORO,MARAGUSAN SAN MARIANO,o1618
o5236,vice-mayor-of-laak-san-vicente-davao-de-oro-o5236,"Vice Mayor of Laak San Vicente, Davao De Oro",executive,city,elected,DAVAO DE ORO,LAAK SAN VICENTE,o1618
o5237,vice-mayor-of-mabini-dona-alicia-davao-de-oro-o5237,"Vice Mayor of Mabini Dona Alicia, Davao De Oro",executive,city,elected,DAVAO DE ORO,MABINI DONA ALICIA,o1618
o5238,vice-mayor-of-maragusan-san-mariano-davao-de-oro-o5238,"Vice Mayor of Maragusan San Mariano, Davao De Oro",executive,city,elected,DAVAO DE ORO,MARAGUSAN SAN MARIANO,o1618
o5239,councilor-of-asuncion-saug-davao-del-norte-o5239,"Councilor of Asuncion Saug, Davao Del Norte",legislative,city,elected,DAVAO DEL NORTE,ASUNCION SAUG,o1654
o5240,councilor-of-davao-del-norte-o5240,"Councilor of , Davao Del Norte",legislative,city,elected,DAVAO DEL NORTE,,o1654
o5241,mayor-of-asuncion-saug-davao-del-norte-o5241,"Mayor of Asuncion Saug, Davao Del Norte",executive,city,elected,DAVAO DEL NORTE,ASUNCION SAUG,o1654
o5242,vice-mayor-of-asuncion-saug-davao-del-norte-o5242,"Vice Mayor of Asuncion Saug, Davao Del Norte",executive,city,elected,DAVAO DEL NORTE,ASUNCION SAUG,o1654
o5243,councilor-of-jose-abad-santos-trinidad-davao-del-sur-o5243,"Councilor of Jose Abad Santos Trinidad, Davao Del Sur",legislative,city,elected,DAVAO DEL SUR,JOSE ABAD SANTOS TRINIDAD,o1694
o5244,councilor-of-davao-del-sur-o5244,"Councilor of , Davao Del Sur",legislative,city,elected,DAVAO DEL SUR,,o1694
o5245,mayor-of-jose-abad-santos-trinidad-davao-del-sur-o5245,"Mayor of Jose Abad Santos Trinidad, Davao Del Sur",executive,city,elected,DAVAO DEL SUR,JOSE ABAD SANTOS TRINIDAD,o1694
o5246,vice-mayor-of-jose-abad-santos-trinidad-davao-del-sur-o5246,"Vice Mayor of Jose Abad Santos Trinidad, Davao Del Sur",executive,city,elected,DAVAO DEL SUR,JOSE ABAD SANTOS TRINIDAD,o1694
o5247,councilor-of-don-marcelino-davao-occidental-o5247,"Councilor of Don Marcelino, Davao Occidental",legislative,city,elected,DAVAO OCCIDENTAL,DON MARCELINO,o5249
o5248,councilor-of-malita-davao-occidental-o5248,"Councilor of Malita, Davao Occidental",legislative,city,elected,DAVAO OCCIDENTAL,MALITA,o5249
o5249,governor-of-davao-occidental-o5249,Governor of Davao Occidental,executive,provincial,elected,DAVAO OCCIDENTAL,,
o5250,mayor-of-malita-davao-occidental-o5250,"Mayor of Malita, Davao Occidental",executive,city,elected,DAVAO OCCIDENTAL,MALITA,o5249
o5251,mayor-of-santa-maria-davao-occidental-o5251,"Mayor of Santa Maria, Davao Occidental",executive,city,elected,DAVAO OCCIDENTAL,SANTA MARIA,o5249
o5252,provincial-board-member-of-davao-occidental-o5252,Provincial Board Member of Davao Occidental,legislative,provincial,elected,DAVAO OCCIDENTAL,,
o5253,vice-mayor-of-malita-davao-occidental-o5253,"Vice Mayor of Malita, Davao Occidental",executive,city,elected,DAVAO OCCIDENTAL,MALITA,o5249
o5254,councilor-of-banaybanay-davao-oriental-o5254,"Councilor of Banaybanay, Davao Oriental",legislative,city,elected,DAVAO ORIENTAL,BANAYBANAY,o1740
o5255,councilor-of-davao-oriental-o5255,"Councilor of , Davao Oriental",legislative,city,elected,DAVAO ORIENTAL,,o1740
o5256,mayor-of-davao-oriental-o5256,"Mayor of , Davao Oriental",executive,city,elected,DAVAO ORIENTAL,,o1740
o5257,mayor-of-banaybanay-davao-oriental-o5257,"Mayor of Banaybanay, Davao Oriental",executive,city,elected,DAVAO ORIENTAL,BANAYBANAY,o1740
o5258,vice-mayor-of-banaybanay-davao-oriental-o5258,"Vice Mayor of Banaybanay, Davao Oriental",executive,city,elected,DAVAO ORIENTAL,BANAYBANAY,o1740
o5259,vice-mayor-of-davao-oriental-o5259,"Vice Mayor of , Davao Oriental",executive,city,elected,DAVAO ORIENTAL,,o1740
o5260,councilor-of-basilisa-rizal-dinagat-islands-o5260,"Councilor of Basilisa Rizal, Dinagat Islands",legislative,city,elected,DINAGAT ISLANDS,BASILISA RIZAL,o5611
o5261,councilor-of-san-jose-dinagat-islands-o5261,"Councilor of San Jose, Dinagat Islands",legislative,city,elected,DINAGAT ISLANDS,SAN JOSE,o5611
o5262,councilor-of-dinagat-dinagat-islands-o5262,"Councilor of Dinagat, Dinagat Islands",legislative,city,elected,DINAGAT ISLANDS,DINAGAT,o5611
o5263,councilor-of-cagdianao-dinagat-islands-o5263,"Councilor of Cagdianao, Dinagat Islands",legislative,city,elected,DINAGAT ISLANDS,CAGDIANAO,o5611
o5264,councilor-of-tubajon-dinagat-islands-o5264,"Councilor of Tubajon, Dinagat Islands",legislative,city,elected,DINAGAT ISLANDS,TUBAJON,o5611
o5265,vice-mayor-of-basilisa-rizal-dinagat-islands-o5265,"Vice Mayor of Basilisa Rizal, Dinagat Islands",executive,city,elected,DINAGAT ISLANDS,BASILISA RIZAL,o5611
o5266,vice-mayor-of-dinagat-dinagat-islands-o5266,"Vice Mayor of Dinagat, Dinagat Islands",executive,city,elected,DINAGAT ISLANDS,DINAGAT,o5611
o5267,vice-mayor-of-cagdianao-dinagat-islands-o5267,"Vice Mayor of Cagdianao, Dinagat Islands",executive,city,elected,DINAGAT ISLANDS,CAGDIANAO,o5611
o5268,councilor-of-san-policarpo-eastern-samar-o5268,"Councilor of San Policarpo, Eastern Samar",legislative,city,elected,EASTERN SAMAR,SAN POLICARPO,o1787
o5269,councilor-of-eastern-samar-o5269,"Councilor of , Eastern Samar",legislative,city,elected,EASTERN SAMAR,,o1787
o5270,vice-mayor-of-san-policarpo-eastern-samar-o5270,"Vice Mayor of San Policarpo, Eastern Samar",executive,city,elected,EASTERN SAMAR,SAN POLICARPO,o1787
o5271,councilor-of-lagawe-burnay-ifugao-o5271,"Councilor of Lagawe Burnay, Ifugao",legislative,city,elected,IFUGAO,LAGAWE BURNAY,o1867
o5272,councilor-of-alfonso-lista-potia-ifugao-o5272,"Councilor of Alfonso Lista Potia, Ifugao",legislative,city,elected,IFUGAO,ALFONSO LISTA POTIA,o1867
o5273,councilor-of-ifugao-o5273,"Councilor of , Ifugao",legislative,city,elected,IFUGAO,,o1867
o5274,mayor-of-alfonso-lista-potia-ifugao-o5274,"Mayor of Alfonso Lista Potia, Ifugao",executive,city,elected,IFUGAO,ALFONSO LISTA POTIA,o1867
o5275,mayor-of-lagawe-burnay-ifugao-o5275,"Mayor of Lagawe Burnay, Ifugao",executive,city,elected,IFUGAO,LAGAWE BURNAY,o1867
o5276,mayor-of-ifugao-o5276,"Mayor of , Ifugao",executive,city,elected,IFUGAO,,o1867
o5277,vice-mayor-of-lagawe-burnay-ifugao-o5277,"Vice Mayor of Lagawe Burnay, Ifugao",executive,city,elected,IFUGAO,LAGAWE BURNAY,o1867
o5278,vice-mayor-of-alfonso-lista-potia-ifugao-o5278,"Vice Mayor of Alfonso Lista Potia, Ifugao",executive,city,elected,IFUGAO,ALFONSO LISTA POTIA,o1867
o5279,councilor-of-banna-espiritu-ilocos-norte-o5279,"Councilor of Banna Espiritu, Ilocos Norte",legislative,city,elected,ILOCOS NORTE,BANNA ESPIRITU,o1916
o5280,councilor-of-ilocos-norte-o5280,"Councilor of , Ilocos Norte",legislative,city,elected,ILOCOS NORTE,,o1916
o5281,mayor-of-banna-espiritu-ilocos-norte-o5281,"Mayor of Banna Espiritu, Ilocos Norte",executive,city,elected,ILOCOS NORTE,BANNA ESPIRITU,o1916
o5282,mayor-of-ilocos-norte-o5282,"Mayor of , Ilocos Norte",executive,city,elected,ILOCOS NORTE,,o1916
o5283,vice-mayor-of-ilocos-norte-o5283,"Vice Mayor of , Ilocos Norte",executive,city,elected,ILOCOS NORTE,,o1916
o5284,vice-mayor-of-banna-espiritu-ilocos-norte-o5284,"Vice Mayor of Banna Espiritu, Ilocos Norte",executive,city,elected,ILOCOS NORTE,BANNA ESPIRITU,o1916
o5285,councilor-of-quirino-angkaki-ilocos-sur-o5285,"Councilor of Quirino Angkaki, Ilocos Sur",legislative,city,elected,ILOCOS SUR,QUIRINO ANGKAKI,o2000
o5286,councilor-of-gregorio-del-pilar-concepcion-ilocos-sur-o5286,"Councilor of Gregorio Del Pilar Concepcion, Ilocos Sur",legislative,city,elected,ILOCOS SUR,GREGORIO DEL PILAR CONCEPCION,o2000
o5287,councilor-of-san-juan-lapog-ilocos-sur-o5287,"Councilor of San Juan Lapog, Ilocos Sur",legislative,city,elected,ILOCOS SUR,SAN JUAN LAPOG,o2000
o5288,councilor-of-ilocos-sur-o5288,"Councilor of , Ilocos Sur",legislative,city,elected,ILOCOS SUR,,o2000
o5289,councilor-of-salcedo-baugen-ilocos-sur-o5289,"Councilor of Salcedo Baugen, Ilocos Sur",legislative,city,elected,ILOCOS SUR,SALCEDO BAUGEN,o2000
o5290,mayor-of-quirino-angkaki-ilocos-sur-o5290,"Mayor of Quirino Angkaki, Ilocos Sur",executive,city,elected,ILOCOS SUR,QUIRINO ANGKAKI,o2000
o5291,mayor-of-gregorio-del-pilar-concepcion-ilocos-sur-o5291,"Mayor of Gregorio Del Pilar Concepcion, Ilocos Sur",executive,city,elected,ILOCOS SUR,GREGORIO DEL PILAR CONCEPCION,o2000
o5292,mayor-of-salcedo-baugen-ilocos-sur-o5292,"Mayor of Salcedo Baugen, Ilocos Sur",executive,city,elected,ILOCOS SUR,SALCEDO BAUGEN,o2000
o5293,mayor-of-san-juan-lapog-ilocos-sur-o5293,"Mayor of San Juan Lapog, Ilocos Sur",executive,city,elected,ILOCOS SUR,SAN JUAN LAPOG,o2000
o5294,vice-mayor-of-ilocos-sur-o5294,"Vice Mayor of , Ilocos Sur",executive,city,elected,ILOCOS SUR,,o2000
o5295,vice-mayor-of-salcedo-baugen-ilocos-sur-o5295,"Vice Mayor of Salcedo Baugen, Ilocos Sur",executive,city,elected,ILOCOS SUR,SALCEDO BAUGEN,o2000
o5296,vice-mayor-of-quirino-angkaki-ilocos-sur-o5296,"Vice Mayor of Quirino Angkaki, Ilocos Sur",executive,city,elected,ILOCOS SUR,QUIRINO ANGKAKI,o2000
o5297,vice-mayor-of-san-juan-lapog-ilocos-sur-o5297,"Vice Mayor of San Juan Lapog, Ilocos Sur",executive,city,elected,ILOCOS SUR,SAN JUAN LAPOG,o2000
o5298,councilor-of-iloilo-o5298,"Councilor of , Iloilo",legislative,city,elected,ILOILO,,o2116
o5299,vice-mayor-of-iloilo-o5299,"Vice Mayor of , Iloilo",executive,city,elected,ILOILO,,o2116
o5300,councilor-of-delfin-albano-magsaysay-isabela-o5300,"Councilor of Delfin Albano Magsaysay, Isabela",legislative,city,elected,ISABELA,DELFIN ALBANO MAGSAYSAY,o2245
o5301,councilor-of-isabela-o5301,"Councilor of , Isabela",legislative,city,elected,ISABELA,,o2245
o5302,mayor-of-delfin-albano-magsaysay-isabela-o5302,"Mayor of Delfin Albano Magsaysay, Isabela",executive,city,elected,ISABELA,DELFIN ALBANO MAGSAYSAY,o2245
o5303,mayor-of-isabela-o5303,"Mayor of , Isabela",executive,city,elected,ISABELA,,o2245
o5304,vice-mayor-of-delfin-albano-magsaysay-isabela-o5304,"Vice Mayor of Delfin Albano Magsaysay, Isabela",executive,city,elected,ISABELA,DELFIN ALBANO MAGSAYSAY,o2245
o5305,councilor-of-kalinga-o5305,"Councilor of , Kalinga",legislative,city,elected,KALINGA,,o2331
o5306,councilor-of-rizal-liwan-kalinga-o5306,"Councilor of Rizal Liwan, Kalinga",legislative,city,elected,KALINGA,RIZAL LIWAN,o2331
o5307,mayor-of-kalinga-o5307,"Mayor of , Kalinga",executive,city,elected,KALINGA,,o2331
o5308,vice-mayor-of-rizal-liwan-kalinga-o5308,"Vice Mayor of Rizal Liwan, Kalinga",executive,city,elected,KALINGA,RIZAL LIWAN,o2331
o5309,councilor-of-la-union-o5309,"Councilor of , La Union",legislative,city,elected,LA UNION,,o2371
o5310,mayor-of-la-union-o5310,"Mayor of , La Union",executive,city,elected,LA UNION,,o2371
o5311,councilor-of-laguna-o5311,"Councilor of , Laguna",legislative,city,elected,LAGUNA,,o2445
o5312,vice-mayor-of-laguna-o5312,"Vice Mayor of , Laguna",executive,city,elected,LAGUNA,,o2445
o5313,councilor-of-s-n-dimaporo-karomatan-lanao-del-norte-o5313,"Councilor of S N Dimaporo Karomatan, Lanao Del Norte",legislative,city,elected,LANAO DEL NORTE,S N DIMAPORO KAROMATAN,o2532
o5314,councilor-of-lanao-del-norte-o5314,"Councilor of , Lanao Del Norte",legislative,city,elected,LANAO DEL NORTE,,o2532
o5315,mayor-of-s-n-dimaporo-karomatan-lanao-del-norte-o5315,"Mayor of S N Dimaporo Karomatan, Lanao Del Norte",executive,city,elected,LANAO DEL NORTE,S N DIMAPORO KAROMATAN,o2532
o5316,mayor-of-lanao-del-norte-o5316,"Mayor of , Lanao Del Norte",executive,city,elected,LANAO DEL NORTE,,o2532
o5317,vice-mayor-of-s-n-dimaporo-karomatan-lanao-del-norte-o5317,"Vice Mayor of S N Dimaporo Karomatan, Lanao Del Norte",executive,city,elected,LANAO DEL NORTE,S N DIMAPORO KAROMATAN,o2532
o5318,councilor-of-lanao-del-sur-o5318,"Councilor of , Lanao Del Sur",legislative,city,elected,LANAO DEL SUR,,o2617
o5319,councilor-of-bacolod-kalawi-bacolod-grande-lanao-del-sur-o5319,"Councilor of Bacolod Kalawi Bacolod Grande, Lanao Del Sur",legislative,city,elected,LANAO DEL SUR,BACOLOD KALAWI BACOLOD GRANDE,o2617
o5320,councilor-of-balindong-watu-lanao-del-sur-o5320,"Councilor of Balindong Watu, Lanao Del Sur",legislative,city,elected,LANAO DEL SUR,BALINDONG WATU,o2617
o5321,councilor-of-binidayan-lanao-del-sur-o5321,"Councilor of Binidayan, Lanao Del Sur",legislative,city,elected,LANAO DEL SUR,BINIDAYAN,o2617
o5322,councilor-of-pagayawan-tatarikan-lanao-del-sur-o5322,"Councilor of Pagayawan Tatarikan, Lanao Del Sur",legislative,city,elected,LANAO DEL SUR,PAGAYAWAN TATARIKAN,o2617
o5323,councilor-of-masiu-lanao-del-sur-o5323,"Councilor of Masiu, Lanao Del Sur",legislative,city,elected,LANAO DEL SUR,MASIU,o2617
o5324,mayor-of-lanao-del-sur-o5324,"Mayor of , Lanao Del Sur",executive,city,elected,LANAO DEL SUR,,o2617
o5325,mayor-of-masiu-lanao-del-sur-o5325,"Mayor of Masiu, Lanao Del Sur",executive,city,elected,LANAO DEL SUR,MASIU,o2617
o5326,mayor-of-balindong-watu-lanao-del-sur-o5326,"Mayor of Balindong Watu, Lanao Del Sur",executive,city,elected,LANAO DEL SUR,BALINDONG WATU,o2617
o5327,mayor-of-lumba-bayabao-maguing-lanao-del-sur-o5327,"Mayor of Lumba Bayabao Maguing, Lanao Del Sur",executive,city,elected,LANAO DEL SUR,LUMBA BAYABAO MAGUING,o2617
o5328,mayor-of-pagayawan-tatarikan-lanao-del-sur-o5328,"Mayor of Pagayawan Tatarikan, Lanao Del Sur",executive,city,elected,LANAO DEL SUR,PAGAYAWAN TATARIKAN,o2617
o5329,mayor-of-bacolod-kalawi-bacolod-grande-lanao-del-sur-o5329,"Mayor of Bacolod Kalawi Bacolod Grande, Lanao Del Sur",executive,city,elected,LANAO DEL SUR,BACOLOD KALAWI BACOLOD GRANDE,o2617
o5330,vice-mayor-of-lanao-del-sur-o5330,"Vice Mayor of , Lanao Del Sur",executive,city,elected,LANAO DEL SUR,,o2617
o5331,vice-mayor-of-balindong-watu-lanao-del-sur-o5331,"Vice Mayor of Balindong Watu, Lanao Del Sur",executive,city,elected,LANAO DEL SUR,BALINDONG WATU,o2617
o5332,vice-mayor-of-bacolod-kalawi-bacolod-grande-lanao-del-sur-o5332,"Vice Mayor of Bacolod Kalawi Bacolod Grande, Lanao Del Sur",executive,city,elected,LANAO DEL SUR,BACOLOD KALAWI BACOLOD GRANDE,o2617
o5333,vice-mayor-of-masiu-lanao-del-sur-o5333,"Vice Mayor of Masiu, Lanao Del Sur",executive,city,elected,LANAO DEL SUR,MASIU,o2617
o5334,vice-mayor-of-pagayawan-tatarikan-lanao-del-sur-o5334,"Vice Mayor of Pagayawan Tatarikan, Lanao Del Sur",executive,city,elected,LANAO DEL SUR,PAGAYAWAN TATARIKAN,o2617
o5335,councilor-of-javier-bugho-leyte-o5335,"Councilor of Javier Bugho, Leyte",legislative,city,elected,LEYTE,JAVIER BUGHO,o2740
o5336,councilor-of-tacloban-city-capital-leyte-o5336,"Councilor of Tacloban City Capital, Leyte",legislative,city,elected,LEYTE,TACLOBAN CITY CAPITAL,o2740
o5337,councilor-of-leyte-o5337,"Councilor of , Leyte",legislative,city,elected,LEYTE,,o2740
o5338,mayor-of-javier-bugho-leyte-o5338,"Mayor of Javier Bugho, Leyte",executive,city,elected,LEYTE,JAVIER BUGHO,o2740
o5339,mayor-of-tacloban-city-capital-leyte-o5339,"Mayor of Tacloban City Capital, Leyte",executive,city,elected,LEYTE,TACLOBAN CITY CAPITAL,o2740
o5340,mayor-of-leyte-o5340,"Mayor of , Leyte",executive,city,elected,LEYTE,,o2740
o5341,vice-mayor-of-tacloban-city-capital-leyte-o5341,"Vice Mayor of Tacloban City Capital, Leyte",executive,city,elected,LEYTE,TACLOBAN CITY CAPITAL,o2740
o5342,vice-mayor-of-javier-bugho-leyte-o5342,"Vice Mayor of Javier Bugho, Leyte",executive,city,elected,LEYTE,JAVIER BUGHO,o2740
o5343,vice-mayor-of-leyte-o5343,"Vice Mayor of , Leyte",executive,city,elected,LEYTE,,o2740
o5344,councilor-of-sultan-kudarat-nuling-maguindanao-o5344,"Councilor of Sultan Kudarat Nuling, Maguindanao",legislative,city,elected,MAGUINDANAO,SULTAN KUDARAT NULING,o2851
o5345,councilor-of-maguindanao-o5345,"Councilor of , Maguindanao",legislative,city,elected,MAGUINDANAO,,o2851
o5346,councilor-of-sultan-mastura-maguindanao-o5346,"Councilor of Sultan Mastura, Maguindanao",legislative,city,elected,MAGUINDANAO,SULTAN MASTURA,o2851
o5347,councilor-of-datu-unsay-maguindanao-o5347,"Councilor of Datu Unsay, Maguindanao",legislative,city,elected,MAGUINDANAO,DATU UNSAY,o2851
o5348,councilor-of-paglat-maguindanao-o5348,"Councilor of Paglat, Maguindanao",legislative,city,elected,MAGUINDANAO,PAGLAT,o2851
o5349,councilor-of-datu-odin-sinsuat-dinaig-maguindanao-o5349,"Councilor of Datu Odin Sinsuat Dinaig, Maguindanao",legislative,city,elected,MAGUINDANAO,DATU ODIN SINSUAT DINAIG,o2851
o5350,councilor-of-shariff-aguak-maganoy-maguindanao-o5350,"Councilor of Shariff Aguak Maganoy, Maguindanao",legislative,city,elected,MAGUINDANAO,SHARIFF AGUAK MAGANOY,o2851
o5351,councilor-of-sultan-sa-barongis-lambayong-maguindanao-o5351,"Councilor of Sultan Sa Barongis Lambayong, Maguindanao",legislative,city,elected,MAGUINDANAO,SULTAN SA BARONGIS LAMBAYONG,o2851
o5352,councilor-of-kabuntalan-tumbao-maguindanao-o5352,"Councilor of Kabuntalan Tumbao, Maguindanao",legislative,city,elected,MAGUINDANAO,KABUNTALAN TUMBAO,o2851
o5353,councilor-of-datu-saudi-ampatuan-maguindanao-o5353,"Councilor of Datu Saudi Ampatuan, Maguindanao",legislative,city,elected,MAGUINDANAO,DATU SAUDI AMPATUAN,o2851
o5354,councilor-of-guindulungan-maguindanao-o5354,"Councilor of Guindulungan, Maguindanao",legislative,city,elected,MAGUINDANAO,GUINDULUNGAN,o2851
o5355,councilor-of-buluan-maguindanao-o5355,"Councilor of Buluan, Maguindanao",legislative,city,elected,MAGUINDANAO,BULUAN,o2851
o5356,councilor-of-datu-abdullah-sangki-maguindanao-o5356,"Councilor of Datu Abdullah Sangki, Maguindanao",legislative,city,elected,MAGUINDANAO,DATU ABDULLAH SANGKI,o2851
o5357,mayor-of-maguindanao-o5357,"Mayor of , Maguindanao",executive,city,elected,MAGUINDANAO,,o2851
o5358,mayor-of-datu-saudi-ampatuan-maguindanao-o5358,"Mayor of Datu Saudi Ampatuan, Maguindanao",executive,city,elected,MAGUINDANAO,DATU SAUDI AMPATUAN,o2851
o5359,mayor-of-shariff-aguak-maganoy-maguindanao-o5359,"Mayor of Shariff Aguak Maganoy, Maguindanao",executive,city,elected,MAGUINDANAO,SHARIFF AGUAK MAGANOY,o2851
o5360,mayor-of-sultan-sa-barongis-lambayong-maguindanao-o5360,"Mayor of Sultan Sa Barongis Lambayong, Maguindanao",executive,city,elected,MAGUINDANAO,SULTAN SA BARONGIS LAMBAYONG,o2851
o5361,mayor-of-paglat-maguindanao-o5361,"Mayor of Paglat, Maguindanao",executive,city,elected,MAGUINDANAO,PAGLAT,o2851
o5362,mayor-of-kabuntalan-tumbao-maguindanao-o5362,"Mayor of Kabuntalan Tumbao, Maguindanao",executive,city,elected,MAGUINDANAO,KABUNTALAN TUMBAO,o2851
o5363,mayor-of-sultan-kudarat-nuling-maguindanao-o5363,"Mayor of Sultan Kudarat Nuling, Maguindanao",executive,city,elected,MAGUINDANAO,SULTAN KUDARAT NULING,o2851
o5364,mayor-of-sultan-mastura-maguindanao-o5364,"Mayor of Sultan Mastura, Maguindanao",executive,city,elected,MAGUINDANAO,SULTAN MASTURA,o2851
o5365,mayor-of-guindulungan-maguindanao-o5365,"Mayor of Guindulungan, Maguindanao",executive,city,elected,MAGUINDANAO,GUINDULUNGAN,o2851
o5366,mayor-of-datu-abdullah-sangki-maguindanao-o5366,"Mayor of Datu Abdullah Sangki, Maguindanao",executive,city,elected,MAGUINDANAO,DATU ABDULLAH SANGKI,o2851
o5367,mayor-of-datu-odin-sinsuat-dinaig-maguindanao-o5367,"Mayor of Datu Odin Sinsuat Dinaig, Maguindanao",executive,city,elected,MAGUINDANAO,DATU ODIN SINSUAT DINAIG,o2851
o5368,vice-mayor-of-datu-saudi-ampatuan-maguindanao-o5368,"Vice Mayor of Datu Saudi Ampatuan, Maguindanao",executive,city,elected,MAGUINDANAO,DATU SAUDI AMPATUAN,o2851
o5369,vice-mayor-of-maguindanao-o5369,"Vice Mayor of , Maguindanao",executive,city,elected,MAGUINDANAO,,o2851
o5370,vice-mayor-of-shariff-aguak-maganoy-maguindanao-o5370,"Vice Mayor of Shariff Aguak Maganoy, Maguindanao",executive,city,elected,MAGUINDANAO,SHARIFF AGUAK MAGANOY,o2851
o5371,vice-mayor-of-sultan-kudarat-nuling-maguindanao-o5371,"Vice Mayor of Sultan Kudarat Nuling, Maguindanao",executive,city,elected,MAGUINDANAO,SULTAN KUDARAT NULING,o2851
o5372,vice-mayor-of-datu-abdullah-sangki-maguindanao-o5372,"Vice Mayor of Datu Abdullah Sangki, Maguindanao",executive,city,elected,MAGUINDANAO,DATU ABDULLAH SANGKI,o2851
o5373,vice-mayor-of-kabuntalan-tumbao-maguindanao-o5373,"Vice Mayor of Kabuntalan Tumbao, Maguindanao",executive,city,elected,MAGUINDANAO,KABUNTALAN TUMBAO,o2851
o5374,vice-mayor-of-sultan-sa-barongis-lambayong-maguindanao-o5374,"Vice Mayor of Sultan Sa Barongis Lambayong, Maguindanao",executive,city,elected,MAGUINDANAO,SULTAN SA BARONGIS LAMBAYONG,o2851
o5375,vice-mayor-of-guindulungan-maguindanao-o5375,"Vice Mayor of Guindulungan, Maguindanao",executive,city,elected,MAGUINDANAO,GUINDULUNGAN,o2851
o5376,vice-mayor-of-buluan-maguindanao-o5376,"Vice Mayor of Buluan, Maguindanao",executive,city,elected,MAGUINDANAO,BULUAN,o2851
o5377,vice-mayor-of-datu-odin-sinsuat-dinaig-maguindanao-o5377,"Vice Mayor of Datu Odin Sinsuat Dinaig, Maguindanao",executive,city,elected,MAGUINDANAO,DATU ODIN SINSUAT DINAIG,o2851
o5378,vice-mayor-of-paglat-maguindanao-o5378,"Vice Mayor of Paglat, Maguindanao",executive,city,elected,MAGUINDANAO,PAGLAT,o2851
o5379,vice-mayor-of-sultan-mastura-maguindanao-o5379,"Vice Mayor of Sultan Mastura, Maguindanao",executive,city,elected,MAGUINDANAO,SULTAN MASTURA,o2851
o5380,councilor-of-marinduque-o5380,"Councilor of , Marinduque",legislative,city,elected,MARINDUQUE,,o2903
o5381,councilor-of-masbate-o5381,"Councilor of , Masbate",legislative,city,elected,MASBATE,,o2940
o5382,councilor-of-pio-v-corpuz-limbuhan-masbate-o5382,"Councilor of Pio V Corpuz Limbuhan, Masbate",legislative,city,elected,MASBATE,PIO V CORPUZ LIMBUHAN,o2940
o5383,mayor-of-pio-v-corpuz-limbuhan-masbate-o5383,"Mayor of Pio V Corpuz Limbuhan, Masbate",executive,city,elected,MASBATE,PIO V CORPUZ LIMBUHAN,o2940
o5384,vice-mayor-of-masbate-o5384,"Vice Mayor of , Masbate",executive,city,elected,MASBATE,,o2940
o5385,councilor-of-d-v-chiongbian-d-m-marcos-misamis-occidental-o5385,"Councilor of D V Chiongbian D M Marcos, Misamis Occidental",legislative,city,elected,MISAMIS OCCIDENTAL,D V CHIONGBIAN D M MARCOS,o3003
o5386,councilor-of-misamis-occidental-o5386,"Councilor of , Misamis Occidental",legislative,city,elected,MISAMIS OCCIDENTAL,,o3003
o5387,mayor-of-d-v-chiongbian-d-m-marcos-misamis-occidental-o5387,"Mayor of D V Chiongbian D M Marcos, Misamis Occidental",executive,city,elected,MISAMIS OCCIDENTAL,D V CHIONGBIAN D M MARCOS,o3003
o5388,vice-mayor-of-d-v-chiongbian-d-m-marcos-misamis-occidental-o5388,"Vice Mayor of D V Chiongbian D M Marcos, Misamis Occidental",executive,city,elected,MISAMIS OCCIDENTAL,D V CHIONGBIAN D M MARCOS,o3003
o5389,councilor-of-magsaysay-linugos-misamis-oriental-o5389,"Councilor of Magsaysay Linugos, Misamis Oriental",legislative,city,elected,MISAMIS ORIENTAL,MAGSAYSAY LINUGOS,o3067
o5390,councilor-of-misamis-oriental-o5390,"Councilor of , Misamis Oriental",legislative,city,elected,MISAMIS ORIENTAL,,o3067
o5391,mayor-of-magsaysay-linugos-misamis-oriental-o5391,"Mayor of Magsaysay Linugos, Misamis Oriental",executive,city,elected,MISAMIS ORIENTAL,MAGSAYSAY LINUGOS,o3067
o5392,vice-mayor-of-misamis-oriental-o5392,"Vice Mayor of , Misamis Oriental",executive,city,elected,MISAMIS ORIENTAL,,o3067
o5393,vice-mayor-of-magsaysay-linugos-misamis-oriental-o5393,"Vice Mayor of Magsaysay Linugos, Misamis Oriental",executive,city,elected,MISAMIS ORIENTAL,MAGSAYSAY LINUGOS,o3067
o5394,councilor-of-paracelis-paracales-mountain-province-o5394,"Councilor of Paracelis Paracales, Mountain Province",legislative,city,elected,MOUNTAIN PROVINCE,PARACELIS PARACALES,o3133
o5395,mayor-of-paracelis-paracales-mountain-province-o5395,"Mayor of Paracelis Paracales, Mountain Province",executive,city,elected,MOUNTAIN PROVINCE,PARACELIS PARACALES,o3133
o5396,vice-mayor-of-paracelis-paracales-mountain-province-o5396,"Vice Mayor of Paracelis Paracales, Mountain Province",executive,city,elected,MOUNTAIN PROVINCE,PARACELIS PARACALES,o3133
o5397,councilor-of-ncr-first-district-o5397,"Councilor of , Ncr First District",legislative,city,elected,NCR FIRST DISTRICT,,
o5398,vice-mayor-of-ncr-first-district-o5398,"Vice Mayor of , Ncr First District",executive,city,elected,NCR FIRST DISTRICT,,
o5399,councilor-of-ncr-fourth-district-o5399,"Councilor of , Ncr Fourth District",legislative,city,elected,NCR FOURTH DISTRICT,,
o5400,mayor-of-ncr-fourth-district-o5400,"Mayor of , Ncr Fourth District",executive,city,elected,NCR FOURTH DISTRICT,,
o5401,provincial-board-member-of-ncr-fourth-district-o5401,Provincial Board Member of Ncr Fourth District,legislative,provincial,elected,NCR FOURTH DISTRICT,,
o5402,vice-mayor-of-ncr-fourth-district-o5402,"Vice Mayor of , Ncr Fourth District",executive,city,elected,NCR FOURTH DISTRICT,,
o5403,councilor-of-ncr-second-district-o5403,"Councilor of , Ncr Second District",legislative,city,elected,NCR SECOND DISTRICT,,
o5404,councilor-of-ncr-third-district-o5404,"Councilor of , Ncr Third District",legislative,city,elected,NCR THIRD DISTRICT,,
o5405,councilor-of-enrique-b-magalona-saravia-negros-occidental-o5405,"Councilor of Enrique B Magalona Saravia, Negros Occidental",legislative,city,elected,NEGROS OCCIDENTAL,ENRIQUE B MAGALONA SARAVIA,o3244
o5406,councilor-of-hinoba-an-asia-negros-occidental-o5406,"Councilor of Hinoba An Asia, Negros Occidental",legislative,city,elected,NEGROS OCCIDENTAL,HINOBA AN ASIA,o3244
o5407,councilor-of-moises-padilla-magallon-negros-occidental-o5407,"Councilor of Moises Padilla Magallon, Negros Occidental",legislative,city,elected,NEGROS OCCIDENTAL,MOISES PADILLA MAGALLON,o3244
o5408,councilor-of-negros-occidental-o5408,"Councilor of , Negros Occidental",legislative,city,elected,NEGROS OCCIDENTAL,,o3244
o5409,mayor-of-negros-occidental-o5409,"Mayor of , Negros Occidental",executive,city,elected,NEGROS OCCIDENTAL,,o3244
o5410,mayor-of-hinoba-an-asia-negros-occidental-o5410,"Mayor of Hinoba An Asia, Negros Occidental",executive,city,elected,NEGROS OCCIDENTAL,HINOBA AN ASIA,o3244
o5411,mayor-of-enrique-b-magalona-saravia-negros-occidental-o5411,"Mayor of Enrique B Magalona Saravia, Negros Occidental",executive,city,elected,NEGROS OCCIDENTAL,ENRIQUE B MAGALONA SARAVIA,o3244
o5412,mayor-of-moises-padilla-magallon-negros-occidental-o5412,"Mayor of Moises Padilla Magallon, Negros Occidental",executive,city,elected,NEGROS OCCIDENTAL,MOISES PADILLA MAGALLON,o3244
o5413,vice-mayor-of-negros-occidental-o5413,"Vice Mayor of , Negros Occidental",executive,city,elected,NEGROS OCCIDENTAL,,o3244
o5414,vice-mayor-of-hinoba-an-asia-negros-occidental-o5414,"Vice Mayor of Hinoba An Asia, Negros Occidental",executive,city,elected,NEGROS OCCIDENTAL,HINOBA AN ASIA,o3244
o5415,vice-mayor-of-moises-padilla-magallon-negros-occidental-o5415,"Vice Mayor of Moises Padilla Magallon, Negros Occidental",executive,city,elected,NEGROS OCCIDENTAL,MOISES PADILLA MAGALLON,o3244
o5416,vice-mayor-of-enrique-b-magalona-saravia-negros-occidental-o5416,"Vice Mayor of Enrique B Magalona Saravia, Negros Occidental",executive,city,elected,NEGROS OCCIDENTAL,ENRIQUE B MAGALONA SARAVIA,o3244
o5417,councilor-of-valencia-luzurriaga-negros-oriental-o5417,"Councilor of Valencia Luzurriaga, Negros Oriental",legislative,city,elected,NEGROS ORIENTAL,VALENCIA LUZURRIAGA,o3337
o5418,councilor-of-bindoy-payabon-negros-oriental-o5418,"Councilor of Bindoy Payabon, Negros Oriental",legislative,city,elected,NEGROS ORIENTAL,BINDOY PAYABON,o3337
o5419,councilor-of-dumaguete-city-capital-negros-oriental-o5419,"Councilor of Dumaguete City Capital, Negros Oriental",legislative,city,elected,NEGROS ORIENTAL,DUMAGUETE CITY CAPITAL,o3337
o5420,councilor-of-bayawan-city-tulong-negros-oriental-o5420,"Councilor of Bayawan City Tulong, Negros Oriental",legislative,city,elected,NEGROS ORIENTAL,BAYAWAN CITY TULONG,o3337
o5421,councilor-of-amlan-ayuquitan-negros-oriental-o5421,"Councilor of Amlan Ayuquitan, Negros Oriental",legislative,city,elected,NEGROS ORIENTAL,AMLAN AYUQUITAN,o3337
o5422,councilor-of-negros-oriental-o5422,"Councilor of , Negros Oriental",legislative,city,elected,NEGROS ORIENTAL,,o3337
o5423,mayor-of-negros-oriental-o5423,"Mayor of , Negros Oriental",executive,city,elected,NEGROS ORIENTAL,,o3337
o5424,mayor-of-dumaguete-city-capital-negros-oriental-o5424,"Mayor of Dumaguete City Capital, Negros Oriental",executive,city,elected,NEGROS ORIENTAL,DUMAGUETE CITY CAPITAL,o3337
o5425,mayor-of-bayawan-city-tulong-negros-oriental-o5425,"Mayor of Bayawan City Tulong, Negros Oriental",executive,city,elected,NEGROS ORIENTAL,BAYAWAN CITY TULONG,o3337
o5426,mayor-of-bindoy-payabon-negros-oriental-o5426,"Mayor of Bindoy Payabon, Negros Oriental",executive,city,elected,NEGROS ORIENTAL,BINDOY PAYABON,o3337
o5427,vice-mayor-of-dumaguete-city-capital-negros-oriental-o5427,"Vice Mayor of Dumaguete City Capital, Negros Oriental",executive,city,elected,NEGROS ORIENTAL,DUMAGUETE CITY CAPITAL,o3337
o5428,vice-mayor-of-negros-oriental-o5428,"Vice Mayor of , Negros Oriental",executive,city,elected,NEGROS ORIENTAL,,o3337
o5429,vice-mayor-of-bayawan-city-tulong-negros-oriental-o5429,"Vice Mayor of Bayawan City Tulong, Negros Oriental",executive,city,elected,NEGROS ORIENTAL,BAYAWAN CITY TULONG,o3337
o5430,vice-mayor-of-valencia-luzurriaga-negros-oriental-o5430,"Vice Mayor of Valencia Luzurriaga, Negros Oriental",executive,city,elected,NEGROS ORIENTAL,VALENCIA LUZURRIAGA,o3337
o5431,vice-mayor-of-bindoy-payabon-negros-oriental-o5431,"Vice Mayor of Bindoy Payabon, Negros Oriental",executive,city,elected,NEGROS ORIENTAL,BINDOY PAYABON,o3337
o5432,councilor-of-northern-samar-o5432,"Councilor of , Northern Samar",legislative,city,elected,NORTHERN SAMAR,,o3415
o5433,vice-mayor-of-northern-samar-o5433,"Vice Mayor of , Northern Samar",executive,city,elected,NORTHERN SAMAR,,o3415
o5434,councilor-of-general-tinio-papaya-nueva-ecija-o5434,"Councilor of General Tinio Papaya, Nueva Ecija",legislative,city,elected,NUEVA ECIJA,GENERAL TINIO PAPAYA,o3499
o5435,councilor-of-gabaldon-bitulok-sabani-nueva-ecija-o5435,"Councilor of Gabaldon Bitulok & Sabani, Nueva Ecija",legislative,city,elected,NUEVA ECIJA,GABALDON BITULOK & SABANI,o3499
o5436,councilor-of-nueva-ecija-o5436,"Councilor of , Nueva Ecija",legislative,city,elected,NUEVA ECIJA,,o3499
o5437,mayor-of-nueva-ecija-o5437,"Mayor of , Nueva Ecija",executive,city,elected,NUEVA ECIJA,,o3499
o5438,mayor-of-gabaldon-bitulok-sabani-nueva-ecija-o5438,"Mayor of Gabaldon Bitulok & Sabani, Nueva Ecija",executive,city,elected,NUEVA ECIJA,GABALDON BITULOK & SABANI,o3499
o5439,mayor-of-general-tinio-papaya-nueva-ecija-o5439,"Mayor of General Tinio Papaya, Nueva Ecija",executive,city,elected,NUEVA ECIJA,GENERAL TINIO PAPAYA,o3499
o5440,vice-mayor-of-gabaldon-bitulok-sabani-nueva-ecija-o5440,"Vice Mayor of Gabaldon Bitulok & Sabani, Nueva Ecija",executive,city,elected,NUEVA ECIJA,GABALDON BITULOK & SABANI,o3499
o5441,vice-mayor-of-general-tinio-papaya-nueva-ecija-o5441,"Vice Mayor of General Tinio Papaya, Nueva Ecija",executive,city,elected,NUEVA ECIJA,GENERAL TINIO PAPAYA,o3499
o5442,vice-mayor-of-nueva-ecija-o5442,"Vice Mayor of , Nueva Ecija",executive,city,elected,NUEVA ECIJA,,o3499
o5443,councilor-of-nueva-vizcaya-o5443,"Councilor of , Nueva Vizcaya",legislative,city,elected,NUEVA VIZCAYA,,o3582
o5444,councilor-of-occidental-mindoro-o5444,"Councilor of , Occidental Mindoro",legislative,city,elected,OCCIDENTAL MINDORO,,o3627
o5445,representative-occidental-mindoro-o5445,"Representative, , Occidental Mindoro",legislative,national,elected,OCCIDENTAL MINDORO,,
o5446,councilor-of-oriental-mindoro-o5446,"Councilor of , Oriental Mindoro",legislative,city,elected,ORIENTAL MINDORO,,o3667
o5447,councilor-of-bulalacao-san-pedro-oriental-mindoro-o5447,"Councilor of Bulalacao San Pedro, Oriental Mindoro",legislative,city,elected,ORIENTAL MINDORO,BULALACAO SAN PEDRO,o3667
o5448,mayor-of-oriental-mindoro-o5448,"Mayor of , Oriental Mindoro",executive,city,elected,ORIENTAL MINDORO,,o3667
o5449,mayor-of-bulalacao-san-pedro-oriental-mindoro-o5449,"Mayor of Bulalacao San Pedro, Oriental Mindoro",executive,city,elected,ORIENTAL MINDORO,BULALACAO SAN PEDRO,o3667
o5450,vice-mayor-of-oriental-mindoro-o5450,"Vice Mayor of , Oriental Mindoro",executive,city,elected,ORIENTAL MINDORO,,o3667
o5451,vice-mayor-of-bulalacao-san-pedro-oriental-mindoro-o5451,"Vice Mayor of Bulalacao San Pedro, Oriental Mindoro",executive,city,elected,ORIENTAL MINDORO,BULALACAO SAN PEDRO,o3667
o5452,councilor-of-brooke-s-point-palawan-o5452,"Councilor of Brooke S Point, Palawan",legislative,city,elected,PALAWAN,BROOKE S POINT,o3725
o5453,councilor-of-rizal-marcos-palawan-o5453,"Councilor of Rizal Marcos, Palawan",legislative,city,elected,PALAWAN,RIZAL MARCOS,o3725
o5454,councilor-of-palawan-o5454,"Councilor of , Palawan",legislative,city,elected,PALAWAN,,o3725
o5455,councilor-of-el-nido-bacuit-palawan-o5455,"Councilor of El Nido Bacuit, Palawan",legislative,city,elected,PALAWAN,EL NIDO BACUIT,o3725
o5456,mayor-of-brooke-s-point-palawan-o5456,"Mayor of Brooke S Point, Palawan",executive,city,elected,PALAWAN,BROOKE S POINT,o3725
o5457,mayor-of-palawan-o5457,"Mayor of , Palawan",executive,city,elected,PALAWAN,,o3725
o5458,mayor-of-rizal-marcos-palawan-o5458,"Mayor of Rizal Marcos, Palawan",executive,city,elected,PALAWAN,RIZAL MARCOS,o3725
o5459,mayor-of-el-nido-bacuit-palawan-o5459,"Mayor of El Nido Bacuit, Palawan",executive,city,elected,PALAWAN,EL NIDO BACUIT,o3725
o5460,vice-mayor-of-palawan-o5460,"Vice Mayor of , Palawan",executive,city,elected,PALAWAN,,o3725
o5461,vice-mayor-of-brooke-s-point-palawan-o5461,"Vice Mayor of Brooke S Point, Palawan",executive,city,elected,PALAWAN,BROOKE S POINT,o3725
o5462,vice-mayor-of-el-nido-bacuit-palawan-o5462,"Vice Mayor of El Nido Bacuit, Palawan",executive,city,elected,PALAWAN,EL NIDO BACUIT,o3725
o5463,vice-mayor-of-rizal-marcos-palawan-o5463,"Vice Mayor of Rizal Marcos, Palawan",executive,city,elected,PALAWAN,RIZAL MARCOS,o3725
o5464,councilor-of-sasmuan-sexmoan-pampanga-o5464,"Councilor of Sasmuan Sexmoan, Pampanga",legislative,city,elected,PAMPANGA,SASMUAN SEXMOAN,o3799
o5465,councilor-of-pampanga-o5465,"Councilor of , Pampanga",legislative,city,elected,PAMPANGA,,o3799
o5466,mayor-of-sasmuan-sexmoan-pampanga-o5466,"Mayor of Sasmuan Sexmoan, Pampanga",executive,city,elected,PAMPANGA,SASMUAN SEXMOAN,o3799
o5467,mayor-of-pampanga-o5467,"Mayor of , Pampanga",executive,city,elected,PAMPANGA,,o3799
o5468,vice-mayor-of-pampanga-o5468,"Vice Mayor of , Pampanga",executive,city,elected,PAMPANGA,,o3799
o5469,vice-mayor-of-sasmuan-sexmoan-pampanga-o5469,"Vice Mayor of Sasmuan Sexmoan, Pampanga",executive,city,elected,PAMPANGA,SASMUAN SEXMOAN,o3799
o5470,councilor-of-pozorrubio-pangasinan-o5470,"Councilor of Pozorrubio, Pangasinan",legislative,city,elected,PANGASINAN,POZORRUBIO,o3895
o5471,councilor-of-pangasinan-o5471,"Councilor of , Pangasinan",legislative,city,elected,PANGASINAN,,o3895
o5472,mayor-of-pozorrubio-pangasinan-o5472,"Mayor of Pozorrubio, Pangasinan",executive,city,elected,PANGASINAN,POZORRUBIO,o3895
o5473,mayor-of-pangasinan-o5473,"Mayor of , Pangasinan",executive,city,elected,PANGASINAN,,o3895
o5474,vice-mayor-of-pangasinan-o5474,"Vice Mayor of , Pangasinan",executive,city,elected,PANGASINAN,,o3895
o5475,vice-mayor-of-pozorrubio-pangasinan-o5475,"Vice Mayor of Pozorrubio, Pangasinan",executive,city,elected,PANGASINAN,POZORRUBIO,o3895
o5476,councilor-of-san-francisco-aurora-quezon-o5476,"Councilor of San Francisco Aurora, Quezon",legislative,city,elected,QUEZON,SAN FRANCISCO AURORA,o4036
o5477,councilor-of-quezon-o5477,"Councilor of , Quezon",legislative,city,elected,QUEZON,,o4036
o5478,mayor-of-quezon-o5478,"Mayor of , Quezon",executive,city,elected,QUEZON,,o4036
o5479,mayor-of-san-francisco-aurora-quezon-o5479,"Mayor of San Francisco Aurora, Quezon",executive,city,elected,QUEZON,SAN FRANCISCO AURORA,o4036
o5480,vice-mayor-of-quezon-o5480,"Vice Mayor of , Quezon",executive,city,elected,QUEZON,,o4036
o5481,vice-mayor-of-san-francisco-aurora-quezon-o5481,"Vice Mayor of San Francisco Aurora, Quezon",executive,city,elected,QUEZON,SAN FRANCISCO AURORA,o4036
o5482,councilor-of-rizal-o5482,"Councilor of , Rizal",legislative,city,elected,RIZAL,,o4158
o5483,councilor-of-rodriguez-montalban-rizal-o5483,"Councilor of Rodriguez Montalban, Rizal",legislative,city,elected,RIZAL,RODRIGUEZ MONTALBAN,o4158
o5484,mayor-of-rizal-o5484,"Mayor of , Rizal",executive,city,elected,RIZAL,,o4158
o5485,mayor-of-rodriguez-montalban-rizal-o5485,"Mayor of Rodriguez Montalban, Rizal",executive,city,elected,RIZAL,RODRIGUEZ MONTALBAN,o4158
o5486,vice-mayor-of-rizal-o5486,"Vice Mayor of , Rizal",executive,city,elected,RIZAL,,o4158
o5487,councilor-of-romblon-o5487,"Councilor of , Romblon",legislative,city,elected,ROMBLON,,o4207
o5488,councilor-of-santa-maria-imelda-romblon-o5488,"Councilor of Santa Maria Imelda, Romblon",legislative,city,elected,ROMBLON,SANTA MARIA IMELDA,o4207
o5489,mayor-of-romblon-o5489,"Mayor of , Romblon",executive,city,elected,ROMBLON,,o4207
o5490,mayor-of-santa-maria-imelda-romblon-o5490,"Mayor of Santa Maria Imelda, Romblon",executive,city,elected,ROMBLON,SANTA MARIA IMELDA,o4207
o5491,vice-mayor-of-romblon-o5491,"Vice Mayor of , Romblon",executive,city,elected,ROMBLON,,o4207
o5492,vice-mayor-of-santa-maria-imelda-romblon-o5492,"Vice Mayor of Santa Maria Imelda, Romblon",executive,city,elected,ROMBLON,SANTA MARIA IMELDA,o4207
o5493,councilor-of-paranas-wright-samar-o5493,"Councilor of Paranas Wright, Samar",legislative,city,elected,SAMAR,PARANAS WRIGHT,o4271
o5494,councilor-of-samar-o5494,"Councilor of , Samar",legislative,city,elected,SAMAR,,o4271
o5495,mayor-of-paranas-wright-samar-o5495,"Mayor of Paranas Wright, Samar",executive,city,elected,SAMAR,PARANAS WRIGHT,o4271
o5496,mayor-of-samar-o5496,"Mayor of , Samar",executive,city,elected,SAMAR,,o4271
o5497,vice-mayor-of-samar-o5497,"Vice Mayor of , Samar",executive,city,elected,SAMAR,,o4271
o5498,vice-mayor-of-paranas-wright-samar-o5498,"Vice Mayor of Paranas Wright, Samar",executive,city,elected,SAMAR,PARANAS WRIGHT,o4271
o5499,councilor-of-sarangani-o5499,"Councilor of , Sarangani",legislative,city,elected,SARANGANI,,o4334
o5500,representative-siquijor-o5500,"Representative, , Siquijor",legislative,national,elected,SIQUIJOR,,
o5501,councilor-of-sorsogon-o5501,"Councilor of , Sorsogon",legislative,city,elected,SORSOGON,,o4388
o5502,mayor-of-sorsogon-o5502,"Mayor of , Sorsogon",executive,city,elected,SORSOGON,,o4388
o5503,vice-mayor-of-sorsogon-o5503,"Vice Mayor of , Sorsogon",executive,city,elected,SORSOGON,,o4388
o5504,councilor-of-general-santos-city-dadiangas-south-cotabato-o5504,"Councilor of General Santos City Dadiangas, South Cotabato",legislative,city,elected,SOUTH COTABATO,GENERAL SANTOS CITY DADIANGAS,o4434
o5505,councilor-of-south-cotabato-o5505,"Councilor of , South Cotabato",legislative,city,elected,SOUTH COTABATO,,o4434
o5506,mayor-of-general-santos-city-dadiangas-south-cotabato-o5506,"Mayor of General Santos City Dadiangas, South Cotabato",executive,city,elected,SOUTH COTABATO,GENERAL SANTOS CITY DADIANGAS,o4434
o5507,representative-south-cotabato-o5507,"Representative, , South Cotabato",legislative,national,elected,SOUTH COTABATO,,
o5508,vice-mayor-of-general-santos-city-dadiangas-south-cotabato-o5508,"Vice Mayor of General Santos City Dadiangas, South Cotabato",executive,city,elected,SOUTH COTABATO,GENERAL SANTOS CITY DADIANGAS,o4434
o5509,councilor-of-san-juan-cabalian-southern-leyte-o5509,"Councilor of San Juan Cabalian, Southern Leyte",legislative,city,elected,SOUTHERN LEYTE,SAN JUAN CABALIAN,o4480
o5510,councilor-of-southern-leyte-o5510,"Councilor of , Southern Leyte",legislative,city,elected,SOUTHERN LEYTE,,o4480
o5511,mayor-of-southern-leyte-o5511,"Mayor of , Southern Leyte",executive,city,elected,SOUTHERN LEYTE,,o4480
o5512,mayor-of-san-juan-cabalian-southern-leyte-o5512,"Mayor of San Juan Cabalian, Southern Leyte",executive,city,elected,SOUTHERN LEYTE,SAN JUAN CABALIAN,o4480
o5513,vice-mayor-of-southern-leyte-o5513,"Vice Mayor of , Southern Leyte",executive,city,elected,SOUTHERN LEYTE,,o4480
o5514,vice-mayor-of-san-juan-cabalian-southern-leyte-o5514,"Vice Mayor of San Juan Cabalian, Southern Leyte",executive,city,elected,SOUTHERN LEYTE,SAN JUAN CABALIAN,o4480
o5515,councilor-of-lambayong-mariano-marcos-sultan-kudarat-o5515,"Councilor of Lambayong Mariano Marcos, Sultan Kudarat",legislative,city,elected,SULTAN KUDARAT,LAMBAYONG MARIANO MARCOS,o4534
o5516,councilor-of-sultan-kudarat-o5516,"Councilor of , Sultan Kudarat",legislative,city,elected,SULTAN KUDARAT,,o4534
o5517,mayor-of-lambayong-mariano-marcos-sultan-kudarat-o5517,"Mayor of Lambayong Mariano Marcos, Sultan Kudarat",executive,city,elected,SULTAN KUDARAT,LAMBAYONG MARIANO MARCOS,o4534
o5518,vice-mayor-of-lambayong-mariano-marcos-sultan-kudarat-o5518,"Vice Mayor of Lambayong Mariano Marcos, Sultan Kudarat",executive,city,elected,SULTAN KUDARAT,LAMBAYONG MARIANO MARCOS,o4534
o5519,vice-mayor-of-sultan-kudarat-o5519,"Vice Mayor of , Sultan Kudarat",executive,city,elected,SULTAN KUDARAT,,o4534
o5520,councilor-of-hadji-panglima-tahil-marunggas-sulu-o5520,"Councilor of Hadji Panglima Tahil Marunggas, Sulu",legislative,city,elected,SULU,HADJI PANGLIMA TAHIL MARUNGGAS,o4579
o5521,councilor-of-sulu-o5521,"Councilor of , Sulu",legislative,city,elected,SULU,,o4579
o5522,councilor-of-jolo-capital-sulu-o5522,"Councilor of Jolo Capital, Sulu",legislative,city,elected,SULU,JOLO CAPITAL,o4579
o5523,councilor-of-panglima-estino-new-panamao-sulu-o5523,"Councilor of Panglima Estino New Panamao, Sulu",legislative,city,elected,SULU,PANGLIMA ESTINO NEW PANAMAO,o4579
o5524,councilor-of-lugus-sulu-o5524,"Councilor of Lugus, Sulu",legislative,city,elected,SULU,LUGUS,o4579
o5525,mayor-of-lugus-sulu-o5525,"Mayor of Lugus, Sulu",executive,city,elected,SULU,LUGUS,o4579
o5526,mayor-of-hadji-panglima-tahil-marunggas-sulu-o5526,"Mayor of Hadji Panglima Tahil Marunggas, Sulu",executive,city,elected,SULU,HADJI PANGLIMA TAHIL MARUNGGAS,o4579
o5527,mayor-of-panglima-estino-new-panamao-sulu-o5527,"Mayor of Panglima Estino New Panamao, Sulu",executive,city,elected,SULU,PANGLIMA ESTINO NEW PANAMAO,o4579
o5528,mayor-of-jolo-capital-sulu-o5528,"Mayor of Jolo Capital, Sulu",executive,city,elected,SULU,JOLO CAPITAL,o4579
o5529,vice-mayor-of-lugus-sulu-o5529,"Vice Mayor of Lugus, Sulu",executive,city,elected,SULU,LUGUS,o4579
o5530,vice-mayor-of-hadji-panglima-tahil-marunggas-sulu-o5530,"Vice Mayor of Hadji Panglima Tahil Marunggas, Sulu",executive,city,elected,SULU,HADJI PANGLIMA TAHIL MARUNGGAS,o4579
o5531,vice-mayor-of-jolo-capital-sulu-o5531,"Vice Mayor of Jolo Capital, Sulu",executive,city,elected,SULU,JOLO CAPITAL,o4579
o5532,vice-mayor-of-panglima-estino-new-panamao-sulu-o5532,"Vice Mayor of Panglima Estino New Panamao, Sulu",executive,city,elected,SULU,PANGLIMA ESTINO NEW PANAMAO,o4579
o5533,councilor-of-basilisa-rizal-surigao-del-norte-o5533,"Councilor of Basilisa Rizal, Surigao Del Norte",legislative,city,elected,SURIGAO DEL NORTE,BASILISA RIZAL,o4645
o5534,councilor-of-libjo-albor-surigao-del-norte-o5534,"Councilor of Libjo Albor, Surigao Del Norte",legislative,city,elected,SURIGAO DEL NORTE,LIBJO ALBOR,o4645
o5535,councilor-of-san-francisco-anao-aon-surigao-del-norte-o5535,"Councilor of San Francisco Anao Aon, Surigao Del Norte",legislative,city,elected,SURIGAO DEL NORTE,SAN FRANCISCO ANAO AON,o4645
o5536,councilor-of-santa-monica-sapao-surigao-del-norte-o5536,"Councilor of Santa Monica Sapao, Surigao Del Norte",legislative,city,elected,SURIGAO DEL NORTE,SANTA MONICA SAPAO,o4645
o5537,councilor-of-surigao-del-norte-o5537,"Councilor of , Surigao Del Norte",legislative,city,elected,SURIGAO DEL NORTE,,o4645
o5538,mayor-of-santa-monica-sapao-surigao-del-norte-o5538,"Mayor of Santa Monica Sapao, Surigao Del Norte",executive,city,elected,SURIGAO DEL NORTE,SANTA MONICA SAPAO,o4645
o5539,mayor-of-basilisa-rizal-surigao-del-norte-o5539,"Mayor of Basilisa Rizal, Surigao Del Norte",executive,city,elected,SURIGAO DEL NORTE,BASILISA RIZAL,o4645
o5540,mayor-of-libjo-albor-surigao-del-norte-o5540,"Mayor of Libjo Albor, Surigao Del Norte",executive,city,elected,SURIGAO DEL NORTE,LIBJO ALBOR,o4645
o5541,mayor-of-san-francisco-anao-aon-surigao-del-norte-o5541,"Mayor of San Francisco Anao Aon, Surigao Del Norte",executive,city,elected,SURIGAO DEL NORTE,SAN FRANCISCO ANAO AON,o4645
o5542,vice-mayor-of-san-francisco-anao-aon-surigao-del-norte-o5542,"Vice Mayor of San Francisco Anao Aon, Surigao Del Norte",executive,city,elected,SURIGAO DEL NORTE,SAN FRANCISCO ANAO AON,o4645
o5543,vice-mayor-of-santa-monica-sapao-surigao-del-norte-o5543,"Vice Mayor of Santa Monica Sapao, Surigao Del Norte",executive,city,elected,SURIGAO DEL NORTE,SANTA MONICA SAPAO,o4645
o5544,vice-mayor-of-libjo-albor-surigao-del-norte-o5544,"Vice Mayor of Libjo Albor, Surigao Del Norte",executive,city,elected,SURIGAO DEL NORTE,LIBJO ALBOR,o4645
o5545,councilor-of-surigao-del-sur-o5545,"Councilor of , Surigao Del Sur",legislative,city,elected,SURIGAO DEL SUR,,o4724
o5546,mayor-of-surigao-del-sur-o5546,"Mayor of , Surigao Del Sur",executive,city,elected,SURIGAO DEL SUR,,o4724
o5547,councilor-of-tarlac-o5547,"Councilor of , Tarlac",legislative,city,elected,TARLAC,,o4784
o5548,mayor-of-tarlac-o5548,"Mayor of , Tarlac",executive,city,elected,TARLAC,,o4784
o5549,representative-tarlac-o5549,"Representative, , Tarlac",legislative,national,elected,TARLAC,,
o5550,vice-mayor-of-tarlac-o5550,"Vice Mayor of , Tarlac",executive,city,elected,TARLAC,,o4784
o5551,councilor-of-panglima-sugala-balimbing-tawi-tawi-o5551,"Councilor of Panglima Sugala Balimbing, Tawi Tawi",legislative,city,elected,TAWI TAWI,PANGLIMA SUGALA BALIMBING,o5554
o5552,councilor-of-tawi-tawi-o5552,"Councilor of , Tawi Tawi",legislative,city,elected,TAWI TAWI,,o5554
o5553,councilor-of-mapun-cagayan-de-tawi-tawi-tawi-tawi-o5553,"Councilor of Mapun Cagayan De Tawi Tawi, Tawi Tawi",legislative,city,elected,TAWI TAWI,MAPUN CAGAYAN DE TAWI TAWI,o5554
o5554,governor-of-tawi-tawi-o5554,Governor of Tawi Tawi,executive,provincial,elected,TAWI TAWI,,
o5555,mayor-of-panglima-sugala-balimbing-tawi-tawi-o5555,"Mayor of Panglima Sugala Balimbing, Tawi Tawi",executive,city,elected,TAWI TAWI,PANGLIMA SUGALA BALIMBING,o5554
o5556,mayor-of-mapun-cagayan-de-tawi-tawi-tawi-tawi-o5556,"Mayor of Mapun Cagayan De Tawi Tawi, Tawi Tawi",executive,city,elected,TAWI TAWI,MAPUN CAGAYAN DE TAWI TAWI,o5554
o5557,vice-governor-of-tawi-tawi-o5557,Vice Governor of Tawi Tawi,executive,provincial,elected,TAWI TAWI,,
o5558,vice-mayor-of-panglima-sugala-balimbing-tawi-tawi-o5558,"Vice Mayor of Panglima Sugala Balimbing, Tawi Tawi",executive,city,elected,TAWI TAWI,PANGLIMA SUGALA BALIMBING,o5554
o5559,vice-mayor-of-mapun-cagayan-de-tawi-tawi-tawi-tawi-o5559,"Vice Mayor of Mapun Cagayan De Tawi Tawi, Tawi Tawi",executive,city,elected,TAWI TAWI,MAPUN CAGAYAN DE TAWI TAWI,o5554
o5560,councilor-of-zambales-o5560,"Councilor of , Zambales",legislative,city,elected,ZAMBALES,,o4869
o5561,councilor-of-jose-dalman-ponot-zamboanga-del-norte-o5561,"Councilor of Jose Dalman Ponot, Zamboanga Del Norte",legislative,city,elected,ZAMBOANGA DEL NORTE,JOSE DALMAN PONOT,o4928
o5562,councilor-of-bacungan-leon-t-postigo-zamboanga-del-norte-o5562,"Councilor of Bacungan Leon T Postigo, Zamboanga Del Norte",legislative,city,elected,ZAMBOANGA DEL NORTE,BACUNGAN LEON T POSTIGO,o4928
o5563,councilor-of-pinan-new-pinan-zamboanga-del-norte-o5563,"Councilor of Pinan New Pinan, Zamboanga Del Norte",legislative,city,elected,ZAMBOANGA DEL NORTE,PINAN NEW PINAN,o4928
o5564,councilor-of-zamboanga-del-norte-o5564,"Councilor of , Zamboanga Del Norte",legislative,city,elected,ZAMBOANGA DEL NORTE,,o4928
o5565,mayor-of-zamboanga-del-norte-o5565,"Mayor of , Zamboanga Del Norte",executive,city,elected,ZAMBOANGA DEL NORTE,,o4928
o5566,mayor-of-jose-dalman-ponot-zamboanga-del-norte-o5566,"Mayor of Jose Dalman Ponot, Zamboanga Del Norte",executive,city,elected,ZAMBOANGA DEL NORTE,JOSE DALMAN PONOT,o4928
o5567,mayor-of-pinan-new-pinan-zamboanga-del-norte-o5567,"Mayor of Pinan New Pinan, Zamboanga Del Norte",executive,city,elected,ZAMBOANGA DEL NORTE,PINAN NEW PINAN,o4928
o5568,mayor-of-bacungan-leon-t-postigo-zamboanga-del-norte-o5568,"Mayor of Bacungan Leon T Postigo, Zamboanga Del Norte",executive,city,elected,ZAMBOANGA DEL NORTE,BACUNGAN LEON T POSTIGO,o4928
o5569,vice-mayor-of-pinan-new-pinan-zamboanga-del-norte-o5569,"Vice Mayor of Pinan New Pinan, Zamboanga Del Norte",executive,city,elected,ZAMBOANGA DEL NORTE,PINAN NEW PINAN,o4928
o5570,vice-mayor-of-bacungan-leon-t-postigo-zamboanga-del-norte-o5570,"Vice Mayor of Bacungan Leon T Postigo, Zamboanga Del Norte",executive,city,elected,ZAMBOANGA DEL NORTE,BACUNGAN LEON T POSTIGO,o4928
o5571,vice-mayor-of-jose-dalman-ponot-zamboanga-del-norte-o5571,"Vice Mayor of Jose Dalman Ponot, Zamboanga Del Norte",executive,city,elected,ZAMBOANGA DEL NORTE,JOSE DALMAN PONOT,o4928
o5572,vice-mayor-of-zamboanga-del-norte-o5572,"Vice Mayor of , Zamboanga Del Norte",executive,city,elected,ZAMBOANGA DEL NORTE,,o4928
o5573,councilor-of-ramon-magsaysay-liargo-zamboanga-del-sur-o5573,"Councilor of Ramon Magsaysay Liargo, Zamboanga Del Sur",legislative,city,elected,ZAMBOANGA DEL SUR,RAMON MAGSAYSAY LIARGO,o5014
o5574,councilor-of-sominot-don-mariano-marcos-zamboanga-del-sur-o5574,"Councilor of Sominot Don Mariano Marcos, Zamboanga Del Sur",legislative,city,elected,ZAMBOANGA DEL SUR,SOMINOT DON MARIANO MARCOS,o5014
o5575,councilor-of-zamboanga-del-sur-o5575,"Councilor of , Zamboanga Del Sur",legislative,city,elected,ZAMBOANGA DEL SUR,,o5014
o5576,mayor-of-sominot-don-mariano-marcos-zamboanga-del-sur-o5576,"Mayor of Sominot Don Mariano Marcos, Zamboanga Del Sur",executive,city,elected,ZAMBOANGA DEL SUR,SOMINOT DON MARIANO MARCOS,o5014
o5577,mayor-of-zamboanga-del-sur-o5577,"Mayor of , Zamboanga Del Sur",executive,city,elected,ZAMBOANGA DEL SUR,,o5014
o5578,mayor-of-ramon-magsaysay-liargo-zamboanga-del-sur-o5578,"Mayor of Ramon Magsaysay Liargo, Zamboanga Del Sur",executive,city,elected,ZAMBOANGA DEL SUR,RAMON MAGSAYSAY LIARGO,o5014
o5579,vice-mayor-of-ramon-magsaysay-liargo-zamboanga-del-sur-o5579,"Vice Mayor of Ramon Magsaysay Liargo, Zamboanga Del Sur",executive,city,elected,ZAMBOANGA DEL SUR,RAMON MAGSAYSAY LIARGO,o5014
o5580,vice-mayor-of-sominot-don-mariano-marcos-zamboanga-del-sur-o5580,"Vice Mayor of Sominot Don Mariano Marcos, Zamboanga Del Sur",executive,city,elected,ZAMBOANGA DEL SUR,SOMINOT DON MARIANO MARCOS,o5014
o5581,councilor-of-zamboanga-sibugay-o5581,"Councilor of , Zamboanga Sibugay",legislative,city,elected,ZAMBOANGA SIBUGAY,,o5090
o5582,vice-mayor-of-agusan-del-sur-o5582,"Vice Mayor of , Agusan Del Sur",executive,city,elected,AGUSAN DEL SUR,,o139
o5583,vice-mayor-of-aklan-o5583,"Vice Mayor of , Aklan",executive,city,elected,AKLAN,,o188
o5584,mayor-of-albay-o5584,"Mayor of , Albay",executive,city,elected,ALBAY,,o244
o5585,vice-mayor-of-albay-o5585,"Vice Mayor of , Albay",executive,city,elected,ALBAY,,o244
o5586,vice-mayor-of-aurora-o5586,"Vice Mayor of , Aurora",executive,city,elected,AURORA,,o375
o5587,councilor-of-al-barka-basilan-o5587,"Councilor of Al Barka, Basilan",legislative,city,elected,BASILAN,AL BARKA,o402
o5588,councilor-of-akbar-basilan-o5588,"Councilor of Akbar, Basilan",legislative,city,elected,BASILAN,AKBAR,o402
o5589,councilor-of-ungkaya-pukan-basilan-o5589,"Councilor of Ungkaya Pukan, Basilan",legislative,city,elected,BASILAN,UNGKAYA PUKAN,o402
o5590,mayor-of-al-barka-basilan-o5590,"Mayor of Al Barka, Basilan",executive,city,elected,BASILAN,AL BARKA,o402
o5591,mayor-of-ungkaya-pukan-basilan-o5591,"Mayor of Ungkaya Pukan, Basilan",executive,city,elected,BASILAN,UNGKAYA PUKAN,o402
o5592,mayor-of-akbar-basilan-o5592,"Mayor of Akbar, Basilan",executive,city,elected,BASILAN,AKBAR,o402
o5593,vice-mayor-of-ungkaya-pukan-basilan-o5593,"Vice Mayor of Ungkaya Pukan, Basilan",executive,city,elected,BASILAN,UNGKAYA PUKAN,o402
o5594,vice-mayor-of-al-barka-basilan-o5594,"Vice Mayor of Al Barka, Basilan",executive,city,elected,BASILAN,AL BARKA,o402
o5595,vice-mayor-of-akbar-basilan-o5595,"Vice Mayor of Akbar, Basilan",executive,city,elected,BASILAN,AKBAR,o402
o5596,mayor-of-bataan-o5596,"Mayor of , Bataan",executive,city,elected,BATAAN,,o432
o5597,mayor-of-la-trinidad-capital-benguet-o5597,"Mayor of La Trinidad Capital, Benguet",executive,city,elected,BENGUET,LA TRINIDAD CAPITAL,o602
o5598,mayor-of-bohol-o5598,"Mayor of , Bohol",executive,city,elected,BOHOL,,o710
o5599,vice-mayor-of-cagayan-o5599,"Vice Mayor of , Cagayan",executive,city,elected,CAGAYAN,,o985
o5600,vice-mayor-of-cavite-o5600,"Vice Mayor of , Cavite",executive,city,elected,CAVITE,,o1336
o5601,mayor-of-cebu-o5601,"Mayor of , Cebu",executive,city,elected,CEBU,,o1439
o5602,councilor-of-san-isidro-davao-del-norte-o5602,"Councilor of San Isidro, Davao Del Norte",legislative,city,elected,DAVAO DEL NORTE,SAN ISIDRO,o1654
o5603,mayor-of-san-isidro-davao-del-norte-o5603,"Mayor of San Isidro, Davao Del Norte",executive,city,elected,DAVAO DEL NORTE,SAN ISIDRO,o1654
o5604,vice-mayor-of-san-isidro-davao-del-norte-o5604,"Vice Mayor of San Isidro, Davao Del Norte",executive,city,elected,DAVAO DEL NORTE,SAN ISIDRO,o1654
o5605,vice-mayor-of-davao-del-norte-o5605,"Vice Mayor of , Davao Del Norte",executive,city,elected,DAVAO DEL NORTE,,o1654
o5606,councilor-of-davao-occidental-o5606,"Councilor of , Davao Occidental",legislative,city,elected,DAVAO OCCIDENTAL,,o5249
o5607,representative-davao-occidental-o5607,"Representative, , Davao Occidental",legislative,national,elected,DAVAO OCCIDENTAL,,
o5608,vice-mayor-of-don-marcelino-davao-occidental-o5608,"Vice Mayor of Don Marcelino, Davao Occidental",executive,city,elected,DAVAO OCCIDENTAL,DON MARCELINO,o5249
o5609,councilor-of-loreto-dinagat-islands-o5609,"Councilor of Loreto, Dinagat Islands",legislative,city,elected,DINAGAT ISLANDS,LORETO,o5611
o5610,councilor-of-libjo-albor-dinagat-islands-o5610,"Councilor of Libjo Albor, Dinagat Islands",legislative,city,elected,DINAGAT ISLANDS,LIBJO ALBOR,o5611
o5611,governor-of-dinagat-islands-o5611,Governor of Dinagat Islands,executive,provincial,elected,DINAGAT ISLANDS,,
o5612,mayor-of-basilisa-rizal-dinagat-islands-o5612,"Mayor of Basilisa Rizal, Dinagat Islands",executive,city,elected,DINAGAT ISLANDS,BASILISA RIZAL,o5611
o5613,mayor-of-dinagat-dinagat-islands-o5613,"Mayor of Dinagat, Dinagat Islands",executive,city,elected,DINAGAT ISLANDS,DINAGAT,o5611
o5614,mayor-of-san-jose-dinagat-islands-o5614,"Mayor of San Jose, Dinagat Islands",executive,city,elected,DINAGAT ISLANDS,SAN JOSE,o5611
o5615,mayor-of-loreto-dinagat-islands-o5615,"Mayor of Loreto, Dinagat Islands",executive,city,elected,DINAGAT ISLANDS,LORETO,o5611
o5616,mayor-of-libjo-albor-dinagat-islands-o5616,"Mayor of Libjo Albor, Dinagat Islands",executive,city,elected,DINAGAT ISLANDS,LIBJO ALBOR,o5611
o5617,mayor-of-cagdianao-dinagat-islands-o5617,"Mayor of Cagdianao, Dinagat Islands",executive,city,elected,DINAGAT ISLANDS,CAGDIANAO,o5611
o5618,representative-dinagat-islands-o5618,"Representative, , Dinagat Islands",legislative,national,elected,DINAGAT ISLANDS,,
o5619,provincial-board-member-of-dinagat-islands-o5619,Provincial Board Member of Dinagat Islands,legislative,provincial,elected,DINAGAT ISLANDS,,
o5620,vice-governor-of-dinagat-islands-o5620,Vice Governor of Dinagat Islands,executive,provincial,elected,DINAGAT ISLANDS,,
o5621,vice-mayor-of-san-jose-dinagat-islands-o5621,"Vice Mayor of San Jose, Dinagat Islands",executive,city,elected,DINAGAT ISLANDS,SAN JOSE,o5611
o5622,vice-mayor-of-loreto-dinagat-islands-o5622,"Vice Mayor of Loreto, Dinagat Islands",executive,city,elected,DINAGAT ISLANDS,LORETO,o5611
o5623,vice-mayor-of-libjo-albor-dinagat-islands-o5623,"Vice Mayor of Libjo Albor, Dinagat Islands",executive,city,elected,DINAGAT ISLANDS,LIBJO ALBOR,o5611
o5624,mayor-of-eastern-samar-o5624,"Mayor of , Eastern Samar",executive,city,elected,EASTERN SAMAR,,o1787
o5625,vice-mayor-of-eastern-samar-o5625,"Vice Mayor of , Eastern Samar",executive,city,elected,EASTERN SAMAR,,o1787
o5626,vice-mayor-of-gregorio-del-pilar-concepcion-ilocos-sur-o5626,"Vice Mayor of Gregorio Del Pilar Concepcion, Ilocos Sur",executive,city,elected,ILOCOS SUR,GREGORIO DEL PILAR CONCEPCION,o2000
o5627,vice-mayor-of-la-union-o5627,"Vice Mayor of , La Union",executive,city,elected,LA UNION,,o2371
o5628,councilor-of-picong-lanao-del-sur-o5628,"Councilor of Picong, Lanao Del Sur",legislative,city,elected,LANAO DEL SUR,PICONG,o2617
o5629,councilor-of-poona-bayabao-gata-lanao-del-sur-o5629,"Councilor of Poona Bayabao Gata, Lanao Del Sur",legislative,city,elected,LANAO DEL SUR,POONA BAYABAO GATA,o2617
o5630,councilor-of-butig-lanao-del-sur-o5630,"Councilor of Butig, Lanao Del Sur",legislative,city,elected,LANAO DEL SUR,BUTIG,o2617
o5631,councilor-of-kapai-lanao-del-sur-o5631,"Councilor of Kapai, Lanao Del Sur",legislative,city,elected,LANAO DEL SUR,KAPAI,o2617
o5632,mayor-of-picong-lanao-del-sur-o5632,"Mayor of Picong, Lanao Del Sur",executive,city,elected,LANAO DEL SUR,PICONG,o2617
o5633,mayor-of-poona-bayabao-gata-lanao-del-sur-o5633,"Mayor of Poona Bayabao Gata, Lanao Del Sur",executive,city,elected,LANAO DEL SUR,POONA BAYABAO GATA,o2617
o5634,vice-mayor-of-picong-lanao-del-sur-o5634,"Vice Mayor of Picong, Lanao Del Sur",executive,city,elected,LANAO DEL SUR,PICONG,o2617
o5635,vice-mayor-of-poona-bayabao-gata-lanao-del-sur-o5635,"Vice Mayor of Poona Bayabao Gata, Lanao Del Sur",executive,city,elected,LANAO DEL SUR,POONA BAYABAO GATA,o2617
o5636,councilor-of-northern-kabuntalan-maguindanao-o5636,"Councilor of Northern Kabuntalan, Maguindanao",legislative,city,elected,MAGUINDANAO,NORTHERN KABUNTALAN,o2851
o5637,mayor-of-northern-kabuntalan-maguindanao-o5637,"Mayor of Northern Kabuntalan, Maguindanao",executive,city,elected,MAGUINDANAO,NORTHERN KABUNTALAN,o2851
o5638,vice-mayor-of-northern-kabuntalan-maguindanao-o5638,"Vice Mayor of Northern Kabuntalan, Maguindanao",executive,city,elected,MAGUINDANAO,NORTHERN KABUNTALAN,o2851
o5639,councilor-of-mountain-province-o5639,"Councilor of , Mountain Province",legislative,city,elected,MOUNTAIN PROVINCE,,o3133
o5640,vice-mayor-of-mountain-province-o5640,"Vice Mayor of , Mountain Province",executive,city,elected,MOUNTAIN PROVINCE,,o3133
o5641,vice-mayor-of-ncr-second-district-o5641,"Vice Mayor of , Ncr Second District",executive,city,elected,NCR SECOND DISTRICT,,
o5642,councilor-of-kalookan-ncr-third-district-o5642,"Councilor of Kalookan, Ncr Third District",legislative,city,elected,NCR THIRD DISTRICT,KALOOKAN,
o5643,mayor-of-kalookan-ncr-third-district-o5643,"Mayor of Kalookan, Ncr Third District",executive,city,elected,NCR THIRD DISTRICT,KALOOKAN,
o5644,vice-mayor-of-kalookan-ncr-third-district-o5644,"Vice Mayor of Kalookan, Ncr Third District",executive,city,elected,NCR THIRD DISTRICT,KALOOKAN,
o5645,mayor-of-valencia-luzurriaga-negros-oriental-o5645,"Mayor of Valencia Luzurriaga, Negros Oriental",executive,city,elected,NEGROS ORIENTAL,VALENCIA LUZURRIAGA,o3337
o5646,vice-mayor-of-amlan-ayuquitan-negros-oriental-o5646,"Vice Mayor of Amlan Ayuquitan, Negros Oriental",executive,city,elected,NEGROS ORIENTAL,AMLAN AYUQUITAN,o3337
o5647,mayor-of-northern-samar-o5647,"Mayor of , Northern Samar",executive,city,elected,NORTHERN SAMAR,,o3415
o5648,mayor-of-occidental-mindoro-o5648,"Mayor of , Occidental Mindoro",executive,city,elected,OCCIDENTAL MINDORO,,o3627
o5649,councilor-of-quirino-o5649,"Councilor of , Quirino",legislative,city,elected,QUIRINO,,o4128
o5650,vice-mayor-of-rodriguez-montalban-rizal-o5650,"Vice Mayor of Rodriguez Montalban, Rizal",executive,city,elected,RIZAL,RODRIGUEZ MONTALBAN,o4158
o5651,vice-mayor-of-sarangani-o5651,"Vice Mayor of , Sarangani",executive,city,elected,SARANGANI,,o4334
o5652,councilor-of-siquijor-o5652,"Councilor of , Siquijor",legislative,city,elected,SIQUIJOR,,o4358
o5653,vice-mayor-of-south-cotabato-o5653,"Vice Mayor of , South Cotabato",executive,city,elected,SOUTH COTABATO,,o4434
o5654,mayor-of-sultan-kudarat-o5654,"Mayor of , Sultan Kudarat",executive,city,elected,SULTAN KUDARAT,,o4534
o5655,vice-mayor-of-surigao-del-norte-o5655,"Vice Mayor of , Surigao Del Norte",executive,city,elected,SURIGAO DEL NORTE,,o4645
o5656,councilor-of-sibutu-tawi-tawi-o5656,"Councilor of Sibutu, Tawi Tawi",legislative,city,elected,TAWI TAWI,SIBUTU,o5554
o5657,mayor-of-sibutu-tawi-tawi-o5657,"Mayor of Sibutu, Tawi Tawi",executive,city,elected,TAWI TAWI,SIBUTU,o5554
o5658,vice-mayor-of-sibutu-tawi-tawi-o5658,"Vice Mayor of Sibutu, Tawi Tawi",executive,city,elected,TAWI TAWI,SIBUTU,o5554
o5659,vice-mayor-of-tawi-tawi-o5659,"Vice Mayor of , Tawi Tawi",executive,city,elected,TAWI TAWI,,o5554
o5660,mayor-of-antique-o5660,"Mayor of , Antique",executive,city,elected,ANTIQUE,,o302
o5661,councilor-of-tabuan-lasa-basilan-o5661,"Councilor of Tabuan Lasa, Basilan",legislative,city,elected,BASILAN,TABUAN LASA,o402
o5662,councilor-of-hadji-mohammad-ajul-basilan-o5662,"Councilor of Hadji Mohammad Ajul, Basilan",legislative,city,elected,BASILAN,HADJI MOHAMMAD AJUL,o402
o5663,councilor-of-hadji-muhtamad-basilan-o5663,"Councilor of Hadji Muhtamad, Basilan",legislative,city,elected,BASILAN,HADJI MUHTAMAD,o402
o5664,mayor-of-hadji-muhtamad-basilan-o5664,"Mayor of Hadji Muhtamad, Basilan",executive,city,elected,BASILAN,HADJI MUHTAMAD,o402
o5665,mayor-of-tabuan-lasa-basilan-o5665,"Mayor of Tabuan Lasa, Basilan",executive,city,elected,BASILAN,TABUAN LASA,o402
o5666,mayor-of-hadji-mohammad-ajul-basilan-o5666,"Mayor of Hadji Mohammad Ajul, Basilan",executive,city,elected,BASILAN,HADJI MOHAMMAD AJUL,o402
o5667,mayor-of-basilan-o5667,"Mayor of , Basilan",executive,city,elected,BASILAN,,o402
o5668,vice-mayor-of-tabuan-lasa-basilan-o5668,"Vice Mayor of Tabuan Lasa, Basilan",executive,city,elected,BASILAN,TABUAN LASA,o402
o5669,vice-mayor-of-hadji-muhtamad-basilan-o5669,"Vice Mayor of Hadji Muhtamad, Basilan",executive,city,elected,BASILAN,HADJI MUHTAMAD,o402
o5670,vice-mayor-of-hadji-mohammad-ajul-basilan-o5670,"Vice Mayor of Hadji Mohammad Ajul, Basilan",executive,city,elected,BASILAN,HADJI MOHAMMAD AJUL,o402
o5671,vice-mayor-of-batanes-o5671,"Vice Mayor of , Batanes",executive,city,elected,BATANES,,o466
o5672,mayor-of-camarines-norte-o5672,"Mayor of , Camarines Norte",executive,city,elected,CAMARINES NORTE,,o1059
o5673,vice-mayor-of-camarines-sur-o5673,"Vice Mayor of , Camarines Sur",executive,city,elected,CAMARINES SUR,,o1124
o5674,mayor-of-catanduanes-o5674,"Mayor of , Catanduanes",executive,city,elected,CATANDUANES,,o1287
o5675,vice-mayor-of-san-andres-calolbon-catanduanes-o5675,"Vice Mayor of San Andres Calolbon, Catanduanes",executive,city,elected,CATANDUANES,SAN ANDRES CALOLBON,o1287
o5676,councilor-of-cordoba-cebu-o5676,"Councilor of Cordoba, Cebu",legislative,city,elected,CEBU,CORDOBA,o1439
o5677,mayor-of-cordoba-cebu-o5677,"Mayor of Cordoba, Cebu",executive,city,elected,CEBU,CORDOBA,o1439
o5678,vice-mayor-of-cordoba-cebu-o5678,"Vice Mayor of Cordoba, Cebu",executive,city,elected,CEBU,CORDOBA,o1439
o5679,councilor-of-m-lang-cotabato-o5679,"Councilor of M'Lang, Cotabato",legislative,city,elected,COTABATO,M'LANG,o1567
o5680,mayor-of-m-lang-cotabato-o5680,"Mayor of M'Lang, Cotabato",executive,city,elected,COTABATO,M'LANG,o1567
o5681,vice-mayor-of-m-lang-cotabato-o5681,"Vice Mayor of M'Lang, Cotabato",executive,city,elected,COTABATO,M'LANG,o1567
o5682,mayor-of-davao-del-norte-o5682,"Mayor of , Davao Del Norte",executive,city,elected,DAVAO DEL NORTE,,o1654
o5683,mayor-of-davao-del-sur-o5683,"Mayor of , Davao Del Sur",executive,city,elected,DAVAO DEL SUR,,o1694
o5684,vice-mayor-of-santa-maria-davao-occidental-o5684,"Vice Mayor of Santa Maria, Davao Occidental",executive,city,elected,DAVAO OCCIDENTAL,SANTA MARIA,o5249
o5685,councilor-of-dinagat-islands-o5685,"Councilor of , Dinagat Islands",legislative,city,elected,DINAGAT ISLANDS,,o5611
o5686,mayor-of-tubajon-dinagat-islands-o5686,"Mayor of Tubajon, Dinagat Islands",executive,city,elected,DINAGAT ISLANDS,TUBAJON,o5611
o5687,vice-mayor-of-tubajon-dinagat-islands-o5687,"Vice Mayor of Tubajon, Dinagat Islands",executive,city,elected,DINAGAT ISLANDS,TUBAJON,o5611
o5688,mayor-of-iloilo-o5688,"Mayor of , Iloilo",executive,city,elected,ILOILO,,o2116
o5689,mayor-of-rizal-liwan-kalinga-o5689,"Mayor of Rizal Liwan, Kalinga",executive,city,elected,KALINGA,RIZAL LIWAN,o2331
o5690,mayor-of-laguna-o5690,"Mayor of , Laguna",executive,city,elected,LAGUNA,,o2445
o5691,councilor-of-sultan-naga-dimaporo-karomatan-lanao-del-norte-o5691,"Councilor of Sultan Naga Dimaporo Karomatan, Lanao Del Norte",legislative,city,elected,LANAO DEL NORTE,SULTAN NAGA DIMAPORO KAROMATAN,o2532
o5692,mayor-of-sultan-naga-dimaporo-karomatan-lanao-del-norte-o5692,"Mayor of Sultan Naga Dimaporo Karomatan, Lanao Del Norte",executive,city,elected,LANAO DEL NORTE,SULTAN NAGA DIMAPORO KAROMATAN,o2532
o5693,vice-mayor-of-sultan-naga-dimaporo-karomatan-lanao-del-norte-o5693,"Vice Mayor of Sultan Naga Dimaporo Karomatan, Lanao Del Norte",executive,city,elected,LANAO DEL NORTE,SULTAN NAGA DIMAPORO KAROMATAN,o2532
o5694,councilor-of-tagoloan-ii-lanao-del-sur-o5694,"Councilor of Tagoloan Ii, Lanao Del Sur",legislative,city,elected,LANAO DEL SUR,TAGOLOAN II,o2617
o5695,mayor-of-picong-sultan-gumander-lanao-del-sur-o5695,"Mayor of Picong Sultan Gumander, Lanao Del Sur",executive,city,elected,LANAO DEL SUR,PICONG SULTAN GUMANDER,o2617
o5696,mayor-of-tagoloan-ii-lanao-del-sur-o5696,"Mayor of Tagoloan Ii, Lanao Del Sur",executive,city,elected,LANAO DEL SUR,TAGOLOAN II,o2617
o5697,vice-mayor-of-tagoloan-ii-lanao-del-sur-o5697,"Vice Mayor of Tagoloan Ii, Lanao Del Sur",executive,city,elected,LANAO DEL SUR,TAGOLOAN II,o2617
o5698,councilor-of-datu-anggal-midtimbang-maguindanao-o5698,"Councilor of Datu Anggal Midtimbang, Maguindanao",legislative,city,elected,MAGUINDANAO,DATU ANGGAL MIDTIMBANG,o2851
o5699,councilor-of-datu-blah-t-sinsuat-maguindanao-o5699,"Councilor of Datu Blah T Sinsuat, Maguindanao",legislative,city,elected,MAGUINDANAO,DATU BLAH T SINSUAT,o2851
o5700,councilor-of-shariff-saydona-mustapha-maguindanao-o5700,"Councilor of Shariff Saydona Mustapha, Maguindanao",legislative,city,elected,MAGUINDANAO,SHARIFF SAYDONA MUSTAPHA,o2851
o5701,councilor-of-rajah-buayan-maguindanao-o5701,"Councilor of Rajah Buayan, Maguindanao",legislative,city,elected,MAGUINDANAO,RAJAH BUAYAN,o2851
o5702,councilor-of-mangudadatu-maguindanao-o5702,"Councilor of Mangudadatu, Maguindanao",legislative,city,elected,MAGUINDANAO,MANGUDADATU,o2851
o5703,councilor-of-pandag-maguindanao-o5703,"Councilor of Pandag, Maguindanao",legislative,city,elected,MAGUINDANAO,PANDAG,o2851
o5704,councilor-of-datu-hoffer-ampatuan-maguindanao-o5704,"Councilor of Datu Hoffer Ampatuan, Maguindanao",legislative,city,elected,MAGUINDANAO,DATU HOFFER AMPATUAN,o2851
o5705,mayor-of-datu-hoffer-ampatuan-maguindanao-o5705,"Mayor of Datu Hoffer Ampatuan, Maguindanao",executive,city,elected,MAGUINDANAO,DATU HOFFER AMPATUAN,o2851
o5706,mayor-of-datu-unsay-maguindanao-o5706,"Mayor of Datu Unsay, Maguindanao",executive,city,elected,MAGUINDANAO,DATU UNSAY,o2851
o5707,mayor-of-datu-salibo-maguindanao-o5707,"Mayor of Datu Salibo, Maguindanao",executive,city,elected,MAGUINDANAO,DATU SALIBO,o2851
o5708,mayor-of-shariff-saydona-mustapha-maguindanao-o5708,"Mayor of Shariff Saydona Mustapha, Maguindanao",executive,city,elected,MAGUINDANAO,SHARIFF SAYDONA MUSTAPHA,o2851
o5709,mayor-of-rajah-buayan-maguindanao-o5709,"Mayor of Rajah Buayan, Maguindanao",executive,city,elected,MAGUINDANAO,RAJAH BUAYAN,o2851
o5710,mayor-of-buluan-maguindanao-o5710,"Mayor of Buluan, Maguindanao",executive,city,elected,MAGUINDANAO,BULUAN,o2851
o5711,mayor-of-mangudadatu-maguindanao-o5711,"Mayor of Mangudadatu, Maguindanao",executive,city,elected,MAGUINDANAO,MANGUDADATU,o2851
o5712,mayor-of-pandag-maguindanao-o5712,"Mayor of Pandag, Maguindanao",executive,city,elected,MAGUINDANAO,PANDAG,o2851
o5713,mayor-of-datu-anggal-midtimbang-maguindanao-o5713,"Mayor of Datu Anggal Midtimbang, Maguindanao",executive,city,elected,MAGUINDANAO,DATU ANGGAL MIDTIMBANG,o2851
o5714,mayor-of-datu-blah-t-sinsuat-maguindanao-o5714,"Mayor of Datu Blah T Sinsuat, Maguindanao",executive,city,elected,MAGUINDANAO,DATU BLAH T SINSUAT,o2851
o5715,vice-mayor-of-mangudadatu-maguindanao-o5715,"Vice Mayor of Mangudadatu, Maguindanao",executive,city,elected,MAGUINDANAO,MANGUDADATU,o2851
o5716,vice-mayor-of-rajah-buayan-maguindanao-o5716,"Vice Mayor of Rajah Buayan, Maguindanao",executive,city,elected,MAGUINDANAO,RAJAH BUAYAN,o2851
o5717,vice-mayor-of-datu-hoffer-ampatuan-maguindanao-o5717,"Vice Mayor of Datu Hoffer Ampatuan, Maguindanao",executive,city,elected,MAGUINDANAO,DATU HOFFER AMPATUAN,o2851
o5718,vice-mayor-of-shariff-saydona-mustapha-maguindanao-o5718,"Vice Mayor of Shariff Saydona Mustapha, Maguindanao",executive,city,elected,MAGUINDANAO,SHARIFF SAYDONA MUSTAPHA,o2851
o5719,vice-mayor-of-datu-anggal-midtimbang-maguindanao-o5719,"Vice Mayor of Datu Anggal Midtimbang, Maguindanao",executive,city,elected,MAGUINDANAO,DATU ANGGAL MIDTIMBANG,o2851
o5720,vice-mayor-of-datu-blah-t-sinsuat-maguindanao-o5720,"Vice Mayor of Datu Blah T Sinsuat, Maguindanao",executive,city,elected,MAGUINDANAO,DATU BLAH T SINSUAT,o2851
o5721,vice-mayor-of-pio-v-corpuz-limbuhan-masbate-o5721,"Vice Mayor of Pio V Corpuz Limbuhan, Masbate",executive,city,elected,MASBATE,PIO V CORPUZ LIMBUHAN,o2940
o5722,councilor-of-don-victoriano-chiongbian-don-mariano-marcos-misamis-occidental-o5722,"Councilor of Don Victoriano Chiongbian Don Mariano Marcos, Misamis Occidental",legislative,city,elected,MISAMIS OCCIDENTAL,DON VICTORIANO CHIONGBIAN DON MARIANO MARCOS,o3003
o5723,mayor-of-don-victoriano-chiongbian-don-mariano-marcos-misamis-occidental-o5723,"Mayor of Don Victoriano Chiongbian Don Mariano Marcos, Misamis Occidental",executive,city,elected,MISAMIS OCCIDENTAL,DON VICTORIANO CHIONGBIAN DON MARIANO MARCOS,o3003
o5724,mayor-of-misamis-occidental-o5724,"Mayor of , Misamis Occidental",executive,city,elected,MISAMIS OCCIDENTAL,,o3003
o5725,vice-mayor-of-don-victoriano-chiongbian-don-mariano-marcos-misamis-occidental-o5725,"Vice Mayor of Don Victoriano Chiongbian Don Mariano Marcos, Misamis Occidental",executive,city,elected,MISAMIS OCCIDENTAL,DON VICTORIANO CHIONGBIAN DON MARIANO MARCOS,o3003
o5726,mayor-of-misamis-oriental-o5726,"Mayor of , Misamis Oriental",executive,city,elected,MISAMIS ORIENTAL,,o3067
o5727,mayor-of-mountain-province-o5727,"Mayor of , Mountain Province",executive,city,elected,MOUNTAIN PROVINCE,,o3133
o5728,mayor-of-ncr-first-district-o5728,"Mayor of , Ncr First District",executive,city,elected,NCR FIRST DISTRICT,,
o5729,mayor-of-ncr-second-district-o5729,"Mayor of , Ncr Second District",executive,city,elected,NCR SECOND DISTRICT,,
o5730,mayor-of-ncr-third-district-o5730,"Mayor of , Ncr Third District",executive,city,elected,NCR THIRD DISTRICT,,
o5731,vice-mayor-of-ncr-third-district-o5731,"Vice Mayor of , Ncr Third District",executive,city,elected,NCR THIRD DISTRICT,,
o5732,mayor-of-nueva-vizcaya-o5732,"Mayor of , Nueva Vizcaya",executive,city,elected,NUEVA VIZCAYA,,o3582
o5733,vice-mayor-of-occidental-mindoro-o5733,"Vice Mayor of , Occidental Mindoro",executive,city,elected,OCCIDENTAL MINDORO,,o3627
o5734,councilor-of-brooke-s-point-palawan-o5734,"Councilor of Brooke'S Point, Palawan",legislative,city,elected,PALAWAN,BROOKE'S POINT,o3725
o5735,mayor-of-brooke-s-point-palawan-o5735,"Mayor of Brooke'S Point, Palawan",executive,city,elected,PALAWAN,BROOKE'S POINT,o3725
o5736,vice-mayor-of-brooke-s-point-palawan-o5736,"Vice Mayor of Brooke'S Point, Palawan",executive,city,elected,PALAWAN,BROOKE'S POINT,o3725
o5737,councilor-of-pampanga-pampanga-o5737,"Councilor of Pampanga, Pampanga",legislative,city,elected,PAMPANGA,PAMPANGA,o3799
o5738,mayor-of-pampanga-pampanga-o5738,"Mayor of Pampanga, Pampanga",executive,city,elected,PAMPANGA,PAMPANGA,o3799
o5739,vice-mayor-of-pampanga-pampanga-o5739,"Vice Mayor of Pampanga, Pampanga",executive,city,elected,PAMPANGA,PAMPANGA,o3799
o5740,mayor-of-sarangani-o5740,"Mayor of , Sarangani",executive,city,elected,SARANGANI,,o4334
o5741,councilor-of-t-boli-south-cotabato-o5741,"Councilor of T'Boli, South Cotabato",legislative,city,elected,SOUTH COTABATO,T'BOLI,o4434
o5742,mayor-of-south-cotabato-o5742,"Mayor of , South Cotabato",executive,city,elected,SOUTH COTABATO,,o4434
o5743,vice-mayor-of-t-boli-south-cotabato-o5743,"Vice Mayor of T'Boli, South Cotabato",executive,city,elected,SOUTH COTABATO,T'BOLI,o4434
o5744,councilor-of-omar-sulu-o5744,"Councilor of Omar, Sulu",legislative,city,elected,SULU,OMAR,o4579
o5745,mayor-of-omar-sulu-o5745,"Mayor of Omar, Sulu",executive,city,elected,SULU,OMAR,o4579
o5746,vice-mayor-of-omar-sulu-o5746,"Vice Mayor of Omar, Sulu",executive,city,elected,SULU,OMAR,o4579
o5747,vice-mayor-of-abra-o5747,"Vice Mayor of , Abra",executive,city,elected,ABRA,,o27
o5748,mayor-of-batanes-o5748,"Mayor of , Batanes",executive,city,elected,BATANES,,o466
o5749,vice-mayor-of-benguet-o5749,"Vice Mayor of , Benguet",executive,city,elected,BENGUET,,o602
o5750,vice-mayor-of-camarines-norte-o5750,"Vice Mayor of , Camarines Norte",executive,city,elected,CAMARINES NORTE,,o1059
o5751,vice-mayor-of-cotabato-o5751,"Vice Mayor of , Cotabato",executive,city,elected,COTABATO,,o1567
o5752,mayor-of-davao-de-oro-o5752,"Mayor of , Davao De Oro",executive,city,elected,DAVAO DE ORO,,o1618
o5753,councilor-of-jose-abad-santos-trinidad-davao-occidental-o5753,"Councilor of Jose Abad Santos Trinidad, Davao Occidental",legislative,city,elected,DAVAO OCCIDENTAL,JOSE ABAD SANTOS TRINIDAD,o5249
o5754,councilor-of-santa-maria-davao-occidental-o5754,"Councilor of Santa Maria, Davao Occidental",legislative,city,elected,DAVAO OCCIDENTAL,SANTA MARIA,o5249
o5755,councilor-of-guimaras-o5755,"Councilor of , Guimaras",legislative,city,elected,GUIMARAS,,o1842
o5756,vice-mayor-of-isabela-o5756,"Vice Mayor of , Isabela",executive,city,elected,ISABELA,,o2245
o5757,vice-mayor-of-kalinga-o5757,"Vice Mayor of , Kalinga",executive,city,elected,KALINGA,,o2331
o5758,councilor-of-picong-sultan-gumander-lanao-del-sur-o5758,"Councilor of Picong Sultan Gumander, Lanao Del Sur",legislative,city,elected,LANAO DEL SUR,PICONG SULTAN GUMANDER,o2617
o5759,councilor-of-lumba-bayabao-maguing-lanao-del-sur-o5759,"Councilor of Lumba Bayabao Maguing, Lanao Del Sur",legislative,city,elected,LANAO DEL SUR,LUMBA BAYABAO MAGUING,o2617
o5760,vice-mayor-of-picong-sultan-gumander-lanao-del-sur-o5760,"Vice Mayor of Picong Sultan Gumander, Lanao Del Sur",executive,city,elected,LANAO DEL SUR,PICONG SULTAN GUMANDER,o2617
o5761,vice-mayor-of-lumba-bayabao-maguing-lanao-del-sur-o5761,"Vice Mayor of Lumba Bayabao Maguing, Lanao Del Sur",executive,city,elected,LANAO DEL SUR,LUMBA BAYABAO MAGUING,o2617
o5762,councilor-of-datu-salibo-maguindanao-o5762,"Councilor of Datu Salibo, Maguindanao",legislative,city,elected,MAGUINDANAO,DATU SALIBO,o2851
o5763,vice-mayor-of-datu-salibo-maguindanao-o5763,"Vice Mayor of Datu Salibo, Maguindanao",executive,city,elected,MAGUINDANAO,DATU SALIBO,o2851
o5764,vice-mayor-of-datu-unsay-maguindanao-o5764,"Vice Mayor of Datu Unsay, Maguindanao",executive,city,elected,MAGUINDANAO,DATU UNSAY,o2851
o5765,vice-mayor-of-pandag-maguindanao-o5765,"Vice Mayor of Pandag, Maguindanao",executive,city,elected,MAGUINDANAO,PANDAG,o2851
o5766,mayor-of-masbate-o5766,"Mayor of , Masbate",executive,city,elected,MASBATE,,o2940
o5767,mayor-of-t-boli-south-cotabato-o5767,"Mayor of T'Boli, South Cotabato",executive,city,elected,SOUTH COTABATO,T'BOLI,o4434
o5768,mayor-of-tawi-tawi-o5768,"Mayor of , Tawi Tawi",executive,city,elected,TAWI TAWI,,o5554
o5769,mayor-of-zambales-o5769,"Mayor of , Zambales",executive,city,elected,ZAMBALES,,o4869
o5770,mayor-of-zamboanga-sibugay-o5770,"Mayor of , Zamboanga Sibugay",executive,city,elected,ZAMBOANGA SIBUGAY,,o5090
o5771,vice-mayor-of-zamboanga-sibugay-o5771,"Vice Mayor of , Zamboanga Sibugay",executive,city,elected,ZAMBOANGA SIBUGAY,,o5090
o5772,councilor-of-sarangani-davao-occidental-o5772,"Councilor of Sarangani, Davao Occidental",legislative,city,elected,DAVAO OCCIDENTAL,SARANGANI,o5249
o5773,mayor-of-sarangani-davao-occidental-o5773,"Mayor of Sarangani, Davao Occidental",executive,city,elected,DAVAO OCCIDENTAL,SARANGANI,o5249
o5774,mayor-of-jose-abad-santos-trinidad-davao-occidental-o5774,"Mayor of Jose Abad Santos Trinidad, Davao Occidental",executive,city,elected,DAVAO OCCIDENTAL,JOSE ABAD SANTOS TRINIDAD,o5249
o5775,mayor-of-don-marcelino-davao-occidental-o5775,"Mayor of Don Marcelino, Davao Occidental",executive,city,elected,DAVAO OCCIDENTAL,DON MARCELINO,o5249
o5776,vice-governor-of-davao-occidental-o5776,Vice Governor of Davao Occidental,executive,provincial,elected,DAVAO OCCIDENTAL,,
o5777,vice-mayor-of-sarangani-davao-occidental-o5777,"Vice Mayor of Sarangani, Davao Occidental",executive,city,elected,DAVAO OCCIDENTAL,SARANGANI,o5249
o5778,vice-mayor-of-jose-abad-santos-trinidad-davao-occidental-o5778,"Vice Mayor of Jose Abad Santos Trinidad, Davao Occidental",executive,city,elected,DAVAO OCCIDENTAL,JOSE ABAD SANTOS TRINIDAD,o5249
o5779,councilor-of-caraga-davao-oriental-o5779,"Councilor of Caraga, Davao Oriental",legislative,city,elected,DAVAO ORIENTAL,CARAGA,o1740
o5780,mayor-of-caraga-davao-oriental-o5780,"Mayor of Caraga, Davao Oriental",executive,city,elected,DAVAO ORIENTAL,CARAGA,o1740
o5781,vice-mayor-of-caraga-davao-oriental-o5781,"Vice Mayor of Caraga, Davao Oriental",executive,city,elected,DAVAO ORIENTAL,CARAGA,o1740
o5782,mayor-of-san-policarpo-eastern-samar-o5782,"Mayor of San Policarpo, Eastern Samar",executive,city,elected,EASTERN SAMAR,SAN POLICARPO,o1787
o5783,councilor-of-lumbaca-unayan-lanao-del-sur-o5783,"Councilor of Lumbaca Unayan, Lanao Del Sur",legislative,city,elected,LANAO DEL SUR,LUMBACA UNAYAN,o2617
o5784,councilor-of-amai-manabilang-bumbaran-lanao-del-sur-o5784,"Councilor of Amai Manabilang Bumbaran, Lanao Del Sur",legislative,city,elected,LANAO DEL SUR,AMAI MANABILANG BUMBARAN,o2617
o5785,mayor-of-lumbaca-unayan-lanao-del-sur-o5785,"Mayor of Lumbaca Unayan, Lanao Del Sur",executive,city,elected,LANAO DEL SUR,LUMBACA UNAYAN,o2617
o5786,mayor-of-amai-manabilang-bumbaran-lanao-del-sur-o5786,"Mayor of Amai Manabilang Bumbaran, Lanao Del Sur",executive,city,elected,LANAO DEL SUR,AMAI MANABILANG BUMBARAN,o2617
o5787,vice-mayor-of-lumbaca-unayan-lanao-del-sur-o5787,"Vice Mayor of Lumbaca Unayan, Lanao Del Sur",executive,city,elected,LANAO DEL SUR,LUMBACA UNAYAN,o2617
o5788,vice-mayor-of-amai-manabilang-bumbaran-lanao-del-sur-o5788,"Vice Mayor of Amai Manabilang Bumbaran, Lanao Del Sur",executive,city,elected,LANAO DEL SUR,AMAI MANABILANG BUMBARAN,o2617
o5789,councilor-of-caloocan-ncr-third-district-o5789,"Councilor of Caloocan, Ncr Third District",legislative,city,elected,NCR THIRD DISTRICT,CALOOCAN,
o5790,mayor-of-caloocan-ncr-third-district-o5790,"Mayor of Caloocan, Ncr Third District",executive,city,elected,NCR THIRD DISTRICT,CALOOCAN,
o5791,vice-mayor-of-caloocan-ncr-third-district-o5791,"Vice Mayor of Caloocan, Ncr Third District",executive,city,elected,NCR THIRD DISTRICT,CALOOCAN,
o5792,mayor-of-amlan-ayuquitan-negros-oriental-o5792,"Mayor of Amlan Ayuquitan, Negros Oriental",executive,city,elected,NEGROS ORIENTAL,AMLAN AYUQUITAN,o3337
o5793,councilor-of-gabaldon-bitulok-and-sabani-nueva-ecija-o5793,"Councilor of Gabaldon Bitulok And Sabani, Nueva Ecija",legislative,city,elected,NUEVA ECIJA,GABALDON BITULOK AND SABANI,o3499
o5794,mayor-of-gabaldon-bitulok-and-sabani-nueva-ecija-o5794,"Mayor of Gabaldon Bitulok And Sabani, Nueva Ecija",executive,city,elected,NUEVA ECIJA,GABALDON BITULOK AND SABANI,o3499
o5795,vice-mayor-of-gabaldon-bitulok-and-sabani-nueva-ecija-o5795,"Vice Mayor of Gabaldon Bitulok And Sabani, Nueva Ecija",executive,city,elected,NUEVA ECIJA,GABALDON BITULOK AND SABANI,o3499
o5796,councilor-of-t-boli-south-cotabato-o5796,"Councilor of T`Boli, South Cotabato",legislative,city,elected,SOUTH COTABATO,T`BOLI,o4434
o5797,mayor-of-t-boli-south-cotabato-o5797,"Mayor of T`Boli, South Cotabato",executive,city,elected,SOUTH COTABATO,T`BOLI,o4434
o5798,vice-mayor-of-t-boli-south-cotabato-o5798,"Vice Mayor of T`Boli, South Cotabato",executive,city,elected,SOUTH COTABATO,T`BOLI,o4434
o5799,president-o5799,President,executive,national,elected,,,
o5800,senator-o5800,Senator,legislative,national,elected,,,
o5801,vice-president-o5801,Vice President,executive,national,elected,,,
o5802,councilor-of-sto-tomas-batangas-o5802,"Councilor of Sto Tomas, Batangas",legislative,city,elected,BATANGAS,STO TOMAS,o516
o5803,mayor-of-sto-tomas-batangas-o5803,"Mayor of Sto Tomas, Batangas",executive,city,elected,BATANGAS,STO TOMAS,o516
o5804,vice-mayor-of-sto-tomas-batangas-o5804,"Vice Mayor of Sto Tomas, Batangas",executive,city,elected,BATANGAS,STO TOMAS,o516
o5805,councilor-of-getafe-bohol-o5805,"Councilor of Getafe, Bohol",legislative,city,elected,BOHOL,GETAFE,o710
o5806,councilor-of-president-carlos-p-garcia-bohol-o5806,"Councilor of President Carlos P Garcia, Bohol",legislative,city,elected,BOHOL,PRESIDENT CARLOS P GARCIA,o710
o5807,mayor-of-getafe-bohol-o5807,"Mayor of Getafe, Bohol",executive,city,elected,BOHOL,GETAFE,o710
o5808,mayor-of-president-carlos-p-garcia-bohol-o5808,"Mayor of President Carlos P Garcia, Bohol",executive,city,elected,BOHOL,PRESIDENT CARLOS P GARCIA,o710
o5809,vice-mayor-of-getafe-bohol-o5809,"Vice Mayor of Getafe, Bohol",executive,city,elected,BOHOL,GETAFE,o710
o5810,vice-mayor-of-president-carlos-p-garcia-bohol-o5810,"Vice Mayor of President Carlos P Garcia, Bohol",executive,city,elected,BOHOL,PRESIDENT CARLOS P GARCIA,o710
o5811,councilor-of-jose-abad-santos-davao-occidental-o5811,"Councilor of Jose Abad Santos, Davao Occidental",legislative,city,elected,DAVAO OCCIDENTAL,JOSE ABAD SANTOS,o5249
o5812,mayor-of-jose-abad-santos-davao-occidental-o5812,"Mayor of Jose Abad Santos, Davao Occidental",executive,city,elected,DAVAO OCCIDENTAL,JOSE ABAD SANTOS,o5249
o5813,vice-mayor-of-jose-abad-santos-davao-occidental-o5813,"Vice Mayor of Jose Abad Santos, Davao Occidental",executive,city,elected,DAVAO OCCIDENTAL,JOSE ABAD SANTOS,o5249
o5814,councilor-of-basilisa-dinagat-islands-o5814,"Councilor of Basilisa, Dinagat Islands",legislative,city,elected,DINAGAT ISLANDS,BASILISA,o5611
o5815,councilor-of-libjo-dinagat-islands-o5815,"Councilor of Libjo, Dinagat Islands",legislative,city,elected,DINAGAT ISLANDS,LIBJO,o5611
o5816,mayor-of-basilisa-dinagat-islands-o5816,"Mayor of Basilisa, Dinagat Islands",executive,city,elected,DINAGAT ISLANDS,BASILISA,o5611
o5817,mayor-of-libjo-dinagat-islands-o5817,"Mayor of Libjo, Dinagat Islands",executive,city,elected,DINAGAT ISLANDS,LIBJO,o5611
o5818,vice-mayor-of-libjo-dinagat-islands-o5818,"Vice Mayor of Libjo, Dinagat Islands",executive,city,elected,DINAGAT ISLANDS,LIBJO,o5611
o5819,vice-mayor-of-basilisa-dinagat-islands-o5819,"Vice Mayor of Basilisa, Dinagat Islands",executive,city,elected,DINAGAT ISLANDS,BASILISA,o5611
o5820,councilor-of-amai-manabilang-lanao-del-sur-o5820,"Councilor of Amai Manabilang, Lanao Del Sur",legislative,city,elected,LANAO DEL SUR,AMAI MANABILANG,o2617
o5821,councilor-of-poona-bayabao-lanao-del-sur-o5821,"Councilor of Poona Bayabao, Lanao Del Sur",legislative,city,elected,LANAO DEL SUR,POONA BAYABAO,o2617
o5822,mayor-of-poona-bayabao-lanao-del-sur-o5822,"Mayor of Poona Bayabao, Lanao Del Sur",executive,city,elected,LANAO DEL SUR,POONA BAYABAO,o2617
o5823,mayor-of-amai-manabilang-lanao-del-sur-o5823,"Mayor of Amai Manabilang, Lanao Del Sur",executive,city,elected,LANAO DEL SUR,AMAI MANABILANG,o2617
o5824,vice-mayor-of-amai-manabilang-lanao-del-sur-o5824,"Vice Mayor of Amai Manabilang, Lanao Del Sur",executive,city,elected,LANAO DEL SUR,AMAI MANABILANG,o2617
o5825,vice-mayor-of-poona-bayabao-lanao-del-sur-o5825,"Vice Mayor of Poona Bayabao, Lanao Del Sur",executive,city,elected,LANAO DEL SUR,POONA BAYABAO,o2617
o5826,councilor-of-shariff-aguak-maguindanao-o5826,"Councilor of Shariff Aguak, Maguindanao",legislative,city,elected,MAGUINDANAO,SHARIFF AGUAK,o2851
o5827,mayor-of-shariff-aguak-maguindanao-o5827,"Mayor of Shariff Aguak, Maguindanao",executive,city,elected,MAGUINDANAO,SHARIFF AGUAK,o2851
o5828,vice-mayor-of-shariff-aguak-maguindanao-o5828,"Vice Mayor of Shariff Aguak, Maguindanao",executive,city,elected,MAGUINDANAO,SHARIFF AGUAK,o2851
o5829,councilor-of-don-victoriano-chiongbian-misamis-occidental-o5829,"Councilor of Don Victoriano Chiongbian, Misamis Occidental",legislative,city,elected,MISAMIS OCCIDENTAL,DON VICTORIANO CHIONGBIAN,o3003
o5830,mayor-of-don-victoriano-chiongbian-misamis-occidental-o5830,"Mayor of Don Victoriano Chiongbian, Misamis Occidental",executive,city,elected,MISAMIS OCCIDENTAL,DON VICTORIANO CHIONGBIAN,o3003
o5831,vice-mayor-of-don-victoriano-chiongbian-misamis-occidental-o5831,"Vice Mayor of Don Victoriano Chiongbian, Misamis Occidental",executive,city,elected,MISAMIS OCCIDENTAL,DON VICTORIANO CHIONGBIAN,o3003
o5832,councilor-of-mataasnakahoy-batangas-o5832,"Councilor of Mataasnakahoy, Batangas",legislative,city,elected,BATANGAS,MATAASNAKAHOY,o516
o5833,mayor-of-mataasnakahoy-batangas-o5833,"Mayor of Mataasnakahoy, Batangas",executive,city,elected,BATANGAS,MATAASNAKAHOY,o516
o5834,vice-mayor-of-mataasnakahoy-batangas-o5834,"Vice Mayor of Mataasnakahoy, Batangas",executive,city,elected,BATANGAS,MATAASNAKAHOY,o516
o5835,councilor-of-baliwag-bulacan-o5835,"Councilor of Baliwag, Bulacan",legislative,city,elected,BULACAN,BALIWAG,o904
o5836,mayor-of-baliwag-bulacan-o5836,"Mayor of Baliwag, Bulacan",executive,city,elected,BULACAN,BALIWAG,o904
o5837,vice-mayor-of-baliwag-bulacan-o5837,"Vice Mayor of Baliwag, Bulacan",executive,city,elected,BULACAN,BALIWAG,o904
o5838,councilor-of-datu-odin-sinsuat-maguindanao-del-norte-o5838,"Councilor of Datu Odin Sinsuat, Maguindanao Del Norte",legislative,city,elected,MAGUINDANAO DEL NORTE,DATU ODIN SINSUAT,o5851
o5839,councilor-of-sultan-mastura-maguindanao-del-norte-o5839,"Councilor of Sultan Mastura, Maguindanao Del Norte",legislative,city,elected,MAGUINDANAO DEL NORTE,SULTAN MASTURA,o5851
o5840,councilor-of-sultan-kudarat-maguindanao-del-norte-o5840,"Councilor of Sultan Kudarat, Maguindanao Del Norte",legislative,city,elected,MAGUINDANAO DEL NORTE,SULTAN KUDARAT,o5851
o5841,councilor-of-buldon-maguindanao-del-norte-o5841,"Councilor of Buldon, Maguindanao Del Norte",legislative,city,elected,MAGUINDANAO DEL NORTE,BULDON,o5851
o5842,councilor-of-parang-maguindanao-del-norte-o5842,"Councilor of Parang, Maguindanao Del Norte",legislative,city,elected,MAGUINDANAO DEL NORTE,PARANG,o5851
o5843,councilor-of-northern-kabuntalan-maguindanao-del-norte-o5843,"Councilor of Northern Kabuntalan, Maguindanao Del Norte",legislative,city,elected,MAGUINDANAO DEL NORTE,NORTHERN KABUNTALAN,o5851
o5844,councilor-of-kabuntalan-maguindanao-del-norte-o5844,"Councilor of Kabuntalan, Maguindanao Del Norte",legislative,city,elected,MAGUINDANAO DEL NORTE,KABUNTALAN,o5851
o5845,councilor-of-barira-maguindanao-del-norte-o5845,"Councilor of Barira, Maguindanao Del Norte",legislative,city,elected,MAGUINDANAO DEL NORTE,BARIRA,o5851
o5846,councilor-of-talitay-maguindanao-del-norte-o5846,"Councilor of Talitay, Maguindanao Del Norte",legislative,city,elected,MAGUINDANAO DEL NORTE,TALITAY,o5851
o5847,councilor-of-upi-maguindanao-del-norte-o5847,"Councilor of Upi, Maguindanao Del Norte",legislative,city,elected,MAGUINDANAO DEL NORTE,UPI,o5851
o5848,councilor-of-matanog-maguindanao-del-norte-o5848,"Councilor of Matanog, Maguindanao Del Norte",legislative,city,elected,MAGUINDANAO DEL NORTE,MATANOG,o5851
o5849,councilor-of-cotabato-maguindanao-del-norte-o5849,"Councilor of Cotabato, Maguindanao Del Norte",legislative,city,elected,MAGUINDANAO DEL NORTE,COTABATO,o5851
o5850,councilor-of-datu-blah-t-sinsuat-maguindanao-del-norte-o5850,"Councilor of Datu Blah T Sinsuat, Maguindanao Del Norte",legislative,city,elected,MAGUINDANAO DEL NORTE,DATU BLAH T SINSUAT,o5851
o5851,governor-of-maguindanao-del-norte-o5851,Governor of Maguindanao Del Norte,executive,provincial,elected,MAGUINDANAO DEL NORTE,,
o5852,mayor-of-datu-odin-sinsuat-maguindanao-del-norte-o5852,"Mayor of Datu Odin Sinsuat, Maguindanao Del Norte",executive,city,elected,MAGUINDANAO DEL NORTE,DATU ODIN SINSUAT,o5851
o5853,mayor-of-talitay-maguindanao-del-norte-o5853,"Mayor of Talitay, Maguindanao Del Norte",executive,city,elected,MAGUINDANAO DEL NORTE,TALITAY,o5851
o5854,mayor-of-matanog-maguindanao-del-norte-o5854,"Mayor of Matanog, Maguindanao Del Norte",executive,city,elected,MAGUINDANAO DEL NORTE,MATANOG,o5851
o5855,mayor-of-northern-kabuntalan-maguindanao-del-norte-o5855,"Mayor of Northern Kabuntalan, Maguindanao Del Norte",executive,city,elected,MAGUINDANAO DEL NORTE,NORTHERN KABUNTALAN,o5851
o5856,mayor-of-kabuntalan-maguindanao-del-norte-o5856,"Mayor of Kabuntalan, Maguindanao Del Norte",executive,city,elected,MAGUINDANAO DEL NORTE,KABUNTALAN,o5851
o5857,mayor-of-parang-maguindanao-del-norte-o5857,"Mayor of Parang, Maguindanao Del Norte",executive,city,elected,MAGUINDANAO DEL NORTE,PARANG,o5851
o5858,mayor-of-buldon-maguindanao-del-norte-o5858,"Mayor of Buldon, Maguindanao Del Norte",executive,city,elected,MAGUINDANAO DEL NORTE,BULDON,o5851
o5859,mayor-of-sultan-kudarat-maguindanao-del-norte-o5859,"Mayor of Sultan Kudarat, Maguindanao Del Norte",executive,city,elected,MAGUINDANAO DEL NORTE,SULTAN KUDARAT,o5851
o5860,mayor-of-sultan-mastura-maguindanao-del-norte-o5860,"Mayor of Sultan Mastura, Maguindanao Del Norte",executive,city,elected,MAGUINDANAO DEL NORTE,SULTAN MASTURA,o5851
o5861,mayor-of-cotabato-maguindanao-del-norte-o5861,"Mayor of Cotabato, Maguindanao Del Norte",executive,city,elected,MAGUINDANAO DEL NORTE,COTABATO,o5851
o5862,mayor-of-upi-maguindanao-del-norte-o5862,"Mayor of Upi, Maguindanao Del Norte",executive,city,elected,MAGUINDANAO DEL NORTE,UPI,o5851
o5863,mayor-of-datu-blah-t-sinsuat-maguindanao-del-norte-o5863,"Mayor of Datu Blah T Sinsuat, Maguindanao Del Norte",executive,city,elected,MAGUINDANAO DEL NORTE,DATU BLAH T SINSUAT,o5851
o5864,mayor-of-barira-maguindanao-del-norte-o5864,"Mayor of Barira, Maguindanao Del Norte",executive,city,elected,MAGUINDANAO DEL NORTE,BARIRA,o5851
o5865,representative-maguindanao-del-norte-o5865,"Representative, , Maguindanao Del Norte",legislative,national,elected,MAGUINDANAO DEL NORTE,,
o5866,provincial-board-member-of-maguindanao-del-norte-o5866,Provincial Board Member of Maguindanao Del Norte,legislative,provincial,elected,MAGUINDANAO DEL NORTE,,
o5867,vice-governor-of-maguindanao-del-norte-o5867,Vice Governor of Maguindanao Del Norte,executive,provincial,elected,MAGUINDANAO DEL NORTE,,
o5868,vice-mayor-of-upi-maguindanao-del-norte-o5868,"Vice Mayor of Upi, Maguindanao Del Norte",executive,city,elected,MAGUINDANAO DEL NORTE,UPI,o5851
o5869,vice-mayor-of-matanog-maguindanao-del-norte-o5869,"Vice Mayor of Matanog, Maguindanao Del Norte",executive,city,elected,MAGUINDANAO DEL NORTE,MATANOG,o5851
o5870,vice-mayor-of-parang-maguindanao-del-norte-o5870,"Vice Mayor of Parang, Maguindanao Del Norte",executive,city,elected,MAGUINDANAO DEL NORTE,PARANG,o5851
o5871,vice-mayor-of-talitay-maguindanao-del-norte-o5871,"Vice Mayor of Talitay, Maguindanao Del Norte",executive,city,elected,MAGUINDANAO DEL NORTE,TALITAY,o5851
o5872,vice-mayor-of-northern-kabuntalan-maguindanao-del-norte-o5872,"Vice Mayor of Northern Kabuntalan, Maguindanao Del Norte",executive,city,elected,MAGUINDANAO DEL NORTE,NORTHERN KABUNTALAN,o5851
o5873,vice-mayor-of-sultan-mastura-maguindanao-del-norte-o5873,"Vice Mayor of Sultan Mastura, Maguindanao Del Norte",executive,city,elected,MAGUINDANAO DEL NORTE,SULTAN MASTURA,o5851
o5874,vice-mayor-of-barira-maguindanao-del-norte-o5874,"Vice Mayor of Barira, Maguindanao Del Norte",executive,city,elected,MAGUINDANAO DEL NORTE,BARIRA,o5851
o5875,vice-mayor-of-kabuntalan-maguindanao-del-norte-o5875,"Vice Mayor of Kabuntalan, Maguindanao Del Norte",executive,city,elected,MAGUINDANAO DEL NORTE,KABUNTALAN,o5851
o5876,vice-mayor-of-cotabato-maguindanao-del-norte-o5876,"Vice Mayor of Cotabato, Maguindanao Del Norte",executive,city,elected,MAGUINDANAO DEL NORTE,COTABATO,o5851
o5877,vice-mayor-of-buldon-maguindanao-del-norte-o5877,"Vice Mayor of Buldon, Maguindanao Del Norte",executive,city,elected,MAGUINDANAO DEL NORTE,BULDON,o5851
o5878,vice-mayor-of-sultan-kudarat-maguindanao-del-norte-o5878,"Vice Mayor of Sultan Kudarat, Maguindanao Del Norte",executive,city,elected,MAGUINDANAO DEL NORTE,SULTAN KUDARAT,o5851
o5879,vice-mayor-of-datu-odin-sinsuat-maguindanao-del-norte-o5879,"Vice Mayor of Datu Odin Sinsuat, Maguindanao Del Norte",executive,city,elected,MAGUINDANAO DEL NORTE,DATU ODIN SINSUAT,o5851
o5880,vice-mayor-of-datu-blah-t-sinsuat-maguindanao-del-norte-o5880,"Vice Mayor of Datu Blah T Sinsuat, Maguindanao Del Norte",executive,city,elected,MAGUINDANAO DEL NORTE,DATU BLAH T SINSUAT,o5851
o5881,councilor-of-datu-paglas-maguindanao-del-sur-o5881,"Councilor of Datu Paglas, Maguindanao Del Sur",legislative,city,elected,MAGUINDANAO DEL SUR,DATU PAGLAS,o5904
o5882,councilor-of-datu-piang-maguindanao-del-sur-o5882,"Councilor of Datu Piang, Maguindanao Del Sur",legislative,city,elected,MAGUINDANAO DEL SUR,DATU PIANG,o5904
o5883,councilor-of-gen-s-k-pendatun-maguindanao-del-sur-o5883,"Councilor of Gen S K Pendatun, Maguindanao Del Sur",legislative,city,elected,MAGUINDANAO DEL SUR,GEN S K PENDATUN,o5904
o5884,councilor-of-pandag-maguindanao-del-sur-o5884,"Councilor of Pandag, Maguindanao Del Sur",legislative,city,elected,MAGUINDANAO DEL SUR,PANDAG,o5904
o5885,councilor-of-datu-unsay-maguindanao-del-sur-o5885,"Councilor of Datu Unsay, Maguindanao Del Sur",legislative,city,elected,MAGUINDANAO DEL SUR,DATU UNSAY,o5904
o5886,councilor-of-pagagawan-maguindanao-del-sur-o5886,"Councilor of Pagagawan, Maguindanao Del Sur",legislative,city,elected,MAGUINDANAO DEL SUR,PAGAGAWAN,o5904
o5887,councilor-of-datu-abdullah-sangki-maguindanao-del-sur-o5887,"Councilor of Datu Abdullah Sangki, Maguindanao Del Sur",legislative,city,elected,MAGUINDANAO DEL SUR,DATU ABDULLAH SANGKI,o5904
o5888,councilor-of-shariff-aguak-maguindanao-del-sur-o5888,"Councilor of Shariff Aguak, Maguindanao Del Sur",legislative,city,elected,MAGUINDANAO DEL SUR,SHARIFF AGUAK,o5904
o5889,councilor-of-buluan-maguindanao-del-sur-o5889,"Councilor of Buluan, Maguindanao Del Sur",legislative,city,elected,MAGUINDANAO DEL SUR,BULUAN,o5904
o5890,councilor-of-datu-hoffer-ampatuan-maguindanao-del-sur-o5890,"Councilor of Datu Hoffer Ampatuan, Maguindanao Del Sur",legislative,city,elected,MAGUINDANAO DEL SUR,DATU HOFFER AMPATUAN,o5904
o5891,councilor-of-guindulungan-maguindanao-del-sur-o5891,"Councilor of Guindulungan, Maguindanao Del Sur",legislative,city,elected,MAGUINDANAO DEL SUR,GUINDULUNGAN,o5904
o5892,councilor-of-mamasapano-maguindanao-del-sur-o5892,"Councilor of Mamasapano, Maguindanao Del Sur",legislative,city,elected,MAGUINDANAO DEL SUR,MAMASAPANO,o5904
o5893,councilor-of-rajah-buayan-maguindanao-del-sur-o5893,"Councilor of Rajah Buayan, Maguindanao Del Sur",legislative,city,elected,MAGUINDANAO DEL SUR,RAJAH BUAYAN,o5904
o5894,councilor-of-shariff-saydona-mustapha-maguindanao-del-sur-o5894,"Councilor of Shariff Saydona Mustapha, Maguindanao Del Sur",legislative,city,elected,MAGUINDANAO DEL SUR,SHARIFF SAYDONA MUSTAPHA,o5904
o5895,councilor-of-sultan-sa-barongis-maguindanao-del-sur-o5895,"Councilor of Sultan Sa Barongis, Maguindanao Del Sur",legislative,city,elected,MAGUINDANAO DEL SUR,SULTAN SA BARONGIS,o5904
o5896,councilor-of-paglat-maguindanao-del-sur-o5896,"Councilor of Paglat, Maguindanao Del Sur",legislative,city,elected,MAGUINDANAO DEL SUR,PAGLAT,o5904
o5897,councilor-of-south-upi-maguindanao-del-sur-o5897,"Councilor of South Upi, Maguindanao Del Sur",legislative,city,elected,MAGUINDANAO DEL SUR,SOUTH UPI,o5904
o5898,councilor-of-pagalungan-maguindanao-del-sur-o5898,"Councilor of Pagalungan, Maguindanao Del Sur",legislative,city,elected,MAGUINDANAO DEL SUR,PAGALUNGAN,o5904
o5899,councilor-of-datu-saudi-ampatuan-maguindanao-del-sur-o5899,"Councilor of Datu Saudi Ampatuan, Maguindanao Del Sur",legislative,city,elected,MAGUINDANAO DEL SUR,DATU SAUDI AMPATUAN,o5904
o5900,councilor-of-mangudadatu-maguindanao-del-sur-o5900,"Councilor of Mangudadatu, Maguindanao Del Sur",legislative,city,elected,MAGUINDANAO DEL SUR,MANGUDADATU,o5904
o5901,councilor-of-ampatuan-maguindanao-del-sur-o5901,"Councilor of Ampatuan, Maguindanao Del Sur",legislative,city,elected,MAGUINDANAO DEL SUR,AMPATUAN,o5904
o5902,councilor-of-datu-anggal-midtimbang-maguindanao-del-sur-o5902,"Councilor of Datu Anggal Midtimbang, Maguindanao Del Sur",legislative,city,elected,MAGUINDANAO DEL SUR,DATU ANGGAL MIDTIMBANG,o5904
o5903,councilor-of-talayan-maguindanao-del-sur-o5903,"Councilor of Talayan, Maguindanao Del Sur",legislative,city,elected,MAGUINDANAO DEL SUR,TALAYAN,o5904
o5904,governor-of-maguindanao-del-sur-o5904,Governor of Maguindanao Del Sur,executive,provincial,elected,MAGUINDANAO DEL SUR,,
o5905,mayor-of-gen-s-k-pendatun-maguindanao-del-sur-o5905,"Mayor of Gen S K Pendatun, Maguindanao Del Sur",executive,city,elected,MAGUINDANAO DEL SUR,GEN S K PENDATUN,o5904
o5906,mayor-of-datu-hoffer-ampatuan-maguindanao-del-sur-o5906,"Mayor of Datu Hoffer Ampatuan, Maguindanao Del Sur",executive,city,elected,MAGUINDANAO DEL SUR,DATU HOFFER AMPATUAN,o5904
o5907,mayor-of-datu-unsay-maguindanao-del-sur-o5907,"Mayor of Datu Unsay, Maguindanao Del Sur",executive,city,elected,MAGUINDANAO DEL SUR,DATU UNSAY,o5904
o5908,mayor-of-mamasapano-maguindanao-del-sur-o5908,"Mayor of Mamasapano, Maguindanao Del Sur",executive,city,elected,MAGUINDANAO DEL SUR,MAMASAPANO,o5904
o5909,mayor-of-shariff-aguak-maguindanao-del-sur-o5909,"Mayor of Shariff Aguak, Maguindanao Del Sur",executive,city,elected,MAGUINDANAO DEL SUR,SHARIFF AGUAK,o5904
o5910,mayor-of-shariff-saydona-mustapha-maguindanao-del-sur-o5910,"Mayor of Shariff Saydona Mustapha, Maguindanao Del Sur",executive,city,elected,MAGUINDANAO DEL SUR,SHARIFF SAYDONA MUSTAPHA,o5904
o5911,mayor-of-sultan-sa-barongis-maguindanao-del-sur-o5911,"Mayor of Sultan Sa Barongis, Maguindanao Del Sur",executive,city,elected,MAGUINDANAO DEL SUR,SULTAN SA BARONGIS,o5904
o5912,mayor-of-pandag-maguindanao-del-sur-o5912,"Mayor of Pandag, Maguindanao Del Sur",executive,city,elected,MAGUINDANAO DEL SUR,PANDAG,o5904
o5913,mayor-of-south-upi-maguindanao-del-sur-o5913,"Mayor of South Upi, Maguindanao Del Sur",executive,city,elected,MAGUINDANAO DEL SUR,SOUTH UPI,o5904
o5914,mayor-of-paglat-maguindanao-del-sur-o5914,"Mayor of Paglat, Maguindanao Del Sur",executive,city,elected,MAGUINDANAO DEL SUR,PAGLAT,o5904
o5915,mayor-of-pagalungan-maguindanao-del-sur-o5915,"Mayor of Pagalungan, Maguindanao Del Sur",executive,city,elected,MAGUINDANAO DEL SUR,PAGALUNGAN,o5904
o5916,mayor-of-buluan-maguindanao-del-sur-o5916,"Mayor of Buluan, Maguindanao Del Sur",executive,city,elected,MAGUINDANAO DEL SUR,BULUAN,o5904
o5917,mayor-of-datu-abdullah-sangki-maguindanao-del-sur-o5917,"Mayor of Datu Abdullah Sangki, Maguindanao Del Sur",executive,city,elected,MAGUINDANAO DEL SUR,DATU ABDULLAH SANGKI,o5904
o5918,mayor-of-mangudadatu-maguindanao-del-sur-o5918,"Mayor of Mangudadatu, Maguindanao Del Sur",executive,city,elected,MAGUINDANAO DEL SUR,MANGUDADATU,o5904
o5919,mayor-of-rajah-buayan-maguindanao-del-sur-o5919,"Mayor of Rajah Buayan, Maguindanao Del Sur",executive,city,elected,MAGUINDANAO DEL SUR,RAJAH BUAYAN,o5904
o5920,mayor-of-datu-anggal-midtimbang-maguindanao-del-sur-o5920,"Mayor of Datu Anggal Midtimbang, Maguindanao Del Sur",executive,city,elected,MAGUINDANAO DEL SUR,DATU ANGGAL MIDTIMBANG,o5904
o5921,mayor-of-guindulungan-maguindanao-del-sur-o5921,"Mayor of Guindulungan, Maguindanao Del Sur",executive,city,elected,MAGUINDANAO DEL SUR,GUINDULUNGAN,o5904
o5922,mayor-of-talayan-maguindanao-del-sur-o5922,"Mayor of Talayan, Maguindanao Del Sur",executive,city,elected,MAGUINDANAO DEL SUR,TALAYAN,o5904
o5923,mayor-of-pagagawan-maguindanao-del-sur-o5923,"Mayor of Pagagawan, Maguindanao Del Sur",executive,city,elected,MAGUINDANAO DEL SUR,PAGAGAWAN,o5904
o5924,mayor-of-datu-paglas-maguindanao-del-sur-o5924,"Mayor of Datu Paglas, Maguindanao Del Sur",executive,city,elected,MAGUINDANAO DEL SUR,DATU PAGLAS,o5904
o5925,mayor-of-datu-piang-maguindanao-del-sur-o5925,"Mayor of Datu Piang, Maguindanao Del Sur",executive,city,elected,MAGUINDANAO DEL SUR,DATU PIANG,o5904
o5926,mayor-of-ampatuan-maguindanao-del-sur-o5926,"Mayor of Ampatuan, Maguindanao Del Sur",executive,city,elected,MAGUINDANAO DEL SUR,AMPATUAN,o5904
o5927,mayor-of-datu-saudi-ampatuan-maguindanao-del-sur-o5927,"Mayor of Datu Saudi Ampatuan, Maguindanao Del Sur",executive,city,elected,MAGUINDANAO DEL SUR,DATU SAUDI AMPATUAN,o5904
o5928,representative-maguindanao-del-sur-o5928,"Representative, , Maguindanao Del Sur",legislative,national,elected,MAGUINDANAO DEL SUR,,
o5929,provincial-board-member-of-maguindanao-del-sur-o5929,Provincial Board Member of Maguindanao Del Sur,legislative,provincial,elected,MAGUINDANAO DEL SUR,,
o5930,vice-governor-of-maguindanao-del-sur-o5930,Vice Governor of Maguindanao Del Sur,executive,provincial,elected,MAGUINDANAO DEL SUR,,
o5931,vice-mayor-of-datu-saudi-ampatuan-maguindanao-del-sur-o5931,"Vice Mayor of Datu Saudi Ampatuan, Maguindanao Del Sur",executive,city,elected,MAGUINDANAO DEL SUR,DATU SAUDI AMPATUAN,o5904
o5932,vice-mayor-of-datu-hoffer-ampatuan-maguindanao-del-sur-o5932,"Vice Mayor of Datu Hoffer Ampatuan, Maguindanao Del Sur",executive,city,elected,MAGUINDANAO DEL SUR,DATU HOFFER AMPATUAN,o5904
o5933,vice-mayor-of-datu-unsay-maguindanao-del-sur-o5933,"Vice Mayor of Datu Unsay, Maguindanao Del Sur",executive,city,elected,MAGUINDANAO DEL SUR,DATU UNSAY,o5904
o5934,vice-mayor-of-mamasapano-maguindanao-del-sur-o5934,"Vice Mayor of Mamasapano, Maguindanao Del Sur",executive,city,elected,MAGUINDANAO DEL SUR,MAMASAPANO,o5904
o5935,vice-mayor-of-shariff-aguak-maguindanao-del-sur-o5935,"Vice Mayor of Shariff Aguak, Maguindanao Del Sur",executive,city,elected,MAGUINDANAO DEL SUR,SHARIFF AGUAK,o5904
o5936,vice-mayor-of-shariff-saydona-mustapha-maguindanao-del-sur-o5936,"Vice Mayor of Shariff Saydona Mustapha, Maguindanao Del Sur",executive,city,elected,MAGUINDANAO DEL SUR,SHARIFF SAYDONA MUSTAPHA,o5904
o5937,vice-mayor-of-sultan-sa-barongis-maguindanao-del-sur-o5937,"Vice Mayor of Sultan Sa Barongis, Maguindanao Del Sur",executive,city,elected,MAGUINDANAO DEL SUR,SULTAN SA BARONGIS,o5904
o5938,vice-mayor-of-paglat-maguindanao-del-sur-o5938,"Vice Mayor of Paglat, Maguindanao Del Sur",executive,city,elected,MAGUINDANAO DEL SUR,PAGLAT,o5904
o5939,vice-mayor-of-south-upi-maguindanao-del-sur-o5939,"Vice Mayor of South Upi, Maguindanao Del Sur",executive,city,elected,MAGUINDANAO DEL SUR,SOUTH UPI,o5904
o5940,vice-mayor-of-pandag-maguindanao-del-sur-o5940,"Vice Mayor of Pandag, Maguindanao Del Sur",executive,city,elected,MAGUINDANAO DEL SUR,PANDAG,o5904
o5941,vice-mayor-of-pagalungan-maguindanao-del-sur-o5941,"Vice Mayor of Pagalungan, Maguindanao Del Sur",executive,city,elected,MAGUINDANAO DEL SUR,PAGALUNGAN,o5904
o5942,vice-mayor-of-buluan-maguindanao-del-sur-o5942,"Vice Mayor of Buluan, Maguindanao Del Sur",executive,city,elected,MAGUINDANAO DEL SUR,BULUAN,o5904
o5943,vice-mayor-of-mangudadatu-maguindanao-del-sur-o5943,"Vice Mayor of Mangudadatu, Maguindanao Del Sur",executive,city,elected,MAGUINDANAO DEL SUR,MANGUDADATU,o5904
o5944,vice-mayor-of-gen-s-k-pendatun-maguindanao-del-sur-o5944,"Vice Mayor of Gen S K Pendatun, Maguindanao Del Sur",executive,city,elected,MAGUINDANAO DEL SUR,GEN S K PENDATUN,o5904
o5945,vice-mayor-of-datu-anggal-midtimbang-maguindanao-del-sur-o5945,"Vice Mayor of Datu Anggal Midtimbang, Maguindanao Del Sur",executive,city,elected,MAGUINDANAO DEL SUR,DATU ANGGAL MIDTIMBANG,o5904
o5946,vice-mayor-of-guindulungan-maguindanao-del-sur-o5946,"Vice Mayor of Guindulungan, Maguindanao Del Sur",executive,city,elected,MAGUINDANAO DEL SUR,GUINDULUNGAN,o5904
o5947,vice-mayor-of-talayan-maguindanao-del-sur-o5947,"Vice Mayor of Talayan, Maguindanao Del Sur",executive,city,elected,MAGUINDANAO DEL SUR,TALAYAN,o5904
o5948,vice-mayor-of-pagagawan-maguindanao-del-sur-o5948,"Vice Mayor of Pagagawan, Maguindanao Del Sur",executive,city,elected,MAGUINDANAO DEL SUR,PAGAGAWAN,o5904
o5949,vice-mayor-of-datu-paglas-maguindanao-del-sur-o5949,"Vice Mayor of Datu Paglas, Maguindanao Del Sur",executive,city,elected,MAGUINDANAO DEL SUR,DATU PAGLAS,o5904
o5950,vice-mayor-of-datu-piang-maguindanao-del-sur-o5950,"Vice Mayor of Datu Piang, Maguindanao Del Sur",executive,city,elected,MAGUINDANAO DEL SUR,DATU PIANG,o5904
o5951,vice-mayor-of-ampatuan-maguindanao-del-sur-o5951,"Vice Mayor of Ampatuan, Maguindanao Del Sur",executive,city,elected,MAGUINDANAO DEL SUR,AMPATUAN,o5904
o5952,vice-mayor-of-datu-abdullah-sangki-maguindanao-del-sur-o5952,"Vice Mayor of Datu Abdullah Sangki, Maguindanao Del Sur",executive,city,elected,MAGUINDANAO DEL SUR,DATU ABDULLAH SANGKI,o5904
o5953,vice-mayor-of-rajah-buayan-maguindanao-del-sur-o5953,"Vice Mayor of Rajah Buayan, Maguindanao Del Sur",executive,city,elected,MAGUINDANAO DEL SUR,RAJAH BUAYAN,o5904
o5954,councilor-of-pio-v-corpus-masbate-o5954,"Councilor of Pio V Corpus, Masbate",legislative,city,elected,MASBATE,PIO V CORPUS,o2940
o5955,mayor-of-pio-v-corpus-masbate-o5955,"Mayor of Pio V Corpus, Masbate",executive,city,elected,MASBATE,PIO V CORPUS,o2940
o5956,vice-mayor-of-pio-v-corpus-masbate-o5956,"Vice Mayor of Pio V Corpus, Masbate",executive,city,elected,MASBATE,PIO V CORPUS,o2940
o5957,councilor-of-sto-tomas-pampanga-o5957,"Councilor of Sto Tomas, Pampanga",legislative,city,elected,PAMPANGA,STO TOMAS,o3799
o5958,mayor-of-sto-tomas-pampanga-o5958,"Mayor of Sto Tomas, Pampanga",executive,city,elected,PAMPANGA,STO TOMAS,o3799
o5959,vice-mayor-of-sto-tomas-pampanga-o5959,"Vice Mayor of Sto Tomas, Pampanga",executive,city,elected,PAMPANGA,STO TOMAS,o3799
o5960,councilor-of-malidegao-special-geographic-area-o5960,"Councilor of Malidegao, Special Geographic Area",legislative,city,elected,SPECIAL GEOGRAPHIC AREA,MALIDEGAO,
o5961,councilor-of-nabalawag-special-geographic-area-o5961,"Councilor of Nabalawag, Special Geographic Area",legislative,city,elected,SPECIAL GEOGRAPHIC AREA,NABALAWAG,
o5962,councilor-of-tugunan-special-geographic-area-o5962,"Councilor of Tugunan, Special Geographic Area",legislative,city,elected,SPECIAL GEOGRAPHIC AREA,TUGUNAN,
o5963,councilor-of-pahamuddin-special-geographic-area-o5963,"Councilor of Pahamuddin, Special Geographic Area",legislative,city,elected,SPECIAL GEOGRAPHIC AREA,PAHAMUDDIN,
o5964,councilor-of-kadayangan-special-geographic-area-o5964,"Councilor of Kadayangan, Special Geographic Area",legislative,city,elected,SPECIAL GEOGRAPHIC AREA,KADAYANGAN,
o5965,councilor-of-kapalawan-special-geographic-area-o5965,"Councilor of Kapalawan, Special Geographic Area",legislative,city,elected,SPECIAL GEOGRAPHIC AREA,KAPALAWAN,
o5966,councilor-of-old-kaabakan-special-geographic-area-o5966,"Councilor of Old Kaabakan, Special Geographic Area",legislative,city,elected,SPECIAL GEOGRAPHIC AREA,OLD KAABAKAN,
o5967,councilor-of-ligawasan-special-geographic-area-o5967,"Councilor of Ligawasan, Special Geographic Area",legislative,city,elected,SPECIAL GEOGRAPHIC AREA,LIGAWASAN,
o5968,mayor-of-tugunan-special-geographic-area-o5968,"Mayor of Tugunan, Special Geographic Area",executive,city,elected,SPECIAL GEOGRAPHIC AREA,TUGUNAN,
o5969,mayor-of-pahamuddin-special-geographic-area-o5969,"Mayor of Pahamuddin, Special Geographic Area",executive,city,elected,SPECIAL GEOGRAPHIC AREA,PAHAMUDDIN,
o5970,mayor-of-old-kaabakan-special-geographic-area-o5970,"Mayor of Old Kaabakan, Special Geographic Area",executive,city,elected,SPECIAL GEOGRAPHIC AREA,OLD KAABAKAN,
o5971,mayor-of-kapalawan-special-geographic-area-o5971,"Mayor of Kapalawan, Special Geographic Area",executive,city,elected,SPECIAL GEOGRAPHIC AREA,KAPALAWAN,
o5972,mayor-of-ligawasan-special-geographic-area-o5972,"Mayor of Ligawasan, Special Geographic Area",executive,city,elected,SPECIAL GEOGRAPHIC AREA,LIGAWASAN,
o5973,mayor-of-kadayangan-special-geographic-area-o5973,"Mayor of Kadayangan, Special Geographic Area",executive,city,elected,SPECIAL GEOGRAPHIC AREA,KADAYANGAN,
o5974,mayor-of-malidegao-special-geographic-area-o5974,"Mayor of Malidegao, Special Geographic Area",executive,city,elected,SPECIAL GEOGRAPHIC AREA,MALIDEGAO,
o5975,mayor-of-nabalawag-special-geographic-area-o5975,"Mayor of Nabalawag, Special Geographic Area",executive,city,elected,SPECIAL GEOGRAPHIC AREA,NABALAWAG,
o5976,vice-mayor-of-ligawasan-special-geographic-area-o5976,"Vice Mayor of Ligawasan, Special Geographic Area",executive,city,elected,SPECIAL GEOGRAPHIC AREA,LIGAWASAN,
o5977,vice-mayor-of-tugunan-special-geographic-area-o5977,"Vice Mayor of Tugunan, Special Geographic Area",executive,city,elected,SPECIAL GEOGRAPHIC AREA,TUGUNAN,
o5978,vice-mayor-of-nabalawag-special-geographic-area-o5978,"Vice Mayor of Nabalawag, Special Geographic Area",executive,city,elected,SPECIAL GEOGRAPHIC AREA,NABALAWAG,
o5979,vice-mayor-of-old-kaabakan-special-geographic-area-o5979,"Vice Mayor of Old Kaabakan, Special Geographic Area",executive,city,elected,SPECIAL GEOGRAPHIC AREA,OLD KAABAKAN,
o5980,vice-mayor-of-kapalawan-special-geographic-area-o5980,"Vice Mayor of Kapalawan, Special Geographic Area",executive,city,elected,SPECIAL GEOGRAPHIC AREA,KAPALAWAN,
o5981,vice-mayor-of-malidegao-special-geographic-area-o5981,"Vice Mayor of Malidegao, Special Geographic Area",executive,city,elected,SPECIAL GEOGRAPHIC AREA,MALIDEGAO,
o5982,vice-mayor-of-kadayangan-special-geographic-area-o5982,"Vice Mayor of Kadayangan, Special Geographic Area",executive,city,elected,SPECIAL GEOGRAPHIC AREA,KADAYANGAN,
o5983,vice-mayor-of-pahamuddin-special-geographic-area-o5983,"Vice Mayor of Pahamuddin, Special Geographic Area",executive,city,elected,SPECIAL GEOGRAPHIC AREA,PAHAMUDDIN,
o5984,councilor-of-leon-t-postigo-zamboanga-del-norte-o5984,"Councilor of Leon T Postigo, Zamboanga Del Norte",legislative,city,elected,ZAMBOANGA DEL NORTE,LEON T POSTIGO,o4928
o5985,mayor-of-leon-t-postigo-zamboanga-del-norte-o5985,"Mayor of Leon T Postigo, Zamboanga Del Norte",executive,city,elected,ZAMBOANGA DEL NORTE,LEON T POSTIGO,o4928
o5986,vice-mayor-of-leon-t-postigo-zamboanga-del-norte-o5986,"Vice Mayor of Leon T Postigo, Zamboanga Del Norte",executive,city,elected,ZAMBOANGA DEL NORTE,LEON T POSTIGO,o4928
