{
"type": "FeatureCollection",
"name": "ph_provinces_raw",
"crs": { "type": "name", "properties": { "name": "urn:ogc:def:crs:OGC:1.3:CRS84" } },
"features": [
{ "type": "Feature", "properties": { "adm1_psgc": 100000000, "adm2_psgc": 102800000, "adm2_en": "Ilocos Norte", "geo_level": "Prov", "len_crs": 309785, "area_crs": 3276945154, "len_km": 309, "area_km2": 3276 }, "geometry": { "type": "Polygon", "coordinates": [ [ [ 120.571822325000085, 17.786033365000037 ], [ 120.602225506000096, 17.809284779000055 ], [ 120.690868688000023, 17.834579642000051 ], [ 120.713090887, 17.859955993000028 ], [ 120.728249147000042, 17.892507978000026 ], [ 120.783752282000037, 17.911236471000052 ], [ 120.826042623000049, 17.95475861500006 ], [ 120.850204681000051, 17.962860961000043 ], [ 120.894585572000082, 17.951472294000038 ], [ 120.920395602000099, 17.95626482200003 ], [ 120.946945971000105, 17.99709437600006 ], [ 120.9277503080001, 18.020743286000023 ], [ 120.935461889000067, 18.068995150000031 ], [ 120.928141304000079, 18.088193385000068 ], [ 120.97006946800002, 18.181863920000069 ], [ 120.926764055000049, 18.241938255000036 ], [ 120.916666361000011, 18.28456025600007 ], [ 120.948363266000115, 18.381693430000041 ], [ 120.947043607000083, 18.420625793000049 ], [ 120.96914518200002, 18.510116371000038 ], [ 120.976453677000123, 18.568958937000048 ], [ 120.928008736000038, 18.559397641000032 ], [ 120.897320071000081, 18.572443782000047 ], [ 120.868494049000091, 18.610745168000051 ], [ 120.852886536000028, 18.647526628000037 ], [ 120.784986907000061, 18.624524222000048 ], [ 120.777669794000076, 18.600878073000043 ], [ 120.787100346000102, 18.568201960000067 ], [ 120.761509444000026, 18.539564005000042 ], [ 120.725178077000024, 18.52894981400004 ], [ 120.669420116000097, 18.531711337000047 ], [ 120.624562509000043, 18.545707679000031 ], [ 120.563652801000103, 18.49142517700005 ], [ 120.593907019000085, 18.414015010000067 ], [ 120.599996565000083, 18.37675214800003 ], [ 120.597296454000116, 18.333825110000078 ], [ 120.548652671000013, 18.233600720000027 ], [ 120.523511405000022, 18.204803687000037 ], [ 120.512236279000035, 18.135350546000033 ], [ 120.470911026000067, 18.085979682000069 ], [ 120.478567739000013, 18.079020079000031 ], [ 120.480267780000062, 18.016806657000075 ], [ 120.497632234000079, 18.003474580000045 ], [ 120.476036973000078, 17.978723403000057 ], [ 120.461882618000118, 17.939657187000027 ], [ 120.429282575000116, 17.915602186000054 ], [ 120.443383792000077, 17.90272064800007 ], [ 120.480028292000057, 17.898077388000043 ], [ 120.528121091000102, 17.878524456000036 ], [ 120.540590080000015, 17.824333185000057 ], [ 120.571822325000085, 17.786033365000037 ] ] ] } },
{ "type": "Feature", "properties": { "adm1_psgc": 100000000, "adm2_psgc": 102900000, "adm2_en": "Ilocos Sur", "geo_level": "Prov", "len_crs": 452374, "area_crs": 2467458323, "len_km": 452, "area_km2": 2467 }, "geometry": { "type": "Polygon", "coordinates": [ [ [ 120.571822325000085, 17.786033365000037 ], [ 120.540590080000015, 17.824333185000057 ], [ 120.528121091000102, 17.878524456000036 ], [ 120.480028292000057, 17.898077388000043 ], [ 120.443383792000077, 17.90272064800007 ], [ 120.440053299000041, 17.867140905000042 ], [ 120.453110751000054, 17.819130408000035 ], [ 120.40263634400003, 17.794080668000053 ], [ 120.426069273000053, 17.774510965000047 ], [ 120.435232305000127, 17.731811538000045 ], [ 120.415776563, 17.708888619000049 ], [ 120.383208189000015, 17.692943489000072 ], [ 120.352819052000086, 17.635678444000064 ], [ 120.344376553000089, 17.577796981000063 ], [ 120.351843392000092, 17.548208770000027 ], [ 120.391591105000089, 17.516358779000033 ], [ 120.413573416000091, 17.516623544000026 ], [ 120.435945670000038, 17.478428354000069 ], [ 120.461275357000105, 17.407821604000048 ], [ 120.454568563000066, 17.361261598000048 ], [ 120.428398320000056, 17.316310178000041 ], [ 120.417079553, 17.253710443000045 ], [ 120.414278799000058, 17.204509846000064 ], [ 120.426302699000061, 17.168977199000039 ], [ 120.436257971000032, 17.083883638000028 ], [ 120.44818463300011, 17.043523636000032 ], [ 120.444812522, 16.974010931000063 ], [ 120.410797509000076, 16.920904919000066 ], [ 120.435773462000043, 16.900497252000033 ], [ 120.464260107000086, 16.914504663000056 ], [ 120.489993829000014, 16.905466285000049 ], [ 120.510724229000061, 16.918236059000037 ], [ 120.50695831400003, 16.846549994000043 ], [ 120.535200393000082, 16.816054985000047 ], [ 120.535140047000027, 16.787169211000048 ], [ 120.548908165000071, 16.767490429000077 ], [ 120.545443688000091, 16.728928588000027 ], [ 120.534782103000111, 16.720904921000056 ], [ 120.565064884000094, 16.669766382000034 ], [ 120.574522211000058, 16.671264867000041 ], [ 120.599036249000065, 16.738317935000055 ], [ 120.589617441000087, 16.747182695000053 ], [ 120.58601613200004, 16.836661373000027 ], [ 120.610183557000028, 16.840016965000075 ], [ 120.624535940000115, 16.877777002000073 ], [ 120.669563, 16.911981 ], [ 120.738568886000053, 16.915983209000046 ], [ 120.74751261300004, 16.926550587000058 ], [ 120.785273853000035, 16.921335007000039 ], [ 120.780091127000105, 17.016488273000046 ], [ 120.767612847000024, 17.066790583000053 ], [ 120.77482395200002, 17.108020993000022 ], [ 120.812355205000017, 17.155871674000025 ], [ 120.751333295000109, 17.155256325000039 ], [ 120.733682569000067, 17.167989204000037 ], [ 120.68144676200005, 17.18662150900008 ], [ 120.678400995000047, 17.256838869000031 ], [ 120.63616998800002, 17.275628543000032 ], [ 120.611949292000091, 17.302219217000076 ], [ 120.566759855000114, 17.307159984000059 ], [ 120.537813638000102, 17.356986044000053 ], [ 120.577860015000041, 17.430012811000037 ], [ 120.581659481000088, 17.471827468000072 ], [ 120.565490741000062, 17.50175551600006 ], [ 120.543336712000027, 17.492196233000076 ], [ 120.511593202000086, 17.498232664000049 ], [ 120.474415934000049, 17.484247811000042 ], [ 120.468167177000041, 17.514727060000041 ], [ 120.489645972000062, 17.553233664000061 ], [ 120.488095728000076, 17.584616799000059 ], [ 120.497818324000036, 17.625130266000042 ], [ 120.516385056000118, 17.649240339000077 ], [ 120.542743836000113, 17.735323652000037 ], [ 120.571822325000085, 17.786033365000037 ] ] ] } },
{ "type": "Feature", "properties": { "adm1_psgc": 100000000, "adm2_psgc": 103300000, "adm2_en": "La Union", "geo_level": "Prov", "len_crs": 262415, "area_crs": 1414080983, "len_km": 262, "area_km2": 1414 }, "geometry": { "type": "Polygon", "coordinates": [ [ [ 120.565064884000094, 16.669766382000034 ], [ 120.534782103000111, 16.720904921000056 ], [ 120.545443688000091, 16.728928588000027 ], [ 120.548908165000071, 16.767490429000077 ], [ 120.535140047000027, 16.787169211000048 ], [ 120.535200393000082, 16.816054985000047 ], [ 120.50695831400003, 16.846549994000043 ], [ 120.510724229000061, 16.918236059000037 ], [ 120.489993829000014, 16.905466285000049 ], [ 120.464260107000086, 16.914504663000056 ], [ 120.435773462000043, 16.900497252000033 ], [ 120.410797509000076, 16.920904919000066 ], [ 120.39798862300006, 16.879663127000075 ], [ 120.335288290000122, 16.836738984000021 ], [ 120.325195501000067, 16.799130766000072 ], [ 120.341192190000029, 16.735108901000046 ], [ 120.332500594000066, 16.671132731000053 ], [ 120.310539966000064, 16.64868405400005 ], [ 120.316417795, 16.629300101000073 ], [ 120.297328133000079, 16.604885739000053 ], [ 120.301205346000074, 16.581581564000036 ], [ 120.320805710000059, 16.568388156000022 ], [ 120.304263226000103, 16.505451922000077 ], [ 120.32744159500011, 16.478839367000035 ], [ 120.334714544000022, 16.431347991000049 ], [ 120.321216954000064, 16.38247930000006 ], [ 120.343610021000032, 16.345948905000053 ], [ 120.339720416000091, 16.307229315000036 ], [ 120.347900618000025, 16.28190458400007 ], [ 120.401330643000051, 16.249058478000048 ], [ 120.417262118000053, 16.204736093000061 ], [ 120.5066795030001, 16.206713226000034 ], [ 120.511823222000089, 16.232201327000041 ], [ 120.516699384000063, 16.249475371000077 ], [ 120.500829506000073, 16.293355268000028 ], [ 120.494724172, 16.347753779000076 ], [ 120.469037159000095, 16.379756875000052 ], [ 120.444614374000011, 16.38612987700003 ], [ 120.469969887000047, 16.424879316000037 ], [ 120.473114912000014, 16.472720889000069 ], [ 120.467346390000102, 16.502706239000076 ], [ 120.488090299000064, 16.540866315000073 ], [ 120.512631362000107, 16.550257849000044 ], [ 120.517856678000044, 16.594691728000043 ], [ 120.565064884000094, 16.669766382000034 ] ] ] } },
{ "type": "Feature", "properties": { "adm1_psgc": 100000000, "adm2_psgc": 105500000, "adm2_en": "Pangasinan", "geo_level": "Prov", "len_crs": 789136, "area_crs": 5161200257, "len_km": 789, "area_km2": 5161 }, "geometry": { "type": "MultiPolygon", "coordinates": [ [ [ [ 119.912167651000118, 16.393427350000021 ], [ 119.96124428600001, 16.369466953000028 ], [ 119.961272917000088, 16.398728659000032 ], [ 119.933683745000053, 16.42496817500006 ], [ 119.913975443000041, 16.422775155000068 ], [ 119.912167651000118, 16.393427350000021 ] ] ], [ [ [ 120.417262118000053, 16.204736093000061 ], [ 120.42313200600006, 16.162379255000072 ], [ 120.359485326000026, 16.093014466000053 ], [ 120.328086840000068, 16.069481077000034 ], [ 120.283930046000023, 16.050265633000038 ], [ 120.217527719000032, 16.03684232300003 ], [ 120.188235617000018, 16.048514834000059 ], [ 120.144001252000052, 16.038412460000075 ], [ 120.096169721000024, 16.069181764000067 ], [ 120.08852784300008, 16.108407232000047 ], [ 120.101863901000129, 16.13053090600005 ], [ 120.096098834000031, 16.156413629000046 ], [ 120.029066657000044, 16.190011248000079 ], [ 120.016507392000108, 16.170192591000049 ], [ 119.977052812, 16.228443819000063 ], [ 119.935566264000059, 16.23986463000006 ], [ 119.914075604000104, 16.26221283700005 ], [ 119.91421518900006, 16.300979208000054 ], [ 119.930207224000029, 16.361710845000065 ], [ 119.901411551000038, 16.392167997000058 ], [ 119.879971076000047, 16.390971771000064 ], [ 119.856460958000071, 16.368207323000036 ], [ 119.816682343000039, 16.360016235000046 ], [ 119.788776534000021, 16.332683557000053 ], [ 119.77371314200002, 16.280572957000057 ], [ 119.783548741000118, 16.238800767000043 ], [ 119.764407927000093, 16.210253697000038 ], [ 119.754905766000093, 16.171478125000014 ], [ 119.769135194000114, 16.165706982000074 ], [ 119.777995125000089, 16.12433034400004 ], [ 119.763603433000085, 16.112800072000027 ], [ 119.756764500000017, 16.054749174000051 ], [ 119.773560948000053, 16.021394630000032 ], [ 119.749720901000046, 15.965595011000058 ], [ 119.765014647000044, 15.926094047000051 ], [ 119.80454822, 15.922644882000045 ], [ 119.812113712000055, 15.955791413000036 ], [ 119.854668784000069, 15.962626218000025 ], [ 119.904872344000069, 15.865743826000029 ], [ 119.912794960000056, 15.835461123000073 ], [ 119.90178234300005, 15.807124243000034 ], [ 119.973497957000049, 15.804924678000074 ], [ 119.998901202000084, 15.819663963000044 ], [ 120.019617534000076, 15.872207125000045 ], [ 120.036416152000015, 15.874149902000056 ], [ 120.060628313000038, 15.843698523000057 ], [ 120.112660024000107, 15.82891142400007 ], [ 120.14429317400004, 15.82619759400006 ], [ 120.158453087000126, 15.771714149000047 ], [ 120.177776141000081, 15.735479338000058 ], [ 120.212451950000059, 15.687199554000074 ], [ 120.252856783000098, 15.617769571000052 ], [ 120.265393322000023, 15.639273167000056 ], [ 120.311162365000087, 15.644613677000052 ], [ 120.327861925000093, 15.680753150000044 ], [ 120.358392575000039, 15.711756747000043 ], [ 120.362276333000068, 15.735466716000072 ], [ 120.394262203000054, 15.755677791000036 ], [ 120.427682567000033, 15.753784435000057 ], [ 120.467594252000026, 15.722242866000038 ], [ 120.523677947000024, 15.75647107700007 ], [ 120.551037858000086, 15.763746918000043 ], [ 120.580368189000069, 15.829906405000029 ], [ 120.603630912000099, 15.860894016000035 ], [ 120.615063664000104, 15.815561238000045 ], [ 120.690939916000048, 15.831160646000058 ], [ 120.730892995000076, 15.851010298000066 ], [ 120.79019697800004, 15.827182218000072 ], [ 120.819057519000012, 15.793215701000065 ], [ 120.839224725, 15.831207415000049 ], [ 120.85593758500012, 15.836526259000037 ], [ 120.872612623, 15.868065273000072 ], [ 120.873864275000074, 15.896079757000056 ], [ 120.90151585000001, 15.912567670000042 ], [ 120.920529407000132, 15.966318216000047 ], [ 120.896110358000101, 16.042520563000043 ], [ 120.841508886000042, 16.168612326000076 ], [ 120.768913811000061, 16.198050425000076 ], [ 120.628418151, 16.18062420900003 ], [ 120.558021002000032, 16.218416174000026 ], [ 120.511823222000089, 16.232201327000041 ], [ 120.5066795030001, 16.206713226000034 ], [ 120.417262118000053, 16.204736093000061 ] ] ], [ [ [ 119.989685198000075, 16.350102118000049 ], [ 119.951412779000052, 16.332750439000051 ], [ 119.933435780000082, 16.295498688000066 ], [ 119.998558427000034, 16.223865776000025 ], [ 120.019386225000076, 16.250830228000041 ], [ 119.99926111, 16.281138708000064 ], [ 120.019827408000097, 16.311025045000061 ], [ 119.998166655000091, 16.323103896000077 ], [ 119.989685198000075, 16.350102118000049 ] ] ] ] } },
{ "type": "Feature", "properties": { "adm1_psgc": 1000000000, "adm2_psgc": 1001300000, "adm2_en": "Bukidnon", "geo_level": "Prov", "len_crs": 554303, "area_crs": 9362441276, "len_km": 554, "area_km2": 9362 }, "geometry": { "type": "Polygon", "coordinates": [ [ [ 125.171104216000103, 8.582282192000035 ], [ 125.091972703, 8.583274949000044 ], [ 125.031101514000071, 8.590509733000033 ], [ 125.025766831000041, 8.609349439000026 ], [ 124.9577568630001, 8.598802371000035 ], [ 124.909547968000098, 8.599141823000025 ], [ 124.870822594000074, 8.583962324000026 ], [ 124.845568485000058, 8.557733292000021 ], [ 124.847001976000115, 8.539345028000071 ], [ 124.832664616000102, 8.516467929000045 ], [ 124.794878426000082, 8.50679776100003 ], [ 124.784660566000071, 8.480697472000029 ], [ 124.802945775000026, 8.464117050000025 ], [ 124.77101278400005, 8.421980772000042 ], [ 124.626967498000113, 8.41809568000002 ], [ 124.61330911000006, 8.39789292100005 ], [ 124.600954352000045, 8.341523851000034 ], [ 124.604759927000032, 8.321158559000025 ], [ 124.585698141000094, 8.289942023000037 ], [ 124.582767490000037, 8.253760912000073 ], [ 124.571412430000024, 8.214811578000024 ], [ 124.56705519500008, 8.160145672000052 ], [ 124.55245870300007, 8.14427602300003 ], [ 124.498928754000076, 8.144089777000033 ], [ 124.525606730000035, 8.108390977000054 ], [ 124.547479004000039, 8.064921644000039 ], [ 124.548004086000091, 8.029671450000023 ], [ 124.564787645000038, 7.994089863000054 ], [ 124.562530662000086, 7.98184142100007 ], [ 124.601928662000091, 7.909914519000039 ], [ 124.618787169000043, 7.887981693000029 ], [ 124.631776698000067, 7.84637240400002 ], [ 124.663839028000098, 7.834204876000058 ], [ 124.688258856000076, 7.79036404900006 ], [ 124.704740136000055, 7.780107457000041 ], [ 124.711470500000033, 7.754228533000057 ], [ 124.731416485000068, 7.745150887000022 ], [ 124.728526941000055, 7.720516810000047 ], [ 124.743312589000098, 7.698349593000046 ], [ 124.763542258000044, 7.647100545000057 ], [ 124.805122581000091, 7.622628351000059 ], [ 124.818426554000084, 7.594076047000047 ], [ 124.826289019000129, 7.541656422000072 ], [ 124.800955693000105, 7.521530414000039 ], [ 124.807993108000105, 7.494697471000052 ], [ 124.840764303000014, 7.475050844000064 ], [ 124.839163923000115, 7.456086250000056 ], [ 124.894949140000094, 7.414777261000041 ], [ 124.92982309, 7.435701461000063 ], [ 124.943121281000117, 7.418386022000049 ], [ 124.972364166000034, 7.401719751000033 ], [ 125.029733959000055, 7.403611927000042 ], [ 125.053772432000073, 7.41197955900003 ], [ 125.06695334500013, 7.451181651000068 ], [ 125.124068944000115, 7.453959513000028 ], [ 125.155311066000081, 7.465819585000075 ], [ 125.164468666000062, 7.509299815000074 ], [ 125.230629989000036, 7.500939476000043 ], [ 125.263599833000072, 7.506819022000058 ], [ 125.265591911000115, 7.564791229000035 ], [ 125.325902658000018, 7.565047433000073 ], [ 125.324323674000084, 7.601914351000064 ], [ 125.309412617000035, 7.629251290000071 ], [ 125.335362921000055, 7.635943137000023 ], [ 125.353605496000114, 7.623267940000063 ], [ 125.424562486000013, 7.622786366000068 ], [ 125.42437487600013, 7.684201312000026 ], [ 125.440832031000014, 7.743106942000054 ], [ 125.432095216000121, 7.78720535900004 ], [ 125.416235338000092, 7.819379437000065 ], [ 125.420103630000085, 7.909866804000046 ], [ 125.415117667000118, 7.938313313000037 ], [ 125.386358658000063, 7.984359599000071 ], [ 125.375057438000127, 8.014980926000019 ], [ 125.379923092000027, 8.042899480000074 ], [ 125.405628000000107, 8.076177 ], [ 125.436945305000123, 8.085885669000051 ], [ 125.435157054000115, 8.109198058000061 ], [ 125.383809221000092, 8.179686150000066 ], [ 125.368278410000016, 8.18486486200004 ], [ 125.364715569000069, 8.217653674000076 ], [ 125.346783305000045, 8.232364682000021 ], [ 125.339877582000099, 8.284365215000038 ], [ 125.308692973, 8.311562027000036 ], [ 125.275080000000102, 8.354652 ], [ 125.275266955000021, 8.390871314000035 ], [ 125.283734333000112, 8.42253622800007 ], [ 125.266307, 8.438375 ], [ 125.247560969000119, 8.47806955300007 ], [ 125.252542721000069, 8.551628289000066 ], [ 125.260606138000071, 8.579006867000032 ], [ 125.171104216000103, 8.582282192000035 ] ] ] } },
{ "type": "Feature", "properties": { "adm1_psgc": 1000000000, "adm2_psgc": 1001800000, "adm2_en": "Camiguin", "geo_level": "Prov", "len_crs": 77319, "area_crs": 242553035, "len_km": 77, "area_km2": 242 }, "geometry": { "type": "Polygon", "coordinates": [ [ [ 124.69874835600001, 9.256861598000055 ], [ 124.669526298000051, 9.250776520000047 ], [ 124.635308276000046, 9.218181491000051 ], [ 124.633923422000066, 9.181202865000044 ], [ 124.643084519000027, 9.152681581000024 ], [ 124.674894043000094, 9.120553559000028 ], [ 124.718682641000086, 9.103684390000069 ], [ 124.744510655000127, 9.102719074000047 ], [ 124.767225494000058, 9.078773625000055 ], [ 124.806324704000076, 9.12231906000005 ], [ 124.778888935000055, 9.203107051000071 ], [ 124.730802778000111, 9.249153605000062 ], [ 124.69874835600001, 9.256861598000055 ] ] ] } },
{ "type": "Feature", "properties": { "adm1_psgc": 1000000000, "adm2_psgc": 1003500000, "adm2_en": "Lanao del Norte", "geo_level": "Prov", "len_crs": 458248, "area_crs": 2637532062, "len_km": 458, "area_km2": 2637 }, "geometry": { "type": "Polygon", "coordinates": [ [ [ 124.56705519500008, 8.160145672000052 ], [ 124.535697156000097, 8.160570492000033 ], [ 124.520112396000044, 8.172480796000059 ], [ 124.507033574000062, 8.239915808000035 ], [ 124.477457292000054, 8.304272188000027 ], [ 124.454730757000107, 8.320203159000071 ], [ 124.366373745000033, 8.314602319000073 ], [ 124.327931742000033, 8.327967434000069 ], [ 124.303433074000054, 8.311831809000067 ], [ 124.286435479000033, 8.330000745000062 ], [ 124.24745302700002, 8.332102494000024 ], [ 124.257366085000072, 8.28852634300006 ], [ 124.231743729000087, 8.219787770000041 ], [ 124.202211652000074, 8.210497205000024 ], [ 124.166376448000065, 8.186633762000042 ], [ 124.108428878000041, 8.187208928000073 ], [ 124.101461161000103, 8.192104517000073 ], [ 124.033426701000053, 8.198024198000041 ], [ 124.012775256000054, 8.19458664900003 ], [ 123.980761842000106, 8.173433867000028 ], [ 123.962253463000039, 8.171449817000051 ], [ 123.931484182000077, 8.153215319000026 ], [ 123.912018016000033, 8.123310021000067 ], [ 123.874294937000073, 8.105583493000042 ], [ 123.849117137, 8.111767395000072 ], [ 123.833992114, 8.084924242000055 ], [ 123.81560111500005, 8.079318967000061 ], [ 123.78099136600008, 8.043769813000038 ], [ 123.747228129000064, 7.997052645000051 ], [ 123.695724567000084, 7.979674270000032 ], [ 123.674823982000021, 7.953178672000035 ], [ 123.649851953000052, 7.959801629000025 ], [ 123.635033519000118, 7.932721924000022 ], [ 123.663546403000069, 7.922497570000077 ], [ 123.659285142000058, 7.877206733000037 ], [ 123.633659374000118, 7.868724675000066 ], [ 123.623377280000128, 7.84693984800003 ], [ 123.629744868000117, 7.825332760000038 ], [ 123.693033985000042, 7.812347868000074 ], [ 123.716399001000013, 7.793822040000063 ], [ 123.739806539000043, 7.761868972000059 ], [ 123.736307915000097, 7.733333275000062 ], [ 123.755342715000111, 7.735959880000054 ], [ 123.77589725100006, 7.714183635000039 ], [ 123.828605611000057, 7.696532008000078 ], [ 123.85993317800002, 7.714928050000026 ], [ 123.870272911000029, 7.738132882000057 ], [ 123.902944265000087, 7.729355503000024 ], [ 123.959323360000113, 7.724984796000059 ], [ 124.001624759000038, 7.742659211000047 ], [ 123.995513059000018, 7.785322082000049 ], [ 124.023908195000118, 7.828601493000061 ], [ 123.995730316000049, 7.838661307000053 ], [ 123.973689233000087, 7.874036868000074 ], [ 123.977421538000044, 7.892975554000032 ], [ 124.001883285000076, 7.912551852000035 ], [ 123.987841136000043, 7.935095518000024 ], [ 124.030819200000124, 7.952898652000045 ], [ 124.101634860000118, 7.96445142400006 ], [ 124.114329506000104, 7.985754760000019 ], [ 124.111350558000041, 8.021062870000035 ], [ 124.157622770000103, 8.033463527000038 ], [ 124.194124361000036, 8.021356720000028 ], [ 124.211952586000038, 8.048658225000056 ], [ 124.212340118000057, 8.067705201000024 ], [ 124.251379647000022, 8.066451624000024 ], [ 124.288426392000019, 8.056473836000064 ], [ 124.331817691000097, 8.073890680000034 ], [ 124.337708482000025, 8.102475303000061 ], [ 124.373477894000089, 8.127259307000029 ], [ 124.376571023000125, 8.158134573000043 ], [ 124.43501488000004, 8.128414759000064 ], [ 124.455546096000049, 8.132936867000071 ], [ 124.480268817000024, 8.162042287000075 ], [ 124.498928754000076, 8.144089777000033 ], [ 124.55245870300007, 8.14427602300003 ], [ 124.56705519500008, 8.160145672000052 ] ] ] } },
{ "type": "Feature", "properties": { "adm1_psgc": 1000000000, "adm2_psgc": 1004200000, "adm2_en": "Misamis Occidental", "geo_level": "Prov", "len_crs": 355134, "area_crs": 1869827112, "len_km": 355, "area_km2": 1869 }, "geometry": { "type": "Polygon", "coordinates": [ [ [ 123.634, 8.020568737000076 ], [ 123.660738178000088, 8.027847962000068 ], [ 123.692637461000118, 8.047725496000055 ], [ 123.721661074000053, 8.045442757000046 ], [ 123.757407756000021, 8.058852702000024 ], [ 123.78489137300005, 8.080543299000055 ], [ 123.838435376, 8.142206650000047 ], [ 123.868863336000118, 8.171613492000063 ], [ 123.860682678000089, 8.236519101000058 ], [ 123.84886626, 8.255254601000045 ], [ 123.84985969100002, 8.340594121000034 ], [ 123.84488904300008, 8.381623276000026 ], [ 123.834842916000071, 8.40527785200004 ], [ 123.836194271000068, 8.431295972000044 ], [ 123.815174187000039, 8.456119415000042 ], [ 123.817796651000094, 8.475291031000042 ], [ 123.781819308000081, 8.507300026000051 ], [ 123.783460787000095, 8.535465341000076 ], [ 123.743308853000016, 8.579970411000032 ], [ 123.712444137000034, 8.622072743000045 ], [ 123.686129320000092, 8.641408583000043 ], [ 123.651169120000077, 8.634960857000065 ], [ 123.62108446600007, 8.64838050000003 ], [ 123.611959034000066, 8.669205422000061 ], [ 123.580180977000055, 8.620813506000045 ], [ 123.57600543, 8.588836525000032 ], [ 123.556601127000022, 8.596665443000063 ], [ 123.556697669000073, 8.501533075000054 ], [ 123.559529753000106, 8.479864054000075 ], [ 123.561079680000034, 8.345355826000061 ], [ 123.566568308000114, 8.315118446000044 ], [ 123.55831622200003, 8.294802987000025 ], [ 123.558075469000087, 8.180193381000038 ], [ 123.562114887, 8.080917875000068 ], [ 123.561178912000059, 8.02504065200003 ], [ 123.601143351000019, 8.026000753000062 ], [ 123.616592955000101, 8.033723301000064 ], [ 123.634, 8.020568737000076 ] ] ] } },
{ "type": "Feature", "properties": { "adm1_psgc": 1000000000, "adm2_psgc": 1004300000, "adm2_en": "Misamis Oriental", "geo_level": "Prov", "len_crs": 608569, "area_crs": 3379113318, "len_km": 608, "area_km2": 3379 }, "geometry": { "type": "Polygon", "coordinates": [ [ [ 125.171104216000103, 8.582282192000035 ], [ 125.193385005000081, 8.619713694000041 ], [ 125.226447613000133, 8.646580223000054 ], [ 125.240179630000071, 8.668428995000054 ], [ 125.236213684000077, 8.784649849000061 ], [ 125.241096497000072, 8.840640068000027 ], [ 125.250924954000084, 8.873843862000058 ], [ 125.221400405000068, 8.921750022000028 ], [ 125.231222868000032, 8.944712414000037 ], [ 125.224444079000023, 8.96754260100005 ], [ 125.238139318000094, 8.987511528000027 ], [ 125.217677468000048, 9.030473781000071 ], [ 125.207724707000011, 9.093653081000067 ], [ 125.19003049100003, 9.082751125000074 ], [ 125.171512199000048, 9.011065247000035 ], [ 125.187190259000076, 8.950950840000077 ], [ 125.185272376000071, 8.896002586000064 ], [ 125.164706039000066, 8.857571328000063 ], [ 125.139869675000099, 8.841374854000033 ], [ 125.078369570000078, 8.828634423000038 ], [ 125.066246866000029, 8.85715848500007 ], [ 125.024432394000087, 8.90138330000002 ], [ 125.02419575700003, 8.919037900000035 ], [ 124.990408585000083, 8.930832249000048 ], [ 124.941495043000032, 8.969586464000031 ], [ 124.906432066000107, 8.981717815000023 ], [ 124.867467230000116, 9.007835158000034 ], [ 124.821860437000069, 9.005507119000072 ], [ 124.8015558190001, 8.997137901000031 ], [ 124.771889666000092, 8.965366043000074 ], [ 124.78925825500005, 8.881165839000063 ], [ 124.788223488000085, 8.81777744900006 ], [ 124.766482588000045, 8.776706213000066 ], [ 124.763853057, 8.758848570000056 ], [ 124.778401985000087, 8.731994030000065 ], [ 124.744803318000081, 8.705047719000049 ], [ 124.742531957000111, 8.650144054000066 ], [ 124.762196133000089, 8.642226882000044 ], [ 124.760223824000036, 8.61249224200003 ], [ 124.771537758000022, 8.59495872800005 ], [ 124.745693972000026, 8.564306477000059 ], [ 124.743351842000038, 8.494763295000041 ], [ 124.699604179000062, 8.472190669000042 ], [ 124.663620673000068, 8.48904077100002 ], [ 124.663208480000094, 8.506194964000032 ], [ 124.614371364000021, 8.520985807000045 ], [ 124.577665727000053, 8.519007008000074 ], [ 124.566485403000129, 8.540298479000056 ], [ 124.543497141000088, 8.540649056000063 ], [ 124.530022212000077, 8.558347559000028 ], [ 124.485808168000062, 8.58747267800004 ], [ 124.479220712000028, 8.617134157000066 ], [ 124.457209336000133, 8.624893131000022 ], [ 124.406544329000113, 8.597582178000041 ], [ 124.385219521000067, 8.592748829000069 ], [ 124.340347951000027, 8.551211414000022 ], [ 124.312257590000058, 8.536184357000021 ], [ 124.306209914000064, 8.504882266000036 ], [ 124.283706543000093, 8.462324231000023 ], [ 124.287806217000011, 8.421436948000066 ], [ 124.282871216000103, 8.396561614000063 ], [ 124.262201216000108, 8.377003195000043 ], [ 124.25723744600009, 8.339774497000064 ], [ 124.24745302700002, 8.332102494000024 ], [ 124.286435479000033, 8.330000745000062 ], [ 124.303433074000054, 8.311831809000067 ], [ 124.327931742000033, 8.327967434000069 ], [ 124.366373745000033, 8.314602319000073 ], [ 124.454730757000107, 8.320203159000071 ], [ 124.477457292000054, 8.304272188000027 ], [ 124.507033574000062, 8.239915808000035 ], [ 124.520112396000044, 8.172480796000059 ], [ 124.535697156000097, 8.160570492000033 ], [ 124.56705519500008, 8.160145672000052 ], [ 124.571412430000024, 8.214811578000024 ], [ 124.582767490000037, 8.253760912000073 ], [ 124.585698141000094, 8.289942023000037 ], [ 124.604759927000032, 8.321158559000025 ], [ 124.600954352000045, 8.341523851000034 ], [ 124.61330911000006, 8.39789292100005 ], [ 124.626967498000113, 8.41809568000002 ], [ 124.77101278400005, 8.421980772000042 ], [ 124.802945775000026, 8.464117050000025 ], [ 124.784660566000071, 8.480697472000029 ], [ 124.794878426000082, 8.50679776100003 ], [ 124.832664616000102, 8.516467929000045 ], [ 124.847001976000115, 8.539345028000071 ], [ 124.845568485000058, 8.557733292000021 ], [ 124.870822594000074, 8.583962324000026 ], [ 124.909547968000098, 8.599141823000025 ], [ 124.9577568630001, 8.598802371000035 ], [ 125.025766831000041, 8.609349439000026 ], [ 125.031101514000071, 8.590509733000033 ], [ 125.091972703, 8.583274949000044 ], [ 125.171104216000103, 8.582282192000035 ] ] ] } },
{ "type": "Feature", "properties": { "adm1_psgc": 1100000000, "adm2_psgc": 1102300000, "adm2_en": "Davao del Norte", "geo_level": "Prov", "len_crs": 539322, "area_crs": 3249633408, "len_km": 539, "area_km2": 3249 }, "geometry": { "type": "MultiPolygon", "coordinates": [ [ [ [ 125.661045035000029, 7.998152495000054 ], [ 125.379388925000072, 8.003247176000059 ], [ 125.415117667000118, 7.938313313000037 ], [ 125.420103630000085, 7.909866804000046 ], [ 125.415464488000126, 7.864332150000053 ], [ 125.416235338000092, 7.819379437000065 ], [ 125.432095216000121, 7.78720535900004 ], [ 125.432798443000024, 7.76078411700007 ], [ 125.440832031000014, 7.743106942000054 ], [ 125.438123690000111, 7.719951453000022 ], [ 125.42437487600013, 7.684201312000026 ], [ 125.424562486000013, 7.622786366000068 ], [ 125.353605496000114, 7.623267940000063 ], [ 125.335362921000055, 7.635943137000023 ], [ 125.309412617000035, 7.629251290000071 ], [ 125.324323674000084, 7.601914351000064 ], [ 125.325902658000018, 7.565047433000073 ], [ 125.5436054380001, 7.565447 ], [ 125.543806366, 7.425852213000042 ], [ 125.557737892000077, 7.412268592000032 ], [ 125.546337593000089, 7.392154386000072 ], [ 125.54158155000006, 7.362852275000023 ], [ 125.548512442000046, 7.345220359000052 ], [ 125.552266799000094, 7.242435550000036 ], [ 125.549174729000015, 7.220802462000051 ], [ 125.583139214000084, 7.223487898000031 ], [ 125.616493933000015, 7.239081308000038 ], [ 125.623197376, 7.264272240000025 ], [ 125.638015489000068, 7.266063572000062 ], [ 125.662845671000014, 7.281553946000027 ], [ 125.680453808000053, 7.262678134000055 ], [ 125.697021255000095, 7.293895333000023 ], [ 125.733729285000095, 7.310027279000054 ], [ 125.742459836000094, 7.324189626000019 ], [ 125.781304579000107, 7.341353128000036 ], [ 125.811509692000072, 7.365261306000036 ], [ 125.837788309000089, 7.363140017000034 ], [ 125.834221009000089, 7.393685671000071 ], [ 125.844317422000017, 7.407439726000061 ], [ 125.827854624000125, 7.430695592000062 ], [ 125.832956985000024, 7.46168665600004 ], [ 125.864294095000105, 7.481977247000032 ], [ 125.846674428000028, 7.521572582000033 ], [ 125.893060766000076, 7.532479626000053 ], [ 125.901538824000127, 7.594425029000034 ], [ 125.92995778500007, 7.596336785000059 ], [ 125.939152534000073, 7.647606342000074 ], [ 125.902952327000108, 7.692085229000041 ], [ 125.925297392000061, 7.723263263000035 ], [ 125.914806317000057, 7.739919523000027 ], [ 125.895584316000068, 7.745094677000053 ], [ 125.895879102000109, 7.762153200000057 ], [ 125.858762822000031, 7.742561555000067 ], [ 125.850301660000014, 7.744294797000066 ], [ 125.810195447000055, 7.681409558000042 ], [ 125.785096222000107, 7.69076671700003 ], [ 125.768377814000033, 7.727143002000047 ], [ 125.730184677000025, 7.757185805000062 ], [ 125.724081195000053, 7.814953669000033 ], [ 125.691329478000043, 7.834972973000049 ], [ 125.666757155000028, 7.841694446000075 ], [ 125.667085675000052, 7.873370888000066 ], [ 125.658279843000074, 7.964692333000071 ], [ 125.661045035000029, 7.998152495000054 ] ] ], [ [ [ 125.764985529000114, 6.892525891000046 ], [ 125.777118394000013, 6.921018007000043 ], [ 125.792586884000116, 6.936964027000045 ], [ 125.78654230800008, 6.993453024000074 ], [ 125.775605092000106, 7.033305506000032 ], [ 125.782690239000104, 7.085211944000034 ], [ 125.79789622600002, 7.114306319000036 ], [ 125.786366470000075, 7.138773157000058 ], [ 125.75768096000003, 7.165388940000072 ], [ 125.729567743000075, 7.171475907000058 ], [ 125.719350556000109, 7.194255590000069 ], [ 125.693133278000118, 7.183835284000055 ], [ 125.686639566000053, 7.136330145000046 ], [ 125.663503147000029, 7.107207183000071 ], [ 125.67231217800007, 7.070758029000044 ], [ 125.712508627000034, 7.069018008000057 ], [ 125.722192946000064, 7.042339422000055 ], [ 125.728210244000024, 6.978933307000034 ], [ 125.722762186000082, 6.964787366000051 ], [ 125.764985529000114, 6.892525891000046 ] ] ], [ [ [ 125.712441082000069, 6.897945551000022 ], [ 125.724590893000041, 6.922144847000027 ], [ 125.704449894000064, 6.959479605000069 ], [ 125.68182458, 6.961800441000037 ], [ 125.668618773000048, 6.949085142000058 ], [ 125.691640714000059, 6.903923960000043 ], [ 125.712441082000069, 6.897945551000022 ] ] ] ] } },
{ "type": "Feature", "properties": { "adm1_psgc": 1100000000, "adm2_psgc": 1102400000, "adm2_en": "Davao del Sur", "geo_level": "Prov", "len_crs": 536861, "area_crs": 4266229746, "len_km": 536, "area_km2": 4266 }, "geometry": { "type": "Polygon", "coordinates": [ [ [ 125.680453808000053, 7.262678134000055 ], [ 125.662845671000014, 7.281553946000027 ], [ 125.638015489000068, 7.266063572000062 ], [ 125.623197376, 7.264272240000025 ], [ 125.616493933000015, 7.239081308000038 ], [ 125.583139214000084, 7.223487898000031 ], [ 125.549174729000015, 7.220802462000051 ], [ 125.552266799000094, 7.242435550000036 ], [ 125.548512442000046, 7.345220359000052 ], [ 125.54158155000006, 7.362852275000023 ], [ 125.546337593000089, 7.392154386000072 ], [ 125.557737892000077, 7.412268592000032 ], [ 125.543806366, 7.425852213000042 ], [ 125.5436054380001, 7.565447 ], [ 125.325902658000018, 7.565047433000073 ], [ 125.265591911000115, 7.564791229000035 ], [ 125.263599833000072, 7.506819022000058 ], [ 125.230629989000036, 7.500939476000043 ], [ 125.232504449000103, 7.428194494000024 ], [ 125.275665770000046, 7.374365237000062 ], [ 125.231202926000037, 7.356423014000031 ], [ 125.236824358000035, 7.319785068000046 ], [ 125.255211141, 7.259347723000076 ], [ 125.228871539000011, 7.227272042000038 ], [ 125.223471842000109, 7.210867900000039 ], [ 125.228769365000062, 7.175858360000063 ], [ 125.258404567000071, 7.147365287000071 ], [ 125.291630369000018, 7.105673260000061 ], [ 125.286472337000092, 7.091330333000029 ], [ 125.291767107000055, 7.03411257700003 ], [ 125.259220569000021, 7.029416808000065 ], [ 125.226935218000122, 6.952875224000024 ], [ 125.212976141, 6.936672724000061 ], [ 125.199374398000018, 6.904489128000022 ], [ 125.164941046000081, 6.881363633000035 ], [ 125.151111111000105, 6.853430975000037 ], [ 125.127447973000031, 6.857832247000032 ], [ 125.090934578000102, 6.83716444600003 ], [ 125.073800702000085, 6.805397108000022 ], [ 125.084947223000086, 6.793714665000038 ], [ 125.051656137000023, 6.766668955000056 ], [ 125.070533546000092, 6.738922535000029 ], [ 125.046790032000104, 6.668458753000038 ], [ 125.062055131000093, 6.662469097000042 ], [ 125.065396274000022, 6.613306554000077 ], [ 125.091804062000037, 6.567451061000043 ], [ 125.12126067600002, 6.547711038000045 ], [ 125.140434746000111, 6.520380430000044 ], [ 125.11874252500003, 6.501291276000075 ], [ 125.097994522000022, 6.498286680000035 ], [ 125.108269682000014, 6.451471095000045 ], [ 125.107700721000015, 6.43610916700004 ], [ 125.133019455000053, 6.431130764000045 ], [ 125.200546836000072, 6.461880608000056 ], [ 125.221264803000068, 6.465624483000056 ], [ 125.224634061000089, 6.451609531000031 ], [ 125.248674059000123, 6.434868996000035 ], [ 125.279513137000109, 6.45456173100007 ], [ 125.306912623000017, 6.454622409000024 ], [ 125.312480194000045, 6.477874523000026 ], [ 125.340458333000029, 6.49375 ], [ 125.345605520000049, 6.523879788000044 ], [ 125.364833333000092, 6.524861111000063 ], [ 125.393206071000023, 6.503467441000057 ], [ 125.405813665000082, 6.480592692000072 ], [ 125.434663347000097, 6.511950780000064 ], [ 125.419694444000015, 6.518777778000072 ], [ 125.421934809000064, 6.536709744000063 ], [ 125.453361111000049, 6.548694444000033 ], [ 125.440891688000079, 6.578166558000019 ], [ 125.412271936000025, 6.598595941000042 ], [ 125.387506009000049, 6.605690275000029 ], [ 125.381515457000077, 6.651226914000063 ], [ 125.383735818000119, 6.678842401000053 ], [ 125.372766433000038, 6.724317836000067 ], [ 125.390946637000084, 6.756689004000064 ], [ 125.390767478000029, 6.802989452000078 ], [ 125.419341510000081, 6.833297333000075 ], [ 125.418428556000094, 6.846591540000078 ], [ 125.439472447000071, 6.86730815900006 ], [ 125.451934172000037, 6.870429259000047 ], [ 125.455631669000013, 6.894710296000027 ], [ 125.484284466000091, 6.911791173000038 ], [ 125.490273461000015, 6.934586987000046 ], [ 125.483826659000115, 6.964834743000041 ], [ 125.489042283000117, 6.984360566000021 ], [ 125.536343695000028, 7.039341186000057 ], [ 125.558779408000092, 7.046239184000057 ], [ 125.579899497000042, 7.040490185000067 ], [ 125.607524609000052, 7.045080675000065 ], [ 125.626583340000025, 7.081537714000033 ], [ 125.650024476000127, 7.097458451000023 ], [ 125.662941217000025, 7.121591885000043 ], [ 125.662536061000083, 7.154801451000025 ], [ 125.646514100000104, 7.212164260000065 ], [ 125.64773308000008, 7.237239483000055 ], [ 125.680453808000053, 7.262678134000055 ] ] ] } },
{ "type": "Feature", "properties": { "adm1_psgc": 1100000000, "adm2_psgc": 1102500000, "adm2_en": "Davao Oriental", "geo_level": "Prov", "len_crs": 798352, "area_crs": 5001466871, "len_km": 798, "area_km2": 5001 }, "geometry": { "type": "Polygon", "coordinates": [ [ [ 125.944160252000074, 7.074209494000057 ], [ 125.947300056000017, 7.057712949000063 ], [ 125.981869208000049, 7.029746305000058 ], [ 125.988566737000042, 7.001279776000048 ], [ 125.972405277, 6.950752799000041 ], [ 125.977004975000114, 6.927888108000047 ], [ 125.997315518000065, 6.899009205000026 ], [ 126.023658920000102, 6.874838374000034 ], [ 126.058344085000058, 6.865787070000067 ], [ 126.077941653000039, 6.851106154000035 ], [ 126.077188812000031, 6.830345021000029 ], [ 126.085836646000089, 6.804613563000034 ], [ 126.079337045000116, 6.751908714000023 ], [ 126.097505831000035, 6.737817301000063 ], [ 126.069343397000011, 6.650251584000045 ], [ 126.087679396000098, 6.590970937000066 ], [ 126.089801671000046, 6.555457553000053 ], [ 126.083681595000016, 6.531449433000033 ], [ 126.101075331000061, 6.48329439100007 ], [ 126.117280332000064, 6.457279799000047 ], [ 126.150645359000023, 6.419124764000061 ], [ 126.141033293000078, 6.388855590000047 ], [ 126.160406737000031, 6.371421561000033 ], [ 126.188610704000098, 6.333341176000033 ], [ 126.199507759000085, 6.338505962000055 ], [ 126.199429837000025, 6.39650066200005 ], [ 126.212753214000045, 6.425550161000047 ], [ 126.225718539000027, 6.43626030200005 ], [ 126.215016229000057, 6.465685872000051 ], [ 126.212642607000035, 6.513795 ], [ 126.22888808200004, 6.53096305500003 ], [ 126.228965581000011, 6.572348308000074 ], [ 126.220316767000114, 6.633980877000056 ], [ 126.229543281000034, 6.670272906000037 ], [ 126.246906643000102, 6.707280043000026 ], [ 126.259277036000057, 6.756330677000052 ], [ 126.21159198600003, 6.813486022000063 ], [ 126.185749031000128, 6.848331759000075 ], [ 126.167712378000047, 6.886854116000054 ], [ 126.186029434000034, 6.913437614000031 ], [ 126.186603081000044, 6.938958797000055 ], [ 126.210451535000075, 6.953778710000051 ], [ 126.239898346000018, 6.938060834000055 ], [ 126.269936574000113, 6.91116792300005 ], [ 126.277847704000024, 6.883718679000026 ], [ 126.30100434900011, 6.862788090000036 ], [ 126.288098978000093, 6.822156808000044 ], [ 126.301387531000032, 6.806892362000042 ], [ 126.33845791400006, 6.798632217000033 ], [ 126.352314604000071, 6.807147201000022 ], [ 126.345071579000091, 6.822898883000051 ], [ 126.346572695000091, 6.854129308000039 ], [ 126.323536779000051, 6.880647128000022 ], [ 126.290172709000117, 6.904024326000068 ], [ 126.282811706000061, 6.929769794000036 ], [ 126.307371037000053, 6.939542729000038 ], [ 126.31390373100011, 6.97304640300007 ], [ 126.336604817000079, 7.004884472000072 ], [ 126.365773116000028, 6.99245402200006 ], [ 126.3957120110001, 6.991226700000027 ], [ 126.446169716000099, 7.01532088600004 ], [ 126.455177787000025, 7.060106697000039 ], [ 126.46949852000013, 7.06897340200004 ], [ 126.484163992000063, 7.114489955000066 ], [ 126.516656417000036, 7.125736692000033 ], [ 126.533865384000023, 7.206263027000035 ], [ 126.562743661000013, 7.211265379000054 ], [ 126.564433653000052, 7.233821045000069 ], [ 126.580689326000083, 7.245519928000019 ], [ 126.598774455000026, 7.270336419000045 ], [ 126.595816261000095, 7.295391891000065 ], [ 126.566616098000054, 7.287531385000023 ], [ 126.551439292000069, 7.314989901000047 ], [ 126.568971378000015, 7.326725988000022 ], [ 126.554351831000076, 7.348944388000064 ], [ 126.556496182000046, 7.399984193000024 ], [ 126.548140168000046, 7.423811857000035 ], [ 126.557638547, 7.446586709000033 ], [ 126.59472396700005, 7.448869468000056 ], [ 126.598498134, 7.507820792000075 ], [ 126.584138240000016, 7.550743822000072 ], [ 126.559552804000077, 7.577617847000056 ], [ 126.565373937000132, 7.617633230000022 ], [ 126.553071126000091, 7.638233220000077 ], [ 126.551178965000076, 7.69375517800006 ], [ 126.557676983000079, 7.718362968000066 ], [ 126.532322045000129, 7.74035260200003 ], [ 126.507177457000012, 7.735846406000065 ], [ 126.488523790000045, 7.749952541000026 ], [ 126.446674384000076, 7.80928870400004 ], [ 126.425849411000044, 7.809918707000065 ], [ 126.414445235, 7.827408155000058 ], [ 126.384238249000063, 7.828845454000029 ], [ 126.374340407000105, 7.854289967000056 ], [ 126.381791496000133, 7.868069730000061 ], [ 126.359318634000047, 7.886346029000036 ], [ 126.360291464000056, 7.909931760000063 ], [ 126.351246411000048, 7.933008011000028 ], [ 126.351580643000034, 8.002065937000051 ], [ 126.227790551000112, 8.000190630000077 ], [ 126.207663449000052, 7.985745608000057 ], [ 126.157820971000078, 7.990592368000023 ], [ 126.147602074000034, 7.971480866000034 ], [ 126.182864656000106, 7.873750924000033 ], [ 126.206450350000068, 7.799788283000054 ], [ 126.230695005000015, 7.754527685000027 ], [ 126.305359113000023, 7.605415887000051 ], [ 126.257838608000029, 7.612799884000027 ], [ 126.28056005700013, 7.521076920000042 ], [ 126.280901195000069, 7.502053981000073 ], [ 126.292209993000029, 7.447326987000054 ], [ 126.29403068900001, 7.351496064000058 ], [ 126.297571438000077, 7.272718882000049 ], [ 126.297837191000099, 7.192100851000021 ], [ 126.279610011000059, 7.216951832000062 ], [ 126.206550000000107, 7.22558 ], [ 126.094070000000102, 7.164266 ], [ 126.059493000000103, 7.148784 ], [ 125.960878266, 7.09757462300007 ], [ 125.944160252000074, 7.074209494000057 ] ] ] } },
{ "type": "Feature", "properties": { "adm1_psgc": 1100000000, "adm2_psgc": 1108200000, "adm2_en": "Davao de Oro", "geo_level": "Prov", "len_crs": 448972, "area_crs": 4360033862, "len_km": 448, "area_km2": 4360 }, "geometry": { "type": "Polygon", "coordinates": [ [ [ 126.157820971000078, 7.990592368000023 ], [ 126.14326147700001, 7.994951053000022 ], [ 126.112691201000089, 7.982457178000059 ], [ 126.072924360000115, 7.957943758000056 ], [ 126.044896981000079, 7.932641297000036 ], [ 126.033296980000046, 7.931941297000035 ], [ 126.00489698100013, 7.947741297000049 ], [ 125.985096980000094, 7.977341296000077 ], [ 125.980042010000034, 7.998677944000063 ], [ 125.911491, 7.999984 ], [ 125.917522309000105, 7.964770265000026 ], [ 125.900866082000121, 7.930862946000047 ], [ 125.876238660000027, 7.936216733000037 ], [ 125.851492266000051, 7.96714972600006 ], [ 125.805687642000052, 7.970124052000074 ], [ 125.785581196000081, 7.948708904000059 ], [ 125.775587460000111, 7.95192117500005 ], [ 125.752289110000106, 7.983229664000022 ], [ 125.752540041000074, 7.99848044400005 ], [ 125.661045035000029, 7.998152495000054 ], [ 125.658279843000074, 7.964692333000071 ], [ 125.667085675000052, 7.873370888000066 ], [ 125.666757155000028, 7.841694446000075 ], [ 125.691329478000043, 7.834972973000049 ], [ 125.724081195000053, 7.814953669000033 ], [ 125.730184677000025, 7.757185805000062 ], [ 125.768377814000033, 7.727143002000047 ], [ 125.785096222000107, 7.69076671700003 ], [ 125.810195447000055, 7.681409558000042 ], [ 125.850301660000014, 7.744294797000066 ], [ 125.858762822000031, 7.742561555000067 ], [ 125.895879102000109, 7.762153200000057 ], [ 125.895584316000068, 7.745094677000053 ], [ 125.914806317000057, 7.739919523000027 ], [ 125.925297392000061, 7.723263263000035 ], [ 125.902952327000108, 7.692085229000041 ], [ 125.939152534000073, 7.647606342000074 ], [ 125.92995778500007, 7.596336785000059 ], [ 125.901538824000127, 7.594425029000034 ], [ 125.893060766000076, 7.532479626000053 ], [ 125.846674428000028, 7.521572582000033 ], [ 125.864294095000105, 7.481977247000032 ], [ 125.832956985000024, 7.46168665600004 ], [ 125.827854624000125, 7.430695592000062 ], [ 125.844317422000017, 7.407439726000061 ], [ 125.834221009000089, 7.393685671000071 ], [ 125.837788309000089, 7.363140017000034 ], [ 125.851587683000048, 7.361243749000039 ], [ 125.855828415000019, 7.342198617000064 ], [ 125.84576017400002, 7.321029299000029 ], [ 125.847737313000039, 7.291566374000068 ], [ 125.840528442000036, 7.28637475000005 ], [ 125.837782662000109, 7.25455086900007 ], [ 125.852106596000112, 7.229130933000022 ], [ 125.87308573100006, 7.204925561000041 ], [ 125.873722647000022, 7.182719443000053 ], [ 125.892658237000077, 7.165371565000043 ], [ 125.883885848000105, 7.126444627000069 ], [ 125.912773494000021, 7.090637616000038 ], [ 125.944160252000074, 7.074209494000057 ], [ 125.960878266, 7.09757462300007 ], [ 126.059493000000103, 7.148784 ], [ 126.094070000000102, 7.164266 ], [ 126.206550000000107, 7.22558 ], [ 126.279610011000059, 7.216951832000062 ], [ 126.297837191000099, 7.192100851000021 ], [ 126.297571438000077, 7.272718882000049 ], [ 126.29403068900001, 7.351496064000058 ], [ 126.292209993000029, 7.447326987000054 ], [ 126.280901195000069, 7.502053981000073 ], [ 126.28056005700013, 7.521076920000042 ], [ 126.257838608000029, 7.612799884000027 ], [ 126.305359113000023, 7.605415887000051 ], [ 126.230695005000015, 7.754527685000027 ], [ 126.206450350000068, 7.799788283000054 ], [ 126.182864656000106, 7.873750924000033 ], [ 126.147602074000034, 7.971480866000034 ], [ 126.157820971000078, 7.990592368000023 ] ] ] } },
{ "type": "Feature", "properties": { "adm1_psgc": 1100000000, "adm2_psgc": 1108600000, "adm2_en": "Davao Occidental", "geo_level": "Prov", "len_crs": 484381, "area_crs": 1962772649, "len_km": 484, "area_km2": 1962 }, "geometry": { "type": "MultiPolygon", "coordinates": [ [ [ [ 125.405813665000082, 6.480592692000072 ], [ 125.401462796000033, 6.476566932000027 ], [ 125.403501413000072, 6.418259113000034 ], [ 125.42445568800008, 6.370407413000066 ], [ 125.425451144000036, 6.32412265100004 ], [ 125.449813947000067, 6.321552420000047 ], [ 125.47366583400003, 6.295944447000067 ], [ 125.478834178000056, 6.275251228000058 ], [ 125.50458349500002, 6.229850343000067 ], [ 125.502839648000091, 6.208429661000025 ], [ 125.507150024000111, 6.149780337000037 ], [ 125.521676346000035, 6.117176565000022 ], [ 125.533089710000013, 6.107229305000032 ], [ 125.538566383000116, 6.070512974000053 ], [ 125.503641584000093, 5.995895405000056 ], [ 125.494635327000097, 5.938296137000066 ], [ 125.48104653300004, 5.908264889000064 ], [ 125.487095084000103, 5.878431175000058 ], [ 125.483153307000066, 5.837673675000077 ], [ 125.466871545000132, 5.816125970000031 ], [ 125.458624362000037, 5.784236301000021 ], [ 125.427155605000053, 5.726884627000061 ], [ 125.397014506000133, 5.679604112000049 ], [ 125.394188358000065, 5.649428832000068 ], [ 125.35610449100011, 5.61690528500003 ], [ 125.331775636000089, 5.606713653000043 ], [ 125.322722466000073, 5.571626573000059 ], [ 125.332814588000033, 5.555971246000068 ], [ 125.352198302000033, 5.567698441000059 ], [ 125.375728977000108, 5.558642001000067 ], [ 125.410853342000109, 5.572679852000021 ], [ 125.431001490000099, 5.610886056000028 ], [ 125.474152598000046, 5.667702097000074 ], [ 125.484021846000019, 5.695694415000047 ], [ 125.498752721000074, 5.716142570000043 ], [ 125.512896086000069, 5.748675381000054 ], [ 125.521351213000116, 5.752588500000059 ], [ 125.547261014000028, 5.790722785000072 ], [ 125.564365834000128, 5.802915965000068 ], [ 125.569336917000086, 5.817814376000059 ], [ 125.598498181000082, 5.845991628000035 ], [ 125.602363697000115, 5.860074638000071 ], [ 125.623373012000101, 5.871269813000026 ], [ 125.634670763000045, 5.897902617000056 ], [ 125.660781365000048, 5.920500364000021 ], [ 125.665559980000012, 5.949469932000055 ], [ 125.685532951000027, 5.97181318400004 ], [ 125.701689656000099, 6.024004225000055 ], [ 125.700504703000092, 6.067985257000031 ], [ 125.714111827000011, 6.098545865000061 ], [ 125.704392702000078, 6.119370658000038 ], [ 125.711371631000034, 6.159463659000039 ], [ 125.698310474000095, 6.220228052000037 ], [ 125.684912166000117, 6.25237142900005 ], [ 125.655585119000094, 6.297396827000056 ], [ 125.653271897000081, 6.323578428000075 ], [ 125.639423915000066, 6.360645023000074 ], [ 125.619257313000048, 6.388425571000028 ], [ 125.620104421000079, 6.404829689000052 ], [ 125.59848698800009, 6.431701910000071 ], [ 125.58277645200009, 6.438834792000021 ], [ 125.5892808320001, 6.488884520000056 ], [ 125.565174878000107, 6.502603265000061 ], [ 125.567185602000109, 6.530091382000022 ], [ 125.553336047000016, 6.533526847000076 ], [ 125.521325418000075, 6.520707870000023 ], [ 125.51030212700006, 6.555137063000075 ], [ 125.481394912000027, 6.572665507000067 ], [ 125.470971099000067, 6.592117026000039 ], [ 125.449159064000028, 6.593265336000059 ], [ 125.440891688000079, 6.578166558000019 ], [ 125.453361111000049, 6.548694444000033 ], [ 125.421934809000064, 6.536709744000063 ], [ 125.419694444000015, 6.518777778000072 ], [ 125.434663347000097, 6.511950780000064 ], [ 125.405813665000082, 6.480592692000072 ] ] ], [ [ [ 125.459722540000016, 5.43782902700002 ], [ 125.478605482000049, 5.393207528000064 ], [ 125.493057039000064, 5.42318787100004 ], [ 125.499343879000108, 5.468342243000053 ], [ 125.496153911000079, 5.482319788000041 ], [ 125.47828934100005, 5.495731012000022 ], [ 125.455643357000099, 5.463905495000063 ], [ 125.459722540000016, 5.43782902700002 ] ] ], [ [ [ 125.332963026000016, 5.386859765000053 ], [ 125.349276701, 5.372178289000033 ], [ 125.373783527000114, 5.366800480000051 ], [ 125.40274504500006, 5.374645878000023 ], [ 125.426101507000126, 5.374336642000059 ], [ 125.421079415, 5.403002686000035 ], [ 125.429540455000051, 5.419596745000035 ], [ 125.392637322000056, 5.436203615000067 ], [ 125.36954804100003, 5.429019107000045 ], [ 125.332963026000016, 5.386859765000053 ] ] ] ] } },
{ "type": "Feature", "properties": { "adm1_psgc": 1200000000, "adm2_psgc": 1204700000, "adm2_en": "Cotabato", "geo_level": "Prov", "len_crs": 767279, "area_crs": 5318333358, "len_km": 767, "area_km2": 5318 }, "geometry": { "type": "Polygon", "coordinates": [ [ [ 125.052189856000041, 6.771758358000057 ], [ 125.090934578000102, 6.83716444600003 ], [ 125.199374398000018, 6.904489128000022 ], [ 125.291630369000018, 7.105673260000061 ], [ 125.228769365000062, 7.175858360000063 ], [ 125.255211141, 7.259347723000076 ], [ 125.231202926000037, 7.356423014000031 ], [ 125.22941389100005, 7.491877260000024 ], [ 125.06695334500013, 7.451181651000068 ], [ 125.053772432000073, 7.41197955900003 ], [ 124.894949140000094, 7.414777261000041 ], [ 124.839163923000115, 7.456086250000056 ], [ 124.790894640000033, 7.542728348000025 ], [ 124.740292192000098, 7.591068371000062 ], [ 124.59036584400009, 7.609324928000033 ], [ 124.528049197000087, 7.638289207000071 ], [ 124.485289102000024, 7.438605069000062 ], [ 124.447598526000093, 7.365182608000055 ], [ 124.396020075000038, 7.355388001000049 ], [ 124.366263437000057, 7.235560970000052 ], [ 124.467567777000113, 7.228463736000037 ], [ 124.482092568000084, 7.150595595000027 ], [ 124.537743778000049, 7.088158932000056 ], [ 124.664567389, 7.062823792000074 ], [ 124.667561011000089, 7.235391182000058 ], [ 124.784454465000067, 7.202298681000056 ], [ 124.825211978000098, 7.062747508000031 ], [ 124.823832639000116, 6.949087778000034 ], [ 124.80548632600005, 6.841646872000068 ], [ 124.822496126000033, 6.794133661000046 ], [ 124.952685495000082, 6.784597325000049 ], [ 125.007743394000059, 6.734105528000044 ], [ 125.052189856000041, 6.771758358000057 ] ], [ [ 124.884412614000112, 7.311216527000054 ], [ 124.848628157, 7.147523283000055 ], [ 124.813009140000091, 7.150770839000073 ], [ 124.840271798000131, 7.270744900000069 ], [ 124.884412614000112, 7.311216527000054 ] ] ] } },
{ "type": "Feature", "properties": { "adm1_psgc": 1200000000, "adm2_psgc": 1206300000, "adm2_en": "South Cotabato", "geo_level": "Prov", "len_crs": 399409, "area_crs": 4120449292, "len_km": 399, "area_km2": 4120 }, "geometry": { "type": "Polygon", "coordinates": [ [ [ 125.105531018000079, 6.553659048000043 ], [ 125.002097305, 6.534317616000066 ], [ 124.916296198000069, 6.577296666000053 ], [ 124.841020724000032, 6.539709844000073 ], [ 124.769870001000058, 6.591636409000045 ], [ 124.613926954000036, 6.558790609000027 ], [ 124.6331832300001, 6.399346561000072 ], [ 124.577052434000052, 6.356716961000075 ], [ 124.532811715000108, 6.388598426000044 ], [ 124.40700939500006, 6.350098604000038 ], [ 124.40645356900005, 6.207580064000069 ], [ 124.472213337000085, 6.185371538000026 ], [ 124.687744359, 6.080597101000023 ], [ 124.846072985000092, 6.013338533000023 ], [ 125.006033332000015, 6.01072849600007 ], [ 125.05591612, 5.96162328400004 ], [ 125.103928749000033, 5.955319112000039 ], [ 125.170109442, 6.10629712900004 ], [ 125.236954304000051, 6.095554413000058 ], [ 125.246661739000047, 6.263597311000069 ], [ 125.164723060000014, 6.339224147000039 ], [ 125.076209065000057, 6.359238639000068 ], [ 125.113038746000029, 6.435048629000049 ], [ 125.105531018000079, 6.553659048000043 ] ] ] } },
{ "type": "Feature", "properties": { "adm1_psgc": 1200000000, "adm2_psgc": 1206500000, "adm2_en": "Sultan Kudarat", "geo_level": "Prov", "len_crs": 555247, "area_crs": 4224167311, "len_km": 555, "area_km2": 4224 }, "geometry": { "type": "Polygon", "coordinates": [ [ [ 125.007743394000059, 6.734105528000044 ], [ 124.886808143000039, 6.677562946000023 ], [ 124.863022037000064, 6.60862987300004 ], [ 124.778923101000032, 6.623288442000046 ], [ 124.787095706000045, 6.67697144300007 ], [ 124.717085278000027, 6.810847400000056 ], [ 124.633727085000032, 6.887706705000027 ], [ 124.580289271000083, 6.850143099000037 ], [ 124.578335602000038, 6.783005277000029 ], [ 124.509314526000026, 6.772891965000042 ], [ 124.516145742000063, 6.727932620000047 ], [ 124.413558692000038, 6.727836713000043 ], [ 124.278953996000055, 6.69617573000005 ], [ 124.210141781000075, 6.743249806000051 ], [ 124.033342771000093, 6.740810256000032 ], [ 124.02235115800012, 6.69896505500003 ], [ 124.054613634000034, 6.606336272000021 ], [ 124.021142565000105, 6.52400046200006 ], [ 124.047618141000029, 6.398968457000022 ], [ 124.154353494, 6.273950247000072 ], [ 124.184750643000029, 6.210645933000023 ], [ 124.323109575000089, 6.114332851000028 ], [ 124.363986948000061, 6.115464183000029 ], [ 124.40645356900005, 6.207580064000069 ], [ 124.40700939500006, 6.350098604000038 ], [ 124.532811715000108, 6.388598426000044 ], [ 124.577052434000052, 6.356716961000075 ], [ 124.6331832300001, 6.399346561000072 ], [ 124.613926954000036, 6.558790609000027 ], [ 124.769870001000058, 6.591636409000045 ], [ 124.841020724000032, 6.539709844000073 ], [ 124.916296198000069, 6.577296666000053 ], [ 125.002097305, 6.534317616000066 ], [ 125.105531018000079, 6.553659048000043 ], [ 125.046790032000104, 6.668458753000038 ], [ 125.052189856000041, 6.771758358000057 ], [ 125.007743394000059, 6.734105528000044 ] ] ] } },
{ "type": "Feature", "properties": { "adm1_psgc": 1200000000, "adm2_psgc": 1208000000, "adm2_en": "Sarangani", "geo_level": "Prov", "len_crs": 572464, "area_crs": 3702298201, "len_km": 572, "area_km2": 3702 }, "geometry": { "type": "MultiPolygon", "coordinates": [ [ [ [ 125.236954304000051, 6.095554413000058 ], [ 125.271556326000095, 6.083907102000069 ], [ 125.291984803000105, 5.982389793000038 ], [ 125.174617648000094, 5.797777429000064 ], [ 125.277923879000028, 5.705713247000062 ], [ 125.308395485000119, 5.634113947000059 ], [ 125.397014506000133, 5.679604112000049 ], [ 125.483153307000066, 5.837673675000077 ], [ 125.48104653300004, 5.908264889000064 ], [ 125.538566383000116, 6.070512974000053 ], [ 125.507150024000111, 6.149780337000037 ], [ 125.50458349500002, 6.229850343000067 ], [ 125.47366583400003, 6.295944447000067 ], [ 125.425451144000036, 6.32412265100004 ], [ 125.393206071000023, 6.503467441000057 ], [ 125.340458333000029, 6.49375 ], [ 125.248674059000123, 6.434868996000035 ], [ 125.200546836000072, 6.461880608000056 ], [ 125.113038746000029, 6.435048629000049 ], [ 125.076209065000057, 6.359238639000068 ], [ 125.164723060000014, 6.339224147000039 ], [ 125.246661739000047, 6.263597311000069 ], [ 125.236954304000051, 6.095554413000058 ] ] ], [ [ [ 125.103928749000033, 5.955319112000039 ], [ 125.05591612, 5.96162328400004 ], [ 125.006033332000015, 6.01072849600007 ], [ 124.846072985000092, 6.013338533000023 ], [ 124.687744359, 6.080597101000023 ], [ 124.472213337000085, 6.185371538000026 ], [ 124.40645356900005, 6.207580064000069 ], [ 124.363986948000061, 6.115464183000029 ], [ 124.520808706000011, 6.022002271000074 ], [ 124.82317743800003, 5.889556564000032 ], [ 124.923771065000096, 5.860094512000045 ], [ 125.071341470000092, 5.857381504000045 ], [ 125.103928749000033, 5.955319112000039 ] ] ] ] } },
{ "type": "Feature", "properties": { "adm1_psgc": 1300000000, "adm2_psgc": 1303900000, "adm2_en": "NCR, City of Manila, First District (Not a Province)", "geo_level": "Dist", "len_crs": 65456, "area_crs": 41975413, "len_km": 65, "area_km2": 41 }, "geometry": { "type": "Polygon", "coordinates": [ [ [ 120.991973444000109, 14.636527028000048 ], [ 120.957792511000108, 14.633909253000073 ], [ 120.959038659000029, 14.584665776000065 ], [ 120.985890398000052, 14.560101142000061 ], [ 121.017611203000115, 14.579408116000026 ], [ 121.023462038000048, 14.599584719000067 ], [ 120.991973444000109, 14.636527028000048 ] ] ] } },
{ "type": "Feature", "properties": { "adm1_psgc": 1300000000, "adm2_psgc": 1307400000, "adm2_en": "NCR, Second District (Not a Province)", "geo_level": "Dist", "len_crs": 103620, "area_crs": 233830886, "len_km": 103, "area_km2": 233 }, "geometry": { "type": "Polygon", "coordinates": [ [ [ 121.103337841000098, 14.531997657000032 ], [ 121.0968965510001, 14.569254547000074 ], [ 121.110449782000046, 14.592235448000055 ], [ 121.105498383000068, 14.632654354000065 ], [ 121.134868521000058, 14.65885238300007 ], [ 121.111889129000033, 14.671163089000059 ], [ 121.124780070000057, 14.766289029000061 ], [ 121.099729179000065, 14.765222305000064 ], [ 121.075039178000097, 14.74019406700006 ], [ 121.040836909000063, 14.742111187000035 ], [ 121.014430800000028, 14.719158309000022 ], [ 121.022653986000023, 14.687140174000033 ], [ 120.991973444000109, 14.636527028000048 ], [ 121.023462038000048, 14.599584719000067 ], [ 121.017611203000115, 14.579408116000026 ], [ 121.05041966400006, 14.568402103000038 ], [ 121.103337841000098, 14.531997657000032 ] ] ] } },
{ "type": "Feature", "properties": { "adm1_psgc": 1300000000, "adm2_psgc": 1307500000, "adm2_en": "NCR, Third District (Not a Province)", "geo_level": "Dist", "len_crs": 103619, "area_crs": 126134749, "len_km": 103, "area_km2": 126 }, "geometry": { "type": "Polygon", "coordinates": [ [ [ 121.099729179000065, 14.765222305000064 ], [ 121.055420507000022, 14.782563240000059 ], [ 121.024023991000035, 14.763034879000028 ], [ 120.990137055000105, 14.757063631000049 ], [ 120.978522811000062, 14.73480671900006 ], [ 120.925961465000114, 14.734299748000069 ], [ 120.953127505000111, 14.694240067000067 ], [ 120.925362216000053, 14.683986922000035 ], [ 120.957792511000108, 14.633909253000073 ], [ 120.991973444000109, 14.636527028000048 ], [ 121.022653986000023, 14.687140174000033 ], [ 121.014430800000028, 14.719158309000022 ], [ 121.040836909000063, 14.742111187000035 ], [ 121.075039178000097, 14.74019406700006 ], [ 121.099729179000065, 14.765222305000064 ] ] ] } },
{ "type": "Feature", "properties": { "adm1_psgc": 1300000000, "adm2_psgc": 1307600000, "adm2_en": "NCR, Fourth District (Not a Province)", "geo_level": "Dist", "len_crs": 102146, "area_crs": 196785340, "len_km": 102, "area_km2": 196 }, "geometry": { "type": "Polygon", "coordinates": [ [ [ 121.103337841000098, 14.531997657000032 ], [ 121.05041966400006, 14.568402103000038 ], [ 121.017611203000115, 14.579408116000026 ], [ 120.985890398000052, 14.560101142000061 ], [ 120.981459229000066, 14.48827595700004 ], [ 120.966003399000101, 14.465722366000023 ], [ 121.011611169000062, 14.380260945000037 ], [ 121.007590854000114, 14.355170370000051 ], [ 121.051501547000044, 14.369658617000026 ], [ 121.053380288000099, 14.454051363000076 ], [ 121.06932934800011, 14.50668639300005 ], [ 121.103337841000098, 14.531997657000032 ] ] ] } },
{ "type": "Feature", "properties": { "adm1_psgc": 1600000000, "adm2_psgc": 1600200000, "adm2_en": "Agusan del Norte", "geo_level": "Prov", "len_crs": 405631, "area_crs": 2679091880, "len_km": 405, "area_km2": 2679 }, "geometry": { "type": "Polygon", "coordinates": [ [ [ 125.74861908000004, 9.326040268000041 ], [ 125.742942810000045, 9.38656997700002 ], [ 125.723960876000106, 9.41349029600002 ], [ 125.700172424000016, 9.429679871000076 ], [ 125.602790833000086, 9.453109742000036 ], [ 125.588858294000033, 9.457925490000036 ], [ 125.553672661000064, 9.465769103000071 ], [ 125.550353835, 9.455247479000032 ], [ 125.550148388000011, 9.436342868000056 ], [ 125.557529109000029, 9.426048927000068 ], [ 125.555153644000029, 9.417493534000073 ], [ 125.545021401000099, 9.405621 ], [ 125.545778165000129, 9.397850232000053 ], [ 125.559731225000078, 9.389508291000029 ], [ 125.555619020000123, 9.372964102000022 ], [ 125.546674023000051, 9.368940127000027 ], [ 125.545893791000026, 9.358895711000056 ], [ 125.535671532000038, 9.358360498000025 ], [ 125.530139685000094, 9.34203250300004 ], [ 125.530251728000067, 9.326819513000034 ], [ 125.52212907900001, 9.329396087000019 ], [ 125.511571050000057, 9.367547696000031 ], [ 125.503400568000089, 9.384902241000075 ], [ 125.498607869000026, 9.414133424000054 ], [ 125.489702790000038, 9.429754982000077 ], [ 125.491863442000067, 9.435357004000023 ], [ 125.485735912000123, 9.454060698000035 ], [ 125.453347633000035, 9.439441353000063 ], [ 125.450340128000107, 9.421482086000028 ], [ 125.460671766000019, 9.417070761000044 ], [ 125.463636008000094, 9.399487189000068 ], [ 125.461148651000016, 9.384476723000033 ], [ 125.466369129000086, 9.381440405000035 ], [ 125.469940190000102, 9.361103569000022 ], [ 125.482658341000047, 9.353040664000048 ], [ 125.490908485000091, 9.335903336000058 ], [ 125.497316274, 9.306151414000052 ], [ 125.503584964000098, 9.301676764000032 ], [ 125.505448034000096, 9.278752175000024 ], [ 125.509112883000043, 9.270294852000061 ], [ 125.505110067000047, 9.244153610000069 ], [ 125.514391349000121, 9.237094804000037 ], [ 125.511929279000015, 9.225889995000044 ], [ 125.52179647100003, 9.218582927000057 ], [ 125.523075406000089, 9.20047079500006 ], [ 125.530559070000095, 9.193829265000032 ], [ 125.528681357000096, 9.179242346000022 ], [ 125.519324066000081, 9.161508927000057 ], [ 125.519708957000049, 9.141765253000074 ], [ 125.524813711000107, 9.129533220000038 ], [ 125.522540594000034, 9.119630142000062 ], [ 125.533141063000031, 9.091498194000051 ], [ 125.535955534000109, 9.078500067000046 ], [ 125.532357145000105, 9.061472468000035 ], [ 125.520288911000094, 9.038829399000061 ], [ 125.511519235000051, 9.028005551000035 ], [ 125.52362200600011, 9.011302584000022 ], [ 125.503185639000108, 9.010501992000059 ], [ 125.479327745000091, 8.996892527000057 ], [ 125.457251213000077, 8.989601744000026 ], [ 125.42981770300004, 8.975898016000029 ], [ 125.417260694000106, 8.97711531300007 ], [ 125.404515873000051, 8.983337365000066 ], [ 125.374988927000103, 8.982295481000053 ], [ 125.35877984900003, 8.992606230000034 ], [ 125.338627360000046, 8.989532028000042 ], [ 125.311838185000056, 8.992450353000034 ], [ 125.28769761500007, 8.989961494000056 ], [ 125.2787188530001, 8.993020672000059 ], [ 125.258113723000065, 9.012725793000072 ], [ 125.255414613000085, 9.020491068000069 ], [ 125.236838068000125, 9.031212351000024 ], [ 125.236936144000083, 9.04198542000006 ], [ 125.221734337000058, 9.065759543000071 ], [ 125.218067964000056, 9.089728010000044 ], [ 125.207724707000011, 9.093653081000067 ], [ 125.217677468000048, 9.030473781000071 ], [ 125.230815127000014, 9.015114317000039 ], [ 125.238139318000094, 8.987511528000027 ], [ 125.226647342000106, 8.983761365000019 ], [ 125.224444079000023, 8.96754260100005 ], [ 125.231222868000032, 8.944712414000037 ], [ 125.221400405000068, 8.921750022000028 ], [ 125.236872789000017, 8.892312037000066 ], [ 125.245032771000055, 8.885747643000057 ], [ 125.250924954000084, 8.873843862000058 ], [ 125.253424219000067, 8.852864638000028 ], [ 125.262598647000132, 8.842400689000044 ], [ 125.241096497000072, 8.840640068000027 ], [ 125.240623474000017, 8.820469856000043 ], [ 125.236213684000077, 8.784649849000061 ], [ 125.239644810000073, 8.719439959000058 ], [ 125.252034947000084, 8.729499839000024 ], [ 125.281764170000088, 8.740742736000071 ], [ 125.291304130000071, 8.733330907000036 ], [ 125.315298884000086, 8.742335534000061 ], [ 125.456965423000057, 8.740408046000027 ], [ 125.456985729000053, 8.726691653000048 ], [ 125.473704849000114, 8.727406363000057 ], [ 125.474631321000075, 8.708495674000059 ], [ 125.487020084000051, 8.710197468000045 ], [ 125.515348026000069, 8.698628262000055 ], [ 125.563866277000102, 8.697590631000024 ], [ 125.572651780000115, 8.699340682000072 ], [ 125.63369676800005, 8.699603330000059 ], [ 125.669411230000037, 8.701482917000021 ], [ 125.666664691000037, 8.733072826000068 ], [ 125.673935070000098, 8.732986266000069 ], [ 125.662391714000037, 8.757395218000056 ], [ 125.648286264000049, 8.821016821000059 ], [ 125.648829365000097, 8.847346563000031 ], [ 125.638761411000019, 8.847520701000064 ], [ 125.634282164000069, 8.889505975000073 ], [ 125.635987345000117, 8.897580467000068 ], [ 125.662141741000013, 8.924599879000027 ], [ 125.666192395000053, 8.939185974000054 ], [ 125.677265209000097, 8.937432272000024 ], [ 125.69409436, 8.948006512000063 ], [ 125.698860285000023, 8.95956610500002 ], [ 125.694000244000108, 8.978969574000077 ], [ 125.735618591000048, 9.048310280000065 ], [ 125.74514418800004, 9.072183168000038 ], [ 125.76560211200001, 9.152389526000034 ], [ 125.767509461000046, 9.163619995000033 ], [ 125.756050110000032, 9.23001003300004 ], [ 125.752964378000129, 9.268282246000069 ], [ 125.744924883000067, 9.285805789000051 ], [ 125.743530273000033, 9.317549705000035 ], [ 125.74861908000004, 9.326040268000041 ] ] ] } },
{ "type": "Feature", "properties": { "adm1_psgc": 1600000000, "adm2_psgc": 1600300000, "adm2_en": "Agusan del Sur", "geo_level": "Prov", "len_crs": 576894, "area_crs": 8464560718, "len_km": 576, "area_km2": 8464 }, "geometry": { "type": "Polygon", "coordinates": [ [ [ 126.227790551000112, 8.000190630000077 ], [ 126.232992123000017, 8.011785454000062 ], [ 126.257053, 8.027617 ], [ 126.249616, 8.04034 ], [ 126.263387355000077, 8.051850053000068 ], [ 126.263047155000109, 8.059588624000071 ], [ 126.23662103900007, 8.058979033000069 ], [ 126.234721488000119, 8.07531959100004 ], [ 126.237221874000056, 8.131953570000062 ], [ 126.212807288000036, 8.169168103000059 ], [ 126.198065437000096, 8.180306499000039 ], [ 126.189548591000062, 8.179992869000047 ], [ 126.183534469000051, 8.193051995000078 ], [ 126.167318861000012, 8.203217556000023 ], [ 126.154967047000014, 8.223461438000072 ], [ 126.183167271000116, 8.244580477000055 ], [ 126.165050585000017, 8.25959883400003 ], [ 126.199624616000065, 8.288008542000059 ], [ 126.124825414000043, 8.323033751000025 ], [ 126.129066382000019, 8.362670479000032 ], [ 126.113813610000093, 8.39063531000005 ], [ 126.102128700000094, 8.399567893000039 ], [ 126.081589395000051, 8.406980075000035 ], [ 126.063894705000038, 8.429067687000044 ], [ 126.073904375000112, 8.444657716000053 ], [ 126.055089878000103, 8.447828533000061 ], [ 126.038022914000052, 8.466027881000057 ], [ 126.016480767000076, 8.499474956000027 ], [ 126.015749365000033, 8.508600376000061 ], [ 126.021939978000091, 8.532173914000056 ], [ 126.03343986000003, 8.539190849000024 ], [ 126.027442430000065, 8.568627749000029 ], [ 126.000116898000101, 8.571312676000046 ], [ 126.000246136000086, 8.599765467000054 ], [ 126.007393888000024, 8.602538809000066 ], [ 126.034650870000064, 8.633442209000064 ], [ 125.988696033000124, 8.712595272000042 ], [ 125.970288635000074, 8.739795165000032 ], [ 125.956834385000093, 8.79235000800003 ], [ 125.949296657000104, 8.814098076000048 ], [ 125.932095913000026, 8.833129746000054 ], [ 125.911461344000017, 8.850662670000075 ], [ 125.898758516000044, 8.869284020000066 ], [ 125.892359084000077, 8.913848438000059 ], [ 125.888806820000013, 8.962539272000072 ], [ 125.891123323000102, 8.997496070000068 ], [ 125.885028610000077, 9.04740326700005 ], [ 125.866154627000014, 9.093480370000067 ], [ 125.840524308000127, 9.139607128000025 ], [ 125.775497908000034, 9.209048868000023 ], [ 125.774793622000075, 9.223129173000071 ], [ 125.756050110000032, 9.23001003300004 ], [ 125.767509461000046, 9.163619995000033 ], [ 125.76560211200001, 9.152389526000034 ], [ 125.74514418800004, 9.072183168000038 ], [ 125.735618591000048, 9.048310280000065 ], [ 125.694000244000108, 8.978969574000077 ], [ 125.698860285000023, 8.95956610500002 ], [ 125.69409436, 8.948006512000063 ], [ 125.677265209000097, 8.937432272000024 ], [ 125.666192395000053, 8.939185974000054 ], [ 125.662141741000013, 8.924599879000027 ], [ 125.635987345000117, 8.897580467000068 ], [ 125.634282164000069, 8.889505975000073 ], [ 125.638761411000019, 8.847520701000064 ], [ 125.648829365000097, 8.847346563000031 ], [ 125.648286264000049, 8.821016821000059 ], [ 125.662391714000037, 8.757395218000056 ], [ 125.673935070000098, 8.732986266000069 ], [ 125.666664691000037, 8.733072826000068 ], [ 125.669411230000037, 8.701482917000021 ], [ 125.63369676800005, 8.699603330000059 ], [ 125.572651780000115, 8.699340682000072 ], [ 125.563866277000102, 8.697590631000024 ], [ 125.515348026000069, 8.698628262000055 ], [ 125.487020084000051, 8.710197468000045 ], [ 125.474631321000075, 8.708495674000059 ], [ 125.473704849000114, 8.727406363000057 ], [ 125.456985729000053, 8.726691653000048 ], [ 125.456965423000057, 8.740408046000027 ], [ 125.315298884000086, 8.742335534000061 ], [ 125.291304130000071, 8.733330907000036 ], [ 125.281764170000088, 8.740742736000071 ], [ 125.252034947000084, 8.729499839000024 ], [ 125.239644810000073, 8.719439959000058 ], [ 125.240179630000071, 8.668428995000054 ], [ 125.238163203000113, 8.659969919000048 ], [ 125.230026683000119, 8.657100167000067 ], [ 125.226447613000133, 8.646580223000054 ], [ 125.193385005000081, 8.619713694000041 ], [ 125.187753571000044, 8.611918783000021 ], [ 125.182270034000126, 8.594165664000057 ], [ 125.171104216000103, 8.582282192000035 ], [ 125.242640042000062, 8.581126923000058 ], [ 125.260606138000071, 8.579006867000032 ], [ 125.249471246000098, 8.556958372000054 ], [ 125.252542721000069, 8.551628289000066 ], [ 125.251606206000034, 8.512690123000027 ], [ 125.247560969000119, 8.47806955300007 ], [ 125.257284, 8.454254 ], [ 125.266307, 8.438375 ], [ 125.279481, 8.435162 ], [ 125.283734333000112, 8.42253622800007 ], [ 125.275266955000021, 8.390871314000035 ], [ 125.277643, 8.369209 ], [ 125.275080000000102, 8.354652 ], [ 125.28975034500003, 8.335108826000065 ], [ 125.300573955000104, 8.329203108000058 ], [ 125.308692973, 8.311562027000036 ], [ 125.319005238000045, 8.302095398000063 ], [ 125.331539268000014, 8.29725187400004 ], [ 125.339877582000099, 8.284365215000038 ], [ 125.34249430300008, 8.253409300000044 ], [ 125.346783305000045, 8.232364682000021 ], [ 125.364715569000069, 8.217653674000076 ], [ 125.364612120000075, 8.196563711000069 ], [ 125.368278410000016, 8.18486486200004 ], [ 125.383809221000092, 8.179686150000066 ], [ 125.407495349000101, 8.146906683000052 ], [ 125.4159267550001, 8.132355116000044 ], [ 125.415823728000063, 8.123634087000028 ], [ 125.427030857000105, 8.120664484000029 ], [ 125.435157054000115, 8.109198058000061 ], [ 125.440219794000086, 8.092841855000076 ], [ 125.436945305000123, 8.085885669000051 ], [ 125.405628000000107, 8.076177 ], [ 125.405604, 8.066601 ], [ 125.393958000000111, 8.056053 ], [ 125.393454, 8.043015 ], [ 125.379923092000027, 8.042899480000074 ], [ 125.378953731000038, 8.025505094000037 ], [ 125.375057438000127, 8.014980926000019 ], [ 125.379388925000072, 8.003247176000059 ], [ 125.661045035000029, 7.998152495000054 ], [ 125.752540041000074, 7.99848044400005 ], [ 125.752289110000106, 7.983229664000022 ], [ 125.767735238000114, 7.966554861000075 ], [ 125.775587460000111, 7.95192117500005 ], [ 125.785581196000081, 7.948708904000059 ], [ 125.798430286000098, 7.956918044000075 ], [ 125.805687642000052, 7.970124052000074 ], [ 125.851492266000051, 7.96714972600006 ], [ 125.863477172000117, 7.947843498000055 ], [ 125.876238660000027, 7.936216733000037 ], [ 125.887303155000041, 7.931219865000058 ], [ 125.900866082000121, 7.930862946000047 ], [ 125.911573656000087, 7.948114038000028 ], [ 125.917522309000105, 7.964770265000026 ], [ 125.909194196000058, 7.986185414000031 ], [ 125.911491, 7.999984 ], [ 125.92931985000007, 7.998711933000041 ], [ 125.980042010000034, 7.998677944000063 ], [ 125.985096980000094, 7.977341296000077 ], [ 125.994996980000096, 7.958441297000035 ], [ 126.00489698100013, 7.947741297000049 ], [ 126.033296980000046, 7.931941297000035 ], [ 126.044896981000079, 7.932641297000036 ], [ 126.057996980000098, 7.943641297000055 ], [ 126.06850436600007, 7.958980761000021 ], [ 126.072924360000115, 7.957943758000056 ], [ 126.097783202000087, 7.971740013000044 ], [ 126.112691201000089, 7.982457178000059 ], [ 126.14326147700001, 7.994951053000022 ], [ 126.157820971000078, 7.990592368000023 ], [ 126.168432046000035, 7.981062429000078 ], [ 126.178391528000034, 7.987314421000065 ], [ 126.207663449000052, 7.985745608000057 ], [ 126.227790551000112, 8.000190630000077 ] ] ] } },
{ "type": "Feature", "properties": { "adm1_psgc": 1600000000, "adm2_psgc": 1606700000, "adm2_en": "Surigao del Norte", "geo_level": "Prov", "len_crs": 1416665, "area_crs": 1976013491, "len_km": 1416, "area_km2": 1976 }, "geometry": { "type": "MultiPolygon", "coordinates": [ [ [ [ 126.061778889000053, 10.062321934000066 ], [ 126.043312196000088, 10.047138207000046 ], [ 126.029442361000065, 10.027839631000061 ], [ 126.034534743000108, 10.019675259000049 ], [ 126.031642440000041, 10.000240207000044 ], [ 126.021346535, 9.975973198000075 ], [ 126.014181186000101, 9.970732852000024 ], [ 125.993304504000093, 9.941376240000068 ], [ 125.982950998000078, 9.937658614000044 ], [ 125.973303577000024, 9.923113884000031 ], [ 125.974662956000103, 9.904380753000053 ], [ 125.967906724000031, 9.900083117000065 ], [ 125.959575680000043, 9.880955647000063 ], [ 125.965401946000043, 9.869436234000034 ], [ 125.973990742000083, 9.863878218000023 ], [ 125.968642013000022, 9.850940226000034 ], [ 125.958646776000023, 9.852561817000039 ], [ 125.952064391000036, 9.847666450000075 ], [ 125.960103318000051, 9.825531969000053 ], [ 125.974623191000106, 9.825546751000047 ], [ 125.973611939000079, 9.810615013000076 ], [ 125.983482887000036, 9.80793583800005 ], [ 125.997726324000041, 9.788507166000045 ], [ 126.008659147000117, 9.765345098000068 ], [ 126.0171723200001, 9.753978619000067 ], [ 126.031604185000091, 9.744955063000075 ], [ 126.034772039000018, 9.754262419000041 ], [ 126.023242551000081, 9.760472543000047 ], [ 126.025940438, 9.766478782000037 ], [ 126.042358599000082, 9.763545666000025 ], [ 126.050455555000084, 9.754746990000056 ], [ 126.067355088000113, 9.753683075000025 ], [ 126.074879942000038, 9.749875078000059 ], [ 126.113113285000054, 9.747588424000071 ], [ 126.111736612000072, 9.756924852000056 ], [ 126.126503936000077, 9.757418072000064 ], [ 126.128589908000109, 9.767999708000049 ], [ 126.137896387000069, 9.774780268000031 ], [ 126.155898893000099, 9.780701963000066 ], [ 126.163629726000067, 9.786971867000034 ], [ 126.161013686000047, 9.802582796000021 ], [ 126.144273721000104, 9.825701457000036 ], [ 126.134281740000119, 9.844772886000042 ], [ 126.124155177000034, 9.840588163000062 ], [ 126.114074946000088, 9.849894701000038 ], [ 126.094618882000091, 9.852966749000075 ], [ 126.099751149000113, 9.862267714000041 ], [ 126.11199331300007, 9.864876062000063 ], [ 126.120615969000028, 9.878558719000068 ], [ 126.11114430900011, 9.895388338000032 ], [ 126.1140855310001, 9.904776247000028 ], [ 126.112249871000017, 9.927138110000042 ], [ 126.097805055000109, 9.953015952000047 ], [ 126.099432366000073, 9.964056267000046 ], [ 126.088512817000037, 9.981602233000046 ], [ 126.087686899000119, 9.996010352000042 ], [ 126.082972406000067, 10.010190197000043 ], [ 126.070285654000031, 10.023845159000075 ], [ 126.07145986700003, 10.053915886000029 ], [ 126.061778889000053, 10.062321934000066 ] ] ], [ [ [ 125.919753835000051, 9.873073042000044 ], [ 125.932862631000035, 9.884382407000032 ], [ 125.95091826000008, 9.894649791000063 ], [ 125.978593511000113, 9.931492520000063 ], [ 125.979918654000016, 9.948034861000052 ], [ 125.97323866100011, 9.948929010000027 ], [ 125.966291772000105, 9.936476660000038 ], [ 125.945870488000097, 9.924621531000072 ], [ 125.934740131000012, 9.908076664000017 ], [ 125.928531704000079, 9.908279450000066 ], [ 125.924071826000045, 9.89501773200004 ], [ 125.906829801000058, 9.880168357000057 ], [ 125.919753835000051, 9.873073042000044 ] ] ], [ [ [ 125.53651996400005, 9.864112801000035 ], [ 125.551735304000076, 9.861226947000032 ], [ 125.542259545000078, 9.877070245000031 ], [ 125.533353362000071, 9.881642019000026 ], [ 125.533919174000062, 9.889657896000074 ], [ 125.524955215000077, 9.894940222000061 ], [ 125.51014577400008, 9.887669286000062 ], [ 125.524937813000065, 9.870475695000039 ], [ 125.53651996400005, 9.864112801000035 ] ] ], [ [ [ 125.893889711000043, 9.893458011000064 ], [ 125.903781033000087, 9.900419500000053 ], [ 125.908631918000069, 9.91221518100002 ], [ 125.898878920000016, 9.91876095800006 ], [ 125.892028740000129, 9.906536347000038 ], [ 125.893889711000043, 9.893458011000064 ] ] ], [ [ [ 125.595081151000059, 9.804519580000033 ], [ 125.603366847000089, 9.816944273000047 ], [ 125.614766859000056, 9.817316652000045 ], [ 125.621810874000076, 9.82706395500003 ], [ 125.653282437000044, 9.826242130000024 ], [ 125.671620784000069, 9.833331862000023 ], [ 125.679505825000106, 9.843414547000068 ], [ 125.68146301600008, 9.853732077000076 ], [ 125.657465047000073, 9.849545574000047 ], [ 125.654283528000079, 9.864813111000045 ], [ 125.642483970000058, 9.880611801000043 ], [ 125.639196278000099, 9.889932062000071 ], [ 125.643368411000111, 9.897823360000073 ], [ 125.642124916000057, 9.916042788000029 ], [ 125.621720487000076, 9.908766107000076 ], [ 125.62155068200002, 9.897987696000028 ], [ 125.602411048000036, 9.881145218000029 ], [ 125.601770885000079, 9.871617067000045 ], [ 125.59502719700005, 9.854253590000043 ], [ 125.587408425000049, 9.851391819000071 ], [ 125.5784954720001, 9.838968368000051 ], [ 125.589866466000089, 9.835160794000045 ], [ 125.597681714000032, 9.825788100000066 ], [ 125.586844120000023, 9.82076207700004 ], [ 125.586177340000077, 9.811254393000072 ], [ 125.595081151000059, 9.804519580000033 ] ] ], [ [ [ 125.611173097000133, 9.912173333000055 ], [ 125.601559300000076, 9.905023696000057 ], [ 125.593833059000062, 9.908291526000029 ], [ 125.586742557000107, 9.897896660000072 ], [ 125.576031634000074, 9.904271225000057 ], [ 125.564892190000037, 9.900358255000071 ], [ 125.56889721600011, 9.888031814000044 ], [ 125.582597552000038, 9.859508926000043 ], [ 125.595447930000105, 9.88957306000003 ], [ 125.609180503000047, 9.887831796000057 ], [ 125.607838350000065, 9.901955703000056 ], [ 125.611173097000133, 9.912173333000055 ] ] ], [ [ [ 125.938639630000011, 9.856664746000035 ], [ 125.953992544000016, 9.851303423000047 ], [ 125.967561481000075, 9.865999842000065 ], [ 125.957940166000071, 9.879420420000029 ], [ 125.959346041000103, 9.887834244000032 ], [ 125.945582030000068, 9.891135767000037 ], [ 125.928239041000111, 9.872593287000029 ], [ 125.938639630000011, 9.856664746000035 ] ] ], [ [ [ 125.883957994000085, 9.496625582000036 ], [ 125.873477558000118, 9.50079842100007 ], [ 125.877712138000106, 9.513118689000065 ], [ 125.867325275000113, 9.519462834000022 ], [ 125.860852664000049, 9.534326069000032 ], [ 125.843004014000044, 9.541370968000024 ], [ 125.816966849000096, 9.545073840000043 ], [ 125.790077653000026, 9.558362464000027 ], [ 125.782706636000043, 9.552671210000025 ], [ 125.767394128000092, 9.552837961000023 ], [ 125.752694409000028, 9.564064443000062 ], [ 125.740045271000099, 9.566558339000036 ], [ 125.736089986000039, 9.58321500100004 ], [ 125.71600743700003, 9.589539866000054 ], [ 125.687413575000051, 9.603027151000051 ], [ 125.665167515, 9.600520911000048 ], [ 125.644799420000027, 9.607502422000039 ], [ 125.630333677000067, 9.617809923000037 ], [ 125.625162500000087, 9.626495710000027 ], [ 125.608360382000114, 9.633727516000022 ], [ 125.60568459700005, 9.651800180000066 ], [ 125.597677070000032, 9.660568604000048 ], [ 125.603660508000075, 9.676897017000043 ], [ 125.594035658000053, 9.686346719000026 ], [ 125.590577869000072, 9.701284573000068 ], [ 125.608751220000059, 9.708102918000066 ], [ 125.618782810000098, 9.751011572000039 ], [ 125.598875838000026, 9.754451532000076 ], [ 125.594594212000075, 9.74052996900002 ], [ 125.572932439000041, 9.745196934000035 ], [ 125.576489924000043, 9.758053677000023 ], [ 125.558687035000048, 9.751658879000045 ], [ 125.555687808000016, 9.764166156000046 ], [ 125.540086176000045, 9.767128055000059 ], [ 125.505946566000034, 9.766075104000038 ], [ 125.496253214000035, 9.776680275000047 ], [ 125.501620701000107, 9.783952864000065 ], [ 125.495705715000113, 9.792543978000023 ], [ 125.488033444000052, 9.791366475000071 ], [ 125.476604701000042, 9.798178524000036 ], [ 125.457269685000028, 9.802350503000072 ], [ 125.45855330400002, 9.810661583000069 ], [ 125.441041042000037, 9.824675981000039 ], [ 125.435964951000074, 9.823183909000024 ], [ 125.440069266000023, 9.795624873000062 ], [ 125.410003417000098, 9.770555337000076 ], [ 125.402256876000024, 9.769116199000051 ], [ 125.396585296000026, 9.748610657000027 ], [ 125.394672907000086, 9.727385905000062 ], [ 125.396128358000041, 9.691876239000067 ], [ 125.392723273000129, 9.675115450000023 ], [ 125.395083227000086, 9.661022346000038 ], [ 125.391667603000073, 9.655114295000033 ], [ 125.408768086, 9.585737762000067 ], [ 125.421338327000058, 9.556787704000044 ], [ 125.427775533000045, 9.534296884000071 ], [ 125.437045971000089, 9.48440778200006 ], [ 125.447716375000027, 9.47424231200006 ], [ 125.447490571000131, 9.455911001000059 ], [ 125.453347633000035, 9.439441353000063 ], [ 125.485735912000123, 9.454060698000035 ], [ 125.487251282000116, 9.458290100000056 ], [ 125.477424390000024, 9.476904586000044 ], [ 125.478317446000119, 9.497679676000073 ], [ 125.473731415000103, 9.516137769000068 ], [ 125.489753796000059, 9.537949530000049 ], [ 125.509871033000096, 9.533977777000075 ], [ 125.527395797000068, 9.534750518000067 ], [ 125.543763803000061, 9.528684203000067 ], [ 125.558553787000037, 9.51289672300004 ], [ 125.569267668000066, 9.511893455000063 ], [ 125.559537259000081, 9.488347576000022 ], [ 125.561103183000114, 9.478094296000052 ], [ 125.554907435000032, 9.466234499000054 ], [ 125.553635922, 9.465883789000035 ], [ 125.553672661000064, 9.465769103000071 ], [ 125.588858294000033, 9.457925490000036 ], [ 125.602790833000086, 9.453109742000036 ], [ 125.700172424000016, 9.429679871000076 ], [ 125.723960876000106, 9.41349029600002 ], [ 125.742942810000045, 9.38656997700002 ], [ 125.74861908000004, 9.326040268000041 ], [ 125.838650071000075, 9.43347602800003 ], [ 125.865840960000014, 9.461034260000075 ], [ 125.879074016000104, 9.468664635000035 ], [ 125.878982355000062, 9.489803780000043 ], [ 125.883957994000085, 9.496625582000036 ] ] ], [ [ [ 125.714407171000062, 9.799334945000057 ], [ 125.710049878000063, 9.791612105000068 ], [ 125.69688780100013, 9.786830416000043 ], [ 125.702166782000063, 9.777239445000021 ], [ 125.701117976000106, 9.763976002000049 ], [ 125.712763212000027, 9.762160380000068 ], [ 125.719186712000024, 9.755817181000054 ], [ 125.732596208, 9.776732941000033 ], [ 125.72994172700011, 9.789571505000026 ], [ 125.719004262000126, 9.787108484000044 ], [ 125.714407171000062, 9.799334945000057 ] ] ], [ [ [ 125.630028501000083, 9.789207053000041 ], [ 125.634765160000029, 9.785509612000054 ], [ 125.638025392000031, 9.769298363000075 ], [ 125.647220264000111, 9.770379855000044 ], [ 125.657189027000086, 9.757701008000028 ], [ 125.667348255000093, 9.75534317900002 ], [ 125.666678944000068, 9.767801322000025 ], [ 125.650669914000119, 9.778944003000047 ], [ 125.645733394000104, 9.789080225000021 ], [ 125.635696869000085, 9.797758741000054 ], [ 125.630028501000083, 9.789207053000041 ] ] ], [ [ [ 125.560736561000112, 9.767296438000072 ], [ 125.56012855400003, 9.776767166000068 ], [ 125.543460450000111, 9.777596229000041 ], [ 125.53986958400003, 9.771940261000054 ], [ 125.560736561000112, 9.767296438000072 ] ] ], [ [ [ 125.625504436000028, 9.739962769000044 ], [ 125.635348021000027, 9.746398156000055 ], [ 125.642281016000084, 9.759007197000074 ], [ 125.636291809000127, 9.769169598000074 ], [ 125.626646446000123, 9.764605530000036 ], [ 125.62223442200002, 9.753215938000039 ], [ 125.625504436000028, 9.739962769000044 ] ] ], [ [ [ 125.616254044000016, 9.753332008000028 ], [ 125.614250061000021, 9.765574743000059 ], [ 125.605538526000046, 9.764570859000058 ], [ 125.603998431000051, 9.754866934000065 ], [ 125.616254044000016, 9.753332008000028 ] ] ], [ [ [ 125.986109611000089, 9.682784087000071 ], [ 125.962134808000087, 9.690807355000061 ], [ 125.959819017000086, 9.722313107000049 ], [ 125.970497323000018, 9.729323213000043 ], [ 125.957841627000107, 9.735220516000027 ], [ 125.941722366000036, 9.747741672000075 ], [ 125.945761202000085, 9.756937378000028 ], [ 125.933587345000092, 9.760416771000052 ], [ 125.927256400000033, 9.75388643300005 ], [ 125.9152761900001, 9.756585038000029 ], [ 125.916328632000045, 9.736628119000043 ], [ 125.920711990000072, 9.726891787000056 ], [ 125.906253188000036, 9.720481022000056 ], [ 125.910508635000042, 9.706581421000067 ], [ 125.919414683000028, 9.698777663000044 ], [ 125.91883214500001, 9.681721503000063 ], [ 125.927513913000098, 9.666691788000035 ], [ 125.927076383000099, 9.654223936000051 ], [ 125.908796743000039, 9.652887361000067 ], [ 125.903128024000011, 9.636410604000048 ], [ 125.906266516000088, 9.624440995000043 ], [ 125.89685007900006, 9.616528002000052 ], [ 125.913704529000029, 9.602707234000038 ], [ 125.91297239000005, 9.583087488000045 ], [ 125.935931050000022, 9.579213935000043 ], [ 125.93836555300004, 9.560242774000072 ], [ 125.962902545000034, 9.567885311000053 ], [ 125.971005357000095, 9.585465707000024 ], [ 125.96529234, 9.615343261000021 ], [ 125.985885834000101, 9.640826025000022 ], [ 125.986178119000101, 9.654321248000029 ], [ 125.990319279000133, 9.66253026800007 ], [ 125.984605452000096, 9.674798334000059 ], [ 125.986109611000089, 9.682784087000071 ] ] ], [ [ [ 125.694583868000109, 9.753067385000065 ], [ 125.691852964000077, 9.738479906000064 ], [ 125.705208650000031, 9.739683714000021 ], [ 125.694583868000109, 9.753067385000065 ] ] ], [ [ [ 126.02982585000008, 9.734079203000023 ], [ 126.023265958000025, 9.720277580000072 ], [ 126.011007278000079, 9.715379114000031 ], [ 126.012926757000074, 9.708943185000065 ], [ 126.007100271000013, 9.688899434000064 ], [ 126.024266024000099, 9.693321926000067 ], [ 126.027977194000087, 9.704338157000054 ], [ 126.051557946000102, 9.707371530000046 ], [ 126.067849335000133, 9.706764429000032 ], [ 126.065202906000096, 9.724570774000027 ], [ 126.053697859000067, 9.732705442000054 ], [ 126.02982585000008, 9.734079203000023 ] ] ], [ [ [ 125.982450153000073, 9.736551761000046 ], [ 125.980703682000012, 9.719237818000066 ], [ 125.965999130000114, 9.713867329000037 ], [ 125.973253336000099, 9.70688307900002 ], [ 125.973975597000063, 9.689705185000037 ], [ 125.984501459000057, 9.69538979400005 ], [ 125.994516196000077, 9.692866157000026 ], [ 126.008683683000086, 9.702648321000026 ], [ 125.994983984000086, 9.725218842000059 ], [ 125.982450153000073, 9.736551761000046 ] ] ], [ [ [ 125.655247449000058, 9.663888575000046 ], [ 125.660472919000085, 9.667497233000059 ], [ 125.655219970000061, 9.690243570000064 ], [ 125.660638490000125, 9.699297996000041 ], [ 125.65120489100002, 9.708395542000062 ], [ 125.656997739000076, 9.722398842000077 ], [ 125.648883182000077, 9.726830008000034 ], [ 125.638762631000077, 9.719107139000071 ], [ 125.628587501000084, 9.727630779000036 ], [ 125.621902376000094, 9.723409617000073 ], [ 125.622395967000102, 9.71097944300004 ], [ 125.638458127000035, 9.706030990000043 ], [ 125.642837646000089, 9.693343270000073 ], [ 125.644867028000036, 9.672365606000028 ], [ 125.655247449000058, 9.663888575000046 ] ] ] ] } },
{ "type": "Feature", "properties": { "adm1_psgc": 1600000000, "adm2_psgc": 1606800000, "adm2_en": "Surigao del Sur", "geo_level": "Prov", "len_crs": 980894, "area_crs": 4708184194, "len_km": 980, "area_km2": 4708 }, "geometry": { "type": "MultiPolygon", "coordinates": [ [ [ [ 126.227790551000112, 8.000190630000077 ], [ 126.269145338000058, 8.000092249000033 ], [ 126.351580643000034, 8.002065937000051 ], [ 126.352381511000075, 7.96369675300002 ], [ 126.351246411000048, 7.933008011000028 ], [ 126.355787363000104, 7.922215789000062 ], [ 126.365504974000018, 7.920009265000032 ], [ 126.37016195700005, 7.934498832000029 ], [ 126.386075370000086, 7.954048035000031 ], [ 126.401465619000078, 7.957696626000029 ], [ 126.405578989000119, 7.953658860000074 ], [ 126.423148513000115, 7.979269085000053 ], [ 126.43453794900006, 7.985170363000065 ], [ 126.429961391, 7.993536672000058 ], [ 126.420331971000124, 7.986613717000069 ], [ 126.407208019000109, 8.002751257000057 ], [ 126.415152712, 8.02103953100004 ], [ 126.413808957000015, 8.032684526000027 ], [ 126.421057484000016, 8.046630924000056 ], [ 126.421498176000114, 8.06220821200003 ], [ 126.441480625000054, 8.095238575000053 ], [ 126.428597578000108, 8.108074956000054 ], [ 126.439807385000108, 8.125608847000025 ], [ 126.433058629, 8.154808430000058 ], [ 126.444326087000036, 8.16544320600002 ], [ 126.446116069000027, 8.18219936400004 ], [ 126.43991926800004, 8.202368218000059 ], [ 126.441821747000063, 8.211980042000048 ], [ 126.451291659000049, 8.222810191000065 ], [ 126.456023253000012, 8.239442289000067 ], [ 126.440723939, 8.246901494000046 ], [ 126.432507669000074, 8.235737746000042 ], [ 126.401151749000064, 8.215971551000052 ], [ 126.393328577000034, 8.204820424000049 ], [ 126.377077134000046, 8.195595748000073 ], [ 126.357537947000083, 8.194933872000034 ], [ 126.350277367000118, 8.186486477000074 ], [ 126.340831110000082, 8.183835214000053 ], [ 126.32576323, 8.202008644000045 ], [ 126.317151817000081, 8.223204985000052 ], [ 126.32045585000003, 8.237832838000033 ], [ 126.334214573000054, 8.248374969000054 ], [ 126.348677716000125, 8.252614802000041 ], [ 126.367231520000018, 8.269960813000068 ], [ 126.368578543000027, 8.275266316000055 ], [ 126.382960167000093, 8.29242130800003 ], [ 126.375564992000037, 8.307348247000048 ], [ 126.363334535000035, 8.312920450000037 ], [ 126.356050221000032, 8.310344714000051 ], [ 126.330496563000111, 8.31373673500002 ], [ 126.328774674000115, 8.341553005000037 ], [ 126.318741311000039, 8.35226577100002 ], [ 126.332773289000116, 8.364504461000022 ], [ 126.345687495000107, 8.37164444900003 ], [ 126.35584317200005, 8.369563449000054 ], [ 126.357561469000061, 8.386282846000029 ], [ 126.370105298000126, 8.391722444000038 ], [ 126.370332765000057, 8.402566958000021 ], [ 126.38010176100012, 8.40941504500006 ], [ 126.373807468000109, 8.416544943000073 ], [ 126.374154692000033, 8.431572593000054 ], [ 126.36388576700007, 8.425075641000035 ], [ 126.354139857000064, 8.424454865000028 ], [ 126.349726902000057, 8.434153403000039 ], [ 126.359956266000054, 8.455564873000071 ], [ 126.361700553000091, 8.466514566000059 ], [ 126.391720869000082, 8.467339074000051 ], [ 126.38442419400009, 8.481117309000071 ], [ 126.390417835000093, 8.49285597100004 ], [ 126.388250975000133, 8.512406566000037 ], [ 126.373373708000031, 8.516860262000023 ], [ 126.369382267000105, 8.513922272000057 ], [ 126.352429358000123, 8.518670024000071 ], [ 126.363673202000072, 8.537678776000062 ], [ 126.358698911000033, 8.546583651000045 ], [ 126.341577293000114, 8.543541063000021 ], [ 126.332425374000081, 8.535637304000034 ], [ 126.316086972000107, 8.532424065000042 ], [ 126.313031120000119, 8.538635193000061 ], [ 126.289042782000038, 8.529440495000072 ], [ 126.276783286000068, 8.541566063000062 ], [ 126.259241901000109, 8.551523288000055 ], [ 126.241338163000023, 8.548301017000027 ], [ 126.211333534000104, 8.557393426000031 ], [ 126.189900071000011, 8.553626877000058 ], [ 126.201022509000055, 8.541904657000034 ], [ 126.210979574, 8.54245368800002 ], [ 126.214943460000072, 8.535220146000029 ], [ 126.227335295000088, 8.531307353000045 ], [ 126.218722722000052, 8.522606113000052 ], [ 126.193017208000015, 8.526666205000026 ], [ 126.164982264000059, 8.540144125000038 ], [ 126.1541477600001, 8.527533145000065 ], [ 126.143153420000104, 8.529568168000024 ], [ 126.139107881000086, 8.536187007000022 ], [ 126.123011009000038, 8.542569069000022 ], [ 126.119821703000085, 8.55835150300004 ], [ 126.113868805000038, 8.568040163000033 ], [ 126.125159605000036, 8.582516653000027 ], [ 126.095663985000101, 8.60284391300007 ], [ 126.083210869000027, 8.609678001000077 ], [ 126.083681037000019, 8.615043114000059 ], [ 126.096037980000119, 8.622409304000028 ], [ 126.095676149000056, 8.642161533000035 ], [ 126.104035100000047, 8.65015290300005 ], [ 126.126893849000112, 8.65428108700007 ], [ 126.139446782000036, 8.664948294000055 ], [ 126.137721471000091, 8.671715129000059 ], [ 126.15906762800013, 8.67601436800004 ], [ 126.176586501000088, 8.684491542000046 ], [ 126.188731112000042, 8.698292148000066 ], [ 126.213124087000097, 8.691465252000057 ], [ 126.241453055000093, 8.693883922000055 ], [ 126.224181012000031, 8.70821653400003 ], [ 126.212119447000092, 8.710594273000027 ], [ 126.212479719000058, 8.731894935000071 ], [ 126.218154864000113, 8.73951145700005 ], [ 126.240726101000078, 8.748179116000072 ], [ 126.236316438, 8.757430432000033 ], [ 126.254568854, 8.773354425000036 ], [ 126.290814007000108, 8.773592643000029 ], [ 126.294597250000038, 8.781577937000066 ], [ 126.303223994000049, 8.783755615000075 ], [ 126.300616306000052, 8.798780712000053 ], [ 126.306981224000083, 8.813048818000027 ], [ 126.322389643000079, 8.819247561000054 ], [ 126.321361804000048, 8.83191506000003 ], [ 126.334147536000046, 8.840108694000039 ], [ 126.323480935000021, 8.870113813000044 ], [ 126.307217258000051, 8.880629320000025 ], [ 126.317549037000063, 8.895109576000037 ], [ 126.325101762000031, 8.896571995000045 ], [ 126.321898014000112, 8.921251498000057 ], [ 126.31130432100008, 8.915908376000059 ], [ 126.294114399, 8.92293872400006 ], [ 126.293507636000086, 8.933248844000046 ], [ 126.310239510000102, 8.935712358000046 ], [ 126.306663343000096, 8.956143706000034 ], [ 126.285516883, 8.976612139000052 ], [ 126.281591289000076, 8.967410465000061 ], [ 126.270856799000057, 8.969980164000049 ], [ 126.269767700000116, 8.984452894000071 ], [ 126.245691534000116, 9.011793267000032 ], [ 126.234502, 9.011182949000043 ], [ 126.236250269000038, 9.022524517000024 ], [ 126.217182988000118, 9.042277955000026 ], [ 126.195549354000036, 9.081616952000047 ], [ 126.183430607000091, 9.078253733000055 ], [ 126.169195820000041, 9.086647322000031 ], [ 126.157984739000085, 9.10508573200002 ], [ 126.163187324000106, 9.114986171000053 ], [ 126.166983460000111, 9.134865981000074 ], [ 126.174048352000113, 9.145173750000025 ], [ 126.178636258000097, 9.165525415000049 ], [ 126.173209215000057, 9.177882665000025 ], [ 126.180334569000024, 9.194161723000036 ], [ 126.174843147000047, 9.202198470000043 ], [ 126.183271431000094, 9.219692222000047 ], [ 126.181056462000015, 9.243395920000069 ], [ 126.19703345500011, 9.27184708900006 ], [ 126.190737366000022, 9.287900047000051 ], [ 126.199971298000037, 9.297382801000024 ], [ 126.203016284000128, 9.308551925000074 ], [ 126.191396946000054, 9.312637751000068 ], [ 126.173978580000039, 9.306717038000047 ], [ 126.169936685000053, 9.309302893000051 ], [ 126.156024879000043, 9.289145068000039 ], [ 126.145192150000085, 9.282799235000025 ], [ 126.137230319000068, 9.270253824000061 ], [ 126.118570739, 9.256577441000045 ], [ 126.098860216000062, 9.24664081700007 ], [ 126.081391180000082, 9.245690080000029 ], [ 126.056607073, 9.233157799000026 ], [ 126.028504864000084, 9.256715272000067 ], [ 125.995944635000129, 9.301543573000059 ], [ 125.982879849000028, 9.326614762000073 ], [ 125.98584176100006, 9.337288837000074 ], [ 125.972669958000083, 9.35482517500003 ], [ 125.974403080000116, 9.374146704000053 ], [ 125.985641312000084, 9.381143046000034 ], [ 125.987209489000065, 9.394090213000025 ], [ 125.981476993000129, 9.403072789000021 ], [ 125.971984249000116, 9.393137979000073 ], [ 125.968203353000035, 9.379233445000068 ], [ 125.94912122900007, 9.371227461000046 ], [ 125.933500769000034, 9.374774484000055 ], [ 125.930123081000033, 9.388369728000045 ], [ 125.906944188000026, 9.406525965000069 ], [ 125.894386325000042, 9.413590823000046 ], [ 125.896320783000078, 9.428915319000057 ], [ 125.912916487000075, 9.432534815000054 ], [ 125.916424361000068, 9.438956034000057 ], [ 125.929822479000123, 9.437610525000025 ], [ 125.938573126000051, 9.442822755000066 ], [ 125.949112468000081, 9.439516175000051 ], [ 125.949185529000047, 9.453230832000033 ], [ 125.959217593000048, 9.46767119100002 ], [ 125.958917954000071, 9.483117988000059 ], [ 125.94778974700013, 9.475343810000025 ], [ 125.950915929000075, 9.469983089000038 ], [ 125.930852243000118, 9.456551080000054 ], [ 125.927238502000023, 9.473613651000049 ], [ 125.917152786000088, 9.496015815000023 ], [ 125.907984429000052, 9.490224307000062 ], [ 125.898333326000071, 9.496766081000034 ], [ 125.883957994000085, 9.496625582000036 ], [ 125.878982355000062, 9.489803780000043 ], [ 125.879074016000104, 9.468664635000035 ], [ 125.865840960000014, 9.461034260000075 ], [ 125.838650071000075, 9.43347602800003 ], [ 125.74861908000004, 9.326040268000041 ], [ 125.743530273000033, 9.317549705000035 ], [ 125.744924883000067, 9.285805789000051 ], [ 125.752964378000129, 9.268282246000069 ], [ 125.756050110000032, 9.23001003300004 ], [ 125.774793622000075, 9.223129173000071 ], [ 125.775497908000034, 9.209048868000023 ], [ 125.840524308000127, 9.139607128000025 ], [ 125.866154627000014, 9.093480370000067 ], [ 125.885028610000077, 9.04740326700005 ], [ 125.891123323000102, 8.997496070000068 ], [ 125.888806820000013, 8.962539272000072 ], [ 125.892359084000077, 8.913848438000059 ], [ 125.898758516000044, 8.869284020000066 ], [ 125.911461344000017, 8.850662670000075 ], [ 125.932095913000026, 8.833129746000054 ], [ 125.949296657000104, 8.814098076000048 ], [ 125.956834385000093, 8.79235000800003 ], [ 125.970288635000074, 8.739795165000032 ], [ 125.988696033000124, 8.712595272000042 ], [ 126.034650870000064, 8.633442209000064 ], [ 126.007393888000024, 8.602538809000066 ], [ 126.000246136000086, 8.599765467000054 ], [ 126.000116898000101, 8.571312676000046 ], [ 126.027442430000065, 8.568627749000029 ], [ 126.03343986000003, 8.539190849000024 ], [ 126.021939978000091, 8.532173914000056 ], [ 126.015749365000033, 8.508600376000061 ], [ 126.016480767000076, 8.499474956000027 ], [ 126.038022914000052, 8.466027881000057 ], [ 126.055089878000103, 8.447828533000061 ], [ 126.073904375000112, 8.444657716000053 ], [ 126.063894705000038, 8.429067687000044 ], [ 126.081589395000051, 8.406980075000035 ], [ 126.102128700000094, 8.399567893000039 ], [ 126.113813610000093, 8.39063531000005 ], [ 126.129066382000019, 8.362670479000032 ], [ 126.124825414000043, 8.323033751000025 ], [ 126.199624616000065, 8.288008542000059 ], [ 126.165050585000017, 8.25959883400003 ], [ 126.183167271000116, 8.244580477000055 ], [ 126.154967047000014, 8.223461438000072 ], [ 126.167318861000012, 8.203217556000023 ], [ 126.183534469000051, 8.193051995000078 ], [ 126.189548591000062, 8.179992869000047 ], [ 126.198065437000096, 8.180306499000039 ], [ 126.212807288000036, 8.169168103000059 ], [ 126.237221874000056, 8.131953570000062 ], [ 126.234721488000119, 8.07531959100004 ], [ 126.23662103900007, 8.058979033000069 ], [ 126.263047155000109, 8.059588624000071 ], [ 126.263387355000077, 8.051850053000068 ], [ 126.249616, 8.04034 ], [ 126.257053, 8.027617 ], [ 126.232992123000017, 8.011785454000062 ], [ 126.227790551000112, 8.000190630000077 ] ] ], [ [ [ 126.01195881600006, 9.429970191000054 ], [ 125.993303942, 9.415567263000067 ], [ 126.008085558000062, 9.410279281000042 ], [ 126.024401321000028, 9.414122188000022 ], [ 126.022847669000043, 9.42394100900003 ], [ 126.01195881600006, 9.429970191000054 ] ] ] ] } },
{ "type": "Feature", "properties": { "adm1_psgc": 1600000000, "adm2_psgc": 1608500000, "adm2_en": "Dinagat Islands", "geo_level": "Prov", "len_crs": 578142, "area_crs": 806269387, "len_km": 578, "area_km2": 806 }, "geometry": { "type": "MultiPolygon", "coordinates": [ [ [ [ 125.498967415000038, 10.161806027000067 ], [ 125.499476737, 10.155313559000033 ], [ 125.490835275000123, 10.134181841000045 ], [ 125.476710386000036, 10.125423048000073 ], [ 125.481053180000131, 10.104152954000028 ], [ 125.497994642000094, 10.10059859100005 ], [ 125.497150330000068, 10.078843271000038 ], [ 125.510474835000068, 10.06217432100004 ], [ 125.528499830000086, 10.06245102500003 ], [ 125.539257955000025, 10.081084211000077 ], [ 125.550501590000067, 10.078766572000065 ], [ 125.572847372000084, 10.065808765000041 ], [ 125.56692456200004, 10.083735228000021 ], [ 125.575853857000098, 10.088589287000046 ], [ 125.585343264000016, 10.081658503000027 ], [ 125.599602575000063, 10.059171930000048 ], [ 125.593741707000063, 10.052362320000043 ], [ 125.583197612000063, 10.050333925000073 ], [ 125.576978453000052, 10.028772981000031 ], [ 125.568624854000049, 10.018106197000066 ], [ 125.569646397000042, 10.006398538000042 ], [ 125.578106815000083, 10.002515139000023 ], [ 125.568898259000093, 9.988901411000027 ], [ 125.575761693000132, 9.982129745000066 ], [ 125.588192818000039, 9.989979711000043 ], [ 125.608409312000035, 9.983625145000076 ], [ 125.602174062000017, 9.965467646000036 ], [ 125.612734989000032, 9.959516444000032 ], [ 125.620720777000088, 9.947074782000074 ], [ 125.645603497000025, 9.930891682000036 ], [ 125.64565, 9.898060002000021 ], [ 125.64259, 9.882170001000077 ], [ 125.65556, 9.865280001000029 ], [ 125.66028, 9.8525 ], [ 125.67223, 9.852780001000042 ], [ 125.676773438000041, 9.867633453000053 ], [ 125.690142529000028, 9.864524380000034 ], [ 125.70100355600006, 9.866850264000051 ], [ 125.701469958000061, 9.878720388000033 ], [ 125.706772181000019, 9.898652139000035 ], [ 125.693731237000065, 9.914986297000041 ], [ 125.673031023000036, 9.917446491000019 ], [ 125.676062374000026, 9.931063171000062 ], [ 125.672232876000066, 9.937752562000069 ], [ 125.657236839, 9.946726152000052 ], [ 125.658384970000043, 9.951259023000034 ], [ 125.67556739500003, 9.957596794000038 ], [ 125.678995758000042, 9.962199298000028 ], [ 125.679288466000116, 9.98079711500003 ], [ 125.672697027000027, 9.990389494000054 ], [ 125.686508251000092, 10.019139887000051 ], [ 125.695234587000073, 10.047548144000073 ], [ 125.692439393000086, 10.080075816000035 ], [ 125.676750881000103, 10.103523468000049 ], [ 125.672719128000026, 10.113259064000033 ], [ 125.663669487000121, 10.114353303000032 ], [ 125.660674884000045, 10.134955066000032 ], [ 125.66321458700007, 10.154010808000065 ], [ 125.675373376000053, 10.153918412000053 ], [ 125.676142596000105, 10.167034963000049 ], [ 125.670525459000032, 10.173090532000058 ], [ 125.658904307000057, 10.165790918000027 ], [ 125.651465829000017, 10.167058589000019 ], [ 125.643864183000119, 10.185145067000061 ], [ 125.661891791000016, 10.197223704000066 ], [ 125.654606484000055, 10.217610552000053 ], [ 125.653550210000049, 10.229237628000023 ], [ 125.643998191000051, 10.243002584000067 ], [ 125.652873658000075, 10.251438972000072 ], [ 125.655340055, 10.277127553000069 ], [ 125.64591069100004, 10.295413194000048 ], [ 125.647300395000116, 10.306486660000074 ], [ 125.663081883000032, 10.335054646000058 ], [ 125.676977081000032, 10.395211271000052 ], [ 125.669387827000037, 10.414628636000032 ], [ 125.672917788000063, 10.420956957000042 ], [ 125.665539122000041, 10.434238513000025 ], [ 125.652468006000063, 10.441932178000059 ], [ 125.655377559000058, 10.451790967000019 ], [ 125.649850848000042, 10.466507074000047 ], [ 125.64207125900009, 10.471594696000066 ], [ 125.622930469000039, 10.458857803000058 ], [ 125.620018954000088, 10.447310725000023 ], [ 125.608801914000082, 10.43226278300005 ], [ 125.612150822000103, 10.420914158000073 ], [ 125.604919272000075, 10.379834500000072 ], [ 125.595640267000022, 10.365000834000057 ], [ 125.581925293000054, 10.358801643000048 ], [ 125.566673529000013, 10.370144214000046 ], [ 125.562295739000092, 10.381868820000022 ], [ 125.551590096000041, 10.385373169000045 ], [ 125.546568383000022, 10.370587810000073 ], [ 125.547691393000036, 10.356592471000058 ], [ 125.555857417000084, 10.339885769000034 ], [ 125.551635875000116, 10.320284294000032 ], [ 125.543233135000037, 10.324025736000069 ], [ 125.519581106000032, 10.324105334000024 ], [ 125.513871504, 10.321086077000075 ], [ 125.518696482000124, 10.307845534000023 ], [ 125.514393628000107, 10.298536205000062 ], [ 125.521390232000044, 10.277206387000033 ], [ 125.518391474000055, 10.262577085000032 ], [ 125.521143681000012, 10.245742640000062 ], [ 125.512358206000044, 10.242390957000055 ], [ 125.524943811000085, 10.225302203000069 ], [ 125.540841353000019, 10.209881218000021 ], [ 125.540665958000105, 10.204380920000061 ], [ 125.526262614000089, 10.190778246000036 ], [ 125.523020791000022, 10.202449982000076 ], [ 125.508175635000043, 10.209877931000051 ], [ 125.499162731000055, 10.207580566000043 ], [ 125.510516015, 10.185698004000074 ], [ 125.504295726000024, 10.178787089000025 ], [ 125.498967415000038, 10.161806027000067 ] ] ], [ [ [ 125.490169474000041, 10.422058033000038 ], [ 125.501617768000074, 10.445649912000022 ], [ 125.471654428000079, 10.46217387400003 ], [ 125.463340236000022, 10.457116167000036 ], [ 125.469362816000057, 10.445291811000061 ], [ 125.479018625000108, 10.435617276000071 ], [ 125.476811636000093, 10.427920383000073 ], [ 125.490169474000041, 10.422058033000038 ] ] ], [ [ [ 125.512163320000013, 10.018233600000029 ], [ 125.517510598000058, 10.007589376000054 ], [ 125.537542013, 10.009121142000028 ], [ 125.534059128000067, 10.01713853900003 ], [ 125.519040747000091, 10.026511996000066 ], [ 125.512163320000013, 10.018233600000029 ] ] ] ] } },
{ "type": "Feature", "properties": { "adm1_psgc": 1700000000, "adm2_psgc": 1704000000, "adm2_en": "Marinduque", "geo_level": "Prov", "len_crs": 313105, "area_crs": 922124336, "len_km": 313, "area_km2": 922 }, "geometry": { "type": "MultiPolygon", "coordinates": [ [ [ [ 122.025638834, 13.198950266000056 ], [ 122.032255479000014, 13.201943014000049 ], [ 122.042969077000066, 13.217362055000022 ], [ 122.052926951000032, 13.240728231000048 ], [ 122.05390473500006, 13.255174827000076 ], [ 122.045723465000052, 13.26321015700006 ], [ 122.045663783, 13.275119191000044 ], [ 122.060942613000066, 13.283653204000071 ], [ 122.068549440000069, 13.30601880200004 ], [ 122.082020933000081, 13.311697643000057 ], [ 122.109179146000074, 13.335208874000044 ], [ 122.120348265000089, 13.339298628000053 ], [ 122.128105442000106, 13.362364979000064 ], [ 122.139558697000098, 13.370130113000071 ], [ 122.150330960000019, 13.37274405200003 ], [ 122.130958494000097, 13.389273246000069 ], [ 122.122632232000129, 13.392369265000074 ], [ 122.118851693000011, 13.408113899000055 ], [ 122.1014713940001, 13.42149891300005 ], [ 122.105447041000048, 13.434820433000027 ], [ 122.117727282000047, 13.42581905800006 ], [ 122.119929145000029, 13.43483704500005 ], [ 122.128266146000101, 13.446885207000035 ], [ 122.123411516000019, 13.461272826000027 ], [ 122.10785701600004, 13.476889477000041 ], [ 122.082532834000062, 13.489447886000047 ], [ 122.065989006000109, 13.476923832000068 ], [ 122.054020856000093, 13.477042675000064 ], [ 122.041427178000063, 13.486037124000063 ], [ 122.050920681000107, 13.499683220000064 ], [ 122.048451084000021, 13.512078704000031 ], [ 122.035246047000101, 13.518913301000051 ], [ 122.032801340000091, 13.529531268000026 ], [ 122.008856315000131, 13.549470877000031 ], [ 121.999746594000044, 13.536291737000052 ], [ 121.998988888000085, 13.522588923000059 ], [ 121.988535859000095, 13.525214113000061 ], [ 121.979035760000102, 13.520964863000076 ], [ 121.971519444000037, 13.52700906700005 ], [ 121.951066140000094, 13.532937616000023 ], [ 121.944094343000074, 13.53090650000007 ], [ 121.935006862000037, 13.54279518900006 ], [ 121.918349426000063, 13.525369456000021 ], [ 121.911900979000052, 13.530438076000054 ], [ 121.899278712000054, 13.532392582000055 ], [ 121.89331960100003, 13.539491154000075 ], [ 121.893003914, 13.548434357000072 ], [ 121.87375774600001, 13.553578544000059 ], [ 121.878577580000069, 13.55953904100005 ], [ 121.866508698000089, 13.570692178000057 ], [ 121.857025907000093, 13.557961107000043 ], [ 121.865263046000109, 13.549928168000065 ], [ 121.859312875000114, 13.539284453000047 ], [ 121.867140636000045, 13.526687078000068 ], [ 121.850735613000097, 13.518809131000067 ], [ 121.850989891000054, 13.505753436000081 ], [ 121.845397188000121, 13.505130646000053 ], [ 121.842263415000048, 13.491992645000037 ], [ 121.834464062000052, 13.478647577000061 ], [ 121.819045559000088, 13.465664198000066 ], [ 121.811992317000104, 13.455958633000023 ], [ 121.81098010900007, 13.446825840000029 ], [ 121.820958087, 13.427051161000064 ], [ 121.825208132000057, 13.400753111000029 ], [ 121.823871591000056, 13.370325796000031 ], [ 121.819042112000034, 13.352290757000048 ], [ 121.821917616000064, 13.342776522000063 ], [ 121.838233540000033, 13.33419367400006 ], [ 121.85332834900008, 13.311217362000033 ], [ 121.861825173000057, 13.290177333000027 ], [ 121.869759550000026, 13.282625271000027 ], [ 121.884405024000102, 13.275885698000025 ], [ 121.907409161000047, 13.272423985000048 ], [ 121.926259497000061, 13.256688515000063 ], [ 121.950434916000063, 13.249266621000059 ], [ 121.962300327000079, 13.22737350400007 ], [ 121.98242081, 13.207542885000064 ], [ 121.99741725100013, 13.204905267000072 ], [ 122.005725471000105, 13.199286431000075 ], [ 122.025638834, 13.198950266000056 ] ] ], [ [ [ 122.106392001000017, 13.537189236000071 ], [ 122.109955536000044, 13.525556520000064 ], [ 122.118131663000113, 13.527183625000077 ], [ 122.129502419000119, 13.519043543000064 ], [ 122.136463924000054, 13.52332126400006 ], [ 122.131776397000081, 13.535046570000077 ], [ 122.106392001000017, 13.537189236000071 ] ] ], [ [ [ 122.177599122000046, 13.528388071000052 ], [ 122.168542072000037, 13.520795161000024 ], [ 122.175976712000093, 13.504851401000057 ], [ 122.184542525000097, 13.505546931000024 ], [ 122.187890676000066, 13.516162075000068 ], [ 122.177599122000046, 13.528388071000052 ] ] ], [ [ [ 122.09942303900003, 13.503894864000074 ], [ 122.081780207000065, 13.513547044000065 ], [ 122.067448281000125, 13.525102970000034 ], [ 122.064095326000029, 13.512301304000061 ], [ 122.068086018000031, 13.501783747000047 ], [ 122.088835284000083, 13.495990049000058 ], [ 122.099870434000081, 13.496772372000066 ], [ 122.09942303900003, 13.503894864000074 ] ] ], [ [ [ 122.125371503000125, 13.425901889000045 ], [ 122.120747334000029, 13.416408025000065 ], [ 122.122370310000065, 13.407557847000021 ], [ 122.13032948700004, 13.399518056000035 ], [ 122.146918589000066, 13.395635441000024 ], [ 122.147612164000066, 13.407557436000047 ], [ 122.125371503000125, 13.425901889000045 ] ] ] ] } },
{ "type": "Feature", "properties": { "adm1_psgc": 1700000000, "adm2_psgc": 1705100000, "adm2_en": "Occidental Mindoro", "geo_level": "Prov", "len_crs": 851154, "area_crs": 5975358124, "len_km": 851, "area_km2": 5975 }, "geometry": { "type": "MultiPolygon", "coordinates": [ [ [ [ 120.045412474000031, 13.866463494000072 ], [ 120.057268403000094, 13.872208980000039 ], [ 120.054794654000048, 13.885152870000068 ], [ 120.0459672920001, 13.896655501000051 ], [ 120.02539039300008, 13.897023877000038 ], [ 120.018031512000107, 13.888869304000025 ], [ 120.022041743000031, 13.881558981000071 ], [ 120.031341086000111, 13.87765553300005 ], [ 120.045412474000031, 13.866463494000072 ] ] ], [ [ [ 120.268870199000034, 13.670427757000027 ], [ 120.279961661000016, 13.687601585000039 ], [ 120.290981086000102, 13.683258233000059 ], [ 120.286905901000068, 13.698434228000052 ], [ 120.28773679600009, 13.711167919000046 ], [ 120.275683687000097, 13.704371559000037 ], [ 120.268667196000024, 13.705411269000022 ], [ 120.253053815000044, 13.716661677000046 ], [ 120.250659651000092, 13.725849982000057 ], [ 120.25669138, 13.733890734000054 ], [ 120.278875566000011, 13.741518611000057 ], [ 120.268313430000049, 13.750945422000028 ], [ 120.263348251000025, 13.765133735000063 ], [ 120.263740104000021, 13.777289721000049 ], [ 120.255967370000022, 13.784109504000071 ], [ 120.254315165000094, 13.792349659000021 ], [ 120.236162823000086, 13.79222571900004 ], [ 120.239647582000089, 13.801349999000019 ], [ 120.235322562000064, 13.810009728000066 ], [ 120.223286282000103, 13.820672090000075 ], [ 120.211582715000091, 13.82279304100007 ], [ 120.210547474, 13.812238258000038 ], [ 120.202406321000026, 13.810935963000077 ], [ 120.192512063000081, 13.825744945000054 ], [ 120.17187965100004, 13.825897433000021 ], [ 120.163726926000109, 13.83020353100005 ], [ 120.148758902000054, 13.849473365000049 ], [ 120.132508283000107, 13.857781291000036 ], [ 120.10543769700007, 13.863482031000046 ], [ 120.090214367000044, 13.864584576000027 ], [ 120.07679464100012, 13.85016738200005 ], [ 120.084686408000039, 13.839152030000033 ], [ 120.094275513000085, 13.835650970000074 ], [ 120.090880335000065, 13.810024699000055 ], [ 120.099564249000096, 13.785622679000028 ], [ 120.111781043000065, 13.781731384000068 ], [ 120.121197343000063, 13.769867473000032 ], [ 120.128978456000027, 13.764820290000047 ], [ 120.139921465000043, 13.764983045000065 ], [ 120.153772212000035, 13.758943768000053 ], [ 120.15617198300005, 13.746355252000056 ], [ 120.174348897000073, 13.736791960000064 ], [ 120.184786459000065, 13.740772915000036 ], [ 120.202980178000075, 13.733987002000047 ], [ 120.209852880000099, 13.728197713000041 ], [ 120.215773791000061, 13.713653807000069 ], [ 120.234519184000078, 13.71148234000003 ], [ 120.253919115000031, 13.702342792000021 ], [ 120.253754962000016, 13.695526272000052 ], [ 120.268870199000034, 13.670427757000027 ] ] ], [ [ [ 120.305057694000084, 13.832022729000071 ], [ 120.296718719000083, 13.835864352000042 ], [ 120.284575411000105, 13.832276659000057 ], [ 120.288311425000074, 13.822573479000029 ], [ 120.284087133000057, 13.814954912000074 ], [ 120.259994054000117, 13.811589532000026 ], [ 120.263852695000097, 13.804629826000053 ], [ 120.274233485000082, 13.806408271000066 ], [ 120.277068403000058, 13.788082510000036 ], [ 120.310226251000017, 13.775112397000044 ], [ 120.314712537000091, 13.78261236700007 ], [ 120.330043861000036, 13.787211295000075 ], [ 120.335198812000058, 13.806161148000058 ], [ 120.327076395000063, 13.807789725000079 ], [ 120.323538520000042, 13.819446562000053 ], [ 120.308849143000074, 13.823301508000043 ], [ 120.305057694000084, 13.832022729000071 ] ] ], [ [ [ 120.422621173000039, 13.627657895000027 ], [ 120.423194382, 13.64075457800004 ], [ 120.418776437000034, 13.647378294000074 ], [ 120.406869802000074, 13.654978769000021 ], [ 120.380042784000011, 13.654374891000032 ], [ 120.372315739000115, 13.666223097000053 ], [ 120.355499722000118, 13.666331562000039 ], [ 120.340052885000105, 13.675336285000068 ], [ 120.326779489000032, 13.675167937000023 ], [ 120.317525423000021, 13.669970451000042 ], [ 120.328953950000027, 13.66304811200007 ], [ 120.346997234000028, 13.661066681000023 ], [ 120.361095144000046, 13.650138835000066 ], [ 120.367190503000074, 13.650005990000068 ], [ 120.384461872000074, 13.640805602000055 ], [ 120.384076002000043, 13.635679763000038 ], [ 120.398748168000111, 13.633019374000073 ], [ 120.405241045000011, 13.628681298000062 ], [ 120.422621173000039, 13.627657895000027 ] ] ], [ [ [ 120.883777819000088, 13.500751612000043 ], [ 120.874296213000093, 13.49727023200006 ], [ 120.855151409000101, 13.484727092000067 ], [ 120.842765949000068, 13.486814472000045 ], [ 120.813090636000098, 13.478439081000031 ], [ 120.785828367000022, 13.468433221000057 ], [ 120.77887216900001, 13.469991221000045 ], [ 120.762707500000033, 13.464652527000053 ], [ 120.747237584000132, 13.466042472000025 ], [ 120.734218380000016, 13.470384610000053 ], [ 120.721624193000039, 13.479308338000065 ], [ 120.679226169000117, 13.488001370000065 ], [ 120.672479069000033, 13.491943779000053 ], [ 120.653488291000045, 13.49237210800004 ], [ 120.647770543000078, 13.488710863000053 ], [ 120.614195222000049, 13.48910294500007 ], [ 120.609649908000051, 13.494662037000067 ], [ 120.593676241000026, 13.496857040000068 ], [ 120.585837894000065, 13.501766335000067 ], [ 120.560435217000077, 13.508323020000034 ], [ 120.551626863000024, 13.504378651000021 ], [ 120.526312483000083, 13.504285680000066 ], [ 120.505457293000063, 13.509846982000054 ], [ 120.478220407000109, 13.503861353000049 ], [ 120.464997112000106, 13.508510244000034 ], [ 120.453712841000097, 13.51813722700007 ], [ 120.413268320000043, 13.53084025500004 ], [ 120.364024467000036, 13.514656403000062 ], [ 120.34544126500009, 13.505214643000047 ], [ 120.34211065600006, 13.497369588000025 ], [ 120.327198593000048, 13.491132975000024 ], [ 120.32011422000005, 13.479490019000025 ], [ 120.313333645000043, 13.476236478000031 ], [ 120.310476498000085, 13.455868321000022 ], [ 120.299175990000109, 13.445166755000056 ], [ 120.309194374000072, 13.431479728000056 ], [ 120.310649551000097, 13.42018476800007 ], [ 120.324128640000026, 13.406812655000065 ], [ 120.33487999700003, 13.391958764000037 ], [ 120.345083115000065, 13.382094476000075 ], [ 120.361098174000062, 13.384414676000063 ], [ 120.372937492, 13.377651851000053 ], [ 120.386737055000026, 13.375043978000065 ], [ 120.394544581000119, 13.385472898000046 ], [ 120.388801819000037, 13.403519739000048 ], [ 120.394138165000072, 13.411839410000027 ], [ 120.411626104000106, 13.414590847000055 ], [ 120.425761410000064, 13.424619798000037 ], [ 120.435687315000109, 13.427135893000068 ], [ 120.45657850900011, 13.418639173000033 ], [ 120.474228406000051, 13.396813493000025 ], [ 120.466413392000064, 13.379206900000042 ], [ 120.467853177000052, 13.367730049000043 ], [ 120.474033214000087, 13.356905287000075 ], [ 120.486409648000063, 13.320106725000072 ], [ 120.487762337000035, 13.304359477000045 ], [ 120.482072395000046, 13.293314112000074 ], [ 120.504880609000111, 13.265128078000032 ], [ 120.516092468000025, 13.269856052000021 ], [ 120.52318650200003, 13.266436541000076 ], [ 120.529994594000073, 13.247949722000046 ], [ 120.5250827200001, 13.231103159000043 ], [ 120.530139867000116, 13.227101528000048 ], [ 120.545179865, 13.230839737000055 ], [ 120.557267985000067, 13.225946708000038 ], [ 120.572951234000016, 13.226951897000047 ], [ 120.573292428000059, 13.221164849000045 ], [ 120.593696277000049, 13.221072173000035 ], [ 120.609877656000094, 13.198568678000072 ], [ 120.621642083000097, 13.198152470000023 ], [ 120.63462856000001, 13.193328257000077 ], [ 120.647905007000077, 13.191938336000021 ], [ 120.653623383000081, 13.187526114000034 ], [ 120.657287207000081, 13.175805997000055 ], [ 120.677385593000054, 13.151344281000036 ], [ 120.683246450000084, 13.133734036000019 ], [ 120.704188077000026, 13.106089063000068 ], [ 120.725101511000048, 13.064967652000064 ], [ 120.731815953000023, 13.064380409000023 ], [ 120.737200784000024, 13.055098485000029 ], [ 120.760675128000116, 13.002569031000064 ], [ 120.771398019000131, 12.952553632000047 ], [ 120.77439830700007, 12.932882029000043 ], [ 120.7796215420001, 12.917398886000058 ], [ 120.783440172000056, 12.882588960000023 ], [ 120.782458571, 12.86918232600004 ], [ 120.773054190000039, 12.845372235000069 ], [ 120.773411259000113, 12.836381308000059 ], [ 120.78393965600003, 12.823705027000074 ], [ 120.788672540000107, 12.790123648000076 ], [ 120.784644138000075, 12.784737781000048 ], [ 120.792519823000035, 12.753259814000046 ], [ 120.788990650000088, 12.734430004000048 ], [ 120.796191665000038, 12.724348959000054 ], [ 120.804231646000076, 12.72022516800007 ], [ 120.819059978000041, 12.72117473900005 ], [ 120.836557685000116, 12.727594016000069 ], [ 120.852978299000043, 12.719055145000029 ], [ 120.859451180000065, 12.712935992000043 ], [ 120.870150310000113, 12.68273848600006 ], [ 120.879504520000069, 12.677830076000079 ], [ 120.887576248000087, 12.663096578000022 ], [ 120.90146461900008, 12.656961366000072 ], [ 120.91201456400006, 12.639113303000043 ], [ 120.91916307200006, 12.619494609000068 ], [ 120.928244699000061, 12.614455774000021 ], [ 120.938549474000069, 12.580825373000041 ], [ 120.934302517000106, 12.558834822000051 ], [ 120.923601720000079, 12.549946022000029 ], [ 120.919566219000089, 12.532348773000022 ], [ 120.92549691000012, 12.514753682000045 ], [ 120.924600343000051, 12.505793615000073 ], [ 120.933399714000089, 12.494046264000078 ], [ 120.943795863000105, 12.487675544000071 ], [ 120.960035531, 12.456248022000066 ], [ 120.97208021500002, 12.439876087000073 ], [ 120.980106393000042, 12.423448437000046 ], [ 120.9901790790001, 12.417304363000024 ], [ 121.007452529000034, 12.411373962000026 ], [ 121.016761801000015, 12.398580592000028 ], [ 121.027490899000099, 12.377250490000053 ], [ 121.041471701000091, 12.359665072000039 ], [ 121.058546179000018, 12.352368202000036 ], [ 121.067494643000032, 12.339855598000039 ], [ 121.08514299400008, 12.328081962000054 ], [ 121.08755456400003, 12.337426447000039 ], [ 121.103756730000114, 12.327092435000054 ], [ 121.11970399400002, 12.328331119000037 ], [ 121.1182147090001, 12.320052118000037 ], [ 121.103099473000043, 12.30491845700004 ], [ 121.093203340000073, 12.28893985600007 ], [ 121.094822758000078, 12.270025366000025 ], [ 121.103258797000095, 12.275271344000032 ], [ 121.112526970000076, 12.266284247000042 ], [ 121.110774917000072, 12.254042585000036 ], [ 121.11416599100005, 12.244523963000061 ], [ 121.128195424000054, 12.240812916000039 ], [ 121.150832288000075, 12.245474187000069 ], [ 121.1894971480001, 12.244013404000043 ], [ 121.210989673000086, 12.237882374000037 ], [ 121.219420623000019, 12.228524634000053 ], [ 121.232329458000095, 12.223635932000036 ], [ 121.243503716000077, 12.207783105000033 ], [ 121.240895544000082, 12.24314360300002 ], [ 121.242770747, 12.265848958000049 ], [ 121.246869175000029, 12.291886716000018 ], [ 121.235851170000061, 12.319666766000067 ], [ 121.229495102000115, 12.411468316000027 ], [ 121.232228038000017, 12.440650479000055 ], [ 121.235102194000078, 12.488426217000038 ], [ 121.238736782000061, 12.522414437000066 ], [ 121.24943248000011, 12.545303128000057 ], [ 121.258616460000098, 12.650692021000051 ], [ 121.261273361, 12.694725695000047 ], [ 121.256286760000094, 12.728058734000056 ], [ 121.258741129000086, 12.756897567000067 ], [ 121.247024293000109, 12.826554369000064 ], [ 121.243548991000026, 12.899506232000023 ], [ 121.245298621000074, 12.923056417000057 ], [ 121.243087355000057, 12.978253805000064 ], [ 121.23957866800005, 13.010270545000026 ], [ 121.240881433000041, 13.065091710000045 ], [ 121.185456748000092, 13.081633324000055 ], [ 121.16962748800006, 13.093317855000066 ], [ 121.118488529000061, 13.105488950000051 ], [ 121.003831252000069, 13.180538426000057 ], [ 120.973278316, 13.197198405000055 ], [ 120.951675714000089, 13.206755686000065 ], [ 120.909523635000042, 13.227908476000039 ], [ 120.867735444000132, 13.24703289200005 ], [ 120.800676066000065, 13.280248262000041 ], [ 120.887015125000062, 13.422209404000055 ], [ 120.888238235, 13.477842442000053 ], [ 120.883777819000088, 13.500751612000043 ] ] ], [ [ [ 121.103337631000059, 12.208372861000042 ], [ 121.105882480000105, 12.227924586000029 ], [ 121.102502576, 12.239251178000075 ], [ 121.092746526000056, 12.256078851000039 ], [ 121.086593011000105, 12.276194684000073 ], [ 121.074215446000053, 12.297520782000047 ], [ 121.05056855600003, 12.293938633000039 ], [ 121.042902082000069, 12.289966467000058 ], [ 121.035060123000108, 12.272325569000031 ], [ 121.033237116000024, 12.243940328000061 ], [ 121.039191813000116, 12.223300557000073 ], [ 121.068739862000044, 12.21537058700005 ], [ 121.080470132000073, 12.206671990000075 ], [ 121.088131988000086, 12.18992360800007 ], [ 121.086393374000068, 12.173900804000025 ], [ 121.105122025000028, 12.171322328000029 ], [ 121.118198637000091, 12.153010055000037 ], [ 121.135140974000024, 12.159443421000045 ], [ 121.13343681400012, 12.170207184000049 ], [ 121.124036644000057, 12.182697406000045 ], [ 121.115772449000019, 12.198583619000031 ], [ 121.101447545000056, 12.200921584000072 ], [ 121.103337631000059, 12.208372861000042 ] ] ], [ [ [ 121.027696646000095, 12.18542067900006 ], [ 121.019159074000072, 12.196057111000073 ], [ 121.025452492000113, 12.204545167000049 ], [ 121.037738951000065, 12.204157564000067 ], [ 121.025831367, 12.217842393000069 ], [ 121.021390191000023, 12.229909659000041 ], [ 121.007550318000085, 12.232320660000028 ], [ 121.001592301000073, 12.219654459000026 ], [ 121.006729258000078, 12.201413520000076 ], [ 121.01209398200001, 12.201008354000065 ], [ 121.027696646000095, 12.18542067900006 ] ] ] ] } },
{ "type": "Feature", "properties": { "adm1_psgc": 1700000000, "adm2_psgc": 1705200000, "adm2_en": "Oriental Mindoro", "geo_level": "Prov", "len_crs": 605235, "area_crs": 4198894631, "len_km": 605, "area_km2": 4198 }, "geometry": { "type": "MultiPolygon", "coordinates": [ [ [ [ 121.382009355000037, 12.279813460000071 ], [ 121.369034520000014, 12.278538460000048 ], [ 121.377383201000058, 12.263820448000045 ], [ 121.385798243000053, 12.268175740000061 ], [ 121.382009355000037, 12.279813460000071 ] ] ], [ [ [ 121.44418680900003, 12.383747792000065 ], [ 121.445219404000113, 12.369210033000059 ], [ 121.455538909000097, 12.368678938000071 ], [ 121.459574116000113, 12.376062309000076 ], [ 121.44418680900003, 12.383747792000065 ] ] ], [ [ [ 121.243503716000077, 12.207783105000033 ], [ 121.247898419000094, 12.21003799600004 ], [ 121.262946141000057, 12.238838823000036 ], [ 121.263898466000128, 12.26722977600002 ], [ 121.274146002000052, 12.277368976000044 ], [ 121.279047209000055, 12.287470806000043 ], [ 121.296499284000106, 12.286198196000043 ], [ 121.305317642000091, 12.293491780000068 ], [ 121.331937301000053, 12.294139467000036 ], [ 121.345160885000027, 12.325955426000062 ], [ 121.36178671100005, 12.324090474000059 ], [ 121.364639246000038, 12.308852030000025 ], [ 121.369698726000038, 12.300966435000023 ], [ 121.36963684300008, 12.289903053000044 ], [ 121.378492831, 12.283884029000031 ], [ 121.383249299000113, 12.295526372000042 ], [ 121.396585394000098, 12.285951252000075 ], [ 121.401153878000073, 12.294745519000058 ], [ 121.386000641, 12.318535017000045 ], [ 121.384076678000056, 12.362531779000051 ], [ 121.39295155700006, 12.366567519000059 ], [ 121.41347500300003, 12.367208874000029 ], [ 121.425317931000123, 12.359815968000019 ], [ 121.443707679000113, 12.355286048000039 ], [ 121.441412191000026, 12.366788049000036 ], [ 121.428558740000099, 12.385048640000035 ], [ 121.414447891, 12.391851285000032 ], [ 121.415179617000021, 12.405315579000044 ], [ 121.412734946000114, 12.433499018000076 ], [ 121.409662514000047, 12.444514043000027 ], [ 121.425173680000043, 12.453356174000017 ], [ 121.421660028000034, 12.462847746000023 ], [ 121.439855481000109, 12.481580213000029 ], [ 121.437465432000067, 12.491435255000056 ], [ 121.442970516000059, 12.504209718000025 ], [ 121.434894451000105, 12.509302876000048 ], [ 121.443150230000015, 12.521801367000023 ], [ 121.462718227000096, 12.51800343000002 ], [ 121.466437588000076, 12.524508035000057 ], [ 121.490708348000112, 12.537698184000019 ], [ 121.508084588000088, 12.551439806000074 ], [ 121.515974447000076, 12.577349776000061 ], [ 121.531162269000106, 12.59528798100007 ], [ 121.556951897000076, 12.604407211000019 ], [ 121.554583774000093, 12.623621039000055 ], [ 121.548296236000056, 12.642310922000036 ], [ 121.548177161000027, 12.670486760000074 ], [ 121.539440891000027, 12.68590791400004 ], [ 121.538586126000041, 12.69609292500007 ], [ 121.517489277000095, 12.724783963000046 ], [ 121.515521085000046, 12.737990702000049 ], [ 121.500161845000093, 12.738186505000042 ], [ 121.483735129000024, 12.756633674000057 ], [ 121.475935907, 12.774380036000027 ], [ 121.482990716000018, 12.793081432000063 ], [ 121.479370430000031, 12.802111601000036 ], [ 121.484103680000089, 12.814695025000049 ], [ 121.483813675000079, 12.827512775000057 ], [ 121.494520138000098, 12.848849236000033 ], [ 121.486026386000034, 12.870013973000027 ], [ 121.482326365000063, 12.89559346300007 ], [ 121.483022600000027, 12.904741507000042 ], [ 121.498342816000118, 12.939006966000022 ], [ 121.492333281000015, 12.977559220000044 ], [ 121.486068232000093, 12.99869095100007 ], [ 121.486007800000053, 13.016397715000037 ], [ 121.489714304000032, 13.028993634000074 ], [ 121.505073148000065, 13.054728030000035 ], [ 121.519353267000042, 13.065036367000062 ], [ 121.541276139000047, 13.074733316000046 ], [ 121.556438240000034, 13.088544728000045 ], [ 121.558333755000035, 13.09583275600005 ], [ 121.549483034000119, 13.121850763000053 ], [ 121.539349474000119, 13.131659337000031 ], [ 121.535457816000076, 13.139913221000027 ], [ 121.525563223000077, 13.143245814000066 ], [ 121.48775644300008, 13.14695341200007 ], [ 121.47518638400004, 13.135852768000065 ], [ 121.460396373000094, 13.138778923000073 ], [ 121.439080126000022, 13.149932461000047 ], [ 121.435372096000023, 13.160066680000057 ], [ 121.443421346000051, 13.180079034000071 ], [ 121.449646977000043, 13.189870744000075 ], [ 121.445163606000051, 13.197195043000022 ], [ 121.444491540000072, 13.214681650000047 ], [ 121.437118869000088, 13.22505550300002 ], [ 121.430942624000053, 13.225800853000068 ], [ 121.414965207000037, 13.237473138000041 ], [ 121.395066007000082, 13.23706405000007 ], [ 121.392117502000033, 13.241213793000044 ], [ 121.379296283000031, 13.239255101000028 ], [ 121.381188183000049, 13.247343767000075 ], [ 121.370585935, 13.257500579000068 ], [ 121.368638389000026, 13.264595626000073 ], [ 121.355122199000107, 13.28541267500003 ], [ 121.331529669000034, 13.311268459000075 ], [ 121.311989794000041, 13.329594243000031 ], [ 121.304271890000123, 13.343813746000023 ], [ 121.282153428000015, 13.358237197000051 ], [ 121.252924197000098, 13.372678608000058 ], [ 121.241537441000105, 13.384665269000038 ], [ 121.228124062, 13.403561861000073 ], [ 121.20892174700009, 13.417809854000041 ], [ 121.196506203000013, 13.434361703000034 ], [ 121.193551460000094, 13.423536272000035 ], [ 121.180647611000026, 13.416046794000067 ], [ 121.156837707000037, 13.411272395000024 ], [ 121.13686785600008, 13.410699704000024 ], [ 121.102681511000014, 13.418321490000039 ], [ 121.089640796000012, 13.415864738000039 ], [ 121.080346708000093, 13.408984184000074 ], [ 121.062715749000063, 13.403941213000051 ], [ 121.048243821000042, 13.413857041000027 ], [ 121.03652270300006, 13.418454498000074 ], [ 121.026016076000019, 13.429339635000076 ], [ 121.018237222000053, 13.442102721000024 ], [ 121.004470050000023, 13.44986128000005 ], [ 120.986339227000045, 13.470611877000067 ], [ 120.97407608900005, 13.469282908000025 ], [ 120.967176378000076, 13.483595361000026 ], [ 120.955174961000026, 13.496466357000031 ], [ 120.960152780000044, 13.501621362000035 ], [ 120.977934474000108, 13.507635429000061 ], [ 120.982704349000059, 13.51499602700005 ], [ 120.964474929000062, 13.526339248000053 ], [ 120.960961239000071, 13.511396888000037 ], [ 120.951381029000117, 13.502527110000074 ], [ 120.92996438800003, 13.508258492000039 ], [ 120.925629960000023, 13.512368470000068 ], [ 120.907200437000029, 13.511006996000051 ], [ 120.89353463000009, 13.498677563000058 ], [ 120.883777819000088, 13.500751612000043 ], [ 120.888238235, 13.477842442000053 ], [ 120.887015125000062, 13.422209404000055 ], [ 120.800676066000065, 13.280248262000041 ], [ 120.867735444000132, 13.24703289200005 ], [ 120.909523635000042, 13.227908476000039 ], [ 120.951675714000089, 13.206755686000065 ], [ 120.973278316, 13.197198405000055 ], [ 121.003831252000069, 13.180538426000057 ], [ 121.118488529000061, 13.105488950000051 ], [ 121.16962748800006, 13.093317855000066 ], [ 121.185456748000092, 13.081633324000055 ], [ 121.240881433000041, 13.065091710000045 ], [ 121.23957866800005, 13.010270545000026 ], [ 121.243087355000057, 12.978253805000064 ], [ 121.245298621000074, 12.923056417000057 ], [ 121.243548991000026, 12.899506232000023 ], [ 121.247024293000109, 12.826554369000064 ], [ 121.258741129000086, 12.756897567000067 ], [ 121.256286760000094, 12.728058734000056 ], [ 121.261273361, 12.694725695000047 ], [ 121.258616460000098, 12.650692021000051 ], [ 121.24943248000011, 12.545303128000057 ], [ 121.238736782000061, 12.522414437000066 ], [ 121.235102194000078, 12.488426217000038 ], [ 121.232228038000017, 12.440650479000055 ], [ 121.229495102000115, 12.411468316000027 ], [ 121.235851170000061, 12.319666766000067 ], [ 121.246869175000029, 12.291886716000018 ], [ 121.242770747, 12.265848958000049 ], [ 121.240895544000082, 12.24314360300002 ], [ 121.243503716000077, 12.207783105000033 ] ] ] ] } },
{ "type": "Feature", "properties": { "adm1_psgc": 1700000000, "adm2_psgc": 1705300000, "adm2_en": "Palawan", "geo_level": "Prov", "len_crs": 6630994, "area_crs": 14464840465, "len_km": 6630, "area_km2": 14464 }, "geometry": { "type": "MultiPolygon", "coordinates": [ [ [ [ 120.015518067000016, 12.000373056000056 ], [ 120.020686581000078, 11.987890241000057 ], [ 120.037597264000055, 11.996706680000042 ], [ 120.04754629500006, 11.994877947000074 ], [ 120.061484591000067, 12.014430484000059 ], [ 120.088029299000027, 11.99542166900005 ], [ 120.080376328000071, 11.985961449000056 ], [ 120.092519325000012, 11.97247647100005 ], [ 120.112616348000088, 11.975183364000031 ], [ 120.114242027000046, 11.988812472000063 ], [ 120.126835991, 11.990930351000031 ], [ 120.137371514000051, 12.002740103000059 ], [ 120.124466515000108, 12.01731660300004 ], [ 120.12626001700005, 12.028694120000067 ], [ 120.133121266000103, 12.031986320000042 ], [ 120.140208571000016, 12.023673349000033 ], [ 120.16099988800012, 12.022575005000022 ], [ 120.165292369000113, 12.029702072000076 ], [ 120.175786988000041, 12.023940918000051 ], [ 120.177281076000114, 12.00847397500007 ], [ 120.200296268000102, 12.00012778700005 ], [ 120.205914600000042, 11.993788189000041 ], [ 120.227047368000058, 11.990252012000042 ], [ 120.244278532000081, 11.998454085000049 ], [ 120.251642495000056, 12.006602833000047 ], [ 120.267570196000065, 12.005039580000073 ], [ 120.270359454000072, 11.998610118000043 ], [ 120.291311169000082, 11.983403834000059 ], [ 120.302527916000045, 11.982350897000059 ], [ 120.309819833, 11.997787322000022 ], [ 120.321391014000042, 12.000485148000053 ], [ 120.328720980000057, 11.995762714000024 ], [ 120.339910877000094, 12.012359020000076 ], [ 120.324180428000105, 12.031050708000066 ], [ 120.324669556000131, 12.03795901400002 ], [ 120.335440939000023, 12.046647706000044 ], [ 120.340984867000088, 12.057722276000051 ], [ 120.335894548000056, 12.073636676000035 ], [ 120.325889826000108, 12.083641250000028 ], [ 120.33273296000003, 12.091371833000037 ], [ 120.323641021000071, 12.097209286000066 ], [ 120.318060872000046, 12.091270868000034 ], [ 120.306908446000079, 12.098581654000043 ], [ 120.303122103000078, 12.105630246000029 ], [ 120.304904625000063, 12.117346979000045 ], [ 120.284190509000041, 12.11750649700002 ], [ 120.283755183000039, 12.128217824000044 ], [ 120.273056062000023, 12.143761512000022 ], [ 120.266011867000103, 12.130807436000055 ], [ 120.253820232000052, 12.128617290000022 ], [ 120.245860756000084, 12.132455197000068 ], [ 120.252203582000121, 12.145733807000056 ], [ 120.241922311000053, 12.160448281000072 ], [ 120.242797703000051, 12.17603432100003 ], [ 120.238321838000061, 12.183250100000066 ], [ 120.240426863000039, 12.194650336000048 ], [ 120.225444221000075, 12.197516476000029 ], [ 120.221273133000054, 12.206985320000058 ], [ 120.213085265000018, 12.170203129000068 ], [ 120.207048727000029, 12.154495023000035 ], [ 120.215290171000106, 12.145674198000052 ], [ 120.213196236000059, 12.131518381000035 ], [ 120.192103780000025, 12.135160335000021 ], [ 120.179683539000052, 12.133032541000032 ], [ 120.186249130000093, 12.116916257000069 ], [ 120.162120171000097, 12.122399840000067 ], [ 120.145390919000079, 12.142060978000076 ], [ 120.128344497000057, 12.14823669900005 ], [ 120.121877797000039, 12.159135224000069 ], [ 120.10994074700011, 12.163171805000045 ], [ 120.105776554000059, 12.171435981000057 ], [ 120.093549747000111, 12.173577697000042 ], [ 120.099224747000108, 12.200938834000054 ], [ 120.087553671000023, 12.203413381000075 ], [ 120.085382811000045, 12.195390819000066 ], [ 120.076011140000119, 12.189712529000074 ], [ 120.061807872000045, 12.191802779000056 ], [ 120.059963289000052, 12.201577924000048 ], [ 120.049548217000037, 12.216263456000032 ], [ 120.048173415000065, 12.226660705000025 ], [ 120.028497904, 12.239679437000062 ], [ 120.022041037000022, 12.23959656000005 ], [ 120.009993760000043, 12.255177644000073 ], [ 119.997325021000051, 12.260894207000035 ], [ 119.984724021000034, 12.259233021000057 ], [ 119.966167522000092, 12.270793808000064 ], [ 119.94850794200012, 12.26514704200002 ], [ 119.929646348, 12.270133907000057 ], [ 119.935169261000055, 12.279442316000029 ], [ 119.932173877000082, 12.289137507000023 ], [ 119.923136347000067, 12.298673587000053 ], [ 119.926799648000042, 12.31431803600003 ], [ 119.923462937000082, 12.319622195000022 ], [ 119.905539512, 12.322031684000022 ], [ 119.894290411000043, 12.329635421000033 ], [ 119.88030076500003, 12.327439257000037 ], [ 119.873744052, 12.315460283000048 ], [ 119.864273919000084, 12.310385838000059 ], [ 119.868018361000054, 12.303638622000047 ], [ 119.868733924000011, 12.288371798000069 ], [ 119.878656623000111, 12.289665048000076 ], [ 119.876848596000045, 12.269510564000027 ], [ 119.91319119000002, 12.277472716000032 ], [ 119.902188483000018, 12.267480611000051 ], [ 119.886707648000083, 12.263580620000029 ], [ 119.878237136000052, 12.265373416000047 ], [ 119.869653796000094, 12.253950974000075 ], [ 119.859623968000051, 12.249894397000048 ], [ 119.859092099, 12.235269989000072 ], [ 119.873110489000055, 12.230016880000051 ], [ 119.875406515000023, 12.223237448000077 ], [ 119.865777625000078, 12.209612684000032 ], [ 119.864324403000069, 12.194159548000075 ], [ 119.853330253000081, 12.184245538000024 ], [ 119.848257363000016, 12.174899865000045 ], [ 119.849664622000077, 12.165968797000062 ], [ 119.860696370000042, 12.154727525000053 ], [ 119.86175636400003, 12.167452448000063 ], [ 119.872300031, 12.185507991000064 ], [ 119.877945496000066, 12.199672156000075 ], [ 119.885728505000102, 12.205420886000072 ], [ 119.896620719000126, 12.201441058000055 ], [ 119.898838224000087, 12.190429824000034 ], [ 119.905430269000036, 12.181137303000071 ], [ 119.900172575000056, 12.163333917000044 ], [ 119.914660345, 12.156372844000028 ], [ 119.926050381000096, 12.140915135000057 ], [ 119.934787470000074, 12.121707312000069 ], [ 119.930114749000026, 12.100057369000069 ], [ 119.933017866000128, 12.087426987000072 ], [ 119.950970423000072, 12.078874917000064 ], [ 119.947284080000031, 12.06869714000004 ], [ 119.951918803, 12.056683750000044 ], [ 119.969209674000012, 12.062831030000041 ], [ 119.972202100000118, 12.024090578000028 ], [ 119.98554959500008, 12.031126448000066 ], [ 119.984472343000121, 12.016134444000043 ], [ 119.977777707000087, 12.009687750000065 ], [ 119.991892775000096, 12.003285979000054 ], [ 119.997571350000044, 12.005955117000042 ], [ 120.015518067000016, 12.000373056000056 ] ] ], [ [ [ 120.369790221000031, 12.25992299400002 ], [ 120.371760612000131, 12.270805999000057 ], [ 120.366545904000077, 12.293268314000045 ], [ 120.360567498000023, 12.304061541000067 ], [ 120.346479788000025, 12.302886006000051 ], [ 120.364085577000083, 12.28057239000003 ], [ 120.365060569000093, 12.26832156200004 ], [ 120.369790221000031, 12.25992299400002 ] ] ], [ [ [ 120.391638893000049, 12.214489247000072 ], [ 120.397194612000035, 12.229904905000069 ], [ 120.386428291, 12.23123244000004 ], [ 120.391638893000049, 12.214489247000072 ] ] ], [ [ [ 120.13836079500004, 12.199449980000058 ], [ 120.150062868000091, 12.186604592000036 ], [ 120.147570592000065, 12.178994514000065 ], [ 120.155662217000085, 12.170064797000066 ], [ 120.161656156000035, 12.171588182000047 ], [ 120.174835043000016, 12.157122283000033 ], [ 120.184753829000101, 12.155920619000026 ], [ 120.192471500000025, 12.14932662700005 ], [ 120.19786907000001, 12.155525137000039 ], [ 120.18481265100003, 12.162759334000045 ], [ 120.179783280000038, 12.160847482000065 ], [ 120.15698563400008, 12.179979250000033 ], [ 120.15419733300007, 12.187325131000021 ], [ 120.13836079500004, 12.199449980000058 ] ] ], [ [ [ 119.867257869000028, 12.133540448000074 ], [ 119.873188390000109, 12.139566497000033 ], [ 119.876423830000022, 12.157397672000059 ], [ 119.868039122000027, 12.163934171000053 ], [ 119.865006559000122, 12.14137279000005 ], [ 119.867257869000028, 12.133540448000074 ] ] ], [ [ [ 119.83589452700005, 11.988156065000052 ], [ 119.851816269000096, 11.989464878000033 ], [ 119.854734977000035, 11.998302152000065 ], [ 119.841148242000045, 11.998156820000073 ], [ 119.83589452700005, 11.988156065000052 ] ] ], [ [ [ 119.935736030000044, 11.98716573300004 ], [ 119.950458342000061, 11.983171106000043 ], [ 119.961081476000132, 11.98714240600003 ], [ 119.954137288000084, 11.995108604000052 ], [ 119.935821001000022, 11.993796548000034 ], [ 119.935736030000044, 11.98716573300004 ] ] ], [ [ [ 120.062608693000016, 11.986730575000024 ], [ 120.066914062000023, 11.961323840000034 ], [ 120.082510603000046, 11.960164437000058 ], [ 120.082472175, 11.96957818900006 ], [ 120.072983063000052, 11.987185018000048 ], [ 120.062608693000016, 11.986730575000024 ] ] ], [ [ [ 120.195854569000062, 11.979921098000036 ], [ 120.187284192000121, 11.990410840000038 ], [ 120.180951677000039, 11.992001213000037 ], [ 120.167343263000021, 11.982759234000069 ], [ 120.145609526000058, 11.986355277000031 ], [ 120.135273881000103, 11.99190613500002 ], [ 120.132786253000049, 11.974493490000043 ], [ 120.138913335000098, 11.970060239000077 ], [ 120.163128222000083, 11.97588091400007 ], [ 120.17681617900007, 11.981971777000066 ], [ 120.178068369000016, 11.975673768000036 ], [ 120.189308541000059, 11.966307714000036 ], [ 120.197371104000013, 11.968484600000062 ], [ 120.195854569000062, 11.979921098000036 ] ] ], [ [ [ 120.258215798000037, 11.891659313000048 ], [ 120.249037262000115, 11.908548791000042 ], [ 120.253371229000081, 11.917675210000025 ], [ 120.264841358000012, 11.914779319000047 ], [ 120.268157231000032, 11.924124840000047 ], [ 120.276182616000028, 11.92592229400003 ], [ 120.272901653000091, 11.938586106000059 ], [ 120.273659690000059, 11.952383265000037 ], [ 120.266136012000075, 11.959851970000043 ], [ 120.272058105000056, 11.968468073000054 ], [ 120.245442828000023, 11.98575853400007 ], [ 120.242359496000063, 11.974661295000029 ], [ 120.229527255000121, 11.962647627000022 ], [ 120.215929597000027, 11.957255226000031 ], [ 120.208387269, 11.944639743000041 ], [ 120.193438379000099, 11.949474251000026 ], [ 120.194757185000071, 11.933499636000022 ], [ 120.204002838000051, 11.926367038000025 ], [ 120.208964284000103, 11.911243351000055 ], [ 120.220173039000088, 11.899122080000039 ], [ 120.230831097000078, 11.879588657000053 ], [ 120.236687572000037, 11.846676940000066 ], [ 120.254648830000079, 11.815183395000076 ], [ 120.258076663000111, 11.827438482000044 ], [ 120.252523567000026, 11.830228891000047 ], [ 120.24654617300007, 11.848782809000056 ], [ 120.252951016000111, 11.850808043000027 ], [ 120.258929882000061, 11.863853493000024 ], [ 120.258215798000037, 11.891659313000048 ] ] ], [ [ [ 119.830409822000092, 11.938590159000054 ], [ 119.831255148000096, 11.946366253000063 ], [ 119.839979261000053, 11.950252121000064 ], [ 119.846876512000108, 11.966692195000064 ], [ 119.854040631000089, 11.975356285000032 ], [ 119.847278457000016, 11.981652491000032 ], [ 119.83492085200011, 11.958180731000025 ], [ 119.828841852000096, 11.953798624000058 ], [ 119.825747022000073, 11.942326928000057 ], [ 119.830409822000092, 11.938590159000054 ] ] ], [ [ [ 119.939053819000051, 11.957457301000032 ], [ 119.953713045000086, 11.955963451000057 ], [ 119.957587449000016, 11.963557970000068 ], [ 119.96854177200008, 11.96523413400007 ], [ 119.958922417000068, 11.97724481600005 ], [ 119.940354945000095, 11.981266923000021 ], [ 119.944062459000065, 11.969904502000073 ], [ 119.939053819000051, 11.957457301000032 ] ] ], [ [ [ 120.060454696000065, 11.797445666000044 ], [ 120.055569122000065, 11.804750913000019 ], [ 120.038120986000081, 11.80844030400004 ], [ 120.035150292000026, 11.832450148000023 ], [ 120.04424017700002, 11.836727893000047 ], [ 120.034422768000013, 11.848182088000044 ], [ 120.037285579000027, 11.854464151000059 ], [ 120.047935631000087, 11.846067605000032 ], [ 120.063168484000016, 11.856960758000072 ], [ 120.073242873000027, 11.85916528900003 ], [ 120.062053587000037, 11.869953615000039 ], [ 120.049340772000065, 11.875527866000024 ], [ 120.020294682000113, 11.882709019000059 ], [ 120.022387047000066, 11.892881936000039 ], [ 120.003897770000108, 11.898126580000051 ], [ 119.993130345000054, 11.892786553000064 ], [ 119.987007049000127, 11.899946112000066 ], [ 120.017039578000109, 11.914872138000019 ], [ 120.02283044, 11.921084973000063 ], [ 120.012372939000102, 11.933867419000023 ], [ 119.998793244000026, 11.934264075000044 ], [ 119.979476903000091, 11.920396236000046 ], [ 119.96966301800002, 11.919666980000041 ], [ 119.958517162000035, 11.913784498000044 ], [ 119.94423639500009, 11.93004158700006 ], [ 119.951850823000086, 11.940085310000027 ], [ 119.959044174000041, 11.942225381000069 ], [ 119.953029655000037, 11.95274501800003 ], [ 119.941504089000105, 11.949741544000061 ], [ 119.921232717000052, 11.957233199000028 ], [ 119.914659923000045, 11.969484639000028 ], [ 119.900439572000096, 11.979113743000028 ], [ 119.890869959000028, 11.969685091000029 ], [ 119.886221721000084, 11.978180816000078 ], [ 119.872158401000092, 11.969493285000054 ], [ 119.875012175000037, 11.953694591000044 ], [ 119.883726637000123, 11.955971436000025 ], [ 119.89435246700009, 11.944231375000074 ], [ 119.886739293000133, 11.934092289000034 ], [ 119.87556315300003, 11.93348344900005 ], [ 119.873881357000059, 11.943746096000041 ], [ 119.866125574000094, 11.941620737000052 ], [ 119.851586080000075, 11.95620850500006 ], [ 119.846009539000079, 11.947369869000054 ], [ 119.860453455000084, 11.933445405000041 ], [ 119.872349391000071, 11.925619182000046 ], [ 119.868608091000056, 11.911822593000069 ], [ 119.869477018000126, 11.896553526000048 ], [ 119.882213095000111, 11.876336534000073 ], [ 119.890602163000025, 11.877990809000039 ], [ 119.89491204400008, 11.861051845000075 ], [ 119.906607241000088, 11.853996923000068 ], [ 119.915258645000108, 11.843903111000031 ], [ 119.902875256000016, 11.83480879800004 ], [ 119.899015515000087, 11.825528705000064 ], [ 119.905326029000108, 11.822275801000048 ], [ 119.911763409000059, 11.805245424000077 ], [ 119.910385312000017, 11.791596276000066 ], [ 119.919695989000047, 11.785033552000074 ], [ 119.925539416000106, 11.774388121000072 ], [ 119.922609281000049, 11.767548477000048 ], [ 119.928570513000082, 11.76029132900004 ], [ 119.944452741000077, 11.763615709000019 ], [ 119.961152337000044, 11.763025809000055 ], [ 119.962796786000027, 11.767616871000028 ], [ 119.959055993000106, 11.786599327000033 ], [ 119.963464130000034, 11.800351703000047 ], [ 119.972804778000068, 11.790501825000035 ], [ 119.984542846000082, 11.800708025000061 ], [ 119.990868885000069, 11.796418731000074 ], [ 119.991886501000081, 11.77587394900007 ], [ 119.970977871000059, 11.762828557000034 ], [ 119.963941781000017, 11.748552317000076 ], [ 119.940732862000132, 11.734046755000064 ], [ 119.937265076000017, 11.723405445000024 ], [ 119.946316739000054, 11.680562861000055 ], [ 119.953105320000091, 11.671847699000068 ], [ 119.952673004000076, 11.661246549000055 ], [ 119.962652869000081, 11.662339356000075 ], [ 119.971956115000026, 11.678650598000045 ], [ 119.985805568000046, 11.669815661000028 ], [ 119.986626543000057, 11.678467119000061 ], [ 120.002359943000087, 11.677373091000049 ], [ 120.005357461000031, 11.691242697000062 ], [ 120.02102437900011, 11.697790515000063 ], [ 120.025281711000048, 11.70658357700006 ], [ 120.037257654000086, 11.717680289000043 ], [ 120.04569200100002, 11.71658384900007 ], [ 120.045521287000042, 11.734208985000066 ], [ 120.055440249000071, 11.744546907000027 ], [ 120.053656661000119, 11.759935128000052 ], [ 120.042774331000032, 11.753484172000071 ], [ 120.042237061000037, 11.76379610400005 ], [ 120.065649343000032, 11.789089757000056 ], [ 120.060454696000065, 11.797445666000044 ] ] ], [ [ [ 120.022804460000089, 11.954736021000031 ], [ 120.006297593000127, 11.960955472000022 ], [ 119.99353563800004, 11.970140235000031 ], [ 119.98512273900009, 11.963648617000045 ], [ 119.985723996000033, 11.944828440000038 ], [ 119.996652691000023, 11.949286516000027 ], [ 120.004633144000081, 11.947938549000071 ], [ 120.022804460000089, 11.954736021000031 ] ] ], [ [ [ 120.042466163000086, 11.934217079000064 ], [ 120.044359378000095, 11.920786289000034 ], [ 120.058797766000126, 11.914594209000027 ], [ 120.067567953000093, 11.916167851000065 ], [ 120.066789191000112, 11.925641462000041 ], [ 120.05419527100004, 11.93314435800005 ], [ 120.042466163000086, 11.934217079000064 ] ] ], [ [ [ 120.071626995000102, 11.851468786000053 ], [ 120.069485429000125, 11.845926385000041 ], [ 120.081781332000119, 11.832026851000021 ], [ 120.082857414000046, 11.826915774000042 ], [ 120.095451735000097, 11.816415854000068 ], [ 120.104783824000037, 11.812643237000032 ], [ 120.115520864000018, 11.818982170000028 ], [ 120.114401177000119, 11.828628184000024 ], [ 120.100733232000053, 11.824573889000019 ], [ 120.100438815000075, 11.846220201000051 ], [ 120.081683554000051, 11.844346579000046 ], [ 120.071626995000102, 11.851468786000053 ] ] ], [ [ [ 120.312083755000117, 11.825980777000035 ], [ 120.319525225, 11.841995479000046 ], [ 120.31653253200011, 11.851255674000072 ], [ 120.307610195000052, 11.844401982000024 ], [ 120.306445001000057, 11.837600171000076 ], [ 120.312083755000117, 11.825980777000035 ] ] ], [ [ [ 120.174760520000049, 11.783752340000037 ], [ 120.183330820000037, 11.75643169500006 ], [ 120.15755420000005, 11.763226936000022 ], [ 120.151165167000045, 11.767157167000049 ], [ 120.139633333, 11.760608050000029 ], [ 120.144151584000056, 11.750929243000032 ], [ 120.152030415000013, 11.753531758000063 ], [ 120.175214264000047, 11.742135043000074 ], [ 120.18099800200001, 11.750948153000023 ], [ 120.193034411000099, 11.754856809000046 ], [ 120.193286535000084, 11.765289845000041 ], [ 120.188887482000041, 11.779808575000057 ], [ 120.174760520000049, 11.783752340000037 ] ] ], [ [ [ 120.108244625000097, 11.664713243000049 ], [ 120.108515036000071, 11.650338112000041 ], [ 120.121786289000056, 11.656471104000046 ], [ 120.108244625000097, 11.664713243000049 ] ] ], [ [ [ 119.969242946, 11.647258464000057 ], [ 119.949651086000017, 11.653968839000072 ], [ 119.958565534000059, 11.640610164000064 ], [ 119.971907332000114, 11.633679625000068 ], [ 119.969242946, 11.647258464000057 ] ] ], [ [ [ 119.728384036000094, 11.445057691000045 ], [ 119.72700752500009, 11.433046754000031 ], [ 119.736104487000034, 11.43106002500002 ], [ 119.749519097000089, 11.416809306000061 ], [ 119.760291148000078, 11.419541743000021 ], [ 119.76082241600011, 11.404332838000071 ], [ 119.771761375000096, 11.398473447000072 ], [ 119.780759866000039, 11.404238026000026 ], [ 119.774868939000029, 11.413162951000061 ], [ 119.78587038600007, 11.42562575300008 ], [ 119.796267777000025, 11.423080233000066 ], [ 119.801198800000066, 11.416683689000024 ], [ 119.811471202, 11.425618482000061 ], [ 119.821709869000074, 11.428822051000051 ], [ 119.825886860000068, 11.419313096000051 ], [ 119.815979258000084, 11.415053516000057 ], [ 119.810301012000082, 11.402454064000038 ], [ 119.814529089000089, 11.387116263000054 ], [ 119.808499214000108, 11.379253311000069 ], [ 119.819564989000028, 11.37648725400004 ], [ 119.830801811000015, 11.377970466000022 ], [ 119.830466991000094, 11.390827233000035 ], [ 119.843299912000035, 11.40891193300007 ], [ 119.851316654000016, 11.413571697000064 ], [ 119.860189705000025, 11.435507291000023 ], [ 119.86142853900003, 11.446965158000069 ], [ 119.868573250000054, 11.45324181700005 ], [ 119.862347200000045, 11.463749982000024 ], [ 119.871205642000064, 11.491302556000049 ], [ 119.868426835000037, 11.506232225000074 ], [ 119.856317891000117, 11.507036395000055 ], [ 119.845469478000041, 11.515705513000057 ], [ 119.83023216200003, 11.509253738000041 ], [ 119.814791173000131, 11.519437159000061 ], [ 119.814692303000029, 11.508758342000023 ], [ 119.827619062000053, 11.505064271000036 ], [ 119.833051817000083, 11.497293856000057 ], [ 119.840295930000039, 11.49793154800005 ], [ 119.847515816000055, 11.486197678000053 ], [ 119.844137664000073, 11.476135237000051 ], [ 119.833373640000104, 11.473222159000043 ], [ 119.83535909200009, 11.460204291000027 ], [ 119.829775632000064, 11.455980071000052 ], [ 119.820962214000019, 11.468681850000051 ], [ 119.811582303000023, 11.471153571000059 ], [ 119.80707968500009, 11.464549107000039 ], [ 119.814488783000115, 11.455098283000039 ], [ 119.801021179000031, 11.451878247000023 ], [ 119.784433053000058, 11.47991988800004 ], [ 119.768350943000087, 11.480212212000025 ], [ 119.765714047000074, 11.470883586000069 ], [ 119.77802247800004, 11.469850797000047 ], [ 119.785956558000066, 11.465407531000038 ], [ 119.782736891000013, 11.452699197000072 ], [ 119.775041280000096, 11.459252071000035 ], [ 119.76491052900009, 11.451203013000056 ], [ 119.744379820000063, 11.457119659000055 ], [ 119.739059538000106, 11.466399184000066 ], [ 119.727433816000044, 11.466322106000064 ], [ 119.72933598800013, 11.47596520700006 ], [ 119.715308225000058, 11.472008655000023 ], [ 119.71451666400003, 11.46575689800005 ], [ 119.728384036000094, 11.445057691000045 ] ] ], [ [ [ 119.683690973000012, 11.486597363000042 ], [ 119.687785983000026, 11.50375667600002 ], [ 119.678614819000032, 11.502066448000052 ], [ 119.683690973000012, 11.486597363000042 ] ] ], [ [ [ 119.884871352000133, 11.487266124000032 ], [ 119.899670676000014, 11.487510537000048 ], [ 119.899200607000026, 11.499791397000022 ], [ 119.890586251000059, 11.503810758000039 ], [ 119.88157019400002, 11.491270303000022 ], [ 119.884871352000133, 11.487266124000032 ] ] ], [ [ [ 120.155557007000084, 11.431560804000073 ], [ 120.174565961000113, 11.437897611000038 ], [ 120.182512989000088, 11.448270067000063 ], [ 120.197325122000066, 11.44966966800007 ], [ 120.196306665000066, 11.45544492500005 ], [ 120.184152229, 11.463215198000059 ], [ 120.178138600000011, 11.460712141000045 ], [ 120.163259793000051, 11.437720133000029 ], [ 120.155557007000084, 11.431560804000073 ] ] ], [ [ [ 120.829759600000088, 11.44997782000007 ], [ 120.824807871000075, 11.441818170000031 ], [ 120.830288703000065, 11.421573261000045 ], [ 120.834534972000029, 11.41759570200003 ], [ 120.850727656000132, 11.428930088000069 ], [ 120.833087010000099, 11.444536939000045 ], [ 120.829759600000088, 11.44997782000007 ] ] ], [ [ [ 119.501412563000045, 11.425380922000045 ], [ 119.506604172000053, 11.438786023000032 ], [ 119.495694290000074, 11.438567364000052 ], [ 119.501412563000045, 11.425380922000045 ] ] ], [ [ [ 119.65953840900012, 11.39557640700002 ], [ 119.652689480000063, 11.411730064000038 ], [ 119.641566487000091, 11.410944083000061 ], [ 119.651646007000082, 11.398878636000063 ], [ 119.65953840900012, 11.39557640700002 ] ] ], [ [ [ 117.192261965000057, 8.330327765000048 ], [ 117.202590299, 8.331071219000023 ], [ 117.213199571, 8.339917496000055 ], [ 117.218542623000076, 8.350889926000034 ], [ 117.211621655000059, 8.35503222400007 ], [ 117.229410558000041, 8.362364530000036 ], [ 117.240200612000081, 8.370675104000043 ], [ 117.264852550000128, 8.409419654000033 ], [ 117.273479039000108, 8.412680864000036 ], [ 117.283376926000074, 8.410407912000039 ], [ 117.290443922, 8.425353200000075 ], [ 117.313559207000026, 8.441729440000072 ], [ 117.319982735000067, 8.450707496000065 ], [ 117.330736986000034, 8.45428011000007 ], [ 117.366092744000085, 8.479821098000059 ], [ 117.37307421200002, 8.489404033000026 ], [ 117.381865234000102, 8.492959833000043 ], [ 117.397437554000021, 8.489272988000039 ], [ 117.414565813000095, 8.499626009000051 ], [ 117.425830265000045, 8.498067454000021 ], [ 117.431474390000076, 8.503294292000019 ], [ 117.439462012000035, 8.500584591000061 ], [ 117.453230997000105, 8.505432679000025 ], [ 117.452540708000015, 8.516272744000048 ], [ 117.465119209000036, 8.517500659000065 ], [ 117.462876709000057, 8.509293355000064 ], [ 117.478630465000037, 8.508114885000056 ], [ 117.486119671000083, 8.494690152000031 ], [ 117.501149332000068, 8.50105290500005 ], [ 117.513841277000097, 8.533883933000027 ], [ 117.527926020000095, 8.556342602000031 ], [ 117.538149214000114, 8.565440451000029 ], [ 117.547089478000103, 8.596792179000035 ], [ 117.53914473600004, 8.615289713000037 ], [ 117.53085479400012, 8.625196067000049 ], [ 117.538850828000037, 8.635656042000051 ], [ 117.5354078780001, 8.639994851000042 ], [ 117.553957424000032, 8.65764819900005 ], [ 117.563835476000023, 8.672109855000029 ], [ 117.570934233000131, 8.675832001000058 ], [ 117.589043127000082, 8.672442873000021 ], [ 117.603774853000104, 8.663228801000059 ], [ 117.624148655000127, 8.657228287000066 ], [ 117.6454555360001, 8.66603225700004 ], [ 117.674179165000041, 8.669239590000075 ], [ 117.683400530000085, 8.679635494000024 ], [ 117.701306804000083, 8.686733053000069 ], [ 117.713816347000019, 8.682640331000073 ], [ 117.74190526800011, 8.686958493000075 ], [ 117.759246352000105, 8.704731904000027 ], [ 117.779352096000011, 8.71418490800005 ], [ 117.785381997000059, 8.727625504000059 ], [ 117.802570327000012, 8.753521858000054 ], [ 117.806993594, 8.765912264000063 ], [ 117.822165684000069, 8.774600439000039 ], [ 117.839552789000109, 8.77087655400004 ], [ 117.853341441000111, 8.788151363000056 ], [ 117.862121355000113, 8.791501152000023 ], [ 117.863331764, 8.798921808000046 ], [ 117.873177216000059, 8.817480891000061 ], [ 117.882129603000081, 8.818745838000041 ], [ 117.885060416000087, 8.82679684200002 ], [ 117.896892372000039, 8.831174740000053 ], [ 117.907881918000044, 8.843055881000053 ], [ 117.9191547060001, 8.845934522000045 ], [ 117.926270287000079, 8.843014529000072 ], [ 117.931446317000123, 8.850631306000025 ], [ 117.94017393, 8.853904651000052 ], [ 117.948422753000045, 8.86409757200005 ], [ 117.963464887000114, 8.872436995000045 ], [ 117.981409208000073, 8.869739090000055 ], [ 117.989867368000091, 8.881375915000033 ], [ 118.003518018000037, 8.881273704000021 ], [ 118.009033066000029, 8.895734851000043 ], [ 118.024562779, 8.921592630000019 ], [ 118.029950252000049, 8.945056878000059 ], [ 118.040350110000091, 8.947273817000051 ], [ 118.060476476000062, 8.98629393300007 ], [ 118.055134658000057, 8.990457344000053 ], [ 118.067397632000052, 8.998567390000058 ], [ 118.059698339000064, 9.008959384000036 ], [ 118.073625469000035, 9.008885025000041 ], [ 118.080866584000091, 9.014326547000053 ], [ 118.085533056000031, 9.030202554000025 ], [ 118.077543058000074, 9.037571754000055 ], [ 118.077220245000049, 9.046680691000063 ], [ 118.089598534000061, 9.053131757000076 ], [ 118.094070934000101, 9.045670699000027 ], [ 118.102389629000072, 9.052021484000019 ], [ 118.10194077200002, 9.061322522000069 ], [ 118.106165832000116, 9.07836961600003 ], [ 118.105030781000082, 9.102799152000046 ], [ 118.114768924000046, 9.11591240100006 ], [ 118.12201352600006, 9.142825825000044 ], [ 118.133308121000042, 9.148716108000029 ], [ 118.13957042200002, 9.146307006000031 ], [ 118.145338100000117, 9.136545948000046 ], [ 118.151994556000091, 9.144864410000025 ], [ 118.174384558000028, 9.154992658000028 ], [ 118.181663804000095, 9.151713034000068 ], [ 118.209477446000037, 9.168917547000035 ], [ 118.216036732000035, 9.168217508000055 ], [ 118.220330389000083, 9.157519119000026 ], [ 118.244674154000094, 9.164953045000061 ], [ 118.267763639, 9.175646489000028 ], [ 118.295943072000114, 9.18265554200002 ], [ 118.309385580000026, 9.181982687000071 ], [ 118.329451292000044, 9.17387235800004 ], [ 118.342839073000064, 9.17774418500005 ], [ 118.36060564, 9.195948954000073 ], [ 118.362275627000031, 9.209062429000028 ], [ 118.371071987000064, 9.214357041000026 ], [ 118.398081830000024, 9.24320116200005 ], [ 118.416198476000105, 9.245778345000074 ], [ 118.420519097, 9.263820891000023 ], [ 118.426348427000107, 9.274460865000039 ], [ 118.435550941000102, 9.280957659000025 ], [ 118.444131494000104, 9.277570173000072 ], [ 118.452499868000032, 9.291698489000057 ], [ 118.460003617000098, 9.29853009200002 ], [ 118.473153483000033, 9.302871950000053 ], [ 118.484621519000029, 9.298813873000027 ], [ 118.495598616000066, 9.307298091000064 ], [ 118.49948684900005, 9.321206875000032 ], [ 118.50576690000004, 9.329889302000026 ], [ 118.516846879, 9.331388662000053 ], [ 118.525369144000038, 9.354743337000059 ], [ 118.544324478000021, 9.369974933000037 ], [ 118.536136745000022, 9.371558392000054 ], [ 118.537746962000028, 9.388674387000037 ], [ 118.55436192600007, 9.410327934000065 ], [ 118.568496903000096, 9.420398958000021 ], [ 118.565696046000085, 9.423902356000042 ], [ 118.574574417, 9.442578785000022 ], [ 118.586875514000084, 9.442199419000074 ], [ 118.586433700000057, 9.455351452000059 ], [ 118.603132545000094, 9.462653548000047 ], [ 118.611001293000072, 9.485013499000047 ], [ 118.62291592300005, 9.488138529000024 ], [ 118.622079863000081, 9.505238916000055 ], [ 118.628990732000034, 9.508998052000038 ], [ 118.637806392, 9.504737924000038 ], [ 118.644373983000023, 9.514865932000019 ], [ 118.645304607000057, 9.527065160000065 ], [ 118.652882401000056, 9.538373525000052 ], [ 118.655092665000097, 9.550402496000062 ], [ 118.660749448000047, 9.559793249000052 ], [ 118.674927268000033, 9.561979798000038 ], [ 118.678814879000015, 9.569979878000028 ], [ 118.695318475000022, 9.584766012000044 ], [ 118.695774987000064, 9.591597773000046 ], [ 118.703548348000041, 9.61041701100004 ], [ 118.722323716, 9.625857359000065 ], [ 118.734732957, 9.642067616000077 ], [ 118.720943273000088, 9.648422922000066 ], [ 118.722462860000064, 9.657523830000059 ], [ 118.734668571000043, 9.653520488000026 ], [ 118.740519943000095, 9.662324020000028 ], [ 118.747734574000106, 9.657253222000064 ], [ 118.760592949000056, 9.666600343000027 ], [ 118.761944772000106, 9.687291197000034 ], [ 118.755925447000095, 9.690337460000023 ], [ 118.744663659000025, 9.682602117000044 ], [ 118.731253609000078, 9.684150476000067 ], [ 118.732593308000105, 9.698175844000046 ], [ 118.723999825000092, 9.695064800000067 ], [ 118.719619470000126, 9.684603163000077 ], [ 118.707543300000125, 9.680894023000063 ], [ 118.724624651000113, 9.708145248000051 ], [ 118.69944205600008, 9.708872523000025 ], [ 118.694511173000038, 9.723253587000045 ], [ 118.700655222000037, 9.728695593000053 ], [ 118.697139418, 9.743925080000055 ], [ 118.693171768000084, 9.748040304000027 ], [ 118.691662560000069, 9.769642779000035 ], [ 118.706495753000013, 9.775358608000033 ], [ 118.714487686000098, 9.770657293000054 ], [ 118.735684839000101, 9.773436901000025 ], [ 118.733735829000011, 9.761212278000073 ], [ 118.73686073500005, 9.744453997000051 ], [ 118.727500893000069, 9.741954894000061 ], [ 118.73354666000013, 9.72971526200007 ], [ 118.756552493000072, 9.727060876000051 ], [ 118.768870492000033, 9.721559278000028 ], [ 118.772691131000101, 9.728759030000049 ], [ 118.771958081000093, 9.767922346000033 ], [ 118.77373767000006, 9.771425335000059 ], [ 118.771979331000026, 9.805950923000069 ], [ 118.764365838000131, 9.815941469000053 ], [ 118.753887743000064, 9.818630250000069 ], [ 118.75604841300003, 9.827164089000066 ], [ 118.741742604, 9.844382341000028 ], [ 118.745712873000102, 9.857480182000073 ], [ 118.743161374000024, 9.866279744000053 ], [ 118.747404469000116, 9.882567278000066 ], [ 118.741045548000116, 9.896524113000055 ], [ 118.746091372000024, 9.912414196000041 ], [ 118.757869110000101, 9.932005317000062 ], [ 118.769966291000046, 9.929117154000036 ], [ 118.774747897000111, 9.939184430000068 ], [ 118.791431796000097, 9.94487657600007 ], [ 118.798071671000116, 9.939605027000026 ], [ 118.822556688000077, 9.938104153000038 ], [ 118.841775474000087, 9.962149143000033 ], [ 118.853226249000045, 9.971851993000028 ], [ 118.881859598, 9.98126744500007 ], [ 118.897239499000079, 9.979414374000042 ], [ 118.912501936000012, 9.974749907000046 ], [ 118.92483284300009, 9.97978487000006 ], [ 118.939251743000113, 9.977982936000046 ], [ 118.94965985400006, 9.98369014900004 ], [ 118.961367628000048, 9.983197459000051 ], [ 118.983785260000104, 9.986234675000048 ], [ 119.003210484000093, 9.997265147000062 ], [ 119.022353201000101, 9.998169436000067 ], [ 119.030317581000077, 10.004182091000073 ], [ 119.072008370000063, 10.01248470400003 ], [ 119.077719828000127, 10.018166431000054 ], [ 119.106767869, 10.023440434000065 ], [ 119.146986172000084, 10.025992009000051 ], [ 119.166052913000058, 10.032536882000045 ], [ 119.180746121000098, 10.043345288000069 ], [ 119.197116894000047, 10.047823479000044 ], [ 119.203467428000081, 10.06145953500004 ], [ 119.21614630800002, 10.074231174000033 ], [ 119.218935909000038, 10.088516105000055 ], [ 119.218770872000036, 10.103269587000055 ], [ 119.22717710500001, 10.118737873000045 ], [ 119.224150468000062, 10.139048870000066 ], [ 119.231408988000112, 10.149033112000039 ], [ 119.228866172000025, 10.16737931500006 ], [ 119.23429852400011, 10.178181006000043 ], [ 119.246555050000097, 10.181854460000068 ], [ 119.242063295000094, 10.194650175000048 ], [ 119.249907796000116, 10.215711946000058 ], [ 119.267061398, 10.240011751000054 ], [ 119.284961908000028, 10.255674724000073 ], [ 119.285686695000109, 10.263340365000033 ], [ 119.294450938000068, 10.283697551000044 ], [ 119.30040233800004, 10.284735903000069 ], [ 119.3217578860001, 10.30850074600005 ], [ 119.33213536400001, 10.314979052000067 ], [ 119.352461951, 10.315052385000055 ], [ 119.355658006000112, 10.328696126000068 ], [ 119.365167603000046, 10.340381293000066 ], [ 119.380312219000089, 10.346187398000039 ], [ 119.390548143000032, 10.344275544000025 ], [ 119.405882938000104, 10.347184038000023 ], [ 119.414882409000043, 10.355531500000041 ], [ 119.42778439700011, 10.352194394000037 ], [ 119.434509610000077, 10.355873799000051 ], [ 119.445380225000022, 10.369933856000044 ], [ 119.463317280000069, 10.375855618000056 ], [ 119.474889945000086, 10.370324933000065 ], [ 119.484827084000031, 10.372583753000072 ], [ 119.497111988000029, 10.36587603500004 ], [ 119.521512620000067, 10.363264785000068 ], [ 119.536139063000064, 10.369495849000032 ], [ 119.570694133000075, 10.37316712100005 ], [ 119.575921488000063, 10.400685485000055 ], [ 119.588135237000074, 10.419817453000064 ], [ 119.594889193000085, 10.421809588000031 ], [ 119.619598660000065, 10.442136702000028 ], [ 119.63114003200009, 10.443175820000024 ], [ 119.652926984000032, 10.461074127000074 ], [ 119.658253721000037, 10.471849226000074 ], [ 119.676795185000046, 10.49260724800007 ], [ 119.695922470000028, 10.492989613000077 ], [ 119.717314907000045, 10.509287198000036 ], [ 119.716132848000029, 10.519653490000053 ], [ 119.707966100000036, 10.531972356000042 ], [ 119.699549435000122, 10.526315752000075 ], [ 119.697961133000049, 10.538950054000052 ], [ 119.691073713000037, 10.544231349000027 ], [ 119.670950016, 10.54710449000004 ], [ 119.673852667, 10.556275649000041 ], [ 119.661790029000031, 10.560639468000032 ], [ 119.663018537000085, 10.573396084000024 ], [ 119.653321537000011, 10.598358543000076 ], [ 119.645326120000036, 10.606748644000049 ], [ 119.639680464000094, 10.622717540000053 ], [ 119.636604248000026, 10.641307187000052 ], [ 119.627185204000071, 10.653746664000037 ], [ 119.644853069000092, 10.657251813000073 ], [ 119.648262590000058, 10.664628745000071 ], [ 119.645536046000075, 10.676468764000047 ], [ 119.632243195000115, 10.686452683000027 ], [ 119.624927450000101, 10.669756419000066 ], [ 119.612012510000113, 10.664025856000022 ], [ 119.601968935000059, 10.670306734000066 ], [ 119.593032489000052, 10.661867734000054 ], [ 119.587390012, 10.669192018000047 ], [ 119.575913361000076, 10.65925783500006 ], [ 119.570430936000108, 10.665955216000043 ], [ 119.575238396000046, 10.678806721000058 ], [ 119.586364955000036, 10.686964414000045 ], [ 119.584696567000037, 10.69355145400004 ], [ 119.595147330000046, 10.708816202000035 ], [ 119.593101486, 10.718997966000073 ], [ 119.600856346000114, 10.725105513000074 ], [ 119.589764777000013, 10.734671801000047 ], [ 119.587013358000036, 10.745835966000071 ], [ 119.594565701000079, 10.759594743000036 ], [ 119.593989954000108, 10.771191826000061 ], [ 119.582851770000048, 10.773384720000024 ], [ 119.59532078000008, 10.798142397000051 ], [ 119.590780949000091, 10.807469560000072 ], [ 119.599055373000056, 10.813615302000072 ], [ 119.586458843000074, 10.836754265000026 ], [ 119.574788868000027, 10.838432822000074 ], [ 119.550808075000077, 10.826452679000056 ], [ 119.533097167000065, 10.814521736000072 ], [ 119.523327324000093, 10.826678668000055 ], [ 119.510626707000029, 10.829115825000031 ], [ 119.509123725000094, 10.840355656000041 ], [ 119.512791438000022, 10.845980489000052 ], [ 119.509123412, 10.861163488000043 ], [ 119.48409554400007, 10.873523718000056 ], [ 119.483923151000099, 10.881010663000039 ], [ 119.490004182, 10.891895941000028 ], [ 119.49258788300007, 10.912194764000047 ], [ 119.49894671800007, 10.925129391000041 ], [ 119.49522313600005, 10.941002739000055 ], [ 119.496231402000035, 10.948564220000035 ], [ 119.487518287000057, 10.961451826000028 ], [ 119.493692101000079, 10.963981011000044 ], [ 119.492663045000086, 10.990507415000023 ], [ 119.499058523000045, 10.995269622000022 ], [ 119.502312780000025, 11.007514337000028 ], [ 119.520620318000056, 11.016036023000026 ], [ 119.524329084000087, 11.010344403000033 ], [ 119.537248000000105, 11.013656440000034 ], [ 119.546285793000052, 11.000384140000049 ], [ 119.568297968000039, 11.000847316000032 ], [ 119.566150572000069, 11.024220281000055 ], [ 119.558741411000028, 11.041705542000045 ], [ 119.557908361000045, 11.053431909000036 ], [ 119.551122843000044, 11.062017360000029 ], [ 119.559671126, 11.075689594000039 ], [ 119.560188006000104, 11.084503417000066 ], [ 119.53746344700005, 11.068814613000029 ], [ 119.530960626000024, 11.075731795000026 ], [ 119.531105154000102, 11.083253723000038 ], [ 119.525208658000096, 11.093673862000058 ], [ 119.512249988, 11.098080246000054 ], [ 119.510105092000117, 11.116885671000034 ], [ 119.502396994000037, 11.125465423000035 ], [ 119.500518731000042, 11.134188353000068 ], [ 119.506520427000055, 11.145445313000039 ], [ 119.514991563000066, 11.147167305000041 ], [ 119.528016344000108, 11.159813374000066 ], [ 119.538289220000038, 11.17472606700005 ], [ 119.540559422000115, 11.196939347000068 ], [ 119.554663894000086, 11.21764250800004 ], [ 119.555206860000126, 11.239724024000054 ], [ 119.562891122000124, 11.257583961000019 ], [ 119.566292458, 11.271702345000049 ], [ 119.564640864000012, 11.280772383000054 ], [ 119.567927556000086, 11.291647956000078 ], [ 119.562356405000074, 11.298900694000055 ], [ 119.561386174000063, 11.31190601900005 ], [ 119.555881619000047, 11.318867453000049 ], [ 119.551747623000111, 11.336428626000043 ], [ 119.545135075000061, 11.334802700000068 ], [ 119.536797892000095, 11.321802545000025 ], [ 119.516666698000122, 11.326254829000051 ], [ 119.508932, 11.336583448000056 ], [ 119.511244097000031, 11.346641159000058 ], [ 119.507242850000011, 11.356483547000041 ], [ 119.509807691000105, 11.36451672100003 ], [ 119.505102304000062, 11.379587309000042 ], [ 119.50855862800006, 11.400642144000072 ], [ 119.498012583000104, 11.418415164000065 ], [ 119.474235038000074, 11.421907452000024 ], [ 119.477749728000035, 11.404889025000044 ], [ 119.469542803000081, 11.403135621000047 ], [ 119.477194083000086, 11.375326020000044 ], [ 119.472587677000092, 11.362546508000037 ], [ 119.464052970000012, 11.352548877000059 ], [ 119.451449055000012, 11.348011561000021 ], [ 119.453801758000068, 11.334820375000049 ], [ 119.442883404000114, 11.335100727000055 ], [ 119.436720993000122, 11.343454817000064 ], [ 119.425798737000036, 11.317815775000041 ], [ 119.416839069000048, 11.311305275000048 ], [ 119.417702975000111, 11.28812986300005 ], [ 119.420198350000092, 11.277133598000033 ], [ 119.418124284000115, 11.266280364000066 ], [ 119.420656707000035, 11.257271538000056 ], [ 119.415025421000095, 11.249822732000041 ], [ 119.422119213000101, 11.237674059000028 ], [ 119.421354103000112, 11.22732529600006 ], [ 119.415965345, 11.222449566000021 ], [ 119.417368135000075, 11.21304838000003 ], [ 119.396159638000086, 11.195872005000068 ], [ 119.391613622000037, 11.182100640000046 ], [ 119.375974395000071, 11.174538012000029 ], [ 119.392325987000049, 11.170352955000054 ], [ 119.396761975000132, 11.165569950000078 ], [ 119.396705411000084, 11.146682501000043 ], [ 119.404871442000058, 11.144157065000059 ], [ 119.42161331200009, 11.147958887000071 ], [ 119.426862946000028, 11.13912559300007 ], [ 119.421204708000133, 11.127981162000024 ], [ 119.423951181, 11.109443217000035 ], [ 119.418316211000047, 11.097282221000057 ], [ 119.42215137900007, 11.080998001000067 ], [ 119.415521920000074, 11.077065922000031 ], [ 119.416094915000045, 11.057785165000039 ], [ 119.414402375000023, 11.036481427000068 ], [ 119.393023377000077, 11.034948279000048 ], [ 119.375447669000096, 11.04233505100007 ], [ 119.366235136000114, 11.04913747100005 ], [ 119.357137636000061, 11.066687445000071 ], [ 119.346336694000101, 11.074076102000051 ], [ 119.335002301000031, 11.099162482000052 ], [ 119.326549655000022, 11.094051558000046 ], [ 119.325422181000022, 11.078633235000039 ], [ 119.327915244000096, 11.060255572000074 ], [ 119.332481235000031, 11.050572394000026 ], [ 119.328086926000097, 11.038975185000028 ], [ 119.33350083400002, 11.031034723000062 ], [ 119.341825866000022, 11.033520278000024 ], [ 119.363669698000081, 11.006123307000051 ], [ 119.357982544000023, 10.999573193000058 ], [ 119.347867236000084, 11.002607298000044 ], [ 119.347952969000048, 10.990909222000029 ], [ 119.338511866000104, 10.995386488000067 ], [ 119.330388685000116, 11.009658061000041 ], [ 119.329655352000046, 11.024628036000022 ], [ 119.320400176000021, 11.03238162900004 ], [ 119.304314383000019, 11.005697674000032 ], [ 119.309394485000084, 10.984830302000034 ], [ 119.308546904000082, 10.963665377000041 ], [ 119.318389506000017, 10.944350387000041 ], [ 119.327428378000036, 10.936742415000026 ], [ 119.337985909000068, 10.945267361000047 ], [ 119.355392609000091, 10.946149633000061 ], [ 119.361188589000093, 10.937914685000067 ], [ 119.349140587000079, 10.915619101000059 ], [ 119.341881933000082, 10.910145445000067 ], [ 119.341145452000106, 10.902329592000056 ], [ 119.359253626000054, 10.873101781000058 ], [ 119.363966794000021, 10.874066741000036 ], [ 119.374458404000066, 10.861721478000046 ], [ 119.386771993000025, 10.86929660900006 ], [ 119.412981074000072, 10.871940122000067 ], [ 119.418515761000108, 10.86648665300004 ], [ 119.4166137630001, 10.857845788000077 ], [ 119.431975610000109, 10.848083540000061 ], [ 119.441821474000093, 10.845006301000069 ], [ 119.450086004000028, 10.847831004000058 ], [ 119.454472472, 10.841341037000063 ], [ 119.45020871700001, 10.82789103500005 ], [ 119.438388707000072, 10.823152996000033 ], [ 119.439532861000103, 10.796138897000047 ], [ 119.444446644000109, 10.78471003000004 ], [ 119.445121294000032, 10.768751121000038 ], [ 119.450756287000118, 10.761617792000038 ], [ 119.453346877000072, 10.747888410000028 ], [ 119.458770226000084, 10.73896221900003 ], [ 119.460494345000029, 10.722948317000034 ], [ 119.453870741000074, 10.720809997000059 ], [ 119.442330354000092, 10.725335708000046 ], [ 119.428947276000017, 10.72191252300007 ], [ 119.427445313000021, 10.740588352000032 ], [ 119.418248388000066, 10.758262872000046 ], [ 119.407340644000101, 10.75266712700005 ], [ 119.396710846, 10.756001744000061 ], [ 119.403649132000041, 10.772508807000067 ], [ 119.392214333000084, 10.780059034000033 ], [ 119.385541846000024, 10.794142048000023 ], [ 119.367395663000011, 10.789452742000034 ], [ 119.363239381000085, 10.803475993000065 ], [ 119.350789463000083, 10.806360222000023 ], [ 119.341935172000049, 10.814143929000068 ], [ 119.324062595000086, 10.817192555000076 ], [ 119.324221240000057, 10.826603627000052 ], [ 119.312189377000095, 10.829242086000022 ], [ 119.29290136800013, 10.84481628000003 ], [ 119.287964971000065, 10.852580864000057 ], [ 119.292903145000082, 10.872802723000063 ], [ 119.270052246000091, 10.865317110000035 ], [ 119.275017883000046, 10.884167140000047 ], [ 119.288823617000034, 10.882831501000055 ], [ 119.296895717000098, 10.892956198000036 ], [ 119.277681933000039, 10.892373488000034 ], [ 119.28455483900008, 10.912795158000051 ], [ 119.28287673300008, 10.92268738300004 ], [ 119.275889345000124, 10.923207914000043 ], [ 119.274062838000077, 10.935088318000053 ], [ 119.263450929000115, 10.944628558000032 ], [ 119.251185355000075, 10.930266852000042 ], [ 119.259584853000106, 10.918770381000055 ], [ 119.254616060000117, 10.913126228000065 ], [ 119.243760015000021, 10.910543195000059 ], [ 119.245499053000131, 10.921522204000038 ], [ 119.235793460000082, 10.928863236000041 ], [ 119.244218734000015, 10.945642713000041 ], [ 119.238810667000067, 10.952228765000031 ], [ 119.229357852000035, 10.948089120000077 ], [ 119.220768704000079, 10.951379531000041 ], [ 119.217046928000073, 10.937695871000074 ], [ 119.228129978000069, 10.93878387700005 ], [ 119.232378767000128, 10.932572144000059 ], [ 119.224421092000057, 10.914766141000033 ], [ 119.229347420000053, 10.903823276000024 ], [ 119.241477111000108, 10.907641076000061 ], [ 119.249895352000053, 10.90309448000005 ], [ 119.259056864000058, 10.890284234000033 ], [ 119.243586435000111, 10.882611518000033 ], [ 119.237831477000114, 10.873129052000024 ], [ 119.236090454000077, 10.854274729000052 ], [ 119.210029986000123, 10.860115728000039 ], [ 119.212252164, 10.846645801000021 ], [ 119.223081280000088, 10.849395552000031 ], [ 119.231103169000122, 10.841031813000031 ], [ 119.241345933000062, 10.845941568000057 ], [ 119.241587560000085, 10.833386404000068 ], [ 119.252012149000066, 10.837914079000029 ], [ 119.26525984400007, 10.825360815000067 ], [ 119.260652345000054, 10.818950212000059 ], [ 119.264249003000046, 10.810147671000035 ], [ 119.261984273000053, 10.801393756000039 ], [ 119.267166273000043, 10.780328983000061 ], [ 119.275050044000082, 10.764524035000024 ], [ 119.30312273100003, 10.775435054000067 ], [ 119.317891212000063, 10.769395168000075 ], [ 119.324140128000067, 10.760112367000035 ], [ 119.323204064000038, 10.746735452000053 ], [ 119.329093739000086, 10.746912488000021 ], [ 119.342667192000022, 10.735804763000033 ], [ 119.343460880000066, 10.715168686000025 ], [ 119.340547439000034, 10.697177284000079 ], [ 119.330063275000043, 10.669267997000077 ], [ 119.327034062000067, 10.640241666000062 ], [ 119.317608451000069, 10.613846916000055 ], [ 119.324308391000059, 10.608153663000055 ], [ 119.318260389000102, 10.590779605000023 ], [ 119.309348686000021, 10.582631099000025 ], [ 119.305859950000027, 10.574338978000069 ], [ 119.292375919000037, 10.556569326000044 ], [ 119.284461294000039, 10.54956945400005 ], [ 119.265959579000096, 10.538816828000048 ], [ 119.256037457000048, 10.536968593000038 ], [ 119.247541852000055, 10.545414214000061 ], [ 119.238534045000051, 10.544354488000067 ], [ 119.239397407000084, 10.531616424000049 ], [ 119.24832490900009, 10.533557646000075 ], [ 119.253480160000095, 10.525299135000068 ], [ 119.264987195000117, 10.518601204000049 ], [ 119.268546613000026, 10.507077692000051 ], [ 119.26291122400005, 10.502205285000059 ], [ 119.255402664000016, 10.483593241000051 ], [ 119.226724920000038, 10.486068938000074 ], [ 119.214395706000133, 10.475630636000062 ], [ 119.212832453000033, 10.46000484500007 ], [ 119.191048705000085, 10.452194615000053 ], [ 119.187961133000059, 10.433280943000057 ], [ 119.177425805000112, 10.427201632000051 ], [ 119.178809128000012, 10.415834208000039 ], [ 119.173782566000128, 10.409789353000063 ], [ 119.163994427000034, 10.413119779000056 ], [ 119.144030224000048, 10.398831818000076 ], [ 119.139059341, 10.381394607000061 ], [ 119.12920851, 10.383934341000041 ], [ 119.120173903000023, 10.395262045000038 ], [ 119.114819078000096, 10.406930153000076 ], [ 119.113721282000043, 10.422709519000021 ], [ 119.119126113000121, 10.445115229000068 ], [ 119.113814042000058, 10.446256281000041 ], [ 119.110837188000119, 10.459599340000068 ], [ 119.103756655000112, 10.467806337000066 ], [ 119.113088145, 10.474115725000047 ], [ 119.096970315000021, 10.482755078000025 ], [ 119.091024001000036, 10.470639743000049 ], [ 119.090329495000105, 10.451997486000041 ], [ 119.093807840000082, 10.44271937600007 ], [ 119.104926284000058, 10.434951458000052 ], [ 119.097317280000084, 10.427687661000052 ], [ 119.096617936000015, 10.420585868000044 ], [ 119.084854623000055, 10.421928362000072 ], [ 119.070029742000088, 10.416204211000034 ], [ 119.076260310000052, 10.409298801000034 ], [ 119.073148600000096, 10.397333967000062 ], [ 119.057199643000118, 10.386423664000061 ], [ 119.048859578000034, 10.390750003000052 ], [ 119.03635278900002, 10.408833784000022 ], [ 119.024193322000087, 10.416500196000074 ], [ 119.021348098000104, 10.407858990000022 ], [ 119.001458754000041, 10.40255034200004 ], [ 118.995402582000125, 10.410812183000075 ], [ 118.986702748000098, 10.407121332000033 ], [ 118.991098794000095, 10.390763814000021 ], [ 118.981293167000118, 10.386905093000053 ], [ 118.983550908000083, 10.376856295000037 ], [ 118.968293386000028, 10.363481188000035 ], [ 118.975569381000014, 10.356070424000048 ], [ 118.986816633000103, 10.351417200000068 ], [ 118.996012346000029, 10.353461505000041 ], [ 119.006869349000112, 10.371563661000039 ], [ 119.018638375000023, 10.375389713000061 ], [ 119.020171463000096, 10.350146848000064 ], [ 119.011860656000067, 10.343435516000055 ], [ 118.996571661000075, 10.321872800000051 ], [ 119.001451928000051, 10.316677851000065 ], [ 118.990943801000071, 10.301476283000056 ], [ 118.978055069000121, 10.298975339000036 ], [ 118.971158120000041, 10.288551476000064 ], [ 118.958893963000037, 10.283039841000059 ], [ 118.950525196000044, 10.293899779000069 ], [ 118.941710385000093, 10.291520193000052 ], [ 118.951060429000108, 10.277030995000073 ], [ 118.959417395000074, 10.275136187000044 ], [ 118.951043400000131, 10.256299501000056 ], [ 118.950696454000095, 10.241205104000075 ], [ 118.943639121000047, 10.219864091000032 ], [ 118.936487595000017, 10.20577775300006 ], [ 118.926725965000074, 10.200444485000046 ], [ 118.915440343000114, 10.20140189600005 ], [ 118.897185709000041, 10.196290431000023 ], [ 118.880730397000093, 10.209037704000021 ], [ 118.86219267500006, 10.209455679000026 ], [ 118.850076032000047, 10.202828863000036 ], [ 118.844523678000101, 10.190085510000074 ], [ 118.831162462000066, 10.186357530000066 ], [ 118.816797109000049, 10.196284355000047 ], [ 118.806083808000039, 10.192632269000057 ], [ 118.808307145000072, 10.184233822000067 ], [ 118.804705128000023, 10.174015218000024 ], [ 118.812270083000044, 10.164631154000059 ], [ 118.80923416600001, 10.152468602000056 ], [ 118.813439523000056, 10.132722936000048 ], [ 118.807413161000127, 10.124164414000063 ], [ 118.81022310600008, 10.111396713000032 ], [ 118.827012835000104, 10.111490783000024 ], [ 118.830057172000011, 10.102728695000053 ], [ 118.823316027000033, 10.093582787000061 ], [ 118.821449898000097, 10.081853837000036 ], [ 118.809155183000044, 10.062444492000056 ], [ 118.806475759000037, 10.051868188000071 ], [ 118.809767511, 10.034764854000059 ], [ 118.808156293000025, 10.028180729000038 ], [ 118.795600224000054, 10.032527261000039 ], [ 118.795898819000058, 10.023350998000071 ], [ 118.774519034000051, 10.024450365000064 ], [ 118.773073080000017, 10.038289514000041 ], [ 118.776168985000027, 10.049587646000075 ], [ 118.77304623200007, 10.061359154000057 ], [ 118.752154005000065, 10.064840190000041 ], [ 118.743177497000019, 10.072413133000055 ], [ 118.746638734000044, 10.079242119000073 ], [ 118.773830960000041, 10.070986850000052 ], [ 118.773511281000083, 10.085780286000045 ], [ 118.767053845000092, 10.087735394000049 ], [ 118.77158316200007, 10.102397881000059 ], [ 118.763588174, 10.11398950800003 ], [ 118.74659775900011, 10.106350152000063 ], [ 118.745830866, 10.08481192000005 ], [ 118.737067204000041, 10.080879578000062 ], [ 118.725294006000013, 10.059316565000074 ], [ 118.727639918000037, 10.043046289000074 ], [ 118.721479765000026, 10.035079865000059 ], [ 118.709378281000127, 10.03287485000004 ], [ 118.703923843000098, 10.038383544000055 ], [ 118.694764146000011, 10.022692681000025 ], [ 118.684719289000114, 10.013319010000034 ], [ 118.673115578000093, 10.01206145800006 ], [ 118.66310769800009, 10.005647829000051 ], [ 118.66060880100008, 9.998572241000032 ], [ 118.649266683000064, 9.999769394000056 ], [ 118.652182175, 9.982736477000058 ], [ 118.66336100400008, 9.975446338000038 ], [ 118.654745639000112, 9.96468421500003 ], [ 118.646815212000106, 9.964072683000039 ], [ 118.647890410000059, 9.95312697300005 ], [ 118.642281427000057, 9.947540803000036 ], [ 118.645986316000076, 9.937721488000022 ], [ 118.619250935000082, 9.91581821200003 ], [ 118.60992701300006, 9.916161936000039 ], [ 118.60642985800007, 9.908108423000041 ], [ 118.614174412000011, 9.888184416000056 ], [ 118.606199057000026, 9.871529703000018 ], [ 118.594355366000059, 9.867886789000067 ], [ 118.588921808, 9.855846730000053 ], [ 118.576147501000037, 9.848180435000073 ], [ 118.569181268000079, 9.847500382000023 ], [ 118.568337578000083, 9.834682202000065 ], [ 118.55380124400007, 9.816136520000043 ], [ 118.54065985200009, 9.806378584000072 ], [ 118.540923787000111, 9.800698997000037 ], [ 118.521773621000094, 9.777284723000033 ], [ 118.512225293000029, 9.760783814000035 ], [ 118.50249027800011, 9.759274952000053 ], [ 118.491012487000035, 9.749941910000077 ], [ 118.475432601000094, 9.732640199000059 ], [ 118.462755248, 9.733170013000063 ], [ 118.455958497000097, 9.726967866000052 ], [ 118.448671505000092, 9.727814756000043 ], [ 118.443015746000015, 9.720151756000064 ], [ 118.432790041000104, 9.715038804000072 ], [ 118.422682302000112, 9.703311327000048 ], [ 118.419732113, 9.694748105000031 ], [ 118.409149539000055, 9.686928297000065 ], [ 118.407070575000049, 9.663829399000067 ], [ 118.391771246000076, 9.662691531000061 ], [ 118.385266439000034, 9.652700075000043 ], [ 118.373404465000036, 9.64493331500006 ], [ 118.355194679000078, 9.656344344000047 ], [ 118.340709393000125, 9.648942681000049 ], [ 118.330954881000039, 9.630659741000045 ], [ 118.340991098000032, 9.615964035000047 ], [ 118.333891574000063, 9.591432596000063 ], [ 118.328354236000109, 9.580321588000059 ], [ 118.310747517000095, 9.573637362000058 ], [ 118.295251148000034, 9.559168667000053 ], [ 118.289072228, 9.549883886000032 ], [ 118.286506752000037, 9.538753945000053 ], [ 118.276554871000016, 9.531387729000071 ], [ 118.271362652000107, 9.521310654000045 ], [ 118.253916488000073, 9.514865295000051 ], [ 118.244296632000101, 9.50788662700006 ], [ 118.236604672000112, 9.49197857300004 ], [ 118.230203997000118, 9.496011933000034 ], [ 118.211631847000049, 9.486397431000055 ], [ 118.205432861000077, 9.473945929000024 ], [ 118.199347137000018, 9.473107908000028 ], [ 118.198364576000031, 9.458500111000033 ], [ 118.189205838000021, 9.437978042000056 ], [ 118.189122206000093, 9.421085845000052 ], [ 118.186132112000109, 9.411007157000025 ], [ 118.172391169000093, 9.402097539000067 ], [ 118.165484487000086, 9.403605027000026 ], [ 118.142789568000012, 9.395497249000073 ], [ 118.129085777000114, 9.398199158000068 ], [ 118.126373370000024, 9.381535535000067 ], [ 118.116440321000027, 9.375141436000034 ], [ 118.116759696000031, 9.367920259000075 ], [ 118.124454086000014, 9.356940705000058 ], [ 118.12652813900003, 9.342495458000025 ], [ 118.116051603000074, 9.339778719000035 ], [ 118.105714858000056, 9.328452398000024 ], [ 118.09961923600008, 9.338412021000069 ], [ 118.087865217000044, 9.334086079000032 ], [ 118.089930952000032, 9.323793501000067 ], [ 118.086917781000011, 9.31607291200004 ], [ 118.073450064000099, 9.311961549000046 ], [ 118.072403285000064, 9.303476235000062 ], [ 118.065880697000011, 9.299690938000026 ], [ 118.051939098000062, 9.300014098000077 ], [ 118.046805166000013, 9.295055982000063 ], [ 118.049997316000045, 9.281420685000057 ], [ 118.037621520000016, 9.277570590000039 ], [ 118.022657506000073, 9.262379972000074 ], [ 118.02792846300008, 9.252875336000047 ], [ 118.021114660000066, 9.244348813000045 ], [ 118.01286308400006, 9.24172399100007 ], [ 118.004476476000036, 9.246631396000055 ], [ 117.992281571000049, 9.238887359000046 ], [ 117.977943029000016, 9.251691205000041 ], [ 117.979320104000067, 9.263569329000063 ], [ 117.985271653000055, 9.270579554000053 ], [ 117.982373383000095, 9.280002707000051 ], [ 117.972562510000103, 9.271912364000059 ], [ 117.962344838000021, 9.270334768000053 ], [ 117.946583524000062, 9.252042559000074 ], [ 117.942456972000059, 9.258037667000053 ], [ 117.929498210000034, 9.252623852000056 ], [ 117.922783979000073, 9.26140276600006 ], [ 117.905964886000106, 9.261184596000019 ], [ 117.883438622000085, 9.244200973000032 ], [ 117.884627784000031, 9.234875751000061 ], [ 117.87207639800009, 9.228044537000073 ], [ 117.865502045000085, 9.213941832000048 ], [ 117.855443438000052, 9.217517641000027 ], [ 117.84684205900011, 9.206639694000048 ], [ 117.834811887000129, 9.201112829000067 ], [ 117.827013963000027, 9.189176278000046 ], [ 117.808453422000085, 9.194526966000069 ], [ 117.804479688000015, 9.181450546000065 ], [ 117.797522028000131, 9.176151806000064 ], [ 117.788053163000086, 9.176025429000049 ], [ 117.775730745000033, 9.164873870000065 ], [ 117.778069733000052, 9.152703520000044 ], [ 117.777057256000035, 9.137018263000073 ], [ 117.767996242000109, 9.135444647000043 ], [ 117.761915985000087, 9.128087795000054 ], [ 117.759110075000066, 9.112144321000073 ], [ 117.754182957000026, 9.109353483000065 ], [ 117.758815742000024, 9.094789327000056 ], [ 117.751759772000014, 9.083665761000077 ], [ 117.752056133000096, 9.076851294000051 ], [ 117.745191970000064, 9.067691352000052 ], [ 117.732996205000077, 9.062946566000051 ], [ 117.721496422000087, 9.069459281000034 ], [ 117.711938033000024, 9.060256266000067 ], [ 117.699757170000126, 9.070459981000054 ], [ 117.700293710000096, 9.079034635000026 ], [ 117.691528702000042, 9.08918906100007 ], [ 117.689241070000094, 9.075875887000054 ], [ 117.674038052, 9.069136480000052 ], [ 117.663722949000089, 9.073955730000023 ], [ 117.659342121, 9.066254059000073 ], [ 117.639779291000096, 9.048250254000036 ], [ 117.631878026000095, 9.04450292100006 ], [ 117.629916084000115, 9.034269119000042 ], [ 117.621440685000039, 9.030113454000059 ], [ 117.621467317000125, 8.999535212000065 ], [ 117.609880642000022, 8.993587895000076 ], [ 117.594681968000032, 8.98040647300007 ], [ 117.583486040000039, 8.962298756000051 ], [ 117.571969849000084, 8.956703576000052 ], [ 117.54741453500003, 8.956657273000076 ], [ 117.544226050000034, 8.935368197000058 ], [ 117.531864415000086, 8.927601571000027 ], [ 117.529182062000018, 8.920988350000073 ], [ 117.510928824000061, 8.906993199000055 ], [ 117.506232192000098, 8.894687309000062 ], [ 117.4909206640001, 8.888314330000071 ], [ 117.493665063000108, 8.874796842000023 ], [ 117.479536807000045, 8.856239215000073 ], [ 117.467783437000108, 8.852890950000074 ], [ 117.465238874000093, 8.838538213000048 ], [ 117.456263509000124, 8.824770181000078 ], [ 117.455153728000028, 8.810544659000072 ], [ 117.448836057000122, 8.810820986000065 ], [ 117.431215601000076, 8.80169343400007 ], [ 117.419242184000055, 8.785826771000075 ], [ 117.425482816000098, 8.771928452000054 ], [ 117.420908461000082, 8.756777133000073 ], [ 117.408724099000096, 8.751781557000072 ], [ 117.395066624000023, 8.751694487000066 ], [ 117.386911700000041, 8.748312566000036 ], [ 117.377563928000086, 8.75049317300005 ], [ 117.368780765000096, 8.746788163000074 ], [ 117.357599968000031, 8.734367223000049 ], [ 117.348941172000082, 8.731531727000061 ], [ 117.3466231230001, 8.713227608000066 ], [ 117.326507511000031, 8.698176626000077 ], [ 117.333230635000064, 8.690036862000055 ], [ 117.327096811000047, 8.673600590000033 ], [ 117.30993414600006, 8.667452370000033 ], [ 117.294306990000123, 8.654547770000024 ], [ 117.279111634000074, 8.628189809000046 ], [ 117.277128320000088, 8.606765499000062 ], [ 117.270427334000033, 8.604218543000057 ], [ 117.261992020000093, 8.61008057500004 ], [ 117.253610970000082, 8.605683134000062 ], [ 117.265184347000073, 8.581025226000065 ], [ 117.259775710000085, 8.573843874000033 ], [ 117.247117285000044, 8.568423316000061 ], [ 117.243537977000059, 8.559102819000033 ], [ 117.234925200000021, 8.548946585000065 ], [ 117.239606469000023, 8.539124054000068 ], [ 117.220937438000092, 8.525858490000074 ], [ 117.224576587000101, 8.514636097000052 ], [ 117.222200961000127, 8.506907973000066 ], [ 117.214288456000091, 8.501541412000051 ], [ 117.211180736000074, 8.489097490000063 ], [ 117.218973162000125, 8.477826698000058 ], [ 117.21409359900008, 8.464292941000052 ], [ 117.216251060000118, 8.44760166700007 ], [ 117.214708983000037, 8.430325159000063 ], [ 117.206872886000056, 8.425030182000057 ], [ 117.203555120000033, 8.413570491000028 ], [ 117.195648463000111, 8.40892051700007 ], [ 117.186292103000028, 8.383304090000024 ], [ 117.17738698900007, 8.368599954000047 ], [ 117.173574865000091, 8.351346319000072 ], [ 117.174246009000058, 8.340622559000051 ], [ 117.181878619000045, 8.332586315000071 ], [ 117.192261965000057, 8.330327765000048 ] ] ], [ [ [ 120.090070059000041, 11.375316916000029 ], [ 120.091087926000114, 11.365757245000053 ], [ 120.108162175000061, 11.364194518000032 ], [ 120.113706604000058, 11.377677364000021 ], [ 120.107053075000053, 11.38641990600007 ], [ 120.090070059000041, 11.375316916000029 ] ] ], [ [ [ 119.674878746000104, 11.264503052000062 ], [ 119.681051693000086, 11.271988374000047 ], [ 119.678720847000022, 11.281901288000029 ], [ 119.689895821000036, 11.295248232000059 ], [ 119.696077911000089, 11.311991149000049 ], [ 119.690581564000013, 11.325549048000026 ], [ 119.683478446000095, 11.321471202000051 ], [ 119.675489293000055, 11.308244521000063 ], [ 119.663231704000069, 11.309256764000052 ], [ 119.656470603000116, 11.299432553000029 ], [ 119.657073130000072, 11.292212753000056 ], [ 119.665889278, 11.268924533000074 ], [ 119.674878746000104, 11.264503052000062 ] ] ], [ [ [ 120.684770185000048, 11.32051630600006 ], [ 120.677147832000074, 11.318520016000038 ], [ 120.677274295000075, 11.308385872000033 ], [ 120.687411827, 11.297861986000044 ], [ 120.697204132000024, 11.315267759000051 ], [ 120.684770185000048, 11.32051630600006 ] ] ], [ [ [ 119.624179973000096, 11.231387485000026 ], [ 119.627012582, 11.243718131000039 ], [ 119.634196670000037, 11.258206195000071 ], [ 119.626239915000042, 11.263684072000046 ], [ 119.619809888000077, 11.237352705000033 ], [ 119.624179973000096, 11.231387485000026 ] ] ], [ [ [ 119.696543751000036, 11.228731185000072 ], [ 119.712380710000062, 11.243773623000036 ], [ 119.729839834000018, 11.252514495000067 ], [ 119.715456446000076, 11.258610645000033 ], [ 119.707620880000036, 11.24785295900006 ], [ 119.701633835000052, 11.247117894000041 ], [ 119.696543751000036, 11.228731185000072 ] ] ], [ [ [ 120.934400819000089, 11.258193661000064 ], [ 120.928476659, 11.255165356000077 ], [ 120.923480798, 11.243053034000068 ], [ 120.925947412000028, 11.234367337000037 ], [ 120.933893306000087, 11.231037356000058 ], [ 120.940598028000053, 11.234950664000054 ], [ 120.943585753000093, 11.251598331000022 ], [ 120.934400819000089, 11.258193661000064 ] ] ], [ [ [ 119.346402283000089, 11.226392082000077 ], [ 119.340579766000019, 11.216024331000028 ], [ 119.345755859000079, 11.209347370000044 ], [ 119.357717621, 11.208703447000062 ], [ 119.366882210000085, 11.201415682000059 ], [ 119.376315732000094, 11.203332075000045 ], [ 119.37540600400007, 11.217263030000025 ], [ 119.359626780000099, 11.218941972000037 ], [ 119.353894105000123, 11.236874470000028 ], [ 119.355379071, 11.245158243000049 ], [ 119.346484373000081, 11.246714261000021 ], [ 119.346402283000089, 11.226392082000077 ] ] ], [ [ [ 119.270322663000115, 11.188330152000047 ], [ 119.2722344660001, 11.196709326000075 ], [ 119.266510570000037, 11.219605095000079 ], [ 119.259124543000098, 11.226483674000066 ], [ 119.253802145000023, 11.214719518000038 ], [ 119.263567840000064, 11.203253648000045 ], [ 119.270322663000115, 11.188330152000047 ] ] ], [ [ [ 119.282423900000026, 11.13657834500003 ], [ 119.284508784000082, 11.15583971500007 ], [ 119.282780353000035, 11.163254265000035 ], [ 119.288523108000049, 11.16994508400006 ], [ 119.290467391000121, 11.183693393000055 ], [ 119.277493769000102, 11.187017557000045 ], [ 119.281753439000127, 11.175611240000022 ], [ 119.279767599000024, 11.144292122000024 ], [ 119.282423900000026, 11.13657834500003 ] ] ], [ [ [ 119.564532149000101, 11.137952776000079 ], [ 119.573879750000074, 11.139092551000035 ], [ 119.584663242000047, 11.147064693000061 ], [ 119.592499152000087, 11.141460717000029 ], [ 119.601718794000021, 11.159451197000067 ], [ 119.606179502000046, 11.150651934000049 ], [ 119.625095888000033, 11.162078350000057 ], [ 119.630902397000114, 11.175007387000049 ], [ 119.624930053000071, 11.189003290000072 ], [ 119.605128960000116, 11.193105024000031 ], [ 119.592074510000089, 11.19330825000003 ], [ 119.589592818000014, 11.17493672000006 ], [ 119.581959347000065, 11.17936609000003 ], [ 119.564305912, 11.179715489000044 ], [ 119.556134546000067, 11.173240365000026 ], [ 119.555575350000026, 11.151696697000032 ], [ 119.564532149000101, 11.137952776000079 ] ] ], [ [ [ 120.95483011400006, 11.132120023000027 ], [ 120.96596420700007, 11.133666032000066 ], [ 120.974510450000025, 11.145738852000022 ], [ 120.98734085600006, 11.154200958000045 ], [ 120.987678332000101, 11.167989745000055 ], [ 120.978513691000117, 11.173862042000055 ], [ 120.961537356, 11.161428178000053 ], [ 120.947584362000043, 11.160132171000045 ], [ 120.938413993000054, 11.153240027000036 ], [ 120.938495809000074, 11.143839801000068 ], [ 120.945637685000065, 11.13511094200004 ], [ 120.95483011400006, 11.132120023000027 ] ] ], [ [ [ 119.319465437000076, 11.158928563000073 ], [ 119.309606688000031, 11.155708300000072 ], [ 119.304902224000102, 11.145306909000055 ], [ 119.317456743000093, 11.143831251000051 ], [ 119.324219327000051, 11.152701459000069 ], [ 119.319465437000076, 11.158928563000073 ] ] ], [ [ [ 119.676108076000105, 11.10128448100005 ], [ 119.68258671000001, 11.103138667000051 ], [ 119.688063487000022, 11.081975873000031 ], [ 119.697276825, 11.093810118000022 ], [ 119.697982425000092, 11.102521316000036 ], [ 119.691196334000111, 11.106963345000054 ], [ 119.692418523000015, 11.118872744000043 ], [ 119.686533851000036, 11.124764485000073 ], [ 119.675424109000105, 11.125365163000025 ], [ 119.667021984000016, 11.12171313500005 ], [ 119.676108076000105, 11.10128448100005 ] ] ], [ [ [ 119.633449578000082, 10.994886948000044 ], [ 119.635881726000093, 11.009756713000057 ], [ 119.642301226000086, 11.015757679000048 ], [ 119.642627007000115, 11.024870940000026 ], [ 119.625169201000062, 11.036835061000032 ], [ 119.617011708000078, 11.065960490000064 ], [ 119.621000821000067, 11.088451242000076 ], [ 119.606339282000036, 11.083065401000056 ], [ 119.600470439000091, 11.091240286000073 ], [ 119.589533903000088, 11.087560051000024 ], [ 119.580668145000132, 11.090742105000059 ], [ 119.560207577000014, 11.062664794000057 ], [ 119.561700170000108, 11.04311591900006 ], [ 119.57026117800001, 11.043513282000049 ], [ 119.578680350000013, 11.03710140000004 ], [ 119.598535137000098, 11.031817194000041 ], [ 119.597469947000036, 11.011752303000035 ], [ 119.610507866000034, 11.004990422000049 ], [ 119.622228623000069, 11.022440317000072 ], [ 119.633449578000082, 10.994886948000044 ] ] ], [ [ [ 119.390969543000082, 11.099521147000077 ], [ 119.386693437000076, 11.093421792000068 ], [ 119.390098144000035, 11.085682421000056 ], [ 119.408247229000025, 11.082847210000066 ], [ 119.402331502000038, 11.092208649000042 ], [ 119.390969543000082, 11.099521147000077 ] ] ], [ [ [ 119.696609144000035, 11.067238621000056 ], [ 119.685961089000102, 11.065961861000062 ], [ 119.67186793900008, 11.055049150000057 ], [ 119.671666561000066, 11.032728855000071 ], [ 119.674687985000091, 11.029071385000066 ], [ 119.686696323000092, 11.046533104000048 ], [ 119.691173855000116, 11.04694757200002 ], [ 119.696609144000035, 11.067238621000056 ] ] ], [ [ [ 119.707828045000042, 11.057490573000049 ], [ 119.698722730000085, 11.053195905000049 ], [ 119.698499725000033, 11.031124086000032 ], [ 119.702846239000095, 11.02656478600005 ], [ 119.718092762000083, 11.034469374000025 ], [ 119.714459742000031, 11.054794257000026 ], [ 119.707828045000042, 11.057490573000049 ] ] ], [ [ [ 119.730845884000018, 11.029956572000064 ], [ 119.727228713000045, 11.017771113000036 ], [ 119.736461873000053, 11.007992476000027 ], [ 119.746355197000071, 11.016796616000022 ], [ 119.730845884000018, 11.029956572000064 ] ] ], [ [ [ 119.279796850000025, 10.956905745000027 ], [ 119.291963281000108, 10.948058464000042 ], [ 119.300516667000011, 10.956671465000058 ], [ 119.292796209000016, 10.966413777000069 ], [ 119.289028629000086, 10.983499818000039 ], [ 119.299432506000016, 10.99994360200003 ], [ 119.299689931000117, 11.010821215000021 ], [ 119.293569874000013, 11.021963118000029 ], [ 119.273276521000085, 11.014337073000037 ], [ 119.268996119, 11.003351447000053 ], [ 119.274065721000071, 10.997249968000064 ], [ 119.262627568000084, 10.984694335000025 ], [ 119.268605289000106, 10.976716880000028 ], [ 119.270719175000082, 10.959433229000068 ], [ 119.279796850000025, 10.956905745000027 ] ] ], [ [ [ 120.945864135000079, 10.973822719000053 ], [ 120.958984771000033, 10.974772193000033 ], [ 120.963384749000042, 10.986212297000066 ], [ 120.953051941000012, 10.998466286000053 ], [ 120.939988309000114, 10.994583750000064 ], [ 120.938306217000118, 10.985098799000072 ], [ 120.945864135000079, 10.973822719000053 ] ] ], [ [ [ 121.21050843600004, 10.971509140000023 ], [ 121.224935804000097, 10.965451928000048 ], [ 121.231799124000091, 10.973482918000059 ], [ 121.219416929000104, 10.980131562000054 ], [ 121.21050843600004, 10.971509140000023 ] ] ], [ [ [ 120.718829998000047, 10.963728281000042 ], [ 120.727838505000022, 10.954072555000037 ], [ 120.733139664000092, 10.968198801000028 ], [ 120.722351740000022, 10.971477842000068 ], [ 120.718829998000047, 10.963728281000042 ] ] ], [ [ [ 119.713372554000088, 10.937050981000029 ], [ 119.715724254000065, 10.954969118000063 ], [ 119.706025409000063, 10.955044836000068 ], [ 119.709289392000073, 10.938594694000072 ], [ 119.713372554000088, 10.937050981000029 ] ] ], [ [ [ 121.001174960000071, 10.838239860000041 ], [ 121.005963580000071, 10.818559611000067 ], [ 121.012660377000088, 10.806054566000057 ], [ 121.025744305000103, 10.798788633000072 ], [ 121.039434357000118, 10.798623529000052 ], [ 121.049622548000116, 10.80835303800006 ], [ 121.055227182000081, 10.805097677000049 ], [ 121.06545684700005, 10.808134601000061 ], [ 121.058967265000092, 10.840121420000058 ], [ 121.08103309500008, 10.852314685000065 ], [ 121.077530821000096, 10.867603196000063 ], [ 121.061382479000031, 10.875467621000039 ], [ 121.061771758000077, 10.883671389000028 ], [ 121.076007329000049, 10.890009604000058 ], [ 121.079904771000088, 10.895248637000062 ], [ 121.075502044000018, 10.905791091000026 ], [ 121.067605152000056, 10.90795923400003 ], [ 121.051866272000098, 10.90491398700004 ], [ 121.053120125000078, 10.882755278000047 ], [ 121.006377035000028, 10.855062665000048 ], [ 121.007280032000025, 10.843104891000053 ], [ 121.001174960000071, 10.838239860000041 ] ] ], [ [ [ 119.345775889000038, 10.880221113000058 ], [ 119.332029077000016, 10.876457051000044 ], [ 119.343535414000044, 10.868603476000031 ], [ 119.345775889000038, 10.880221113000058 ] ] ], [ [ [ 119.633567671000037, 10.85090325500005 ], [ 119.634467834000034, 10.867545378000045 ], [ 119.621560501000076, 10.858572675000064 ], [ 119.633567671000037, 10.85090325500005 ] ] ], [ [ [ 119.632034260000083, 10.798091377000048 ], [ 119.639535231000082, 10.802304064000053 ], [ 119.641317680000057, 10.821388589000035 ], [ 119.636009121000043, 10.822976150000043 ], [ 119.630066678000063, 10.835771832000034 ], [ 119.621487974000061, 10.828723650000025 ], [ 119.631190339000113, 10.811466776000033 ], [ 119.632034260000083, 10.798091377000048 ] ] ], [ [ [ 120.972254271000111, 10.808469112000067 ], [ 120.98366809900007, 10.812303536000059 ], [ 120.986754869000052, 10.824333325000055 ], [ 120.98276300100008, 10.829297368000026 ], [ 120.964841271000068, 10.825048135000033 ], [ 120.972254271000111, 10.808469112000067 ] ] ], [ [ [ 120.892919678000112, 10.732574027000055 ], [ 120.899717642000041, 10.723323579000064 ], [ 120.909389718000057, 10.729731921000054 ], [ 120.903866355000105, 10.73876453400004 ], [ 120.892919678000112, 10.732574027000055 ] ] ], [ [ [ 119.693649812000103, 10.683750694000024 ], [ 119.702396116000031, 10.700295727000025 ], [ 119.696293730000107, 10.710434028000064 ], [ 119.688727127000092, 10.708143894000045 ], [ 119.693649812000103, 10.683750694000024 ] ] ], [ [ [ 120.265207739000047, 10.717727300000035 ], [ 120.255847097000014, 10.715202299000053 ], [ 120.253325465000117, 10.70762922500006 ], [ 120.26627221900003, 10.695218267000028 ], [ 120.269870238000067, 10.704993607000063 ], [ 120.265207739000047, 10.717727300000035 ] ] ], [ [ [ 120.242917853000122, 10.652625238000041 ], [ 120.25429148, 10.652004606000046 ], [ 120.252361939000011, 10.665575953000028 ], [ 120.245441618000086, 10.667215414000053 ], [ 120.242917853000122, 10.652625238000041 ] ] ], [ [ [ 119.804897263000043, 10.441252330000053 ], [ 119.815255988000089, 10.442902668000041 ], [ 119.832406648000074, 10.451877042000035 ], [ 119.850558430000092, 10.458267532000038 ], [ 119.866973212000062, 10.459131180000044 ], [ 119.876500407000094, 10.464247150000062 ], [ 119.858402122000044, 10.478552358000057 ], [ 119.866760037000063, 10.485874715000023 ], [ 119.878415239000105, 10.481215574000032 ], [ 119.896632314000044, 10.479449587000031 ], [ 119.900928189000069, 10.482344390000039 ], [ 119.912602058000061, 10.474648337000074 ], [ 119.923487472000033, 10.483498770000041 ], [ 119.90903579200004, 10.506595022000056 ], [ 119.905330511000102, 10.521596266000074 ], [ 119.898062007, 10.521236827000049 ], [ 119.896627110000068, 10.53589139100006 ], [ 119.885781873000056, 10.547639815000025 ], [ 119.889239924000108, 10.551718281000035 ], [ 119.901763681000034, 10.547768556000051 ], [ 119.909859614000069, 10.531597141000079 ], [ 119.913242544, 10.517633364000062 ], [ 119.924193986000105, 10.518478420000063 ], [ 119.92890943000009, 10.505224045000032 ], [ 119.936083154000016, 10.507443945000032 ], [ 119.93571012800011, 10.527794568000047 ], [ 119.948474701000023, 10.518762908000042 ], [ 119.958409959000051, 10.517499832000052 ], [ 119.970917046000068, 10.530932875000074 ], [ 119.980807268000035, 10.529634932000022 ], [ 119.985830045000057, 10.536574901000051 ], [ 119.972212941000066, 10.54922040500003 ], [ 119.978363592000065, 10.569899277000046 ], [ 119.989421010000115, 10.564762809000056 ], [ 119.98761310000009, 10.551771760000063 ], [ 119.998806645000059, 10.557011744000022 ], [ 120.00310869800002, 10.567195078000053 ], [ 119.995746987000075, 10.570210755000064 ], [ 119.990470169000119, 10.579537701000049 ], [ 119.991894980000097, 10.589686056000064 ], [ 119.983452972, 10.599544904000027 ], [ 119.974924278000117, 10.601941786000053 ], [ 119.966098331, 10.597860294000041 ], [ 119.952013899, 10.600796947000049 ], [ 119.939271773000087, 10.607775547000074 ], [ 119.905455344000089, 10.60081967800005 ], [ 119.894238680000058, 10.614042601000051 ], [ 119.875286376000076, 10.624023080000029 ], [ 119.865874317000021, 10.631866104000038 ], [ 119.841323963000036, 10.641009080000059 ], [ 119.838214484000105, 10.652278275000073 ], [ 119.827532665000035, 10.649863058000049 ], [ 119.833308854000052, 10.635270991000025 ], [ 119.834137390000024, 10.612596143000074 ], [ 119.825913193000019, 10.609289844000042 ], [ 119.822816030000027, 10.598588080000068 ], [ 119.804696105000062, 10.587453396000056 ], [ 119.803000306000058, 10.569279541000071 ], [ 119.791730111000106, 10.545907885000075 ], [ 119.781370663000089, 10.559018263000041 ], [ 119.761476215000016, 10.565102287000057 ], [ 119.751870194000034, 10.560442991000059 ], [ 119.749912836000036, 10.549291499000049 ], [ 119.743572099000062, 10.542276216000062 ], [ 119.744211017000111, 10.529701816000056 ], [ 119.763341434000026, 10.531166504000055 ], [ 119.764219278000041, 10.513150626000025 ], [ 119.768631129000028, 10.505889610000054 ], [ 119.765298506000036, 10.494922219000046 ], [ 119.766791728000044, 10.480469160000037 ], [ 119.762604609000064, 10.463948583000045 ], [ 119.774003061000045, 10.450589290000039 ], [ 119.781004709000072, 10.453565802000069 ], [ 119.796727729000068, 10.451796175000029 ], [ 119.804897263000043, 10.441252330000053 ] ] ], [ [ [ 119.122684065000058, 10.548921970000036 ], [ 119.128901156000097, 10.555322589000074 ], [ 119.13829261300009, 10.55475038700007 ], [ 119.148187687000018, 10.559082772000066 ], [ 119.149875120000047, 10.56579125200005 ], [ 119.165973118, 10.570651059000058 ], [ 119.152699344000098, 10.589705128000046 ], [ 119.13952260900011, 10.580417206000048 ], [ 119.128990525000063, 10.581535417000051 ], [ 119.135327587, 10.569189676000063 ], [ 119.126087768000062, 10.564413795000066 ], [ 119.129189209000074, 10.558229868000067 ], [ 119.122684065000058, 10.548921970000036 ] ] ], [ [ [ 119.076006354000015, 10.485220195000068 ], [ 119.08189924400007, 10.500184451000051 ], [ 119.072465737000016, 10.511371212000029 ], [ 119.056096254000067, 10.50432765000005 ], [ 119.076006354000015, 10.485220195000068 ] ] ], [ [ [ 119.020490777000077, 10.418067137000037 ], [ 119.026205569000012, 10.435032019000062 ], [ 119.011732708000082, 10.433460818000068 ], [ 119.020490777000077, 10.418067137000037 ] ] ], [ [ [ 119.236113247000063, 10.087455353000051 ], [ 119.247073405000037, 10.103175914000074 ], [ 119.246833026000104, 10.116213965000039 ], [ 119.242154532000086, 10.126568675000042 ], [ 119.232735123000097, 10.122501470000028 ], [ 119.23371674100008, 10.10110692000006 ], [ 119.229414536000036, 10.092777761000036 ], [ 119.236113247000063, 10.087455353000051 ] ] ], [ [ [ 118.91670028700004, 9.933610396000065 ], [ 118.923453420000101, 9.926161121000062 ], [ 118.931342384000118, 9.931165523000058 ], [ 118.928775222000013, 9.938800918000027 ], [ 118.920854480000131, 9.940221399000052 ], [ 118.91670028700004, 9.933610396000065 ] ] ], [ [ [ 121.188911191000102, 9.567224533000056 ], [ 121.199598625000021, 9.57620904500004 ], [ 121.201635479000061, 9.583321765000052 ], [ 121.227955311000073, 9.60164431000004 ], [ 121.222567449000067, 9.606327172000022 ], [ 121.205996421, 9.596560064000071 ], [ 121.185882605000074, 9.577761003000031 ], [ 121.188911191000102, 9.567224533000056 ] ] ], [ [ [ 118.630469661000021, 9.444186186000024 ], [ 118.632808623000088, 9.459421654000039 ], [ 118.62400531000003, 9.460536804000071 ], [ 118.617771254000104, 9.450473027000042 ], [ 118.610149120000074, 9.446565002000055 ], [ 118.611699927000018, 9.431102361000056 ], [ 118.627120790000049, 9.436854430000038 ], [ 118.630469661000021, 9.444186186000024 ] ] ], [ [ [ 118.426881782000024, 9.20763444800002 ], [ 118.433257520000097, 9.212303194000071 ], [ 118.442125672000074, 9.209938418000034 ], [ 118.452098710000087, 9.213178658000059 ], [ 118.457735841000044, 9.225422249000076 ], [ 118.452945712000087, 9.236072446000035 ], [ 118.439556529000015, 9.239991819000069 ], [ 118.431218190000095, 9.239133106000054 ], [ 118.433318814000017, 9.225879365000024 ], [ 118.427494392000085, 9.218637491000036 ], [ 118.426881782000024, 9.20763444800002 ] ] ], [ [ [ 117.178328612000087, 8.254628404000075 ], [ 117.187812655, 8.260340783000061 ], [ 117.209174119000068, 8.265771624000024 ], [ 117.217742102000102, 8.261894753000034 ], [ 117.228979001000084, 8.266499295000072 ], [ 117.238766934000068, 8.276108039000066 ], [ 117.256799444000094, 8.28826968000004 ], [ 117.261994713000036, 8.30557838100003 ], [ 117.259487204000024, 8.31210763100006 ], [ 117.247596317000102, 8.316509448000035 ], [ 117.240788414, 8.308194155000026 ], [ 117.222991488000048, 8.314568014000029 ], [ 117.196757130000051, 8.296660636000068 ], [ 117.192049629000053, 8.289920795000059 ], [ 117.175996396000087, 8.284434483000039 ], [ 117.16439019500001, 8.284267956000065 ], [ 117.178328612000087, 8.254628404000075 ] ] ], [ [ [ 117.288041736000096, 8.185057212000059 ], [ 117.298384793000096, 8.181894387000055 ], [ 117.312184668000114, 8.188616065000076 ], [ 117.3369111720001, 8.195634533000032 ], [ 117.346671320000056, 8.211932746000059 ], [ 117.342360514, 8.240450096000075 ], [ 117.343976244000046, 8.25957352900002 ], [ 117.348992254000095, 8.266410174000043 ], [ 117.352683215000084, 8.280698080000036 ], [ 117.352212602000023, 8.290773534000037 ], [ 117.343406451000064, 8.308028334000028 ], [ 117.338112419000041, 8.308162647000074 ], [ 117.324628261000043, 8.323826540000026 ], [ 117.311992285000088, 8.330310464000034 ], [ 117.294916226000069, 8.314979021000058 ], [ 117.278997238000102, 8.322785006000061 ], [ 117.27021292500001, 8.312495434000027 ], [ 117.266629718000104, 8.284736399000053 ], [ 117.267244714000071, 8.267746027000046 ], [ 117.271216116, 8.244689854000056 ], [ 117.264026102000102, 8.221418643000048 ], [ 117.262811509000016, 8.209508570000025 ], [ 117.269473346000041, 8.201438535000021 ], [ 117.280218811000054, 8.195070435000048 ], [ 117.288041736000096, 8.185057212000059 ] ] ], [ [ [ 117.117746267000015, 8.213655608000067 ], [ 117.128054398000017, 8.218947198000025 ], [ 117.11674196400007, 8.239647683000042 ], [ 117.0983236390001, 8.247354549000022 ], [ 117.079907766000019, 8.245009754000023 ], [ 117.080737030000023, 8.221759640000073 ], [ 117.090560545000017, 8.21398870100006 ], [ 117.117746267000015, 8.213655608000067 ] ] ], [ [ [ 117.172800487000018, 8.14854201700007 ], [ 117.201780525000117, 8.151466583000055 ], [ 117.203843804000044, 8.164180392000047 ], [ 117.19543905700003, 8.172938152000027 ], [ 117.185141977000043, 8.177222358000051 ], [ 117.14015332200006, 8.179950629000075 ], [ 117.131679204000079, 8.173516107000067 ], [ 117.145252325000115, 8.158369110000022 ], [ 117.148541635000029, 8.151270034000049 ], [ 117.172800487000018, 8.14854201700007 ] ] ], [ [ [ 117.02188882900009, 8.070779860000073 ], [ 117.027200923000024, 8.07463062100004 ], [ 117.062650708000092, 8.084966421000049 ], [ 117.052740048000032, 8.103370633000054 ], [ 117.051328003000108, 8.116840387000025 ], [ 117.037964695000042, 8.128243272000077 ], [ 117.024357754000107, 8.12874319900004 ], [ 116.998324021000016, 8.10948686200004 ], [ 116.990355309000051, 8.098844998000059 ], [ 116.990771349000042, 8.090394171000073 ], [ 117.003818081000091, 8.082765810000067 ], [ 117.00750413500009, 8.076539453000066 ], [ 117.02188882900009, 8.070779860000073 ] ] ], [ [ [ 117.106664579000039, 8.092460237000072 ], [ 117.098108795000044, 8.07244215700007 ], [ 117.10740004700007, 8.071172681000064 ], [ 117.111021396000055, 8.08251408600006 ], [ 117.106664579000039, 8.092460237000072 ] ] ], [ [ [ 117.019445736000094, 7.803709135000075 ], [ 117.046461088000115, 7.831186143000023 ], [ 117.060615541000075, 7.842148720000067 ], [ 117.072530698000051, 7.862712239000076 ], [ 117.078869845000099, 7.880177994000065 ], [ 117.067641025000057, 7.886992713000039 ], [ 117.070576482000092, 7.900315486000066 ], [ 117.080308912000078, 7.903621752000047 ], [ 117.086540843000094, 7.911597197000051 ], [ 117.08591886300006, 7.933044318000045 ], [ 117.080317156000106, 7.94552857600007 ], [ 117.080866362000052, 7.963678203000029 ], [ 117.075049113000105, 7.991416359000027 ], [ 117.053658226000039, 7.984709767000027 ], [ 117.052082310000046, 7.990901214000075 ], [ 117.064544060000117, 8.002077831000065 ], [ 117.077618518, 8.003180147000025 ], [ 117.080524690000075, 8.046066218000021 ], [ 117.077448056000108, 8.062950142000034 ], [ 117.071935458000084, 8.076373904000032 ], [ 117.06602813500001, 8.08003394900004 ], [ 117.052141265000046, 8.075508557000035 ], [ 117.042872396, 8.066452435000032 ], [ 117.025199505000046, 8.066976191000037 ], [ 116.99819024600005, 8.06256295000003 ], [ 117.000290053000072, 8.050796595000067 ], [ 116.995373370000038, 8.034028306000039 ], [ 116.988725797000029, 8.025957623000066 ], [ 116.978622356000074, 8.025873256000068 ], [ 116.97523512500004, 8.020266117000061 ], [ 116.963150225000064, 8.030932918000074 ], [ 116.971622992000093, 8.040822705000041 ], [ 116.972780526000065, 8.048262919000024 ], [ 116.966503180000018, 8.054158980000064 ], [ 116.954849951000043, 8.028886051000026 ], [ 116.959932081000034, 8.014181088000043 ], [ 116.952223109000087, 8.001007160000031 ], [ 116.960279991000121, 7.990336164000043 ], [ 116.967207842000093, 7.961474294000026 ], [ 116.965613679000057, 7.948248781000073 ], [ 116.942246585, 7.929612115000055 ], [ 116.928864496000088, 7.935494727000047 ], [ 116.941657278000093, 7.913349792000075 ], [ 116.951483904000042, 7.918148871000029 ], [ 116.956085433000126, 7.908268477000036 ], [ 116.967569297000082, 7.896531324000022 ], [ 116.980448093000078, 7.865306903000032 ], [ 116.982602371000112, 7.853887833000045 ], [ 116.989565548000087, 7.849153883000043 ], [ 116.994204371000038, 7.839183085000057 ], [ 116.996327015, 7.823651539000025 ], [ 116.993377484, 7.814250108000065 ], [ 117.010154331000095, 7.804620066000042 ], [ 117.019445736000094, 7.803709135000075 ] ] ] ] } },
{ "type": "Feature", "properties": { "adm1_psgc": 1700000000, "adm2_psgc": 1705900000, "adm2_en": "Romblon", "geo_level": "Prov", "len_crs": 625469, "area_crs": 1308883380, "len_km": 625, "area_km2": 1308 }, "geometry": { "type": "MultiPolygon", "coordinates": [ [ [ [ 122.032915651000039, 12.94908815300005 ], [ 122.040381171000021, 12.939016250000066 ], [ 122.049655879000056, 12.938473737000038 ], [ 122.055617523000024, 12.931094797000071 ], [ 122.056508766000107, 12.918976341000073 ], [ 122.065549108000027, 12.909587133000059 ], [ 122.07867684900009, 12.908809994000022 ], [ 122.091050212000013, 12.921665022000068 ], [ 122.096818227000085, 12.938564340000026 ], [ 122.098399418000085, 12.957861781000076 ], [ 122.075873897000065, 12.962783348000073 ], [ 122.054001684000028, 12.959877938000032 ], [ 122.045425789000092, 12.961093972000068 ], [ 122.032915651000039, 12.94908815300005 ] ] ], [ [ [ 121.71584623, 12.895737388000043 ], [ 121.725937237000053, 12.915657329000053 ], [ 121.736117156000105, 12.926856318000032 ], [ 121.729583025000011, 12.931882142000061 ], [ 121.72570178, 12.943388110000056 ], [ 121.714670533000131, 12.942966109000052 ], [ 121.704076927000088, 12.94895954100002 ], [ 121.695320756000115, 12.947696400000041 ], [ 121.684077598000059, 12.931044955000061 ], [ 121.701368849000119, 12.90079398000006 ], [ 121.709853142000057, 12.909416830000056 ], [ 121.71584623, 12.895737388000043 ] ] ], [ [ [ 122.050894674, 12.780681134000076 ], [ 122.060906251, 12.784443026000076 ], [ 122.077363609000031, 12.81361282800003 ], [ 122.083715669000085, 12.819240110000067 ], [ 122.089624106000073, 12.831527821000064 ], [ 122.080230773000039, 12.835351880000074 ], [ 122.074964552000097, 12.826333103000024 ], [ 122.061705743000061, 12.823534635000042 ], [ 122.051574180000117, 12.817345740000063 ], [ 122.035998474000039, 12.815741358000025 ], [ 122.026165441000103, 12.806951565000075 ], [ 122.031369202000064, 12.786825324000063 ], [ 122.050894674, 12.780681134000076 ] ] ], [ [ [ 121.966071441000039, 12.208991590000041 ], [ 121.959897596000019, 12.19335293600005 ], [ 121.960212690000063, 12.174484884000035 ], [ 121.96454183000003, 12.171204982000061 ], [ 121.969047996000086, 12.155102352000029 ], [ 121.98266583200008, 12.153780233000077 ], [ 121.993197045000102, 12.156303305000051 ], [ 121.987235687000066, 12.141720380000038 ], [ 122.0037689830001, 12.12357355000006 ], [ 122.012312527000077, 12.100913426000028 ], [ 122.023747057000037, 12.111694292000037 ], [ 122.02270275, 12.130023423000068 ], [ 122.017068752000128, 12.13768645600004 ], [ 122.021318091000012, 12.14880413700007 ], [ 122.031095063000066, 12.157077812000066 ], [ 122.03807866000011, 12.172002547000032 ], [ 122.050316182000088, 12.180918980000058 ], [ 122.054969321000044, 12.171543394000023 ], [ 122.066131242000097, 12.17401103900005 ], [ 122.066349418000073, 12.190300954000067 ], [ 122.04711161000013, 12.19005972700006 ], [ 122.045840173000087, 12.225281899000036 ], [ 122.050020301000032, 12.23892789900003 ], [ 122.05786313200008, 12.251088103000029 ], [ 122.055704821000063, 12.258426252000046 ], [ 122.067795182000069, 12.276309833000026 ], [ 122.072439768000109, 12.295060023000076 ], [ 122.088076106000017, 12.314321480000045 ], [ 122.080901884000028, 12.320805110000039 ], [ 122.097776369000044, 12.356581894000042 ], [ 122.094814961000111, 12.388359721000027 ], [ 122.101825879000103, 12.397818795000033 ], [ 122.107184812000014, 12.424982553000063 ], [ 122.10549419400003, 12.441354823000037 ], [ 122.106410076000088, 12.460137892000034 ], [ 122.111312499000064, 12.47674072500007 ], [ 122.111891140000012, 12.497954015000062 ], [ 122.123748980000059, 12.528857014000037 ], [ 122.138066330000029, 12.536874889000046 ], [ 122.131810238000085, 12.564058274000047 ], [ 122.139262231000089, 12.580695275000039 ], [ 122.132031818000087, 12.594787586000052 ], [ 122.130857650000053, 12.60723997300005 ], [ 122.122429198000091, 12.614613234000045 ], [ 122.126455555, 12.632566488000066 ], [ 122.134054622000022, 12.633998567000047 ], [ 122.139575899000079, 12.627771087000044 ], [ 122.162410769000076, 12.632170901000052 ], [ 122.159338661000106, 12.64800145300006 ], [ 122.152677527000037, 12.660733486000026 ], [ 122.128701716000023, 12.663363838000064 ], [ 122.098410252, 12.645339457000032 ], [ 122.072098002000075, 12.621033439000028 ], [ 122.046439077000059, 12.622155862000058 ], [ 122.035530175000076, 12.618838461000054 ], [ 122.031814304000022, 12.610482503000071 ], [ 122.021633786000052, 12.608358101000022 ], [ 122.001749262000089, 12.596791549000045 ], [ 121.999953064000024, 12.580696571000031 ], [ 121.99219192300005, 12.570034564000023 ], [ 122.009749844000126, 12.544909178000069 ], [ 122.005589628000052, 12.52339505900005 ], [ 122.011204189000082, 12.514297972000065 ], [ 122.016578627000072, 12.494458204000068 ], [ 122.007449166000029, 12.470558717000072 ], [ 122.009653616000023, 12.460782693000056 ], [ 122.002818316000102, 12.454055738000022 ], [ 122.004853143000105, 12.442039793000047 ], [ 121.997986195000053, 12.436937297000043 ], [ 121.991749474000017, 12.413214445000049 ], [ 121.984657394, 12.405413983000072 ], [ 121.973001193000087, 12.40167358000002 ], [ 121.953181424000036, 12.404552839000075 ], [ 121.942870167000038, 12.393420939000064 ], [ 121.943992738, 12.373760264000053 ], [ 121.940104588000068, 12.355760343000039 ], [ 121.929278453000066, 12.347565416000068 ], [ 121.938531688000026, 12.339689538000071 ], [ 121.930343294000068, 12.32393977600003 ], [ 121.922278945000016, 12.318436404000064 ], [ 121.920844431000091, 12.303356313000052 ], [ 121.928361493, 12.286938219000032 ], [ 121.934912012000041, 12.287209677000019 ], [ 121.937776213, 12.299159572000061 ], [ 121.947290674000115, 12.296740255000033 ], [ 121.945563830000083, 12.287728626000042 ], [ 121.950485339000011, 12.278135681000036 ], [ 121.966270672000064, 12.278644596000051 ], [ 121.962861582000073, 12.262942477000024 ], [ 121.966617788, 12.258071766000056 ], [ 121.98141186700002, 12.262747297000031 ], [ 121.99583507300008, 12.255800932000056 ], [ 121.999359771000073, 12.249269206000061 ], [ 122.012098872000024, 12.241189658000051 ], [ 122.018477487000041, 12.230195980000076 ], [ 122.015438963000065, 12.222310782000021 ], [ 121.997101606000129, 12.213266393000023 ], [ 121.98864306400003, 12.189520479000066 ], [ 121.977066560000026, 12.195388592000029 ], [ 121.973300585000075, 12.219365055000022 ], [ 121.975095951000057, 12.228947491000039 ], [ 121.965238993000085, 12.234312367000028 ], [ 121.967921954000062, 12.217275327000037 ], [ 121.966071441000039, 12.208991590000041 ] ] ], [ [ [ 122.23863483500007, 12.647734879000037 ], [ 122.245393891000063, 12.65662715600007 ], [ 122.245763861000114, 12.667159647000059 ], [ 122.239364649000109, 12.671380893000046 ], [ 122.230410386000031, 12.662520202000055 ], [ 122.23863483500007, 12.647734879000037 ] ] ], [ [ [ 122.255015570000069, 12.614232192000031 ], [ 122.265564213000061, 12.625917468000068 ], [ 122.261229075000074, 12.63073790100003 ], [ 122.24015440900007, 12.62315880300002 ], [ 122.237299178000058, 12.61815685600004 ], [ 122.255015570000069, 12.614232192000031 ] ] ], [ [ [ 122.29577559300003, 12.601945509000073 ], [ 122.293004427000028, 12.619854630000077 ], [ 122.279443189000077, 12.623090820000073 ], [ 122.276991207000023, 12.611820422000049 ], [ 122.270373837000093, 12.607869199000048 ], [ 122.268368986000056, 12.597942999000054 ], [ 122.275226388000064, 12.590963827000049 ], [ 122.268801390000021, 12.58352357900003 ], [ 122.254902295000079, 12.578783950000059 ], [ 122.246784538000043, 12.569998622000069 ], [ 122.251777443000023, 12.552801147000025 ], [ 122.261685476000025, 12.54316520800006 ], [ 122.258779630000063, 12.533770943000032 ], [ 122.26005279900005, 12.515386174000071 ], [ 122.26590439000006, 12.50979150200004 ], [ 122.27118932900008, 12.490980347000059 ], [ 122.28448257400008, 12.481434896000051 ], [ 122.302299852000019, 12.478061281000066 ], [ 122.319085434000044, 12.489570028000061 ], [ 122.326723299000051, 12.503459567000046 ], [ 122.326738401000057, 12.541130532000066 ], [ 122.321970363000119, 12.547915765000027 ], [ 122.30854950800007, 12.556130484000048 ], [ 122.309173901, 12.571363976000045 ], [ 122.29528176000008, 12.584753246000048 ], [ 122.298314480000045, 12.592887343000028 ], [ 122.29577559300003, 12.601945509000073 ] ] ], [ [ [ 122.5444625, 12.50563792200006 ], [ 122.517444720000086, 12.492912183000044 ], [ 122.494011860000128, 12.498618197000043 ], [ 122.479975655000089, 12.488251775000037 ], [ 122.456325225000114, 12.482223764000022 ], [ 122.446866258000128, 12.466859349000059 ], [ 122.429323535000094, 12.458090773000036 ], [ 122.423309621000044, 12.442802437000068 ], [ 122.424816381000028, 12.432760373000066 ], [ 122.433837583000027, 12.412760486000025 ], [ 122.452332778000041, 12.395814121000056 ], [ 122.483647877000081, 12.386210335000042 ], [ 122.493018961000075, 12.385972347000061 ], [ 122.504197368000064, 12.377573594000069 ], [ 122.526978909000036, 12.370952917000066 ], [ 122.539984995000069, 12.362321251000024 ], [ 122.552393494000071, 12.348327835000076 ], [ 122.563743681000119, 12.311459866000064 ], [ 122.580351627000013, 12.302856001000066 ], [ 122.596472023000047, 12.304040943000073 ], [ 122.609625528000038, 12.296281474000068 ], [ 122.618988733000052, 12.286931084000058 ], [ 122.629506410000104, 12.27033212200007 ], [ 122.634060477000048, 12.283697168000062 ], [ 122.669897347000074, 12.310137503000021 ], [ 122.679466287000082, 12.324141574000064 ], [ 122.686376731000109, 12.34072732900006 ], [ 122.686698743000093, 12.350648312000031 ], [ 122.692697096000089, 12.364839897000023 ], [ 122.685951188000118, 12.381244184000023 ], [ 122.698312978000104, 12.398148773000059 ], [ 122.694959013000016, 12.40810392000003 ], [ 122.685507484000041, 12.420698648000039 ], [ 122.685358946000051, 12.429334035000069 ], [ 122.675118315000091, 12.439496755000048 ], [ 122.667747343000102, 12.453019809000066 ], [ 122.660798326000091, 12.471816471000064 ], [ 122.653250265000111, 12.476767909000047 ], [ 122.654680454000072, 12.483956369000056 ], [ 122.63821355600011, 12.483640389000074 ], [ 122.634907093000052, 12.492198191000053 ], [ 122.605778466000061, 12.494197212000076 ], [ 122.597001559000105, 12.489860632000045 ], [ 122.563365632000114, 12.499040217000072 ], [ 122.555057524000048, 12.497751756000071 ], [ 122.5444625, 12.50563792200006 ] ] ], [ [ [ 121.936859910000067, 12.096793871000045 ], [ 121.915757361000047, 12.084459866000028 ], [ 121.910694899000092, 12.063014281000049 ], [ 121.914484305000101, 12.053531420000072 ], [ 121.924225868, 12.043435657000032 ], [ 121.946084591000044, 12.033077217000027 ], [ 121.957501410000077, 12.032654130000026 ], [ 121.961388333000073, 12.066209613000071 ], [ 121.952529802000072, 12.078501629000073 ], [ 121.947903954000026, 12.09531698400002 ], [ 121.936859910000067, 12.096793871000045 ] ] ] ] } },
{ "type": "Feature", "properties": { "adm1_psgc": 1900000000, "adm2_psgc": 1900700000, "adm2_en": "Basilan", "geo_level": "Prov", "len_crs": 765775, "area_crs": 1133551657, "len_km": 765, "area_km2": 1133 }, "geometry": { "type": "MultiPolygon", "coordinates": [ [ [ [ 121.549480723000102, 6.835201383000026 ], [ 121.555941632000113, 6.828408300000035 ], [ 121.56129644400005, 6.840856791000022 ], [ 121.552198974000021, 6.846488773000033 ], [ 121.549480723000102, 6.835201383000026 ] ] ], [ [ [ 121.548773297000025, 6.813643123000078 ], [ 121.539017116000068, 6.834439319000069 ], [ 121.529865771000118, 6.829194852000057 ], [ 121.548773297000025, 6.813643123000078 ] ] ], [ [ [ 122.377082988000112, 6.775252678000072 ], [ 122.361468637000044, 6.767998926000074 ], [ 122.366878128000067, 6.760198360000062 ], [ 122.379916431000083, 6.76776157300003 ], [ 122.377082988000112, 6.775252678000072 ] ] ], [ [ [ 121.465888011000061, 6.733927714000058 ], [ 121.472189032000074, 6.748229365000042 ], [ 121.464961771000048, 6.759914413000046 ], [ 121.45787023900003, 6.76532374900006 ], [ 121.450699038000039, 6.746499129000028 ], [ 121.465888011000061, 6.733927714000058 ] ] ], [ [ [ 121.91717787000006, 6.674741475000076 ], [ 121.906033221000044, 6.671697788000073 ], [ 121.900303839000131, 6.66339958100002 ], [ 121.884594539000105, 6.656578388000071 ], [ 121.868834082000035, 6.66776354800004 ], [ 121.867943346000061, 6.673485680000055 ], [ 121.845685923, 6.682524789000069 ], [ 121.82990362000011, 6.677443961000053 ], [ 121.824557467000091, 6.670108717000061 ], [ 121.815263282000046, 6.665070295000022 ], [ 121.802771408000027, 6.646877767000035 ], [ 121.794991729000131, 6.630069024000023 ], [ 121.80121624200001, 6.609964886000058 ], [ 121.794467210000107, 6.606788016000054 ], [ 121.797966541000037, 6.598116452000056 ], [ 121.824340170000028, 6.583890697000071 ], [ 121.836359151000025, 6.586954062000075 ], [ 121.849925077000066, 6.586377525000046 ], [ 121.858795192000102, 6.578085740000064 ], [ 121.867500471000085, 6.574842004000061 ], [ 121.880040983000072, 6.553931186000056 ], [ 121.870819937000064, 6.552734873000077 ], [ 121.868578591000059, 6.541242254000054 ], [ 121.874863979000125, 6.537191045000045 ], [ 121.867512067, 6.529194752000024 ], [ 121.864753717000099, 6.520263796000052 ], [ 121.872924028000057, 6.500247977000072 ], [ 121.881698103000076, 6.498439783000038 ], [ 121.891120390000069, 6.484740865000049 ], [ 121.900770278000081, 6.482444857000075 ], [ 121.907284269000115, 6.464674211000045 ], [ 121.916302105000113, 6.457093556000074 ], [ 121.91908180300004, 6.447147104000066 ], [ 121.928311559, 6.446817248000058 ], [ 121.944635216000052, 6.437008708000064 ], [ 121.953634794000095, 6.427697850000071 ], [ 121.950088498000014, 6.416035452000074 ], [ 121.955430573000072, 6.407615672000076 ], [ 121.962334289000069, 6.40729277500003 ], [ 121.97002174100011, 6.413308003000053 ], [ 121.983394316000044, 6.409255271000062 ], [ 122.004485031000073, 6.413265788000047 ], [ 122.014110539000058, 6.410612412000035 ], [ 122.039248157000088, 6.41296599800006 ], [ 122.06096095800001, 6.417519916000061 ], [ 122.070771344000022, 6.425055486000074 ], [ 122.079025488000056, 6.425424967000026 ], [ 122.090189369000086, 6.43318622000004 ], [ 122.106685662000018, 6.439649849000032 ], [ 122.120847264000091, 6.439107466000053 ], [ 122.133331787000088, 6.446696307000025 ], [ 122.163674864000072, 6.454234594000069 ], [ 122.182747267000096, 6.456337921000058 ], [ 122.192393098000025, 6.46147047900007 ], [ 122.196194550000087, 6.468195124000032 ], [ 122.193347293000116, 6.476738586000065 ], [ 122.199506680000013, 6.492896344000029 ], [ 122.196972927000061, 6.506089063000048 ], [ 122.190616705000025, 6.52134221600005 ], [ 122.198414874000036, 6.526663640000039 ], [ 122.206440114000088, 6.554831523000076 ], [ 122.21212456100011, 6.580898362000027 ], [ 122.223122706000026, 6.590023161000032 ], [ 122.238689663000073, 6.595330921000028 ], [ 122.248246201000029, 6.59610361700004 ], [ 122.25621387700005, 6.588402466000049 ], [ 122.282220293000023, 6.594964443000038 ], [ 122.301470966000011, 6.590380801000038 ], [ 122.3160113550001, 6.598940852000054 ], [ 122.31818057100007, 6.606162572000074 ], [ 122.326911995000046, 6.616795145000026 ], [ 122.327939324000127, 6.624323869000023 ], [ 122.321689390000088, 6.635486393000063 ], [ 122.308956037000016, 6.643302340000048 ], [ 122.293315359000076, 6.64743129900006 ], [ 122.27408386400009, 6.64504018300005 ], [ 122.266095258000064, 6.641381847000046 ], [ 122.248094085000048, 6.652802896000024 ], [ 122.235474232000115, 6.665153211000074 ], [ 122.222349031000036, 6.661244075000068 ], [ 122.21526078300009, 6.665503018000038 ], [ 122.201708479000104, 6.664684367000063 ], [ 122.189711961000057, 6.669768977000046 ], [ 122.173814044000096, 6.663139266000031 ], [ 122.16104423700007, 6.671054064000031 ], [ 122.149072084000082, 6.669028159000048 ], [ 122.139743628000019, 6.676898204000055 ], [ 122.137098526000045, 6.68981530800005 ], [ 122.141215551000087, 6.702040162000059 ], [ 122.132633962000128, 6.719219906000034 ], [ 122.114358914000036, 6.722105189000046 ], [ 122.109850493000081, 6.717399886000067 ], [ 122.094391730000098, 6.714745652000031 ], [ 122.082098838000093, 6.730834121000044 ], [ 122.074837845000047, 6.748915990000058 ], [ 122.05618344100003, 6.751015723000022 ], [ 122.047158188000012, 6.749015081000039 ], [ 122.041785305000076, 6.740369923000059 ], [ 122.032589305000101, 6.741121540000051 ], [ 122.035099682, 6.728068570000062 ], [ 122.031237135000097, 6.721606987000029 ], [ 122.03570215600007, 6.71016990100003 ], [ 122.030621839000105, 6.701449177000029 ], [ 122.044292300000066, 6.682791300000076 ], [ 122.048549645000108, 6.681042292000028 ], [ 122.051534500000116, 6.667949200000066 ], [ 122.047530300000062, 6.657513700000038 ], [ 122.036717800000019, 6.653846200000031 ], [ 122.036241, 6.642316900000025 ], [ 122.03002564800012, 6.617820360000053 ], [ 122.034925144000127, 6.61583752900003 ], [ 122.040326105000062, 6.595145655000066 ], [ 122.042892914000049, 6.56481997900005 ], [ 121.962591196000062, 6.563836482000056 ], [ 121.953292949000129, 6.562327925000033 ], [ 121.935555742000034, 6.570645760000048 ], [ 121.941025226000093, 6.586892415000022 ], [ 121.943637691000063, 6.607719422000057 ], [ 121.941478562000057, 6.619609570000021 ], [ 121.933567215000025, 6.617321563000075 ], [ 121.926441496000038, 6.62185518700005 ], [ 121.924157980000018, 6.63582532700002 ], [ 121.917299577000108, 6.63746050800006 ], [ 121.918433495000045, 6.650959712000031 ], [ 121.91717787000006, 6.674741475000076 ] ] ], [ [ [ 122.396296779000053, 6.750006219000057 ], [ 122.391989743000067, 6.738497644000063 ], [ 122.405193157000113, 6.734388302000069 ], [ 122.406853145, 6.742042901000048 ], [ 122.396296779000053, 6.750006219000057 ] ] ], [ [ [ 121.703331135000099, 6.683449591000056 ], [ 121.706599850000089, 6.646093802000052 ], [ 121.712507980000069, 6.657850730000065 ], [ 121.717558458000099, 6.686125425000055 ], [ 121.709851939000032, 6.694533855000031 ], [ 121.703331135000099, 6.683449591000056 ] ] ], [ [ [ 121.618871556000045, 6.558916965000035 ], [ 121.619235700000104, 6.572765008000032 ], [ 121.62290065000002, 6.579315012000052 ], [ 121.622319568000066, 6.612166054000057 ], [ 121.619600406000032, 6.62181938900005 ], [ 121.630944100000079, 6.646084758000029 ], [ 121.632044440000072, 6.652973098000074 ], [ 121.613852285000021, 6.661344291000035 ], [ 121.60784229900004, 6.674207713000043 ], [ 121.592994821000048, 6.684631417000047 ], [ 121.585166435000019, 6.671495924000056 ], [ 121.584709146000023, 6.66366269200006 ], [ 121.601247992000026, 6.639448982000032 ], [ 121.599401296000124, 6.624786198000037 ], [ 121.607487719000119, 6.617308387000036 ], [ 121.618963661000066, 6.599535459000037 ], [ 121.614978038000132, 6.593879189000062 ], [ 121.61612631200002, 6.561085166000055 ], [ 121.618871556000045, 6.558916965000035 ] ] ], [ [ [ 121.583495409000093, 6.625685971000054 ], [ 121.591292613000078, 6.632038070000021 ], [ 121.589766293000039, 6.649404990000049 ], [ 121.580485850000059, 6.648341037000022 ], [ 121.570080690000054, 6.640321376000031 ], [ 121.569956627000025, 6.632457298000077 ], [ 121.583495409000093, 6.625685971000054 ] ] ], [ [ [ 121.803475918000117, 6.549260821000074 ], [ 121.796913322000037, 6.565567966000059 ], [ 121.789866847000098, 6.560858878000033 ], [ 121.791135152000052, 6.55174147300005 ], [ 121.803475918000117, 6.549260821000074 ] ] ], [ [ [ 122.201352943000074, 6.515263374000027 ], [ 122.206376299000112, 6.503097908000029 ], [ 122.205419635000112, 6.496393639000075 ], [ 122.217552156000025, 6.493579141000054 ], [ 122.21887614100001, 6.499590736000073 ], [ 122.201352943000074, 6.515263374000027 ] ] ], [ [ [ 122.206178844000092, 6.479038977000073 ], [ 122.20325049600001, 6.469050916000071 ], [ 122.205287109000096, 6.461521878000042 ], [ 122.2196600420001, 6.45386331900005 ], [ 122.225849350000104, 6.456489095000052 ], [ 122.211415572000092, 6.469049877000031 ], [ 122.206178844000092, 6.479038977000073 ] ] ], [ [ [ 121.826664829000052, 6.448045757000046 ], [ 121.833950281000043, 6.45832144700006 ], [ 121.82665279800004, 6.468208978000064 ], [ 121.81640016300004, 6.461971048000067 ], [ 121.819806650000032, 6.450751747000026 ], [ 121.826664829000052, 6.448045757000046 ] ] ], [ [ [ 121.975500621000037, 6.361906394000073 ], [ 121.950482399000066, 6.350511751000055 ], [ 121.958609060000057, 6.335781437000037 ], [ 121.968737211000075, 6.333408141000064 ], [ 121.981310954000037, 6.336710992000063 ], [ 121.980099569000117, 6.357159605000049 ], [ 121.975500621000037, 6.361906394000073 ] ] ], [ [ [ 122.029071982000104, 6.350430266000046 ], [ 122.018750905000047, 6.34106970700003 ], [ 122.017056457000095, 6.332656354000049 ], [ 122.033235958000105, 6.32872204900002 ], [ 122.035638155000029, 6.345222265000076 ], [ 122.029071982000104, 6.350430266000046 ] ] ], [ [ [ 121.923965753000061, 6.327603173000057 ], [ 121.919624194000107, 6.322796614000026 ], [ 121.92372653200006, 6.304883390000043 ], [ 121.931171874000043, 6.308229761000063 ], [ 121.92986343500003, 6.318233668000061 ], [ 121.923965753000061, 6.327603173000057 ] ] ], [ [ [ 121.993957646000013, 6.29618041300006 ], [ 121.988582001000054, 6.307981375000053 ], [ 121.963483796000119, 6.313003210000034 ], [ 121.958788766000126, 6.310361823000051 ], [ 121.956413653000027, 6.296911795000029 ], [ 121.963062984000103, 6.287772176000034 ], [ 121.973656432000112, 6.29410901500006 ], [ 121.979489691000012, 6.291873878000048 ], [ 121.980360955000037, 6.279223509000076 ], [ 121.993957646000013, 6.29618041300006 ] ] ] ] } },
{ "type": "Feature", "properties": { "adm1_psgc": 1900000000, "adm2_psgc": 1903600000, "adm2_en": "Lanao del Sur", "geo_level": "Prov", "len_crs": 465505, "area_crs": 4103447649, "len_km": 465, "area_km2": 4103 }, "geometry": { "type": "Polygon", "coordinates": [ [ [ 124.528049197000087, 7.638289207000071 ], [ 124.59036584400009, 7.609324928000033 ], [ 124.645981350000056, 7.603575178000028 ], [ 124.651662494000107, 7.600821096000062 ], [ 124.672593188000079, 7.599251294000056 ], [ 124.677868163000085, 7.594194518000053 ], [ 124.692172358000093, 7.590113846000065 ], [ 124.714628062000088, 7.593475539000051 ], [ 124.733400951000036, 7.590107226000042 ], [ 124.740292192000098, 7.591068371000062 ], [ 124.755241401000049, 7.575518485000034 ], [ 124.766163456000058, 7.560586482000076 ], [ 124.772172155000021, 7.546048830000075 ], [ 124.790894640000033, 7.542728348000025 ], [ 124.791196381000091, 7.536129237000068 ], [ 124.79783217000012, 7.52259117400007 ], [ 124.805338006000071, 7.521360214000026 ], [ 124.811154637000072, 7.533274005000067 ], [ 124.826289019000129, 7.541656422000072 ], [ 124.827397814000051, 7.556690343000071 ], [ 124.818459382000015, 7.564037232000034 ], [ 124.81910911500006, 7.577818123000043 ], [ 124.815176274, 7.582328378000057 ], [ 124.818426554000084, 7.594076047000047 ], [ 124.8073990890001, 7.597659137000049 ], [ 124.810704180000016, 7.605544263000072 ], [ 124.805122581000091, 7.622628351000059 ], [ 124.78841594700009, 7.634874726000019 ], [ 124.775946291000096, 7.636486596000055 ], [ 124.777206723000077, 7.645090331000062 ], [ 124.763542258000044, 7.647100545000057 ], [ 124.755939587000071, 7.669789671000045 ], [ 124.756422360000116, 7.681573885000034 ], [ 124.745092150000133, 7.685550991000071 ], [ 124.743312589000098, 7.698349593000046 ], [ 124.732623481, 7.708031542000069 ], [ 124.728526941000055, 7.720516810000047 ], [ 124.739389223000117, 7.730661784000064 ], [ 124.73260872600008, 7.73462640500003 ], [ 124.731416485000068, 7.745150887000022 ], [ 124.711470500000033, 7.754228533000057 ], [ 124.704740136000055, 7.780107457000041 ], [ 124.688258856000076, 7.79036404900006 ], [ 124.667197764000093, 7.820347567000053 ], [ 124.663839028000098, 7.834204876000058 ], [ 124.650865063000083, 7.835266005000051 ], [ 124.631776698000067, 7.84637240400002 ], [ 124.626582567, 7.86831056400007 ], [ 124.618787169000043, 7.887981693000029 ], [ 124.600793738000093, 7.902243121000026 ], [ 124.601928662000091, 7.909914519000039 ], [ 124.586342205000051, 7.942985936000072 ], [ 124.566360627000122, 7.973640005000049 ], [ 124.562530662000086, 7.98184142100007 ], [ 124.564787645000038, 7.994089863000054 ], [ 124.559932752000023, 8.007036907000042 ], [ 124.548004086000091, 8.029671450000023 ], [ 124.549928801000078, 8.04476617700004 ], [ 124.54576299900009, 8.058065760000032 ], [ 124.547479004000039, 8.064921644000039 ], [ 124.537179726000076, 8.079769341000029 ], [ 124.537166906000039, 8.090485116000025 ], [ 124.527633889000057, 8.098321693000059 ], [ 124.525606730000035, 8.108390977000054 ], [ 124.513322371000072, 8.122123601000053 ], [ 124.511847424000067, 8.128074017000074 ], [ 124.50229698200009, 8.132810472000074 ], [ 124.497978518000082, 8.146408800000074 ], [ 124.480268817000024, 8.162042287000075 ], [ 124.4726704200001, 8.151313193000018 ], [ 124.455546096000049, 8.132936867000071 ], [ 124.43501488000004, 8.128414759000064 ], [ 124.404668947000118, 8.141588292000051 ], [ 124.395756979000112, 8.153384322000022 ], [ 124.376571023000125, 8.158134573000043 ], [ 124.368875391000074, 8.156649365000018 ], [ 124.367492756000047, 8.147470209000064 ], [ 124.373477894000089, 8.127259307000029 ], [ 124.368015469000056, 8.116234302000066 ], [ 124.351022288000081, 8.114811684000076 ], [ 124.345594438000049, 8.106119776000071 ], [ 124.337708482000025, 8.102475303000061 ], [ 124.334678470000085, 8.09143978700007 ], [ 124.338484168000036, 8.081574214000057 ], [ 124.331817691000097, 8.073890680000034 ], [ 124.288426392000019, 8.056473836000064 ], [ 124.278138385000034, 8.058013250000041 ], [ 124.271000878000095, 8.055116248000047 ], [ 124.25211239500004, 8.056921042000056 ], [ 124.251379647000022, 8.066451624000024 ], [ 124.230099729000017, 8.068852535000076 ], [ 124.212340118000057, 8.067705201000024 ], [ 124.211952586000038, 8.048658225000056 ], [ 124.200793660000045, 8.047726688000068 ], [ 124.204083235000084, 8.037208405000062 ], [ 124.194124361000036, 8.021356720000028 ], [ 124.174512967000055, 8.025478709000026 ], [ 124.157515916000094, 8.020146361000059 ], [ 124.157622770000103, 8.033463527000038 ], [ 124.123041526000065, 8.028824105000067 ], [ 124.108834644000027, 8.029945532000056 ], [ 124.111350558000041, 8.021062870000035 ], [ 124.108232996000083, 8.005316929000058 ], [ 124.11750918700011, 8.003279788000045 ], [ 124.114329506000104, 7.985754760000019 ], [ 124.096323934000111, 7.986626725000063 ], [ 124.103551872000011, 7.972682266000049 ], [ 124.101634860000118, 7.96445142400006 ], [ 124.030819200000124, 7.952898652000045 ], [ 124.008841392000022, 7.946688721000041 ], [ 123.987841136000043, 7.935095518000024 ], [ 124.001883285000076, 7.912551852000035 ], [ 123.977421538000044, 7.892975554000032 ], [ 123.965704790000018, 7.879629500000021 ], [ 123.973689233000087, 7.874036868000074 ], [ 123.982047062000106, 7.857085474000028 ], [ 123.995730316000049, 7.838661307000053 ], [ 124.023908195000118, 7.828601493000061 ], [ 124.029423491000117, 7.821626718000062 ], [ 124.016248154000081, 7.813724285000031 ], [ 124.002515226, 7.799515354000049 ], [ 123.995513059000018, 7.785322082000049 ], [ 123.996584662000046, 7.763499486000057 ], [ 124.001624759000038, 7.742659211000047 ], [ 123.959323360000113, 7.724984796000059 ], [ 123.940330755000105, 7.724809614000036 ], [ 123.902944265000087, 7.729355503000024 ], [ 123.870272911000029, 7.738132882000057 ], [ 123.850969147000114, 7.735201919000074 ], [ 123.85993317800002, 7.714928050000026 ], [ 123.849652093000032, 7.70708985600004 ], [ 123.850596941000049, 7.697489763000021 ], [ 123.865588026000083, 7.69636635100005 ], [ 123.874690310000119, 7.700882147000073 ], [ 123.891511141000024, 7.697098876000039 ], [ 123.903236028000052, 7.689907214000073 ], [ 123.916349121000053, 7.692565918000069 ], [ 123.963401009000123, 7.667121500000063 ], [ 123.972811146000026, 7.666351853000036 ], [ 123.974216190000107, 7.65114396200005 ], [ 123.978479854000071, 7.646166093000032 ], [ 123.999453542000069, 7.645552061000046 ], [ 124.00349361900011, 7.641586986000051 ], [ 124.011955654000076, 7.647784533000047 ], [ 124.016692708000036, 7.639321489000054 ], [ 124.027042839000046, 7.634659176000069 ], [ 124.044791993000089, 7.611002333000044 ], [ 124.043798119000016, 7.602555169000027 ], [ 124.06753896500004, 7.582122168000069 ], [ 124.085330496000097, 7.555279479000034 ], [ 124.096148505000102, 7.536760075000074 ], [ 124.10825241900011, 7.525653427000066 ], [ 124.118429052000025, 7.509965929000031 ], [ 124.12727488500002, 7.489051589000038 ], [ 124.131839908000075, 7.47179730600004 ], [ 124.143440859000066, 7.465260268000066 ], [ 124.14610019600002, 7.457701549000035 ], [ 124.140122316000074, 7.447560512000055 ], [ 124.127937645000102, 7.447429171000064 ], [ 124.140626545000018, 7.436298773000031 ], [ 124.145095796000078, 7.437125034000077 ], [ 124.167645442000094, 7.42864557300004 ], [ 124.17266371300002, 7.406965372000056 ], [ 124.186709353000097, 7.412033425000059 ], [ 124.186040530000028, 7.421830624000052 ], [ 124.195207262000068, 7.43575265000004 ], [ 124.186764897000089, 7.453050466000038 ], [ 124.196755639000131, 7.471888897000042 ], [ 124.205997712000126, 7.473705159000076 ], [ 124.204545485000054, 7.49070031700006 ], [ 124.215216575000113, 7.49334045300003 ], [ 124.236505575000024, 7.520440906000031 ], [ 124.240340529000036, 7.542860437000058 ], [ 124.251338537000052, 7.557921067000053 ], [ 124.278681435000067, 7.557954299000073 ], [ 124.353730878000079, 7.58642368900007 ], [ 124.528049197000087, 7.638289207000071 ] ] ] } },
{ "type": "Feature", "properties": { "adm1_psgc": 1900000000, "adm2_psgc": 1906600000, "adm2_en": "Sulu", "geo_level": "Prov", "len_crs": 2242590, "area_crs": 1516335977, "len_km": 2242, "area_km2": 1516 }, "geometry": { "type": "MultiPolygon", "coordinates": [ [ [ [ 120.698906535000106, 6.394618202000061 ], [ 120.711812624000103, 6.398176271000067 ], [ 120.715451191000071, 6.41235231400003 ], [ 120.715939844000104, 6.426482900000053 ], [ 120.711303200000089, 6.437399806000032 ], [ 120.678030350000085, 6.423406020000073 ], [ 120.668869599000132, 6.416865078000056 ], [ 120.67052442000012, 6.403467708000051 ], [ 120.689633751000102, 6.400715674000026 ], [ 120.698906535000106, 6.394618202000061 ] ] ], [ [ [ 120.534450946000106, 6.238920604000044 ], [ 120.57143598800009, 6.246510421000037 ], [ 120.577752491000055, 6.250871606000033 ], [ 120.585040470000095, 6.292272445000036 ], [ 120.585721787000026, 6.307678334000059 ], [ 120.582220743000093, 6.311596199000063 ], [ 120.58609355900002, 6.322240816000033 ], [ 120.588794129, 6.34485965300007 ], [ 120.595840578000079, 6.360257965000073 ], [ 120.60174895100009, 6.392399476000037 ], [ 120.595783635000075, 6.394617809000065 ], [ 120.585335725000036, 6.387574408000035 ], [ 120.571434963000101, 6.385308012000054 ], [ 120.556699413000047, 6.374330690000023 ], [ 120.55179788800001, 6.361886632000051 ], [ 120.552230378000118, 6.354487381000069 ], [ 120.541560413000084, 6.341293950000023 ], [ 120.542454910000075, 6.328508960000022 ], [ 120.534843445000106, 6.298635187000059 ], [ 120.521258224, 6.28149013500007 ], [ 120.521460005000122, 6.267976612000039 ], [ 120.51530630600007, 6.261233968000056 ], [ 120.508005590000053, 6.260967538000044 ], [ 120.496624753000106, 6.269745726000052 ], [ 120.487740209000108, 6.27260960600006 ], [ 120.476731345000076, 6.268685010000071 ], [ 120.480058440000107, 6.252946573000032 ], [ 120.495316441000128, 6.248849445000075 ], [ 120.511425484000043, 6.249433457000065 ], [ 120.534450946000106, 6.238920604000044 ] ] ], [ [ [ 120.842483984000069, 6.320552961000033 ], [ 120.841758154000118, 6.309845669000025 ], [ 120.8570348410001, 6.308060411000042 ], [ 120.870989578000049, 6.314235479000047 ], [ 120.875984667000012, 6.322779249000063 ], [ 120.874023394, 6.336090657000056 ], [ 120.866707597000087, 6.341149464000067 ], [ 120.851880906000019, 6.341832990000057 ], [ 120.846981844000098, 6.33783410500007 ], [ 120.842483984000069, 6.320552961000033 ] ] ], [ [ [ 120.6629363630001, 6.278954726000051 ], [ 120.667302587000108, 6.294262435000064 ], [ 120.667484380000033, 6.305578222000063 ], [ 120.651847047000047, 6.320002990000034 ], [ 120.64358160300003, 6.30213185900004 ], [ 120.65930254400007, 6.298401057000036 ], [ 120.660550412000035, 6.290047070000071 ], [ 120.654813464000085, 6.281682921000026 ], [ 120.648209462000068, 6.291863877000025 ], [ 120.643075532000012, 6.291993748000038 ], [ 120.621134075000114, 6.266866522000043 ], [ 120.628664517000061, 6.25302718000006 ], [ 120.633775563000086, 6.250089613000056 ], [ 120.648675534000077, 6.258209239000052 ], [ 120.6629363630001, 6.278954726000051 ] ] ], [ [ [ 121.835154821000074, 6.21861120500006 ], [ 121.845786538000098, 6.225357010000038 ], [ 121.844269792000091, 6.237866745000075 ], [ 121.834319439000069, 6.242505971000069 ], [ 121.83138309200001, 6.228316709000068 ], [ 121.835154821000074, 6.21861120500006 ] ] ], [ [ [ 120.846100936000084, 6.207024771000021 ], [ 120.860634098000119, 6.208129830000074 ], [ 120.855863717000048, 6.218269623000025 ], [ 120.848051262000013, 6.215138306000028 ], [ 120.846100936000084, 6.207024771000021 ] ] ], [ [ [ 121.043843675000076, 6.207889111000044 ], [ 121.04038558000002, 6.203159292000067 ], [ 121.050092269000046, 6.195392937000066 ], [ 121.054505870000071, 6.199698730000022 ], [ 121.043843675000076, 6.207889111000044 ] ] ], [ [ [ 120.961813769000059, 6.178090222000036 ], [ 120.965142978000017, 6.18919542900005 ], [ 120.975531806000049, 6.194311713000047 ], [ 120.980835852000041, 6.177656088000048 ], [ 120.992085018000012, 6.183733453000059 ], [ 120.988603006000062, 6.196672507000073 ], [ 120.967328787000042, 6.204450762000021 ], [ 120.9575677670001, 6.191555684000035 ], [ 120.961813769000059, 6.178090222000036 ] ] ], [ [ [ 121.817356508000117, 6.176415855000072 ], [ 121.805833703000076, 6.171081484000069 ], [ 121.796082301000069, 6.152533368000037 ], [ 121.796003406000068, 6.139642106000054 ], [ 121.802333575000034, 6.13223296900003 ], [ 121.809426053000053, 6.130918570000063 ], [ 121.814378560000023, 6.138417542000068 ], [ 121.824444399000072, 6.140971709000041 ], [ 121.830264280000065, 6.150883505000023 ], [ 121.822883219000133, 6.170347137000021 ], [ 121.817356508000117, 6.176415855000072 ] ] ], [ [ [ 120.442778986, 6.132996438000022 ], [ 120.454989624000063, 6.136098403000062 ], [ 120.46457255200005, 6.156899384000042 ], [ 120.463373428000054, 6.168346914000039 ], [ 120.456320708, 6.171902336000073 ], [ 120.443599502000097, 6.170608772000035 ], [ 120.427631067000107, 6.16584802400007 ], [ 120.417387991000069, 6.157620105000035 ], [ 120.417125073000093, 6.150088844000037 ], [ 120.431304088000047, 6.138320547000033 ], [ 120.442778986, 6.132996438000022 ] ] ], [ [ [ 121.840624541000011, 6.147638086000028 ], [ 121.820642969000133, 6.136176082000077 ], [ 121.812843330000078, 6.127500667000049 ], [ 121.827008130000095, 6.115377369000044 ], [ 121.846220710000026, 6.116664178000065 ], [ 121.852788534000084, 6.125151323000069 ], [ 121.852635510000027, 6.139260789000047 ], [ 121.848567932000037, 6.145872832000066 ], [ 121.840624541000011, 6.147638086000028 ] ] ], [ [ [ 120.542820487000085, 6.112475890000042 ], [ 120.552971945000067, 6.11708966900005 ], [ 120.5568384930001, 6.12471493000004 ], [ 120.553352994000079, 6.133820376000073 ], [ 120.537371249000103, 6.144888990000026 ], [ 120.532687649000096, 6.141673765000064 ], [ 120.530746838000042, 6.126359067000067 ], [ 120.535105958000031, 6.115401464000057 ], [ 120.542820487000085, 6.112475890000042 ] ] ], [ [ [ 121.76140461600005, 6.09152301100005 ], [ 121.756419526000059, 6.078358103000028 ], [ 121.763214448000099, 6.073541463000027 ], [ 121.777349171000083, 6.053343659000062 ], [ 121.786482251000052, 6.051587330000075 ], [ 121.802025610000101, 6.042449774000034 ], [ 121.80543149800009, 6.028882872000054 ], [ 121.817233008000017, 6.020251812000025 ], [ 121.828888899000049, 6.018887724000023 ], [ 121.846252503000088, 6.002635238000038 ], [ 121.856134367000095, 5.998474002000022 ], [ 121.882634687000078, 6.003245692000063 ], [ 121.909533128000035, 6.018021103000023 ], [ 121.920937280000089, 6.028213504000066 ], [ 121.944201258000021, 6.044294420000028 ], [ 121.930468141, 6.047001701000055 ], [ 121.905149127000087, 6.032784050000034 ], [ 121.895300977000034, 6.032813625000073 ], [ 121.877618389000077, 6.028232793000029 ], [ 121.8628085470001, 6.019226812000057 ], [ 121.839839851000079, 6.033971718000031 ], [ 121.829617384000017, 6.034649350000052 ], [ 121.817866459, 6.03926029400003 ], [ 121.797453101000073, 6.060152622000031 ], [ 121.787315283000112, 6.068214672000067 ], [ 121.77672740200002, 6.086310952000076 ], [ 121.770407243000022, 6.092406302000027 ], [ 121.76140461600005, 6.09152301100005 ] ] ], [ [ [ 121.284289085000069, 5.859447009000062 ], [ 121.299229592000074, 5.866058953000049 ], [ 121.297638429000017, 5.872305020000057 ], [ 121.311037075000058, 5.887585751000073 ], [ 121.320009781000053, 5.894320854000056 ], [ 121.338331326000116, 5.903589040000041 ], [ 121.353709596000044, 5.918218852000052 ], [ 121.366647399000058, 5.914529808000054 ], [ 121.375266646000114, 5.915519152000059 ], [ 121.378319511000072, 5.903453143000036 ], [ 121.386309137000012, 5.90790485900004 ], [ 121.388942480000068, 5.921679747000042 ], [ 121.380747846000077, 5.926247285000046 ], [ 121.383611511000041, 5.936984752000057 ], [ 121.395618223000042, 5.942301896000059 ], [ 121.413924289000079, 5.945591981000065 ], [ 121.42484095500005, 5.958081092000042 ], [ 121.426747833000036, 5.965622601000062 ], [ 121.425488525000119, 5.983022466000022 ], [ 121.418369194000093, 5.995711345000075 ], [ 121.394207688000051, 6.010007735000043 ], [ 121.383620971000028, 6.01024601100005 ], [ 121.368939137000083, 6.005279796000026 ], [ 121.372187067000013, 6.000586923000072 ], [ 121.366543526000115, 5.990460989000042 ], [ 121.361084327000071, 5.990076316000057 ], [ 121.363969353000016, 6.004829731000028 ], [ 121.353667930000015, 6.005402769000056 ], [ 121.347710182000029, 6.010200627000074 ], [ 121.326912059000037, 6.001728751000031 ], [ 121.314013826000078, 6.002737358000048 ], [ 121.307937899000081, 6.011160782000046 ], [ 121.279598528000065, 6.018948006000073 ], [ 121.26067503600008, 6.013773125000056 ], [ 121.244296542000029, 6.012873762000027 ], [ 121.219453994000091, 5.995561008000038 ], [ 121.204982862000065, 5.996685564000074 ], [ 121.194118973000059, 6.008294550000072 ], [ 121.185262769000019, 6.021739016000025 ], [ 121.181114224000098, 6.040402934000041 ], [ 121.162833937000087, 6.05667625500007 ], [ 121.153979729000085, 6.077723048000053 ], [ 121.136019261000115, 6.078248676000043 ], [ 121.121560087000034, 6.090422547000058 ], [ 121.110773535000035, 6.090712509000069 ], [ 121.088389885000097, 6.085834515000043 ], [ 121.065470043000104, 6.086778284000047 ], [ 121.054326925000069, 6.089311391000023 ], [ 121.039956700000062, 6.085974865000026 ], [ 121.027108715000054, 6.090094683000075 ], [ 121.014216536000063, 6.084979146000023 ], [ 121.012906550000039, 6.069311765000066 ], [ 120.998202025000069, 6.054670087000035 ], [ 120.985815591000105, 6.050535029000057 ], [ 120.983499901000073, 6.04467738900007 ], [ 120.965321078000102, 6.043882847000019 ], [ 120.949931589000016, 6.033160788000032 ], [ 120.941524500000014, 6.035014392000049 ], [ 120.917971415000025, 6.024838789000058 ], [ 120.907447183000045, 6.009798334000037 ], [ 120.896388126000048, 6.001945233000071 ], [ 120.891024396000034, 5.992063520000043 ], [ 120.884659352000085, 5.968851175000053 ], [ 120.873306686000106, 5.954409310000072 ], [ 120.875606793000088, 5.935638377000031 ], [ 120.880044362000035, 5.920293024000045 ], [ 120.89622403400007, 5.918492798000045 ], [ 120.910558689000027, 5.909388673000022 ], [ 120.922750925000045, 5.891672300000038 ], [ 120.941622874000032, 5.890673684000034 ], [ 120.947709217000011, 5.896330572000067 ], [ 120.961054904000108, 5.901790545000037 ], [ 120.975995319000035, 5.903575744000022 ], [ 120.99289905500008, 5.915390478000063 ], [ 121.00083964800001, 5.915540983000027 ], [ 121.005474064000055, 5.922339821000037 ], [ 121.023386622000089, 5.927217241000051 ], [ 121.036125207000069, 5.922747318000061 ], [ 121.04074104300004, 5.911578603000065 ], [ 121.05199334800011, 5.90215658300002 ], [ 121.058975608000097, 5.88742490200002 ], [ 121.074385327000059, 5.877613056000028 ], [ 121.091322890000015, 5.897281324000062 ], [ 121.099869331000036, 5.897120225000037 ], [ 121.12476125600007, 5.906086023000057 ], [ 121.134297875000016, 5.912225819000071 ], [ 121.13657481000007, 5.920595472000058 ], [ 121.142839151000089, 5.925392921000026 ], [ 121.16540309800007, 5.929326240000022 ], [ 121.167608543000028, 5.94283948700007 ], [ 121.182205450000083, 5.934443929000053 ], [ 121.186481699000069, 5.94559872600007 ], [ 121.195526441000069, 5.952537750000035 ], [ 121.223155127000027, 5.93737505100006 ], [ 121.232002985000022, 5.940721566000036 ], [ 121.241977276000057, 5.928615237000029 ], [ 121.244341895000048, 5.918193900000063 ], [ 121.232969216000015, 5.906954461000054 ], [ 121.235566423000023, 5.893815163000055 ], [ 121.241360857000032, 5.888545644000033 ], [ 121.254908533000062, 5.893257890000029 ], [ 121.264023011000063, 5.880431808000024 ], [ 121.279657020000073, 5.872093548000066 ], [ 121.277429130000087, 5.862757378000026 ], [ 121.284289085000069, 5.859447009000062 ] ] ], [ [ [ 121.7041777190001, 6.07670372900003 ], [ 121.708146428000077, 6.064838658000042 ], [ 121.717164381000089, 6.068915287000038 ], [ 121.7041777190001, 6.07670372900003 ] ] ], [ [ [ 121.44036712500008, 6.057288044000074 ], [ 121.445697673000041, 6.050375833000031 ], [ 121.461330295000053, 6.064683587000047 ], [ 121.452521144000116, 6.076560174000065 ], [ 121.441714743000034, 6.071118470000044 ], [ 121.44036712500008, 6.057288044000074 ] ] ], [ [ [ 121.694201687000017, 5.998186941000029 ], [ 121.695241593000119, 6.010706068000046 ], [ 121.703088285000049, 6.019459832000051 ], [ 121.720594285000061, 6.023952890000034 ], [ 121.725125274000106, 6.03094599600007 ], [ 121.705721065000048, 6.042004103000067 ], [ 121.689627213000108, 6.040869730000053 ], [ 121.691173702000015, 6.055014307000023 ], [ 121.673651117000091, 6.05642679500005 ], [ 121.66945252700009, 6.037368275000061 ], [ 121.682242687000084, 6.037791801000026 ], [ 121.686777962000079, 6.029046803000028 ], [ 121.675889803000032, 6.012505441000028 ], [ 121.657814682000108, 6.004484687000058 ], [ 121.655301114000039, 5.99188226900003 ], [ 121.670512811000094, 5.988901392000059 ], [ 121.677735258000098, 5.993901086000051 ], [ 121.689541917000057, 5.994324258000063 ], [ 121.694201687000017, 5.998186941000029 ] ] ], [ [ [ 121.380186243000026, 6.034094747000039 ], [ 121.385703355000047, 6.01750084200006 ], [ 121.395874482000067, 6.01455962500006 ], [ 121.408074925000051, 6.019150378000061 ], [ 121.418314207000094, 6.012779019000051 ], [ 121.426523231000047, 6.015449032000048 ], [ 121.433302428000047, 6.027541365000046 ], [ 121.43111925200003, 6.042424214000049 ], [ 121.426032242000019, 6.049491600000067 ], [ 121.412245446000057, 6.057112422000046 ], [ 121.39952347200007, 6.054434032000073 ], [ 121.392291080000064, 6.04365020900002 ], [ 121.380186243000026, 6.034094747000039 ] ] ], [ [ [ 121.531792917000075, 5.995703121000077 ], [ 121.541753956000093, 6.004865063000068 ], [ 121.541119065000103, 6.010667396000032 ], [ 121.554156762000062, 6.013511142000027 ], [ 121.557949441000119, 6.036310847000038 ], [ 121.549991713000068, 6.042220776000021 ], [ 121.54075862000002, 6.038161743000045 ], [ 121.523163080000018, 6.001810669000065 ], [ 121.531792917000075, 5.995703121000077 ] ] ], [ [ [ 121.319435068000075, 6.01654922800003 ], [ 121.327372655000104, 6.024110048000069 ], [ 121.32407584200007, 6.030927759000064 ], [ 121.314626775000093, 6.026591959000029 ], [ 121.319435068000075, 6.01654922800003 ] ] ], [ [ [ 120.105774082000039, 5.940631313000041 ], [ 120.117055749000087, 5.917697101000043 ], [ 120.121653809000023, 5.919742094000071 ], [ 120.122310919000043, 5.932259368000075 ], [ 120.114566700000054, 5.93654944900004 ], [ 120.108895860000075, 5.954510228000061 ], [ 120.1023919470001, 5.961433167000052 ], [ 120.104836359000046, 5.970546350000062 ], [ 120.120943383000053, 5.970633132000046 ], [ 120.110145745000068, 5.988306744000055 ], [ 120.103575422000063, 5.989416336000034 ], [ 120.094860570000051, 5.983661910000023 ], [ 120.089899463000052, 5.974229951000041 ], [ 120.096094102000038, 5.966093984000053 ], [ 120.105774082000039, 5.940631313000041 ] ] ], [ [ [ 121.578162957000032, 5.979284256000027 ], [ 121.558112144, 5.955211787000053 ], [ 121.557292117000088, 5.945658699000036 ], [ 121.568743378000036, 5.933193117000029 ], [ 121.580014450000021, 5.936319437000066 ], [ 121.596044761000016, 5.95231245900004 ], [ 121.596971440000075, 5.961622728000066 ], [ 121.590707560000055, 5.973174194000022 ], [ 121.578162957000032, 5.979284256000027 ] ] ], [ [ [ 120.120095477000078, 5.968957215000046 ], [ 120.109827683000063, 5.954677270000048 ], [ 120.113030099000056, 5.94534453600005 ], [ 120.124168465000025, 5.956807792000063 ], [ 120.120095477000078, 5.968957215000046 ] ] ], [ [ [ 119.9801558690001, 5.917048313000066 ], [ 119.982000501000016, 5.922758765000025 ], [ 119.996916478000131, 5.922832438000057 ], [ 120.002693488000091, 5.932487621000062 ], [ 120.000495349000062, 5.938722503000063 ], [ 119.983508862, 5.937760411000055 ], [ 119.976637265000022, 5.920120107000059 ], [ 119.9801558690001, 5.917048313000066 ] ] ], [ [ [ 120.006377202000067, 5.902807585000062 ], [ 120.006488664000017, 5.920299143000022 ], [ 120.000364305000062, 5.918504821000055 ], [ 120.006377202000067, 5.902807585000062 ] ] ], [ [ [ 120.069815624000057, 5.894141356000034 ], [ 120.070630060000099, 5.874806776000073 ], [ 120.077747825000074, 5.875745260000031 ], [ 120.076053349000048, 5.88984734500002 ], [ 120.069815624000057, 5.894141356000034 ] ] ], [ [ [ 119.974814245000061, 5.861291190000031 ], [ 119.993399925000048, 5.863263817000075 ], [ 120.007226776000039, 5.867780006000032 ], [ 120.015829331000077, 5.881293253000023 ], [ 120.009984702000125, 5.886756238000033 ], [ 120.001273723000068, 5.871855930000037 ], [ 119.991561526000069, 5.872683183000049 ], [ 119.977485159000025, 5.866675239000071 ], [ 119.974814245000061, 5.861291190000031 ] ] ], [ [ [ 119.960483519000036, 5.862272127000041 ], [ 119.961790709000056, 5.870008066000024 ], [ 119.951589461000026, 5.880480896000051 ], [ 119.946503910000061, 5.875789986000029 ], [ 119.938646401000014, 5.884991795000076 ], [ 119.919331534000094, 5.874491203000047 ], [ 119.933955330000117, 5.865442181000048 ], [ 119.960483519000036, 5.862272127000041 ] ] ], [ [ [ 121.21723891000012, 5.859181443000069 ], [ 121.219677938000018, 5.848220572000059 ], [ 121.22792796300007, 5.839606884000033 ], [ 121.237372923000081, 5.839128994000021 ], [ 121.228576119000081, 5.853831008000042 ], [ 121.21723891000012, 5.859181443000069 ] ] ], [ [ [ 121.080599307000071, 5.841867906000061 ], [ 121.089406306000114, 5.842345448000059 ], [ 121.095206771000122, 5.85027956700003 ], [ 121.091229541000089, 5.858929624000041 ], [ 121.081826225000086, 5.855809572000054 ], [ 121.080599307000071, 5.841867906000061 ] ] ], [ [ [ 121.132270499000015, 5.807793567000032 ], [ 121.138022874000058, 5.789090546000067 ], [ 121.150882588000059, 5.779838652000024 ], [ 121.169530161, 5.781404345000053 ], [ 121.180003794000058, 5.787538982000057 ], [ 121.192703714000118, 5.789619451000021 ], [ 121.199030399000094, 5.79833022300005 ], [ 121.205103801000064, 5.799615109000056 ], [ 121.208252195000114, 5.808720688000049 ], [ 121.201177951000091, 5.818267496000033 ], [ 121.193695514000083, 5.835933462000071 ], [ 121.180750327000055, 5.842769395000063 ], [ 121.166357695000087, 5.846473308000043 ], [ 121.159695266000085, 5.843961802000024 ], [ 121.145900749, 5.849640752000027 ], [ 121.134159727000096, 5.826076645000058 ], [ 121.132270499000015, 5.807793567000032 ] ] ], [ [ [ 121.209904192000081, 5.821250810000036 ], [ 121.218058756000104, 5.803820581000025 ], [ 121.238861183000054, 5.811646265000035 ], [ 121.236885548000046, 5.818471679000027 ], [ 121.223648893000032, 5.817536076000066 ], [ 121.209904192000081, 5.821250810000036 ] ] ], [ [ [ 120.416234942000074, 5.77350571300002 ], [ 120.421637035000117, 5.777971541000056 ], [ 120.419778489, 5.792161211000064 ], [ 120.399038755000106, 5.812122464000026 ], [ 120.395637669000052, 5.800943934000032 ], [ 120.408744428000105, 5.776485563000051 ], [ 120.416234942000074, 5.77350571300002 ] ] ], [ [ [ 120.880284300000085, 5.710216976000027 ], [ 120.880140314000059, 5.706247798000049 ], [ 120.890585767000061, 5.69410581300002 ], [ 120.905022650000078, 5.701557265000076 ], [ 120.924526641000057, 5.705726953000066 ], [ 120.934816072000089, 5.718136884000046 ], [ 120.936040801000104, 5.729487685000038 ], [ 120.931172912000079, 5.74622832800003 ], [ 120.922496756000101, 5.756140112000025 ], [ 120.911429561000091, 5.759528117000059 ], [ 120.893768492000049, 5.753310473000054 ], [ 120.885967214000047, 5.741871406000031 ], [ 120.880284300000085, 5.710216976000027 ] ] ], [ [ [ 120.997780852, 5.737886548000063 ], [ 120.993429913000099, 5.73556675800006 ], [ 120.995395797000029, 5.722716928000068 ], [ 121.002132119000066, 5.716377117000036 ], [ 121.012090321000073, 5.715741725000043 ], [ 121.018353121, 5.723502577000033 ], [ 121.01652071400008, 5.731845938000047 ], [ 121.009751656000049, 5.736470448000036 ], [ 120.997780852, 5.737886548000063 ] ] ], [ [ [ 120.794853756000052, 5.669885132000046 ], [ 120.799238745000025, 5.662940031000062 ], [ 120.80940616800001, 5.662040442000034 ], [ 120.816759581000042, 5.66859925600005 ], [ 120.829945422000037, 5.669390227000063 ], [ 120.840129360000105, 5.664186599000061 ], [ 120.862624542000063, 5.666274346000023 ], [ 120.87108278900007, 5.681407673000022 ], [ 120.885508468000012, 5.681597495000063 ], [ 120.889026009000077, 5.693502243000069 ], [ 120.875170089000108, 5.697427155000071 ], [ 120.853096500000106, 5.708472250000057 ], [ 120.83659246600007, 5.710143162000064 ], [ 120.803475209000112, 5.697835838000059 ], [ 120.794853756000052, 5.669885132000046 ] ] ], [ [ [ 120.99366409400011, 5.698155470000074 ], [ 120.991772734000051, 5.68603807300002 ], [ 120.999293712000053, 5.67338368000003 ], [ 121.008768269000029, 5.666852561000041 ], [ 121.011914712000035, 5.671666350000065 ], [ 120.99366409400011, 5.698155470000074 ] ] ], [ [ [ 121.045464625000022, 5.659222396000073 ], [ 121.061997285000075, 5.666801188000023 ], [ 121.07052627600001, 5.674682918000031 ], [ 121.0729921410001, 5.683744240000066 ], [ 121.067883021000057, 5.693940908000057 ], [ 121.058707525000045, 5.693043366000041 ], [ 121.030667570000105, 5.680754624000028 ], [ 121.02149203700003, 5.683473220000054 ], [ 121.01232344600011, 5.681861568000045 ], [ 121.018857173000029, 5.671806747000063 ], [ 121.028355464000015, 5.665080904000035 ], [ 121.045464625000022, 5.659222396000073 ] ] ], [ [ [ 120.282905253000081, 5.620243317000074 ], [ 120.283569018000094, 5.627992643000026 ], [ 120.272154629000042, 5.629628265000064 ], [ 120.272157461, 5.615731476000065 ], [ 120.282905253000081, 5.620243317000074 ] ] ], [ [ [ 120.821731416000034, 5.56980427000002 ], [ 120.820482716000015, 5.557589362000043 ], [ 120.812293034000049, 5.544657001000075 ], [ 120.817087138000048, 5.52601624400006 ], [ 120.838501386000075, 5.500917031000028 ], [ 120.85691480200002, 5.487558487000057 ], [ 120.877014111000094, 5.493194308000056 ], [ 120.889519993000022, 5.507819363000067 ], [ 120.897402118000073, 5.522918872000048 ], [ 120.907941615000027, 5.537873350000041 ], [ 120.899061939000035, 5.549155646000029 ], [ 120.888598980000111, 5.553852072000041 ], [ 120.885652882000045, 5.562017357000057 ], [ 120.867431245000049, 5.585524930000076 ], [ 120.854199205000114, 5.586682830000028 ], [ 120.850487131000037, 5.592233750000047 ], [ 120.826290364000116, 5.576550648000024 ], [ 120.821731416000034, 5.56980427000002 ] ] ], [ [ [ 120.771572495000115, 5.495540957000059 ], [ 120.783092693000071, 5.504434400000036 ], [ 120.782542158000084, 5.513947745000054 ], [ 120.793732087000066, 5.517907459000071 ], [ 120.80548038400002, 5.530508321000069 ], [ 120.803699899000108, 5.542446296000037 ], [ 120.811201774000097, 5.554192866000051 ], [ 120.808966797000039, 5.562581096000031 ], [ 120.793928592000057, 5.569547785000054 ], [ 120.764730087000103, 5.559690315000068 ], [ 120.759435289000052, 5.552267778000043 ], [ 120.756019441000049, 5.536010404000023 ], [ 120.750488767000093, 5.532598375000021 ], [ 120.744503305000094, 5.517647001000056 ], [ 120.746515550000026, 5.511452310000037 ], [ 120.758786125000029, 5.497786850000068 ], [ 120.771572495000115, 5.495540957000059 ] ] ], [ [ [ 120.800647301000012, 5.468054730000063 ], [ 120.794583130000106, 5.458598361000043 ], [ 120.787997435000079, 5.459115524000026 ], [ 120.78571269300005, 5.472892131000036 ], [ 120.800147187000121, 5.477262757000062 ], [ 120.805006833000107, 5.499595498000075 ], [ 120.803095558000123, 5.510984489000065 ], [ 120.788484, 5.511534173000029 ], [ 120.785266848000106, 5.501159233000067 ], [ 120.778139007000064, 5.493941977000018 ], [ 120.777171820000021, 5.486791169000072 ], [ 120.772813865000117, 5.47715562700006 ], [ 120.783050221000039, 5.461281645000042 ], [ 120.790250668000112, 5.455053231000022 ], [ 120.797854523000055, 5.459933419000039 ], [ 120.800647301000012, 5.468054730000063 ] ] ], [ [ [ 120.766429042000041, 5.488224729000024 ], [ 120.773131454000023, 5.478784021000025 ], [ 120.777856824000082, 5.492378422000058 ], [ 120.765543003000062, 5.495117904000041 ], [ 120.766429042000041, 5.488224729000024 ] ] ] ] } },
{ "type": "Feature", "properties": { "adm1_psgc": 1900000000, "adm2_psgc": 1907000000, "adm2_en": "Tawi-Tawi", "geo_level": "Prov", "len_crs": 1770217, "area_crs": 1157107865, "len_km": 1770, "area_km2": 1157 }, "geometry": { "type": "MultiPolygon", "coordinates": [ [ [ [ 118.535048436000025, 6.963885141000047 ], [ 118.522888934000079, 6.974370214000031 ], [ 118.517350703000048, 6.975505817000055 ], [ 118.51516330000004, 6.988365846000021 ], [ 118.519797656000037, 7.013656856000068 ], [ 118.524731808000084, 7.018034772000021 ], [ 118.526758349000033, 7.031365529000028 ], [ 118.524316167000066, 7.039547209000034 ], [ 118.513438446, 7.047661950000076 ], [ 118.499458232000038, 7.048461296000027 ], [ 118.486882856000079, 7.036775990000023 ], [ 118.473603987000047, 7.028813235000029 ], [ 118.463753735000068, 7.034480344000031 ], [ 118.453683140000066, 7.036151177000022 ], [ 118.447574484000029, 7.031828550000057 ], [ 118.427999745000093, 7.026418377000026 ], [ 118.414917671000012, 7.017387832000054 ], [ 118.43046573900007, 7.007217514000047 ], [ 118.42820392100009, 6.990870747000031 ], [ 118.439004573000048, 6.989041421000024 ], [ 118.451008157000047, 6.981334001000048 ], [ 118.467374702000029, 6.981113097000047 ], [ 118.471922002000042, 6.97572413100005 ], [ 118.480673658000129, 6.98317397100004 ], [ 118.485262306000095, 6.967340746000048 ], [ 118.507236660000103, 6.96911030900003 ], [ 118.512547977000068, 6.974629477000063 ], [ 118.521827293000101, 6.966790102000061 ], [ 118.535048436000025, 6.963885141000047 ] ] ], [ [ [ 120.58577230100002, 5.466572810000059 ], [ 120.577903051000021, 5.460085599000023 ], [ 120.580015415000062, 5.445976416000065 ], [ 120.59122375700008, 5.445939312000065 ], [ 120.589878774000127, 5.46572341800004 ], [ 120.58577230100002, 5.466572810000059 ] ] ], [ [ [ 120.24998225100002, 5.441312915000026 ], [ 120.24998932600009, 5.445971359000055 ], [ 120.229804958000059, 5.442288459000054 ], [ 120.230032, 5.456375353000055 ], [ 120.23980433700001, 5.45466276700006 ], [ 120.245820623000085, 5.45861493500007 ], [ 120.233907713, 5.465967900000066 ], [ 120.227834544000075, 5.463389365000069 ], [ 120.225406063000051, 5.444978282000023 ], [ 120.229102877000059, 5.44096700600005 ], [ 120.24998225100002, 5.441312915000026 ] ] ], [ [ [ 120.193224940000036, 5.449391599000023 ], [ 120.193677164000079, 5.456773425000051 ], [ 120.186141246000034, 5.460013329000049 ], [ 120.181033369000033, 5.453283448000035 ], [ 120.184780729000082, 5.44434821900006 ], [ 120.193224940000036, 5.449391599000023 ] ] ], [ [ [ 120.57891287200006, 5.405076313000051 ], [ 120.59224985700007, 5.398781526000048 ], [ 120.607867680000041, 5.405163734000041 ], [ 120.608141492000087, 5.411716717000045 ], [ 120.59965962900003, 5.419093644000041 ], [ 120.591559647000054, 5.432714092000026 ], [ 120.58532515900005, 5.42481525200003 ], [ 120.596912186000068, 5.419344084000044 ], [ 120.585506580000015, 5.412193625000042 ], [ 120.579806230000031, 5.417475031000037 ], [ 120.572462539000071, 5.415361946000074 ], [ 120.57891287200006, 5.405076313000051 ] ] ], [ [ [ 120.368286132000108, 5.388122559000066 ], [ 120.39331054700007, 5.392272950000063 ], [ 120.403503418000028, 5.398498535000045 ], [ 120.39118739900006, 5.404986974000053 ], [ 120.377027851000094, 5.402630089000069 ], [ 120.368286132000108, 5.388122559000066 ] ] ], [ [ [ 120.306041632000074, 5.362543241000027 ], [ 120.323955208000044, 5.367511141000022 ], [ 120.334218718000102, 5.373755472000027 ], [ 120.32201641000006, 5.386575592000043 ], [ 120.310618701000081, 5.381158818000072 ], [ 120.29874795, 5.38239151700003 ], [ 120.294076467000096, 5.369758679000029 ], [ 120.306041632000074, 5.362543241000027 ] ] ], [ [ [ 120.223502482000072, 5.349082387000067 ], [ 120.225705539000046, 5.337540126000023 ], [ 120.23554222700011, 5.332429374000071 ], [ 120.246656676000043, 5.332830314000034 ], [ 120.243324346, 5.346306275000074 ], [ 120.237160354000025, 5.354733482000029 ], [ 120.227694729000078, 5.358564978000062 ], [ 120.223502482000072, 5.349082387000067 ] ] ], [ [ [ 119.81188366100001, 5.122985683000024 ], [ 119.820704582000076, 5.12022773800004 ], [ 119.825426800000059, 5.109521859000039 ], [ 119.819052347000039, 5.097430418000045 ], [ 119.816263016000107, 5.081245457000023 ], [ 119.823050398000092, 5.06826023700006 ], [ 119.820290429000011, 5.056220872000038 ], [ 119.838866257000063, 5.047331857000074 ], [ 119.861806914000113, 5.047170245000075 ], [ 119.860941883000024, 5.06195698700003 ], [ 119.87607739200007, 5.061828671000058 ], [ 119.880559310000081, 5.06766473700003 ], [ 119.893864849000025, 5.066732778000071 ], [ 119.903278497000102, 5.069454409000058 ], [ 119.906767130000048, 5.075205663000077 ], [ 119.91997442100002, 5.073866574000022 ], [ 119.920451584000034, 5.084581087000061 ], [ 119.943606812000098, 5.088298530000032 ], [ 119.961106869000091, 5.07724598200002 ], [ 119.973367887000109, 5.087628549000043 ], [ 119.983187692000129, 5.105027719000021 ], [ 119.977765656000102, 5.112474304000045 ], [ 119.998434492000115, 5.130014600000038 ], [ 120.004127395000083, 5.144010725000044 ], [ 119.996456770000023, 5.155880312000021 ], [ 120.019577371000068, 5.160350837000066 ], [ 120.022471097000107, 5.167617837000022 ], [ 120.031105425000078, 5.171742894000034 ], [ 120.034761981000088, 5.179053212000042 ], [ 120.048808724000082, 5.181358395000075 ], [ 120.055966344000012, 5.176619298000048 ], [ 120.060475411000084, 5.161463234000053 ], [ 120.066976411000041, 5.162228670000046 ], [ 120.075854774000049, 5.170381451000027 ], [ 120.076903737000066, 5.156716948000054 ], [ 120.083894059000045, 5.159786996000036 ], [ 120.087599644000065, 5.152033274000074 ], [ 120.09458689500002, 5.150477088000059 ], [ 120.101248019000082, 5.158543403000066 ], [ 120.099697123000041, 5.166188108000027 ], [ 120.108343271000081, 5.167434839000065 ], [ 120.115059940000052, 5.185721661000058 ], [ 120.121348727000068, 5.185381552000024 ], [ 120.122816436000107, 5.204367568000065 ], [ 120.12970749800003, 5.196132133000049 ], [ 120.136544842000035, 5.195587722000027 ], [ 120.142059736000078, 5.18400348800003 ], [ 120.153692118000109, 5.181133265000029 ], [ 120.155680435000036, 5.171122265000067 ], [ 120.162754440000072, 5.167552044000047 ], [ 120.169388644000037, 5.187344548000056 ], [ 120.178737681000044, 5.183375839000064 ], [ 120.183098626000074, 5.176229457000033 ], [ 120.174807323000095, 5.159326987000044 ], [ 120.165853418000097, 5.147318793000068 ], [ 120.186451021000053, 5.130871433000038 ], [ 120.200582461000067, 5.136097051000035 ], [ 120.207041757000056, 5.129008333000059 ], [ 120.223699558000021, 5.124309920000029 ], [ 120.218543214000078, 5.135880464000025 ], [ 120.218142672000127, 5.147559659000024 ], [ 120.226163885, 5.162439735000021 ], [ 120.225782968000104, 5.170353917000056 ], [ 120.23286535900003, 5.17315708800004 ], [ 120.239598578000027, 5.182833036000034 ], [ 120.233057696000074, 5.193447698000059 ], [ 120.234291626000072, 5.202704870000047 ], [ 120.247461526000038, 5.210222360000046 ], [ 120.24427585400008, 5.222861500000023 ], [ 120.250775299000111, 5.229912589000037 ], [ 120.254976499, 5.256597223000028 ], [ 120.247376691000113, 5.263053874000036 ], [ 120.253422527000126, 5.277222411000024 ], [ 120.250167836000074, 5.282975081000075 ], [ 120.232213417000025, 5.289589130000024 ], [ 120.21466491800004, 5.302188240000021 ], [ 120.214455718000082, 5.315117566000026 ], [ 120.221269380000081, 5.327108382000064 ], [ 120.217920776000028, 5.345127491000028 ], [ 120.209384798000087, 5.348966045000054 ], [ 120.189846016000047, 5.341561154000032 ], [ 120.175929994000072, 5.344557723000036 ], [ 120.143293044000075, 5.319325485000036 ], [ 120.112499366000051, 5.301111312000045 ], [ 120.075193129000027, 5.276771919000054 ], [ 120.069972321000023, 5.269564414000058 ], [ 120.048230554000043, 5.251624839000043 ], [ 120.016155332000039, 5.23114223500005 ], [ 120.01111936300002, 5.233499854000058 ], [ 119.992263462000111, 5.231821323000077 ], [ 119.978884211000036, 5.236282030000039 ], [ 119.958371240000019, 5.222730766000041 ], [ 119.951399696000067, 5.203321947000064 ], [ 119.940241540000102, 5.18778700100006 ], [ 119.929557362000068, 5.187647655000035 ], [ 119.91816360100006, 5.178426524000031 ], [ 119.904872268000076, 5.175171096000041 ], [ 119.887776822000092, 5.157400996000034 ], [ 119.877095233000091, 5.156941630000063 ], [ 119.857550850000067, 5.149996912000062 ], [ 119.838806905000084, 5.154524282000068 ], [ 119.822246417000088, 5.142761990000053 ], [ 119.81188366100001, 5.122985683000024 ] ] ], [ [ [ 120.229772979000018, 5.324069522000059 ], [ 120.224863465000112, 5.325757691000034 ], [ 120.218357880000113, 5.312847432000068 ], [ 120.219922889000046, 5.302445111000053 ], [ 120.230664979000025, 5.298151702000039 ], [ 120.240213877000102, 5.301763440000058 ], [ 120.229772979000018, 5.324069522000059 ] ] ], [ [ [ 120.372630018000123, 5.272376287000044 ], [ 120.368464312000029, 5.268040197000061 ], [ 120.375853505, 5.258952814000053 ], [ 120.383008909000068, 5.267126234000044 ], [ 120.372630018000123, 5.272376287000044 ] ] ], [ [ [ 120.360098336000078, 5.257462993000047 ], [ 120.35267650600008, 5.256684939000023 ], [ 120.346082393000074, 5.249521929000025 ], [ 120.349162431000082, 5.243593363000059 ], [ 120.331651399000066, 5.224469938000028 ], [ 120.328863651, 5.211207955000019 ], [ 120.336507214000108, 5.208573526000065 ], [ 120.33291782300013, 5.191378840000026 ], [ 120.343466311000043, 5.181771867000065 ], [ 120.352022653000063, 5.202748413000052 ], [ 120.347081053000011, 5.21571093500006 ], [ 120.356960887000014, 5.221846932000062 ], [ 120.35572647700009, 5.230181858000038 ], [ 120.367163491000028, 5.250064218000034 ], [ 120.360098336000078, 5.257462993000047 ] ] ], [ [ [ 120.267604834000053, 5.173054326000055 ], [ 120.272745347000082, 5.171581031000072 ], [ 120.280067516000017, 5.181539782000073 ], [ 120.296865827000033, 5.182784595000042 ], [ 120.302108061000027, 5.190712758000075 ], [ 120.318492720000108, 5.204917514000045 ], [ 120.310616117000109, 5.212431824000022 ], [ 120.30685008600004, 5.223294622000026 ], [ 120.291107928000088, 5.238440297000067 ], [ 120.281764035000052, 5.24341524500005 ], [ 120.270886603, 5.256209807000062 ], [ 120.260471258000067, 5.248934694000071 ], [ 120.256752349000053, 5.230408561000047 ], [ 120.257209334000109, 5.217042161000051 ], [ 120.243611713000064, 5.190569652000021 ], [ 120.250205077000032, 5.180161733000034 ], [ 120.267306767000036, 5.18656715700007 ], [ 120.267604834000053, 5.173054326000055 ] ] ], [ [ [ 120.31610660300008, 5.235400871000024 ], [ 120.321379269000104, 5.243509169000048 ], [ 120.314348463000101, 5.251087397000049 ], [ 120.303354158000062, 5.246044151000033 ], [ 120.298371954000118, 5.237958771000022 ], [ 120.310712474000056, 5.224568798000065 ], [ 120.31610660300008, 5.235400871000024 ] ] ], [ [ [ 120.63910712400002, 5.235012465000069 ], [ 120.629112013000054, 5.229985420000048 ], [ 120.635614686000068, 5.222028280000075 ], [ 120.647909486000103, 5.222624306000056 ], [ 120.648968114, 5.22739821500005 ], [ 120.63910712400002, 5.235012465000069 ] ] ], [ [ [ 120.660791150000023, 5.222989564000046 ], [ 120.672708559000057, 5.209084864000031 ], [ 120.680293946, 5.213417589000073 ], [ 120.660791150000023, 5.222989564000046 ] ] ], [ [ [ 120.600595012000099, 5.213301002000036 ], [ 120.58755351800005, 5.21775320100005 ], [ 120.576532185000019, 5.213004247000071 ], [ 120.572729093, 5.206610561000046 ], [ 120.599354215000076, 5.202882624000039 ], [ 120.600595012000099, 5.213301002000036 ] ] ], [ [ [ 120.499939306000101, 5.187034916000073 ], [ 120.481490229000087, 5.194140202000029 ], [ 120.48160491200008, 5.184849759000031 ], [ 120.488089550000055, 5.174418796000054 ], [ 120.487718811000036, 5.166755028000067 ], [ 120.499285691000068, 5.15871910100003 ], [ 120.501317100000051, 5.16675282500006 ], [ 120.508755744000027, 5.173930736000045 ], [ 120.499939306000101, 5.187034916000073 ] ] ], [ [ [ 120.055953976000069, 5.149023644000066 ], [ 120.05172415800007, 5.158187921000036 ], [ 120.04477407100002, 5.160971688000073 ], [ 120.04224957200006, 5.150284910000038 ], [ 120.055953976000069, 5.149023644000066 ] ] ], [ [ [ 120.345127080000125, 5.155915768000057 ], [ 120.336756430000051, 5.159791158000074 ], [ 120.325192502000036, 5.153315790000023 ], [ 120.320290942000042, 5.130878855000049 ], [ 120.326503902000027, 5.122038736000035 ], [ 120.336446940000101, 5.117175381000036 ], [ 120.34409583500009, 5.124327579000066 ], [ 120.348713908000036, 5.142935176000037 ], [ 120.345127080000125, 5.155915768000057 ] ] ], [ [ [ 120.318959913000086, 5.119418189000044 ], [ 120.31190269700005, 5.130401344000063 ], [ 120.299451033000082, 5.120264315000043 ], [ 120.29403734800006, 5.111906777000058 ], [ 120.278214292000044, 5.10531424200002 ], [ 120.269061092000015, 5.09028285100004 ], [ 120.281764585, 5.082738761000028 ], [ 120.303471432000038, 5.090820231000064 ], [ 120.318343907000113, 5.103845010000043 ], [ 120.318959913000086, 5.119418189000044 ] ] ], [ [ [ 119.749927618000015, 5.034332815000027 ], [ 119.762717074000065, 5.038765843000022 ], [ 119.775572954000054, 5.048110086000066 ], [ 119.785422537000031, 5.041805842000029 ], [ 119.79211351000005, 5.047567556000046 ], [ 119.790955069, 5.058658358000058 ], [ 119.802029608000112, 5.051697412000067 ], [ 119.817776112000033, 5.060974021000049 ], [ 119.820353837000084, 5.067271689000051 ], [ 119.807767795000032, 5.078308286000037 ], [ 119.813707616000116, 5.091295840000043 ], [ 119.804192420000049, 5.096912748000023 ], [ 119.808557230000034, 5.105453415000056 ], [ 119.806611769000014, 5.116848929000072 ], [ 119.79802791900012, 5.118926039000029 ], [ 119.792918766000071, 5.111786621000022 ], [ 119.774485149000029, 5.104445547000069 ], [ 119.765264640000055, 5.094277358000056 ], [ 119.744922072, 5.058546044000024 ], [ 119.740854130000102, 5.04758094500005 ], [ 119.741558774000055, 5.036448053000072 ], [ 119.749927618000015, 5.034332815000027 ] ] ], [ [ [ 119.816112026000042, 5.093145225000058 ], [ 119.816402838000059, 5.101744070000051 ], [ 119.808818957000085, 5.104863839000075 ], [ 119.805748235000024, 5.096152689000064 ], [ 119.816112026000042, 5.093145225000058 ] ] ], [ [ [ 119.987909488, 5.084609037000065 ], [ 119.99407885100004, 5.088149408000048 ], [ 119.995316626000104, 5.098963046000051 ], [ 119.987588272000039, 5.099603950000074 ], [ 119.983906146000095, 5.086672040000052 ], [ 119.987909488, 5.084609037000065 ] ] ], [ [ [ 120.272920067000086, 5.082655483000053 ], [ 120.258996708000041, 5.09038247500007 ], [ 120.251735928000016, 5.082906349000041 ], [ 120.250837418000046, 5.065142005000039 ], [ 120.261456706000089, 5.065693725000074 ], [ 120.269289994000019, 5.073452968000026 ], [ 120.272920067000086, 5.082655483000053 ] ] ], [ [ [ 120.209423393000066, 5.044875021000051 ], [ 120.191180727000088, 5.028984168000021 ], [ 120.196046683000091, 5.018447395000067 ], [ 120.214647349000089, 5.015194190000045 ], [ 120.228471029000062, 5.033305343000051 ], [ 120.222109683000099, 5.041015923000031 ], [ 120.209423393000066, 5.044875021000051 ] ] ], [ [ [ 119.796727617000116, 5.025022575000037 ], [ 119.804672137000011, 5.035189184000046 ], [ 119.787741708000127, 5.039828276000035 ], [ 119.796727617000116, 5.025022575000037 ] ] ], [ [ [ 120.136553603000024, 5.015024804000063 ], [ 120.134592073, 5.020529381000073 ], [ 120.105240676000122, 5.036963239000045 ], [ 120.100962817000095, 5.029457086000036 ], [ 120.114752573000018, 5.022225361000038 ], [ 120.125057023000068, 5.003835938000065 ], [ 120.134053116000018, 5.003746765000074 ], [ 120.136553603000024, 5.015024804000063 ] ] ], [ [ [ 119.74565060000009, 5.006155368000065 ], [ 119.756519811000103, 5.008337727000026 ], [ 119.772503590000042, 5.016203308000057 ], [ 119.779869418000089, 5.025652982000054 ], [ 119.776080172000093, 5.030522262000034 ], [ 119.747778574000122, 5.031498913000063 ], [ 119.741106142000035, 5.034094252000045 ], [ 119.736231955000108, 5.016357965000054 ], [ 119.74565060000009, 5.006155368000065 ] ] ], [ [ [ 119.994748203000086, 4.953309437000029 ], [ 120.001491093000041, 4.952358883000045 ], [ 120.010640726000034, 4.96218570800005 ], [ 120.013435559000072, 4.984114091000038 ], [ 120.020051180000124, 4.987560145000032 ], [ 120.02589836300001, 5.006835968000075 ], [ 120.016667431000087, 5.014363087000048 ], [ 119.993280313000028, 5.00579404900003 ], [ 120.000313219000077, 4.990324224000061 ], [ 119.992741728000055, 4.984174947000042 ], [ 119.989307309000068, 4.960299981000047 ], [ 119.994748203000086, 4.953309437000029 ] ] ], [ [ [ 119.789452627000074, 4.913931278000063 ], [ 119.792433784000096, 4.890795103000072 ], [ 119.804373432000034, 4.854696837000063 ], [ 119.824699202000033, 4.855584738000061 ], [ 119.841418566000016, 4.863400920000061 ], [ 119.853509972000083, 4.865624877000074 ], [ 119.850181224000039, 4.894648149000033 ], [ 119.842873725000118, 4.906929483000057 ], [ 119.832491238000102, 4.916207290000044 ], [ 119.828805421000084, 4.904501927000068 ], [ 119.823033952000046, 4.902017520000071 ], [ 119.815870094000061, 4.908628154000041 ], [ 119.823110948000036, 4.918941493000034 ], [ 119.820994649000113, 4.924024634000034 ], [ 119.798741557000099, 4.924986617000059 ], [ 119.789452627000074, 4.913931278000063 ] ] ], [ [ [ 119.455695424000055, 4.651220240000043 ], [ 119.45798573400009, 4.642097964000073 ], [ 119.47666584500007, 4.663082773000042 ], [ 119.487973549000117, 4.689912260000027 ], [ 119.505492591000021, 4.744374354000057 ], [ 119.506972500000074, 4.761184148000041 ], [ 119.503979337000033, 4.787078183000062 ], [ 119.497959404000085, 4.812711532000037 ], [ 119.496411954000109, 4.828688458000047 ], [ 119.484516542000051, 4.862439391000067 ], [ 119.468330086000051, 4.898371697000073 ], [ 119.456498111000087, 4.913643473000036 ], [ 119.449345491000045, 4.91259440300007 ], [ 119.445026949000066, 4.903778768000051 ], [ 119.446580370000092, 4.880109424000069 ], [ 119.454553296000086, 4.845354542000053 ], [ 119.459411596000109, 4.832545706000074 ], [ 119.463442743000087, 4.81293637400006 ], [ 119.466081692000103, 4.790027383000051 ], [ 119.466073307000102, 4.762054955000054 ], [ 119.464560467000069, 4.732942055000024 ], [ 119.456167727000107, 4.686136862000069 ], [ 119.454479932000027, 4.665935251000065 ], [ 119.459218728000124, 4.661741903000062 ], [ 119.455695424000055, 4.651220240000043 ] ] ], [ [ [ 119.408688701000088, 4.874946896000038 ], [ 119.409484695000074, 4.881827952000036 ], [ 119.403486226000027, 4.899020008000035 ], [ 119.397298638000066, 4.906558737000069 ], [ 119.390666039000052, 4.902052147000061 ], [ 119.390391574000091, 4.893222404000027 ], [ 119.408688701000088, 4.874946896000038 ] ] ], [ [ [ 119.826304657000051, 4.822648678000063 ], [ 119.808494477000082, 4.817433610000024 ], [ 119.809132974000022, 4.805623085000037 ], [ 119.814395902000115, 4.798242742000071 ], [ 119.822992615000089, 4.794100484000069 ], [ 119.841039371000093, 4.790271220000021 ], [ 119.86596845300005, 4.794303660000026 ], [ 119.866994656000088, 4.803739061000044 ], [ 119.854055659000096, 4.810944317000065 ], [ 119.847933557000033, 4.810504070000035 ], [ 119.833423011000036, 4.821664309000028 ], [ 119.826304657000051, 4.822648678000063 ] ] ], [ [ [ 119.401883695000038, 4.669034013000042 ], [ 119.411119711000069, 4.69202176500005 ], [ 119.418930989000032, 4.737581567000061 ], [ 119.421093366000036, 4.763935670000022 ], [ 119.411416946000045, 4.764656560000049 ], [ 119.399098177000056, 4.758460378000051 ], [ 119.400644598000113, 4.752781820000052 ], [ 119.389320821000084, 4.744614394000051 ], [ 119.403928347000033, 4.736170084000038 ], [ 119.406176721000065, 4.725071138000033 ], [ 119.401688510000099, 4.706384298000045 ], [ 119.394331794000081, 4.703196296000044 ], [ 119.396907207000027, 4.692419159000052 ], [ 119.393566777000046, 4.682432774000063 ], [ 119.393158439000103, 4.669656690000068 ], [ 119.401883695000038, 4.669034013000042 ] ] ] ] } },
{ "type": "Feature", "properties": { "adm1_psgc": 1900000000, "adm2_psgc": 1908700000, "adm2_en": "Maguindanao del Norte", "geo_level": "Prov", "len_crs": 459520, "area_crs": 2550339819, "len_km": 459, "area_km2": 2550 }, "geometry": { "type": "MultiPolygon", "coordinates": [ [ [ [ 124.452005120000067, 7.423535557000035 ], [ 124.463254428000027, 7.437708507000025 ], [ 124.485289102000024, 7.438605069000062 ], [ 124.490922229000034, 7.505225852000024 ], [ 124.495807834000061, 7.519835494000064 ], [ 124.528049197000087, 7.638289207000071 ], [ 124.353730878000079, 7.58642368900007 ], [ 124.278681435000067, 7.557954299000073 ], [ 124.251338537000052, 7.557921067000053 ], [ 124.240340529000036, 7.542860437000058 ], [ 124.236505575000024, 7.520440906000031 ], [ 124.215216575000113, 7.49334045300003 ], [ 124.204545485000054, 7.49070031700006 ], [ 124.205997712000126, 7.473705159000076 ], [ 124.196755639000131, 7.471888897000042 ], [ 124.186764897000089, 7.453050466000038 ], [ 124.195207262000068, 7.43575265000004 ], [ 124.186040530000028, 7.421830624000052 ], [ 124.186709353000097, 7.412033425000059 ], [ 124.193501359000038, 7.420195403000037 ], [ 124.204211451000106, 7.416093016000047 ], [ 124.206307551000023, 7.409386990000033 ], [ 124.223721775000044, 7.405602268000055 ], [ 124.23189255300008, 7.415904078000039 ], [ 124.239461382000044, 7.415556062000065 ], [ 124.2494883600001, 7.406428100000024 ], [ 124.250378587000114, 7.39166432500002 ], [ 124.260713980000119, 7.368132521000063 ], [ 124.256495112000039, 7.347947489000035 ], [ 124.239205298000101, 7.346746958000038 ], [ 124.232058701000028, 7.342128926000044 ], [ 124.224633601000065, 7.345959787000028 ], [ 124.224537008000098, 7.353876874000035 ], [ 124.207623864000098, 7.352459038000062 ], [ 124.215075832000025, 7.342712554000057 ], [ 124.213005965000093, 7.325558424000063 ], [ 124.216758911000056, 7.308890440000027 ], [ 124.211236985000042, 7.29109120100003 ], [ 124.208691969000029, 7.272347066000068 ], [ 124.204083849000085, 7.266624325000063 ], [ 124.207298373000071, 7.25052183300005 ], [ 124.19409900900007, 7.25285743100005 ], [ 124.180609327000084, 7.229624841000032 ], [ 124.169034303000103, 7.22164807400003 ], [ 124.171271006000097, 7.215521889000058 ], [ 124.159096707000131, 7.202227240000072 ], [ 124.165371194000045, 7.194363919000068 ], [ 124.157684507000127, 7.175086849000025 ], [ 124.132236296000073, 7.166226494000054 ], [ 124.114942676000069, 7.150936274000058 ], [ 124.103316524000093, 7.147703110000065 ], [ 124.067426961000038, 7.145391349000023 ], [ 124.052123365000071, 7.129703484000061 ], [ 124.03675816000009, 7.10426396500003 ], [ 124.037651444000062, 7.096199836000039 ], [ 124.025845496000102, 7.082430627000065 ], [ 124.015510370000015, 7.062229058000071 ], [ 124.012501633000056, 7.050464428000054 ], [ 124.002573662000032, 7.044326931000056 ], [ 124.001056243000107, 7.03294676300004 ], [ 123.992723569000091, 7.021412233000034 ], [ 123.995213273000118, 7.001625772000067 ], [ 123.979292448000024, 6.972154354000054 ], [ 123.969799934000108, 6.963654424000025 ], [ 123.971637005000048, 6.955384626000067 ], [ 123.969390440000097, 6.938377538000053 ], [ 123.97065883900008, 6.929882912000038 ], [ 123.960918899000035, 6.912346280000065 ], [ 123.956808523000049, 6.910163674000046 ], [ 123.956853115000058, 6.893879222000066 ], [ 123.97025622700005, 6.883312497000075 ], [ 123.975015816000109, 6.867742993000032 ], [ 123.972620143000086, 6.862136935000023 ], [ 123.957985523000048, 6.855208523000044 ], [ 123.957434058000118, 6.840958313000045 ], [ 123.963195450000057, 6.833606887000029 ], [ 123.953014741000061, 6.819498804000032 ], [ 123.962463073000109, 6.811868152000044 ], [ 123.963536266000133, 6.800433363000024 ], [ 123.975703680000052, 6.793831946000069 ], [ 123.975846907000118, 6.786254511000037 ], [ 123.969783091000082, 6.775586197000053 ], [ 123.975634163000109, 6.768565259000069 ], [ 123.987504030000082, 6.771464513000068 ], [ 123.995307352000069, 6.79189629800004 ], [ 124.010372276000098, 6.794074908000025 ], [ 124.02741406600002, 6.782265267000072 ], [ 124.040822497000022, 6.758219907000068 ], [ 124.037965157000031, 6.743848047000029 ], [ 124.084952780000094, 6.743239127000037 ], [ 124.09690035600012, 6.747260983000045 ], [ 124.127137246000075, 6.746921562000068 ], [ 124.122620760000018, 6.838144271000032 ], [ 124.122873021000032, 6.852899860000035 ], [ 124.131897206000076, 6.88739128000003 ], [ 124.14351930700002, 6.936219677000055 ], [ 124.158398246000047, 6.937772196000025 ], [ 124.186393616000032, 6.923260995000021 ], [ 124.194032335000088, 6.93176653000006 ], [ 124.198813625000057, 6.945695366000052 ], [ 124.22164546700003, 6.964718258000061 ], [ 124.221643421000067, 6.968502340000042 ], [ 124.306780795000023, 6.99211432100003 ], [ 124.316209952, 6.999375143000067 ], [ 124.331334387000084, 7.025812093000069 ], [ 124.334385610000012, 7.016023696000047 ], [ 124.340814196000125, 7.009131247000027 ], [ 124.357978122000063, 7.009225097000069 ], [ 124.367560006000076, 7.000491819000046 ], [ 124.384594115000027, 7.011943 ], [ 124.380255535000074, 7.014505021000048 ], [ 124.395134033000076, 7.03769920600007 ], [ 124.392359168000098, 7.044705774000021 ], [ 124.40689582500012, 7.06379753300007 ], [ 124.420025670000101, 7.059656975000054 ], [ 124.432238255000016, 7.088788390000047 ], [ 124.43257323100012, 7.094453882000038 ], [ 124.445050011000021, 7.110413201000029 ], [ 124.460642454000094, 7.133282154000029 ], [ 124.464924673000056, 7.171735246000027 ], [ 124.481120449000073, 7.198064042000055 ], [ 124.48927706500001, 7.19790874000006 ], [ 124.489618852000049, 7.207222989000059 ], [ 124.474514555000056, 7.207256223000055 ], [ 124.449982052000109, 7.207310200000054 ], [ 124.450566250000065, 7.230499030000034 ], [ 124.443534788000079, 7.236254315000055 ], [ 124.436402197, 7.227333650000048 ], [ 124.417978964000113, 7.221785431000058 ], [ 124.407119403000024, 7.222196041000074 ], [ 124.394649568000105, 7.224298599000065 ], [ 124.384509772000129, 7.178378673000055 ], [ 124.377082228000063, 7.169739380000067 ], [ 124.35176481800012, 7.165890603000037 ], [ 124.339837480000014, 7.16921525300006 ], [ 124.339057230000094, 7.174352245000025 ], [ 124.353262106000102, 7.199960901000053 ], [ 124.354599358000101, 7.211406167000065 ], [ 124.366263437000057, 7.235560970000052 ], [ 124.377573676000125, 7.286177091000071 ], [ 124.37667433, 7.296937708000031 ], [ 124.396020075000038, 7.355388001000049 ], [ 124.403329649000057, 7.354124229000036 ], [ 124.40575238200006, 7.363209477000053 ], [ 124.452005120000067, 7.423535557000035 ] ] ], [ [ [ 124.046976568000119, 7.357487855000044 ], [ 124.034406710000098, 7.342962193000061 ], [ 124.024027049000097, 7.337339007000026 ], [ 124.016153679, 7.327053042000044 ], [ 124.014579522000076, 7.31914037500008 ], [ 124.018485818000045, 7.299453158000063 ], [ 124.027294426000012, 7.294636294000042 ], [ 124.036743677000118, 7.302273304000041 ], [ 124.044652512000084, 7.313304752000022 ], [ 124.040425868000057, 7.328413918000022 ], [ 124.04695421200006, 7.339828598000055 ], [ 124.069316055000073, 7.353652604000045 ], [ 124.077916651000024, 7.372864867000035 ], [ 124.068020027000117, 7.375400205000061 ], [ 124.046976568000119, 7.357487855000044 ] ] ] ] } },
{ "type": "Feature", "properties": { "adm1_psgc": 1900000000, "adm2_psgc": 1908800000, "adm2_en": "Maguindanao del Sur", "geo_level": "Prov", "len_crs": 459919, "area_crs": 2459987413, "len_km": 459, "area_km2": 2459 }, "geometry": { "type": "Polygon", "coordinates": [ [ [ 124.7117969520001, 7.182737162000024 ], [ 124.704512747000095, 7.182307881000041 ], [ 124.696636656000024, 7.171204794000061 ], [ 124.697237838000106, 7.159643613000071 ], [ 124.693927486, 7.152287062000027 ], [ 124.716497481000033, 7.133059319000041 ], [ 124.727180012000076, 7.131325142000037 ], [ 124.72756153100012, 7.116862104000064 ], [ 124.736509886000036, 7.113428433000024 ], [ 124.729469126000026, 7.110029446000055 ], [ 124.725792671000022, 7.102190965000035 ], [ 124.732798746000071, 7.09660691500005 ], [ 124.716769297000042, 7.086585624000064 ], [ 124.715735443000085, 7.099423897000065 ], [ 124.708078759000045, 7.09409329300007 ], [ 124.712343241000099, 7.079361444000028 ], [ 124.699646713000107, 7.067440276000071 ], [ 124.690100087000019, 7.073352400000035 ], [ 124.688134747000035, 7.058526855000025 ], [ 124.69392674900007, 7.050418998000055 ], [ 124.7034545570001, 7.050546035000023 ], [ 124.701125538000028, 7.038646862000063 ], [ 124.70998247700004, 7.034920075000059 ], [ 124.707689139000081, 7.024503360000038 ], [ 124.716624105000051, 7.019548900000073 ], [ 124.707017554000117, 7.005210864000048 ], [ 124.721430074000068, 7.000956522000023 ], [ 124.717822799000032, 6.994517397000038 ], [ 124.706644960000062, 6.994033024000031 ], [ 124.694014001000042, 6.974136470000075 ], [ 124.685928697000023, 6.967392506000067 ], [ 124.691256800000019, 6.962250700000026 ], [ 124.688574119, 6.952786796000055 ], [ 124.678774879000116, 6.94660172500005 ], [ 124.665734067000017, 6.951967088000059 ], [ 124.656754535000132, 6.961356473000023 ], [ 124.649973418000044, 6.955216833000065 ], [ 124.643038395000062, 6.964178877000052 ], [ 124.632559170000036, 6.966358556000046 ], [ 124.627361475000043, 6.974825770000052 ], [ 124.616966084000069, 6.975328772000069 ], [ 124.611433053000056, 6.969628074000068 ], [ 124.598438815, 6.96845440100003 ], [ 124.584881027000051, 6.970634080000026 ], [ 124.578770474000052, 6.983861190000026 ], [ 124.558088968000092, 7.006636791000061 ], [ 124.55896135400009, 7.017508071000066 ], [ 124.555710466000065, 7.023554212000021 ], [ 124.544667636000099, 7.019387057000073 ], [ 124.539127139, 7.02758843500004 ], [ 124.531003344000055, 7.031767729000024 ], [ 124.533245755000067, 7.04038775300006 ], [ 124.523179689000017, 7.029616614000076 ], [ 124.51915130700003, 7.030999491000046 ], [ 124.501425588000089, 7.030365309000046 ], [ 124.488783182000034, 7.041214082000065 ], [ 124.470260936000045, 7.048347785000032 ], [ 124.459488998000097, 7.056220719000065 ], [ 124.456352268000046, 7.066377288000067 ], [ 124.456742448000114, 7.07967992500005 ], [ 124.439888823000061, 7.09196477200004 ], [ 124.432238255000016, 7.088788390000047 ], [ 124.420025670000101, 7.059656975000054 ], [ 124.40689582500012, 7.06379753300007 ], [ 124.392359168000098, 7.044705774000021 ], [ 124.395134033000076, 7.03769920600007 ], [ 124.380255535000074, 7.014505021000048 ], [ 124.384594115000027, 7.011943 ], [ 124.367560006000076, 7.000491819000046 ], [ 124.357978122000063, 7.009225097000069 ], [ 124.340814196000125, 7.009131247000027 ], [ 124.334385610000012, 7.016023696000047 ], [ 124.331334387000084, 7.025812093000069 ], [ 124.316209952, 6.999375143000067 ], [ 124.306780795000023, 6.99211432100003 ], [ 124.221643421000067, 6.968502340000042 ], [ 124.22164546700003, 6.964718258000061 ], [ 124.198813625000057, 6.945695366000052 ], [ 124.194032335000088, 6.93176653000006 ], [ 124.186393616000032, 6.923260995000021 ], [ 124.158398246000047, 6.937772196000025 ], [ 124.14351930700002, 6.936219677000055 ], [ 124.131897206000076, 6.88739128000003 ], [ 124.122873021000032, 6.852899860000035 ], [ 124.122620760000018, 6.838144271000032 ], [ 124.127137246000075, 6.746921562000068 ], [ 124.148256449000087, 6.746883796000019 ], [ 124.210141781000075, 6.743249806000051 ], [ 124.228321319000074, 6.733910047000052 ], [ 124.247724337000037, 6.756629778000047 ], [ 124.283916540000064, 6.754070688000069 ], [ 124.276265514000102, 6.736064673000042 ], [ 124.278953996000055, 6.69617573000005 ], [ 124.413558692000038, 6.727836713000043 ], [ 124.465274906000118, 6.730109365000032 ], [ 124.516145742000063, 6.727932620000047 ], [ 124.513216706000094, 6.73654619000007 ], [ 124.516520827, 6.743245528000045 ], [ 124.509314526000026, 6.772891965000042 ], [ 124.538507477000067, 6.773909106000075 ], [ 124.537496419000021, 6.78112018300004 ], [ 124.578335602000038, 6.783005277000029 ], [ 124.577026594000017, 6.794578634000061 ], [ 124.583850581000078, 6.800190842000064 ], [ 124.585729815000036, 6.809829827000045 ], [ 124.580289271000083, 6.850143099000037 ], [ 124.602951715000017, 6.850612088000048 ], [ 124.597537743000089, 6.864944532000037 ], [ 124.605237369000065, 6.871936180000033 ], [ 124.626536666000106, 6.885147745000039 ], [ 124.633727085000032, 6.887706705000027 ], [ 124.637568096000123, 6.880305613000074 ], [ 124.666805788000019, 6.869075349000069 ], [ 124.669096627000044, 6.855363229000033 ], [ 124.690651903000116, 6.804071660000034 ], [ 124.698216641000059, 6.799680297000065 ], [ 124.717085278000027, 6.810847400000056 ], [ 124.724936431000074, 6.784795319000067 ], [ 124.743255131000069, 6.747772360000055 ], [ 124.761948360000034, 6.726858888000038 ], [ 124.77008903, 6.727039460000071 ], [ 124.783637417000037, 6.693444130000046 ], [ 124.794897526000099, 6.683738603000053 ], [ 124.787095706000045, 6.67697144300007 ], [ 124.769273059000056, 6.676178916000027 ], [ 124.760997992000071, 6.664839584000049 ], [ 124.786995950000133, 6.649396808000063 ], [ 124.775170951000064, 6.642719262000069 ], [ 124.784465187000023, 6.637758798000049 ], [ 124.778923101000032, 6.623288442000046 ], [ 124.785503686000084, 6.606117920000031 ], [ 124.810017333000019, 6.61240035000003 ], [ 124.820240207000097, 6.612889153000027 ], [ 124.829342093000051, 6.604715895000028 ], [ 124.838258577000019, 6.601456701000074 ], [ 124.841795887000103, 6.607867359000068 ], [ 124.863022037000064, 6.60862987300004 ], [ 124.872108667000035, 6.617488596000043 ], [ 124.86828614, 6.622645562000057 ], [ 124.868449558000066, 6.643072075000019 ], [ 124.880153823000114, 6.64296018300007 ], [ 124.902008848000037, 6.655854541000053 ], [ 124.886808143000039, 6.677562946000023 ], [ 124.931303631000119, 6.695667085000023 ], [ 124.969185031000052, 6.709965978000071 ], [ 125.006812492000108, 6.711873362000063 ], [ 125.007743394000059, 6.734105528000044 ], [ 124.983524254000045, 6.727055452000058 ], [ 124.967421476000027, 6.739896512000031 ], [ 124.958628642, 6.736979865000023 ], [ 124.950350511000025, 6.755037343000026 ], [ 124.946232891000022, 6.757353504000036 ], [ 124.952685495000082, 6.784597325000049 ], [ 124.945992697000079, 6.783555795000041 ], [ 124.937397254000061, 6.790939251000054 ], [ 124.891348479000044, 6.786620320000054 ], [ 124.88884483400011, 6.796141742000031 ], [ 124.854699741000104, 6.797642408000057 ], [ 124.853900464000048, 6.790241958000023 ], [ 124.82964481100008, 6.791900495000049 ], [ 124.822496126000033, 6.794133661000046 ], [ 124.823641604000045, 6.815535639000076 ], [ 124.804196208, 6.816775648000032 ], [ 124.80548632600005, 6.841646872000068 ], [ 124.811991621000047, 6.841965313000059 ], [ 124.827640722000069, 6.859570552000037 ], [ 124.804106407000063, 6.882344935000048 ], [ 124.803472154000033, 6.948885853000035 ], [ 124.823832639000116, 6.949087778000034 ], [ 124.821963663000034, 7.044487835000041 ], [ 124.825211978000098, 7.062747508000031 ], [ 124.802274213000018, 7.071194877000037 ], [ 124.771988632000102, 7.075949368000067 ], [ 124.772029764000081, 7.087197717000039 ], [ 124.785546255000099, 7.101408897000056 ], [ 124.784961664000093, 7.118717377000052 ], [ 124.797527986000077, 7.125971558000059 ], [ 124.797466431000103, 7.133542762000048 ], [ 124.786656126000025, 7.144260107000036 ], [ 124.777503574000093, 7.147930917000052 ], [ 124.772462328000088, 7.156912165000051 ], [ 124.759340857000083, 7.150634443000057 ], [ 124.738319902000057, 7.166173348000031 ], [ 124.727758401000074, 7.176641707000043 ], [ 124.7117969520001, 7.182737162000024 ] ] ] } },
{ "type": "Feature", "properties": { "adm1_psgc": 1900000000, "adm2_psgc": 1909900000, "adm2_en": null, "geo_level": null, "len_crs": 445919, "area_crs": 542850232, "len_km": 445, "area_km2": 542 }, "geometry": { "type": "MultiPolygon", "coordinates": [ [ [ [ 124.40575238200006, 7.363209477000053 ], [ 124.41715019500009, 7.361829480000043 ], [ 124.447598526000093, 7.365182608000055 ], [ 124.452005120000067, 7.423535557000035 ], [ 124.40575238200006, 7.363209477000053 ] ] ], [ [ [ 124.884412614000112, 7.311216527000054 ], [ 124.877135001000056, 7.313698814000077 ], [ 124.861112969000047, 7.302697771000056 ], [ 124.854605065000115, 7.283768454000039 ], [ 124.837949923000096, 7.280971162000073 ], [ 124.840271798000131, 7.270744900000069 ], [ 124.815451880000069, 7.272749409000029 ], [ 124.795946944000107, 7.280700886000034 ], [ 124.773880982000051, 7.278857088000052 ], [ 124.763644976000023, 7.270072764000077 ], [ 124.762542254000095, 7.260401665000074 ], [ 124.769857384000034, 7.253726558000037 ], [ 124.772754830000068, 7.228227808000041 ], [ 124.800356789000034, 7.23306136900004 ], [ 124.80898859300008, 7.230850477000048 ], [ 124.819727914000055, 7.218369812000049 ], [ 124.813662560000012, 7.206219660000043 ], [ 124.820905610000068, 7.187797631000023 ], [ 124.803150299000094, 7.142669423000029 ], [ 124.813009140000091, 7.150770839000073 ], [ 124.838416018000103, 7.145646646000046 ], [ 124.848628157, 7.147523283000055 ], [ 124.858385192, 7.168437985000025 ], [ 124.851483643000051, 7.175899235000034 ], [ 124.849005412000096, 7.191669795000052 ], [ 124.85562654400006, 7.208203851000064 ], [ 124.860616364000066, 7.240718134000076 ], [ 124.884022975000093, 7.227516506000029 ], [ 124.909569446000091, 7.215872876000048 ], [ 124.909075474000019, 7.259712844000037 ], [ 124.910479715000065, 7.303419765000058 ], [ 124.8933047270001, 7.311574992000032 ], [ 124.884412614000112, 7.311216527000054 ] ] ], [ [ [ 124.7117969520001, 7.182737162000024 ], [ 124.710000234000077, 7.187547801000049 ], [ 124.721517653000092, 7.198107431000037 ], [ 124.724774137000054, 7.205913415000054 ], [ 124.718859787000028, 7.210941810000064 ], [ 124.726378434000026, 7.22277051100002 ], [ 124.720128858000066, 7.233952703000057 ], [ 124.717927219000089, 7.253321087000074 ], [ 124.709733775000032, 7.253636102000029 ], [ 124.667561011000089, 7.235391182000058 ], [ 124.669381756, 7.229566050000075 ], [ 124.690254996000021, 7.22084056600005 ], [ 124.705558726000049, 7.204204649000076 ], [ 124.703944354000114, 7.197747157000036 ], [ 124.692080409000027, 7.204922408000074 ], [ 124.67641302200002, 7.203366879000043 ], [ 124.678898852000088, 7.192281817000037 ], [ 124.668387148000079, 7.194955526000058 ], [ 124.665933196000083, 7.188216315000035 ], [ 124.678661160000047, 7.17355728000007 ], [ 124.683427793000078, 7.171674949000019 ], [ 124.67920084800005, 7.152254865000032 ], [ 124.693927486, 7.152287062000027 ], [ 124.697237838000106, 7.159643613000071 ], [ 124.696636656000024, 7.171204794000061 ], [ 124.704512747000095, 7.182307881000041 ], [ 124.7117969520001, 7.182737162000024 ] ] ], [ [ [ 124.407119403000024, 7.222196041000074 ], [ 124.415396584000078, 7.235743985000055 ], [ 124.366263437000057, 7.235560970000052 ], [ 124.354599358000101, 7.211406167000065 ], [ 124.353262106000102, 7.199960901000053 ], [ 124.339057230000094, 7.174352245000025 ], [ 124.339837480000014, 7.16921525300006 ], [ 124.35176481800012, 7.165890603000037 ], [ 124.377082228000063, 7.169739380000067 ], [ 124.384509772000129, 7.178378673000055 ], [ 124.394649568000105, 7.224298599000065 ], [ 124.407119403000024, 7.222196041000074 ] ] ], [ [ [ 124.474514555000056, 7.207256223000055 ], [ 124.474445470000092, 7.216184728000031 ], [ 124.466695905000051, 7.216321101000061 ], [ 124.467567777000113, 7.228463736000037 ], [ 124.450566250000065, 7.230499030000034 ], [ 124.449982052000109, 7.207310200000054 ], [ 124.474514555000056, 7.207256223000055 ] ] ], [ [ [ 124.772462328000088, 7.156912165000051 ], [ 124.789357382000063, 7.16678630700005 ], [ 124.785649194000044, 7.18553325800002 ], [ 124.784454465000067, 7.202298681000056 ], [ 124.756997804000093, 7.209450234000032 ], [ 124.745895847000028, 7.216607743000054 ], [ 124.742276965000073, 7.203477788000043 ], [ 124.735134685000048, 7.200217182000074 ], [ 124.727758401000074, 7.176641707000043 ], [ 124.738319902000057, 7.166173348000031 ], [ 124.759340857000083, 7.150634443000057 ], [ 124.772462328000088, 7.156912165000051 ] ] ], [ [ [ 124.51915130700003, 7.030999491000046 ], [ 124.519451933000028, 7.044227015000047 ], [ 124.537743778000049, 7.088158932000056 ], [ 124.537777399000106, 7.098844263000046 ], [ 124.521916617000116, 7.099576377000062 ], [ 124.519521331000078, 7.137542698000061 ], [ 124.482092568000084, 7.150595595000027 ], [ 124.481599169000106, 7.170506233000026 ], [ 124.464924673000056, 7.171735246000027 ], [ 124.460642454000094, 7.133282154000029 ], [ 124.445050011000021, 7.110413201000029 ], [ 124.471425726, 7.092685572000049 ], [ 124.471594026000048, 7.086087509000038 ], [ 124.456742448000114, 7.07967992500005 ], [ 124.456352268000046, 7.066377288000067 ], [ 124.459488998000097, 7.056220719000065 ], [ 124.470260936000045, 7.048347785000032 ], [ 124.488783182000034, 7.041214082000065 ], [ 124.501425588000089, 7.030365309000046 ], [ 124.51915130700003, 7.030999491000046 ] ] ], [ [ [ 124.887249291000103, 7.146881429000074 ], [ 124.883833225000103, 7.15406798600003 ], [ 124.872656560000124, 7.14311367600004 ], [ 124.867899441000077, 7.131724458000065 ], [ 124.875248925000065, 7.130486499000028 ], [ 124.889068268000074, 7.133762352000075 ], [ 124.887249291000103, 7.146881429000074 ] ] ], [ [ [ 124.736509886000036, 7.113428433000024 ], [ 124.723087140000075, 7.115786914000068 ], [ 124.720486648000019, 7.112390309000033 ], [ 124.675816311000062, 7.134801803000072 ], [ 124.667456279000035, 7.118520611000064 ], [ 124.664577081000061, 7.100798032000057 ], [ 124.684282892000056, 7.094783801000063 ], [ 124.692071007000095, 7.08971596200007 ], [ 124.700458419000029, 7.077713803000051 ], [ 124.699646713000107, 7.067440276000071 ], [ 124.712343241000099, 7.079361444000028 ], [ 124.708078759000045, 7.09409329300007 ], [ 124.715735443000085, 7.099423897000065 ], [ 124.716769297000042, 7.086585624000064 ], [ 124.732798746000071, 7.09660691500005 ], [ 124.725792671000022, 7.102190965000035 ], [ 124.729469126000026, 7.110029446000055 ], [ 124.736509886000036, 7.113428433000024 ] ] ], [ [ [ 124.716624105000051, 7.019548900000073 ], [ 124.692717739000059, 7.01940432300006 ], [ 124.692813656000126, 7.011922805000039 ], [ 124.681649995000058, 7.01214174200004 ], [ 124.681574739000098, 7.026917395000057 ], [ 124.687066728000119, 7.034327589000042 ], [ 124.670665567000015, 7.049032415000056 ], [ 124.66701543100011, 7.034358027000053 ], [ 124.637839720000116, 7.034306416000049 ], [ 124.625323449, 7.050060449000056 ], [ 124.624934495000062, 7.064025092000066 ], [ 124.647181285000102, 7.063937114000056 ], [ 124.645148686000084, 7.072321585000053 ], [ 124.632344815, 7.083217999000055 ], [ 124.626770817000079, 7.096792449000077 ], [ 124.628508278000027, 7.108372670000052 ], [ 124.635415328, 7.116957269000066 ], [ 124.630613773000036, 7.125661692000052 ], [ 124.617199350000064, 7.123848531000022 ], [ 124.611693857000091, 7.108136129000059 ], [ 124.614610436000021, 7.089431201000026 ], [ 124.61031446700008, 7.078884297000058 ], [ 124.589733095000042, 7.084123812000029 ], [ 124.584799038000028, 7.091482318000033 ], [ 124.572937321000055, 7.096565168000041 ], [ 124.573466888000112, 7.119293407000042 ], [ 124.56094382300013, 7.121408170000053 ], [ 124.560328618000085, 7.099547869000048 ], [ 124.561659520000035, 7.083302147000039 ], [ 124.580763245000057, 7.083439091000058 ], [ 124.585713353000074, 7.071131540000067 ], [ 124.584323796000049, 7.065773281000076 ], [ 124.572409645000093, 7.06502008700005 ], [ 124.568301317000063, 7.059610789000033 ], [ 124.553974747000112, 7.059577851000028 ], [ 124.539268080000056, 7.051307381000072 ], [ 124.533245755000067, 7.04038775300006 ], [ 124.531003344000055, 7.031767729000024 ], [ 124.539127139, 7.02758843500004 ], [ 124.544667636000099, 7.019387057000073 ], [ 124.555710466000065, 7.023554212000021 ], [ 124.560738830000105, 7.032299193000028 ], [ 124.566627522000104, 7.051214263000078 ], [ 124.595267334000013, 7.049137330000064 ], [ 124.597688832000031, 7.040690047000055 ], [ 124.613748564000048, 7.036584363000031 ], [ 124.612974118000011, 7.024408925000045 ], [ 124.607609232000087, 7.024153445000023 ], [ 124.609476188000045, 6.994183876000021 ], [ 124.576023878000115, 6.993941117000077 ], [ 124.573959693, 7.004791358000036 ], [ 124.565940447000131, 7.015494871000045 ], [ 124.55896135400009, 7.017508071000066 ], [ 124.558088968000092, 7.006636791000061 ], [ 124.578770474000052, 6.983861190000026 ], [ 124.584881027000051, 6.970634080000026 ], [ 124.598438815, 6.96845440100003 ], [ 124.611433053000056, 6.969628074000068 ], [ 124.616966084000069, 6.975328772000069 ], [ 124.627361475000043, 6.974825770000052 ], [ 124.632559170000036, 6.966358556000046 ], [ 124.643038395000062, 6.964178877000052 ], [ 124.649973418000044, 6.955216833000065 ], [ 124.656754535000132, 6.961356473000023 ], [ 124.665734067000017, 6.951967088000059 ], [ 124.678774879000116, 6.94660172500005 ], [ 124.688574119, 6.952786796000055 ], [ 124.691256800000019, 6.962250700000026 ], [ 124.685928697000023, 6.967392506000067 ], [ 124.694014001000042, 6.974136470000075 ], [ 124.706644960000062, 6.994033024000031 ], [ 124.717822799000032, 6.994517397000038 ], [ 124.721430074000068, 7.000956522000023 ], [ 124.707017554000117, 7.005210864000048 ], [ 124.716624105000051, 7.019548900000073 ] ] ], [ [ [ 124.690100087000019, 7.073352400000035 ], [ 124.685977607000027, 7.080635022000022 ], [ 124.668920371000013, 7.086446671000032 ], [ 124.66460317400005, 7.076164482000024 ], [ 124.664567389, 7.062823792000074 ], [ 124.68712711, 7.052724244000045 ], [ 124.688134747000035, 7.058526855000025 ], [ 124.690100087000019, 7.073352400000035 ] ] ] ] } },
{ "type": "Feature", "properties": { "adm1_psgc": 200000000, "adm2_psgc": 200900000, "adm2_en": "Batanes", "geo_level": "Prov", "len_crs": 230060, "area_crs": 201280837, "len_km": 230, "area_km2": 201 }, "geometry": { "type": "MultiPolygon", "coordinates": [ [ [ [ 121.802852874000109, 20.688200545000026 ], [ 121.839023345000086, 20.708462919000048 ], [ 121.853713119000076, 20.723667880000054 ], [ 121.856652171000079, 20.75136337400005 ], [ 121.876226082, 20.759859551000027 ], [ 121.867850844000031, 20.781479426000036 ], [ 121.880347169000075, 20.794038180000026 ], [ 121.880197674000115, 20.81996234900004 ], [ 121.859790464000071, 20.836012216000025 ], [ 121.836868549000087, 20.825403919000053 ], [ 121.828223955000112, 20.789113772000064 ], [ 121.815207605000083, 20.760271922000069 ], [ 121.800959186000114, 20.754521984000068 ], [ 121.782768324000017, 20.721662759000022 ], [ 121.802852874000109, 20.688200545000026 ] ] ], [ [ [ 121.91524715200002, 20.355675892000026 ], [ 121.950304934000087, 20.348728030000075 ], [ 121.980712561000018, 20.383291849000042 ], [ 121.962423491000095, 20.412613908000029 ], [ 121.986299804000069, 20.43804806300005 ], [ 122.013934506000069, 20.448070017000077 ], [ 122.035675709000074, 20.467950419000029 ], [ 122.02785446300004, 20.481029539000073 ], [ 122.0029536280001, 20.489468278000061 ], [ 121.975586911000036, 20.471562048000067 ], [ 121.956957173000092, 20.468667991000071 ], [ 121.967562193000049, 20.44671681300002 ], [ 121.945650989000114, 20.41561325300006 ], [ 121.927325693000043, 20.409287064000061 ], [ 121.91524715200002, 20.355675892000026 ] ] ], [ [ [ 121.858548265000081, 20.26028199000007 ], [ 121.8723958920001, 20.284120396000048 ], [ 121.883500323000035, 20.285062047000046 ], [ 121.888912079000093, 20.313259444000039 ], [ 121.870618302000025, 20.340815648000046 ], [ 121.844851389000056, 20.355371437000034 ], [ 121.837950498000041, 20.324640487000064 ], [ 121.840680809000105, 20.287724014000048 ], [ 121.858548265000081, 20.26028199000007 ] ] ], [ [ [ 121.807157317000019, 20.29992142900004 ], [ 121.819557597000099, 20.326299685000038 ], [ 121.800016955000061, 20.334092822000059 ], [ 121.798554190000118, 20.308395397000027 ], [ 121.807157317000019, 20.29992142900004 ] ] ] ] } },
{ "type": "Feature", "properties": { "adm1_psgc": 200000000, "adm2_psgc": 201500000, "adm2_en": "Cagayan", "geo_level": "Prov", "len_crs": 1135169, "area_crs": 8794377504, "len_km": 1135, "area_km2": 8794 }, "geometry": { "type": "MultiPolygon", "coordinates": [ [ [ [ 121.95962747100009, 19.47584474100006 ], [ 121.990491116000044, 19.50374459600005 ], [ 121.990949346000107, 19.556471327000054 ], [ 121.969442689000047, 19.573923966000049 ], [ 121.943670131000076, 19.55532832800003 ], [ 121.896027702000083, 19.549136694000023 ], [ 121.899686068000065, 19.517885254000081 ], [ 121.95962747100009, 19.47584474100006 ] ] ], [ [ [ 121.511613156000067, 19.244224647000063 ], [ 121.510367009000106, 19.257692546000044 ], [ 121.539672629000052, 19.268404838000034 ], [ 121.539452501000028, 19.287764799000058 ], [ 121.522910367, 19.318213812000074 ], [ 121.529339785000062, 19.348736603000077 ], [ 121.515098945000105, 19.388483621000031 ], [ 121.500211312000047, 19.370893983000027 ], [ 121.481581886000058, 19.371944167000034 ], [ 121.406890280000084, 19.393340091000027 ], [ 121.392330847000039, 19.388337721000028 ], [ 121.388299112000027, 19.369702344000071 ], [ 121.360747235000076, 19.351019670000024 ], [ 121.390816376000089, 19.328577586000058 ], [ 121.39004284300006, 19.300925148000033 ], [ 121.409345329000075, 19.283002211000053 ], [ 121.468086738000025, 19.266573349000055 ], [ 121.511613156000067, 19.244224647000063 ] ] ], [ [ [ 121.238831623, 19.012770193000051 ], [ 121.253843973000016, 19.028598033000041 ], [ 121.247656413000072, 19.103454675000027 ], [ 121.23644782000008, 19.12630365200005 ], [ 121.231538376000131, 19.156011650000039 ], [ 121.210546038000089, 19.142487460000041 ], [ 121.195688524000033, 19.096395916000059 ], [ 121.1991405240001, 19.059833291000082 ], [ 121.215124769000113, 19.03866495100004 ], [ 121.235257486000023, 19.030663925000059 ], [ 121.238831623, 19.012770193000051 ] ] ], [ [ [ 121.855949794000026, 18.812052408000053 ], [ 121.877603473000022, 18.827192575000026 ], [ 121.891038886000047, 18.868505596000031 ], [ 121.928591905000062, 18.88587094300004 ], [ 121.95563991500002, 18.907532332000073 ], [ 121.960568074000079, 18.935473530000024 ], [ 121.97919964900008, 18.935285200000067 ], [ 121.992940188000034, 18.958930634000073 ], [ 121.96462497200001, 18.973609008000032 ], [ 121.944894248000068, 19.001805913000059 ], [ 121.897026955000115, 19.001252936000071 ], [ 121.868158256000015, 18.97468199900004 ], [ 121.870608510000025, 18.946850638000058 ], [ 121.85108862800007, 18.927983965000063 ], [ 121.871383012000024, 18.893874993000054 ], [ 121.862720999000089, 18.880893620000048 ], [ 121.834605561000103, 18.87161035400004 ], [ 121.826246725000033, 18.860767505000062 ], [ 121.83839260600007, 18.820398299000029 ], [ 121.855949794000026, 18.812052408000053 ] ] ], [ [ [ 121.31633801200006, 18.839724181000065 ], [ 121.373798188000023, 18.850166024000035 ], [ 121.452961280000068, 18.855661315000077 ], [ 121.47928180800011, 18.872838815000016 ], [ 121.415118447000054, 18.905782884000068 ], [ 121.377708476000066, 18.898717593000068 ], [ 121.361205516000055, 18.888151987000068 ], [ 121.344736506000132, 18.89134155500005 ], [ 121.312240134000035, 18.877496288000028 ], [ 121.28516976200001, 18.884799910000023 ], [ 121.275162145000081, 18.857851328000041 ], [ 121.289545696000118, 18.844289756000027 ], [ 121.31633801200006, 18.839724181000065 ] ] ], [ [ [ 122.172968900000129, 17.584542444000022 ], [ 122.163327849000098, 17.611406852000069 ], [ 122.163143836000017, 17.676210140000023 ], [ 122.168522241000105, 17.698652325000069 ], [ 122.144345101000113, 17.737689229000068 ], [ 122.148391506000053, 17.754183825000041 ], [ 122.137881919000051, 17.779920099000037 ], [ 122.139909213000024, 17.802975500000056 ], [ 122.155384236000032, 17.813995345000016 ], [ 122.152683252000088, 17.839762533000055 ], [ 122.168365728000012, 17.850726985000048 ], [ 122.165630833000023, 17.883515558000049 ], [ 122.189584042000106, 17.911332769000065 ], [ 122.181155589000028, 17.921676386000058 ], [ 122.17739595700003, 17.969262805000028 ], [ 122.188358121000078, 18.01631366800007 ], [ 122.174384701000022, 18.032602939000068 ], [ 122.177237686000026, 18.054309273000055 ], [ 122.164772601000109, 18.071423221000032 ], [ 122.181747460000111, 18.116649947000042 ], [ 122.190655886000073, 18.116232253000081 ], [ 122.215813767000114, 18.151761812000078 ], [ 122.263538896000114, 18.170332990000073 ], [ 122.266090108000071, 18.18598311400007 ], [ 122.28729110900008, 18.199992964000046 ], [ 122.307320233000041, 18.240391818000028 ], [ 122.320315447000084, 18.247146152000024 ], [ 122.337475375000054, 18.308790129000048 ], [ 122.32042427600004, 18.378976868000048 ], [ 122.293342464000034, 18.411663025000045 ], [ 122.276972827, 18.416314178000047 ], [ 122.2485903500001, 18.450705274000025 ], [ 122.240476562000026, 18.477016673000037 ], [ 122.239108302000091, 18.511822059000046 ], [ 122.22375948100013, 18.522506965000044 ], [ 122.189550193000059, 18.511549511000052 ], [ 122.146650677000011, 18.507007084000062 ], [ 122.148080445000133, 18.482276397000081 ], [ 122.124688018000029, 18.423745764000042 ], [ 122.131934612, 18.388181351000068 ], [ 122.117877897000099, 18.374524007000041 ], [ 122.06315085700011, 18.342769002000068 ], [ 122.05292684000004, 18.321735307000043 ], [ 122.027814652000075, 18.307837862000039 ], [ 122.011163994000071, 18.287890254000047 ], [ 121.933855826000027, 18.266702418000023 ], [ 121.90842681300002, 18.269700620000037 ], [ 121.852263624000116, 18.284368354000037 ], [ 121.643957288000024, 18.358924992000027 ], [ 121.621517586000081, 18.351346209000042 ], [ 121.606400439000041, 18.371869421000042 ], [ 121.536022484000114, 18.404502226000034 ], [ 121.484668729000092, 18.435622809000048 ], [ 121.451583169000074, 18.460188465000044 ], [ 121.313674227000092, 18.521188671000058 ], [ 121.289023533000091, 18.536927648000066 ], [ 121.196774688000119, 18.608827924000021 ], [ 121.160982314000094, 18.62232623400007 ], [ 121.123663054000076, 18.628709585000024 ], [ 121.097484664000049, 18.626217995000044 ], [ 121.090698128000113, 18.614568537000022 ], [ 121.06568194700003, 18.607342463000066 ], [ 121.037446081000112, 18.615428198000071 ], [ 120.972723985000016, 18.581773456000064 ], [ 120.976453677000123, 18.568958937000048 ], [ 120.96914518200002, 18.510116371000038 ], [ 120.958673098000062, 18.46320241200004 ], [ 121.002873797, 18.466105643000045 ], [ 121.023473063000097, 18.498688611000034 ], [ 121.038808110000119, 18.50503012800004 ], [ 121.042779304000092, 18.528185766000028 ], [ 121.061365389000116, 18.539197991000037 ], [ 121.093500996000117, 18.541745912000067 ], [ 121.089064313000108, 18.495391214000048 ], [ 121.118480915000077, 18.543110654000039 ], [ 121.156003384000087, 18.543774998000064 ], [ 121.167863700000098, 18.521977657000036 ], [ 121.222081154000094, 18.500580942000056 ], [ 121.22654139600003, 18.436471329000032 ], [ 121.24884436800005, 18.428879903000048 ], [ 121.285557010000048, 18.388537952000032 ], [ 121.3186229800001, 18.38715477900007 ], [ 121.402382743000103, 18.340896047000054 ], [ 121.415834399000119, 18.32357207300004 ], [ 121.461256803000097, 18.31461976800006 ], [ 121.480223206000119, 18.306371174000049 ], [ 121.464626964000118, 18.284910661000026 ], [ 121.489483607000025, 18.238844983000028 ], [ 121.481891984000086, 18.144383671000071 ], [ 121.468931816, 18.12564935000006 ], [ 121.460359096000047, 18.049410337000037 ], [ 121.427838, 18.035335404000023 ], [ 121.364469416000034, 18.061619119000056 ], [ 121.346891438000071, 18.038610847000029 ], [ 121.331775914000104, 17.991224670000069 ], [ 121.315118209000048, 17.970783156000039 ], [ 121.357452119000087, 17.922368543000058 ], [ 121.346961776000057, 17.879415140000045 ], [ 121.324138655000084, 17.847130672000041 ], [ 121.321554352000021, 17.804230816000022 ], [ 121.35867264400008, 17.80464696600006 ], [ 121.388297315000045, 17.793630291000053 ], [ 121.414117883000017, 17.763193662000049 ], [ 121.428253291000033, 17.729608221000039 ], [ 121.436756047000017, 17.671347725000036 ], [ 121.449612956, 17.661005241000055 ], [ 121.466322002000098, 17.672321574000019 ], [ 121.485123663000081, 17.647321689000027 ], [ 121.496614159000046, 17.591042718000036 ], [ 121.546723013, 17.580621351000048 ], [ 121.599720091000108, 17.548195070000077 ], [ 121.614202603000081, 17.560316989000057 ], [ 121.625972931000106, 17.528587955000035 ], [ 121.647230678000042, 17.500483730000042 ], [ 121.703815811000027, 17.501814466000042 ], [ 121.755127547000043, 17.509929960000015 ], [ 121.78851574600003, 17.525492554000031 ], [ 121.820316768000126, 17.53140441100004 ], [ 121.894883600000085, 17.530313728000067 ], [ 122.046256417000109, 17.570316798000018 ], [ 122.172968900000129, 17.584542444000022 ] ] ], [ [ [ 122.133314026000107, 18.58171632400007 ], [ 122.116356353000029, 18.567261335000069 ], [ 122.111250734, 18.548616460000062 ], [ 122.12439398700009, 18.540791775000063 ], [ 122.11802079000006, 18.520305017000055 ], [ 122.150115408000033, 18.517407993000059 ], [ 122.146232449000067, 18.532096810000041 ], [ 122.157712119000067, 18.554838065000069 ], [ 122.15386680000006, 18.576478639000076 ], [ 122.133314026000107, 18.58171632400007 ] ] ] ] } },
{ "type": "Feature", "properties": { "adm1_psgc": 200000000, "adm2_psgc": 203100000, "adm2_en": "Isabela", "geo_level": "Prov", "len_crs": 606202, "area_crs": 10489909469, "len_km": 606, "area_km2": 10489 }, "geometry": { "type": "Polygon", "coordinates": [ [ [ 122.172968900000129, 17.584542444000022 ], [ 122.046256417000109, 17.570316798000018 ], [ 121.894883600000085, 17.530313728000067 ], [ 121.820316768000126, 17.53140441100004 ], [ 121.78851574600003, 17.525492554000031 ], [ 121.755127547000043, 17.509929960000015 ], [ 121.703815811000027, 17.501814466000042 ], [ 121.647230678000042, 17.500483730000042 ], [ 121.637927048000051, 17.453543829000072 ], [ 121.627934809000081, 17.431389672000012 ], [ 121.606080692000091, 17.421432186000064 ], [ 121.593478226000116, 17.39691670600007 ], [ 121.582194548000075, 17.353559068000031 ], [ 121.559931277000032, 17.350483108000045 ], [ 121.538700115000097, 17.317268562000038 ], [ 121.530174788000082, 17.274919214000022 ], [ 121.544975560000012, 17.264894462000029 ], [ 121.542783934000113, 17.247162222000043 ], [ 121.54913468000008, 17.196523808000052 ], [ 121.561398005000115, 17.183361080000054 ], [ 121.567158738000117, 17.135021686000069 ], [ 121.566041469000083, 17.085724945000042 ], [ 121.571490821000125, 17.040943460000054 ], [ 121.560716872000057, 17.009457810000072 ], [ 121.568222435000052, 16.909511535000032 ], [ 121.548871579000092, 16.873689200000062 ], [ 121.521322340000111, 16.838934767000065 ], [ 121.479135364000072, 16.83597295800007 ], [ 121.419519451000042, 16.817469334000066 ], [ 121.386013170000084, 16.796678027000038 ], [ 121.354090181000075, 16.783638653000025 ], [ 121.338650754000014, 16.75348573900003 ], [ 121.370574905, 16.75200994000005 ], [ 121.390264505000104, 16.694436527000054 ], [ 121.397168879000105, 16.649877948000036 ], [ 121.40618698600008, 16.639204305000074 ], [ 121.445752992000038, 16.634300799000066 ], [ 121.466014379000057, 16.641396523000026 ], [ 121.554814914000062, 16.628912362000047 ], [ 121.578582671000049, 16.598471049000068 ], [ 121.58379264000007, 16.575755187000027 ], [ 121.599528670000041, 16.575754898000071 ], [ 121.625475540000025, 16.549078374000029 ], [ 121.659031440000049, 16.493009112000035 ], [ 121.683805863000103, 16.475749399000051 ], [ 121.690221344000065, 16.45900179400007 ], [ 121.745003573000076, 16.393169809000025 ], [ 121.792864915000123, 16.408780795000038 ], [ 121.800591775000044, 16.417749977000028 ], [ 121.887294340000039, 16.449180033000065 ], [ 121.96387054100002, 16.484835325000066 ], [ 122.017733713000098, 16.51702452700005 ], [ 122.058808191000026, 16.50925477800007 ], [ 122.214272880000067, 16.47984429100006 ], [ 122.230599868000013, 16.48400908800005 ], [ 122.250815803000023, 16.516272372000056 ], [ 122.276357619, 16.524700192000068 ], [ 122.29826674100002, 16.551791618000038 ], [ 122.32427408, 16.610792784000061 ], [ 122.350613641000109, 16.655135019000056 ], [ 122.357822348000013, 16.677408492000037 ], [ 122.40411025100002, 16.748780186000033 ], [ 122.418726448000029, 16.787039113000045 ], [ 122.433482662000088, 16.797123175000028 ], [ 122.43148398400001, 16.831394414000044 ], [ 122.459215240000049, 16.873859559000039 ], [ 122.460990505000041, 16.917758164000077 ], [ 122.475822822000069, 16.951368936000051 ], [ 122.464921272000083, 16.966327713000052 ], [ 122.487779145000104, 17.02036920300003 ], [ 122.510074732000035, 17.037594803000051 ], [ 122.519939550000117, 17.090635908000021 ], [ 122.51501961200006, 17.136765427000057 ], [ 122.480161623000072, 17.116009943000044 ], [ 122.458100809000015, 17.114503528000061 ], [ 122.418553006000025, 17.138062347000073 ], [ 122.410876404000078, 17.170569783000076 ], [ 122.420112815000039, 17.191682057000037 ], [ 122.422353687000054, 17.254440021000054 ], [ 122.443693160000052, 17.263802671000072 ], [ 122.439484985000036, 17.287668364000066 ], [ 122.421703726000032, 17.303579152000051 ], [ 122.40707924700007, 17.333596865000061 ], [ 122.393560837000109, 17.322508150000033 ], [ 122.37331036700003, 17.352376717000027 ], [ 122.354278727000064, 17.335313715000041 ], [ 122.322356275000075, 17.342421862000041 ], [ 122.31180370200002, 17.332437795000029 ], [ 122.287507533000067, 17.338946431000068 ], [ 122.285802247000106, 17.360982876000037 ], [ 122.265331512000103, 17.353988048000076 ], [ 122.245755314000021, 17.366183745000054 ], [ 122.2447460610001, 17.409375874000034 ], [ 122.214788425000052, 17.455597506000064 ], [ 122.19482784800006, 17.501074138000035 ], [ 122.184749224000043, 17.541939988000021 ], [ 122.190682454000012, 17.547957689000043 ], [ 122.172968900000129, 17.584542444000022 ] ] ] } },
{ "type": "Feature", "properties": { "adm1_psgc": 200000000, "adm2_psgc": 205000000, "adm2_en": "Nueva Vizcaya", "geo_level": "Prov", "len_crs": 403864, "area_crs": 4126548282, "len_km": 403, "area_km2": 4126 }, "geometry": { "type": "Polygon", "coordinates": [ [ [ 121.445752992000038, 16.634300799000066 ], [ 121.40618698600008, 16.639204305000074 ], [ 121.397168879000105, 16.649877948000036 ], [ 121.390264505000104, 16.694436527000054 ], [ 121.370574905, 16.75200994000005 ], [ 121.338650754000014, 16.75348573900003 ], [ 121.31434472400008, 16.717911633000025 ], [ 121.315412599000084, 16.701307632000066 ], [ 121.288236500000053, 16.68623673400003 ], [ 121.259289483000074, 16.651784470000049 ], [ 121.236040504000016, 16.654163596000043 ], [ 121.196900267000061, 16.639026568000077 ], [ 121.160582866000041, 16.63868909200005 ], [ 121.135497763000103, 16.644747052000074 ], [ 121.105634175000091, 16.630561377000049 ], [ 121.072131626000115, 16.627830254000056 ], [ 121.035703052000045, 16.610006107000061 ], [ 120.98371653300002, 16.569470823000071 ], [ 120.947539986000038, 16.57919712100005 ], [ 120.929506148000073, 16.600053544000048 ], [ 120.904408995000026, 16.595359904000077 ], [ 120.892109725000068, 16.558460226000022 ], [ 120.883206335000082, 16.505391507000066 ], [ 120.889427, 16.436073 ], [ 120.878144824000074, 16.421579058000077 ], [ 120.871158446000081, 16.384243957000024 ], [ 120.845522981000045, 16.319500078000026 ], [ 120.828322541000034, 16.319698745000039 ], [ 120.80005260900009, 16.30484574400003 ], [ 120.768965908000041, 16.19803365700005 ], [ 120.841508886000042, 16.168612326000076 ], [ 120.857888604000095, 16.130260565000068 ], [ 120.870446518000122, 16.118870179000055 ], [ 120.940032280000082, 16.133600949000023 ], [ 120.987893524000015, 16.125824962000024 ], [ 120.998773703000097, 16.136511258000038 ], [ 121.047739340000021, 16.137989391000076 ], [ 121.087871308000103, 16.113999382000031 ], [ 121.119533430000061, 16.113344204000043 ], [ 121.174249184000033, 16.090108902000054 ], [ 121.185045047000017, 16.071747959000049 ], [ 121.192105748000017, 15.997633897000071 ], [ 121.187859901000024, 15.948386911000059 ], [ 121.193998185000069, 15.922087606000046 ], [ 121.222857915000077, 15.872750951000056 ], [ 121.280338997000058, 15.767132018000035 ], [ 121.305903185000034, 15.782124190000051 ], [ 121.317710174000013, 15.804652432000069 ], [ 121.373768034000022, 15.831617787000027 ], [ 121.47114962000002, 15.886741050000069 ], [ 121.463544269000067, 15.926616156000026 ], [ 121.44036342000004, 15.936710192000074 ], [ 121.340759609000102, 16.021969981000037 ], [ 121.365437087000032, 16.066626002000078 ], [ 121.322843227000035, 16.093650980000064 ], [ 121.302640755000084, 16.116559135000042 ], [ 121.287036275000119, 16.148544101000024 ], [ 121.326518118000081, 16.15783594700002 ], [ 121.299890982000079, 16.209559719000023 ], [ 121.348256284000058, 16.196709424000058 ], [ 121.383762325000021, 16.201110999000036 ], [ 121.419855242000054, 16.231628588000035 ], [ 121.432033595, 16.254100451000053 ], [ 121.467066995000096, 16.270934803000046 ], [ 121.520757752, 16.339014960000043 ], [ 121.481502014000043, 16.357183331000044 ], [ 121.437160170000084, 16.383300146000067 ], [ 121.448604493000076, 16.428118329000032 ], [ 121.400032350000075, 16.434969730000034 ], [ 121.376865703, 16.451005424000073 ], [ 121.357718719000104, 16.498419118000076 ], [ 121.384686109000086, 16.506486988000066 ], [ 121.392643364000037, 16.541548798000061 ], [ 121.399856751000016, 16.607053096000072 ], [ 121.445752992000038, 16.634300799000066 ] ] ] } },
{ "type": "Feature", "properties": { "adm1_psgc": 200000000, "adm2_psgc": 205700000, "adm2_en": "Quirino", "geo_level": "Prov", "len_crs": 323147, "area_crs": 2767354533, "len_km": 323, "area_km2": 2767 }, "geometry": { "type": "Polygon", "coordinates": [ [ [ 122.058808191000026, 16.50925477800007 ], [ 122.017733713000098, 16.51702452700005 ], [ 121.96387054100002, 16.484835325000066 ], [ 121.887294340000039, 16.449180033000065 ], [ 121.800591775000044, 16.417749977000028 ], [ 121.792864915000123, 16.408780795000038 ], [ 121.745003573000076, 16.393169809000025 ], [ 121.690221344000065, 16.45900179400007 ], [ 121.683805863000103, 16.475749399000051 ], [ 121.659031440000049, 16.493009112000035 ], [ 121.625475540000025, 16.549078374000029 ], [ 121.599528670000041, 16.575754898000071 ], [ 121.58379264000007, 16.575755187000027 ], [ 121.578582671000049, 16.598471049000068 ], [ 121.554814914000062, 16.628912362000047 ], [ 121.466014379000057, 16.641396523000026 ], [ 121.445752992000038, 16.634300799000066 ], [ 121.399856751000016, 16.607053096000072 ], [ 121.392643364000037, 16.541548798000061 ], [ 121.384686109000086, 16.506486988000066 ], [ 121.357718719000104, 16.498419118000076 ], [ 121.376865703, 16.451005424000073 ], [ 121.400032350000075, 16.434969730000034 ], [ 121.448604493000076, 16.428118329000032 ], [ 121.437160170000084, 16.383300146000067 ], [ 121.481502014000043, 16.357183331000044 ], [ 121.520757752, 16.339014960000043 ], [ 121.467066995000096, 16.270934803000046 ], [ 121.432033595, 16.254100451000053 ], [ 121.419855242000054, 16.231628588000035 ], [ 121.383762325000021, 16.201110999000036 ], [ 121.348256284000058, 16.196709424000058 ], [ 121.299890982000079, 16.209559719000023 ], [ 121.326518118000081, 16.15783594700002 ], [ 121.287036275000119, 16.148544101000024 ], [ 121.302640755000084, 16.116559135000042 ], [ 121.322843227000035, 16.093650980000064 ], [ 121.365437087000032, 16.066626002000078 ], [ 121.340759609000102, 16.021969981000037 ], [ 121.44036342000004, 15.936710192000074 ], [ 121.463544269000067, 15.926616156000026 ], [ 121.474548874000106, 15.92984777800007 ], [ 121.528826429000091, 15.969868599000048 ], [ 121.570625393000128, 16.011267105000059 ], [ 121.628978730000085, 16.063865467000024 ], [ 121.723251197000081, 16.144655707000027 ], [ 121.764923618, 16.173819910000077 ], [ 121.781251553000061, 16.193219469000041 ], [ 121.845895909000092, 16.249155589000054 ], [ 121.893534255000091, 16.301854026000058 ], [ 121.967234915000063, 16.400232484000071 ], [ 122.024890346000021, 16.46535309900003 ], [ 122.058808191000026, 16.50925477800007 ] ] ] } },
{ "type": "Feature", "properties": { "adm1_psgc": 300000000, "adm2_psgc": 300800000, "adm2_en": "Bataan", "geo_level": "Prov", "len_crs": 290679, "area_crs": 1246275464, "len_km": 290, "area_km2": 1246 }, "geometry": { "type": "Polygon", "coordinates": [ [ [ 120.554264590000116, 14.820737035000036 ], [ 120.529964682000028, 14.832459915000069 ], [ 120.505994822000048, 14.861656435000043 ], [ 120.476411319000036, 14.91962046200007 ], [ 120.461269868000059, 14.921266418000073 ], [ 120.422805700000026, 14.914471035000073 ], [ 120.406657438000011, 14.88570509300007 ], [ 120.341194039000015, 14.857304444000023 ], [ 120.340210089000053, 14.817820355000038 ], [ 120.361091529000092, 14.792929272000038 ], [ 120.359348803000103, 14.776626151000073 ], [ 120.278216414000099, 14.73891010900007 ], [ 120.250283342000102, 14.726266689000056 ], [ 120.248181797000044, 14.692287460000045 ], [ 120.292328864000069, 14.655530363000024 ], [ 120.314876324000011, 14.626121303000048 ], [ 120.328776852000033, 14.636236736000054 ], [ 120.348587736000027, 14.619553496000036 ], [ 120.368036683000014, 14.625765517000048 ], [ 120.392809162000063, 14.587940439000025 ], [ 120.382916277000049, 14.568593554000076 ], [ 120.389989493000016, 14.537892413000067 ], [ 120.374743028000026, 14.524687197000045 ], [ 120.388535809000018, 14.460073983000026 ], [ 120.444780927000025, 14.446346042000073 ], [ 120.465359267000068, 14.421280646000067 ], [ 120.486398868000038, 14.433448340000041 ], [ 120.554017824000084, 14.422366258000064 ], [ 120.576369916000104, 14.431959074000074 ], [ 120.608716791, 14.478447205000064 ], [ 120.608423717000051, 14.533553079000054 ], [ 120.587420788000031, 14.589587866000043 ], [ 120.584098802000099, 14.643158220000025 ], [ 120.546583374000079, 14.726362146000042 ], [ 120.556178151000054, 14.799598649000069 ], [ 120.554264590000116, 14.820737035000036 ] ] ] } },
{ "type": "Feature", "properties": { "adm1_psgc": 300000000, "adm2_psgc": 301400000, "adm2_en": "Bulacan", "geo_level": "Prov", "len_crs": 357485, "area_crs": 2710754756, "len_km": 357, "area_km2": 2710 }, "geometry": { "type": "Polygon", "coordinates": [ [ [ 121.312152643000118, 15.198769701000064 ], [ 121.250937788000115, 15.201790574000022 ], [ 121.206535231000075, 15.220440853000069 ], [ 121.185922262000076, 15.265765786000035 ], [ 121.145030489000092, 15.272196883000047 ], [ 121.116305583000099, 15.265820260000053 ], [ 121.074707190000041, 15.268369465000033 ], [ 121.004877354000087, 15.245915766000055 ], [ 120.985681324000112, 15.227066111000056 ], [ 120.928658916000018, 15.216318620000036 ], [ 120.921278484000013, 15.155285676000062 ], [ 120.947847505000013, 15.136836239000042 ], [ 120.93328239500012, 15.089088583000038 ], [ 120.902734438000039, 15.08579794200006 ], [ 120.898084899000082, 15.072300916000074 ], [ 120.914055885000039, 15.051393264000069 ], [ 120.908895298000047, 15.022694277000024 ], [ 120.878156903000104, 15.007854643000027 ], [ 120.87914163500011, 14.982093235000042 ], [ 120.856290995000123, 14.976220701000043 ], [ 120.832669640000077, 14.95703023000004 ], [ 120.77246186800005, 14.924464991000036 ], [ 120.743161071000031, 14.930947609000039 ], [ 120.725757641000101, 14.910641975000031 ], [ 120.721612167000103, 14.873341453000021 ], [ 120.698107547000063, 14.830804838000063 ], [ 120.699589919000132, 14.814917805000047 ], [ 120.687237213000103, 14.770876218000069 ], [ 120.750039586000071, 14.758815159000051 ], [ 120.7691687680001, 14.764475984000063 ], [ 120.801381750000019, 14.754859573000033 ], [ 120.820108536, 14.760218699000065 ], [ 120.855199783000103, 14.729142895000047 ], [ 120.903404393000088, 14.704011029000068 ], [ 120.91841488700004, 14.712960826000025 ], [ 120.943159455000114, 14.68961009700007 ], [ 120.953127505000111, 14.694240067000067 ], [ 120.925961465000114, 14.734299748000069 ], [ 120.978522811000062, 14.73480671900006 ], [ 120.990137055000105, 14.757063631000049 ], [ 121.024023991000035, 14.763034879000028 ], [ 121.027968895000086, 14.781271736000066 ], [ 121.104457265000065, 14.77068312600005 ], [ 121.165284636000024, 14.823417534000043 ], [ 121.208041840000064, 14.81794121400003 ], [ 121.219251844000041, 14.833223191000052 ], [ 121.252996860000053, 14.829226647000041 ], [ 121.330356625000036, 14.834802543000022 ], [ 121.3401122450001, 14.886441354000056 ], [ 121.338205018000068, 14.947222596000074 ], [ 121.347856533000027, 14.996370968000065 ], [ 121.319657158000041, 15.11639764200004 ], [ 121.318791393000083, 15.164067442000029 ], [ 121.312152643000118, 15.198769701000064 ] ] ] } },
{ "type": "Feature", "properties": { "adm1_psgc": 300000000, "adm2_psgc": 304900000, "adm2_en": "Nueva Ecija", "geo_level": "Prov", "len_crs": 417819, "area_crs": 5506443156, "len_km": 417, "area_km2": 5506 }, "geometry": { "type": "Polygon", "coordinates": [ [ [ 121.284763493000014, 15.754418537000051 ], [ 121.280338997000058, 15.767132018000035 ], [ 121.193998185000069, 15.922087606000046 ], [ 121.187859901000024, 15.948386911000059 ], [ 121.192105748000017, 15.997633897000071 ], [ 121.185045047000017, 16.071747959000049 ], [ 121.174249184000033, 16.090108902000054 ], [ 121.119533430000061, 16.113344204000043 ], [ 121.087871308000103, 16.113999382000031 ], [ 121.047739340000021, 16.137989391000076 ], [ 120.998773703000097, 16.136511258000038 ], [ 120.987893524000015, 16.125824962000024 ], [ 120.940032280000082, 16.133600949000023 ], [ 120.870446518000122, 16.118870179000055 ], [ 120.87446505100003, 16.093515548000028 ], [ 120.896110358000101, 16.042520563000043 ], [ 120.920529407000132, 15.966318216000047 ], [ 120.90151585000001, 15.912567670000042 ], [ 120.873864275000074, 15.896079757000056 ], [ 120.872612623, 15.868065273000072 ], [ 120.85593758500012, 15.836526259000037 ], [ 120.839224725, 15.831207415000049 ], [ 120.819057519000012, 15.793215701000065 ], [ 120.79019697800004, 15.827182218000072 ], [ 120.730892995000076, 15.851010298000066 ], [ 120.690939916000048, 15.831160646000058 ], [ 120.673471504000062, 15.831639223000025 ], [ 120.615063664000104, 15.815561238000045 ], [ 120.628450971000021, 15.731305624000074 ], [ 120.657668494000049, 15.662499082000068 ], [ 120.696940310000045, 15.618043090000068 ], [ 120.741810797000085, 15.618811382000047 ], [ 120.748038153000053, 15.593195428000058 ], [ 120.732526068000098, 15.583154759000026 ], [ 120.720994954000062, 15.550356954000053 ], [ 120.745409414000065, 15.505163393000034 ], [ 120.74376207000013, 15.450884910000067 ], [ 120.761606187000112, 15.435547245000068 ], [ 120.762362317000111, 15.417785005000042 ], [ 120.741874238000037, 15.381475093000065 ], [ 120.7384524040001, 15.333535906000066 ], [ 120.755720142000087, 15.319438281000034 ], [ 120.734210952000012, 15.277158338000046 ], [ 120.735404731000031, 15.257245636000048 ], [ 120.768354131000024, 15.25120829800005 ], [ 120.790153004000103, 15.212853917000075 ], [ 120.838183547000099, 15.201553705000034 ], [ 120.865423244000127, 15.176232549000078 ], [ 120.890312246, 15.185234745000059 ], [ 120.903465528000083, 15.213618034000032 ], [ 120.928658916000018, 15.216318620000036 ], [ 120.985681324000112, 15.227066111000056 ], [ 121.004877354000087, 15.245915766000055 ], [ 121.074707190000041, 15.268369465000033 ], [ 121.116305583000099, 15.265820260000053 ], [ 121.145030489000092, 15.272196883000047 ], [ 121.185922262000076, 15.265765786000035 ], [ 121.206535231000075, 15.220440853000069 ], [ 121.250937788000115, 15.201790574000022 ], [ 121.312152643000118, 15.198769701000064 ], [ 121.33389083800013, 15.295655260000045 ], [ 121.353790882000112, 15.345691532000043 ], [ 121.339996481000057, 15.382839272000068 ], [ 121.358357695000109, 15.406953526000052 ], [ 121.378521524, 15.485011371000047 ], [ 121.284763493000014, 15.754418537000051 ] ] ] } },
{ "type": "Feature", "properties": { "adm1_psgc": 300000000, "adm2_psgc": 305400000, "adm2_en": "Pampanga", "geo_level": "Prov", "len_crs": 291563, "area_crs": 2115903632, "len_km": 291, "area_km2": 2115 }, "geometry": { "type": "Polygon", "coordinates": [ [ [ 120.734210952000012, 15.277158338000046 ], [ 120.700413095000044, 15.263124283000025 ], [ 120.667936632000092, 15.277760137000032 ], [ 120.632617389000075, 15.259523647000037 ], [ 120.593318240000016, 15.265997952000077 ], [ 120.547660768, 15.254440064000052 ], [ 120.521990980000055, 15.226423853000028 ], [ 120.494213643000066, 15.225257195000042 ], [ 120.440227616, 15.200999072000061 ], [ 120.418358101000081, 15.181353086000055 ], [ 120.367596625000047, 15.167097115000045 ], [ 120.356057375000091, 15.135023511000041 ], [ 120.365039700000011, 15.108136663000039 ], [ 120.406873, 15.074102701000069 ], [ 120.422285224000021, 15.041691793000034 ], [ 120.420917350000067, 14.990123146000032 ], [ 120.44769220000002, 14.960627217000026 ], [ 120.461269868000059, 14.921266418000073 ], [ 120.476411319000036, 14.91962046200007 ], [ 120.505994822000048, 14.861656435000043 ], [ 120.529964682000028, 14.832459915000069 ], [ 120.554264590000116, 14.820737035000036 ], [ 120.586012260000075, 14.824066563000031 ], [ 120.602585074000103, 14.815458633000047 ], [ 120.652342418000103, 14.767872625000056 ], [ 120.687237213000103, 14.770876218000069 ], [ 120.699589919000132, 14.814917805000047 ], [ 120.698107547000063, 14.830804838000063 ], [ 120.721612167000103, 14.873341453000021 ], [ 120.725757641000101, 14.910641975000031 ], [ 120.743161071000031, 14.930947609000039 ], [ 120.77246186800005, 14.924464991000036 ], [ 120.832669640000077, 14.95703023000004 ], [ 120.856290995000123, 14.976220701000043 ], [ 120.87914163500011, 14.982093235000042 ], [ 120.878156903000104, 15.007854643000027 ], [ 120.908895298000047, 15.022694277000024 ], [ 120.914055885000039, 15.051393264000069 ], [ 120.898084899000082, 15.072300916000074 ], [ 120.902734438000039, 15.08579794200006 ], [ 120.93328239500012, 15.089088583000038 ], [ 120.947847505000013, 15.136836239000042 ], [ 120.921278484000013, 15.155285676000062 ], [ 120.928658916000018, 15.216318620000036 ], [ 120.903465528000083, 15.213618034000032 ], [ 120.890312246, 15.185234745000059 ], [ 120.865423244000127, 15.176232549000078 ], [ 120.838183547000099, 15.201553705000034 ], [ 120.790153004000103, 15.212853917000075 ], [ 120.768354131000024, 15.25120829800005 ], [ 120.735404731000031, 15.257245636000048 ], [ 120.734210952000012, 15.277158338000046 ] ] ] } },
{ "type": "Feature", "properties": { "adm1_psgc": 300000000, "adm2_psgc": 306900000, "adm2_en": "Tarlac", "geo_level": "Prov", "len_crs": 275154, "area_crs": 2974676788, "len_km": 275, "area_km2": 2974 }, "geometry": { "type": "Polygon", "coordinates": [ [ [ 120.615063664000104, 15.815561238000045 ], [ 120.603630912000099, 15.860894016000035 ], [ 120.590094304000104, 15.862431135000065 ], [ 120.580368189000069, 15.829906405000029 ], [ 120.551037858000086, 15.763746918000043 ], [ 120.523677947000024, 15.75647107700007 ], [ 120.467594252000026, 15.722242866000038 ], [ 120.427682567000033, 15.753784435000057 ], [ 120.394262203000054, 15.755677791000036 ], [ 120.362276333000068, 15.735466716000072 ], [ 120.358392575000039, 15.711756747000043 ], [ 120.327861925000093, 15.680753150000044 ], [ 120.311162365000087, 15.644613677000052 ], [ 120.265393322000023, 15.639273167000056 ], [ 120.252856783000098, 15.617769571000052 ], [ 120.264046549000113, 15.597693989000046 ], [ 120.223042, 15.576052722000041 ], [ 120.189103688000046, 15.516064781000066 ], [ 120.172477986000104, 15.438335885000068 ], [ 120.165194610000071, 15.36177375200003 ], [ 120.282245243000048, 15.289590427000064 ], [ 120.336165550000032, 15.235095099000032 ], [ 120.367596625000047, 15.167097115000045 ], [ 120.418358101000081, 15.181353086000055 ], [ 120.440227616, 15.200999072000061 ], [ 120.494213643000066, 15.225257195000042 ], [ 120.521990980000055, 15.226423853000028 ], [ 120.547660768, 15.254440064000052 ], [ 120.593318240000016, 15.265997952000077 ], [ 120.632617389000075, 15.259523647000037 ], [ 120.667936632000092, 15.277760137000032 ], [ 120.700413095000044, 15.263124283000025 ], [ 120.734210952000012, 15.277158338000046 ], [ 120.755720142000087, 15.319438281000034 ], [ 120.7384524040001, 15.333535906000066 ], [ 120.741874238000037, 15.381475093000065 ], [ 120.762362317000111, 15.417785005000042 ], [ 120.761606187000112, 15.435547245000068 ], [ 120.74376207000013, 15.450884910000067 ], [ 120.745409414000065, 15.505163393000034 ], [ 120.720994954000062, 15.550356954000053 ], [ 120.732526068000098, 15.583154759000026 ], [ 120.748038153000053, 15.593195428000058 ], [ 120.741810797000085, 15.618811382000047 ], [ 120.696940310000045, 15.618043090000068 ], [ 120.657668494000049, 15.662499082000068 ], [ 120.628450971000021, 15.731305624000074 ], [ 120.615063664000104, 15.815561238000045 ] ] ] } },
{ "type": "Feature", "properties": { "adm1_psgc": 300000000, "adm2_psgc": 307100000, "adm2_en": "Zambales", "geo_level": "Prov", "len_crs": 582660, "area_crs": 3733936862, "len_km": 582, "area_km2": 3733 }, "geometry": { "type": "Polygon", "coordinates": [ [ [ 120.252856783000098, 15.617769571000052 ], [ 120.212451950000059, 15.687199554000074 ], [ 120.177776141000081, 15.735479338000058 ], [ 120.158453087000126, 15.771714149000047 ], [ 120.14429317400004, 15.82619759400006 ], [ 120.112660024000107, 15.82891142400007 ], [ 120.060628313000038, 15.843698523000057 ], [ 120.036416152000015, 15.874149902000056 ], [ 120.019617534000076, 15.872207125000045 ], [ 119.998901202000084, 15.819663963000044 ], [ 119.973497957000049, 15.804924678000074 ], [ 119.90178234300005, 15.807124243000034 ], [ 119.900236093000089, 15.771063926000068 ], [ 119.909366220000038, 15.754257368000028 ], [ 119.869188364000024, 15.735833707000038 ], [ 119.895224726000052, 15.711295255000039 ], [ 119.932210536000085, 15.694479948000039 ], [ 119.931885765000061, 15.666316756000068 ], [ 119.915719355000064, 15.625846439000039 ], [ 119.904749819000031, 15.620130864000034 ], [ 119.91792623500011, 15.583544121000044 ], [ 119.939973530000088, 15.558144939000043 ], [ 119.961542246000036, 15.504217231000039 ], [ 119.947863840000082, 15.482155624000027 ], [ 119.899828461000084, 15.47766777800007 ], [ 119.91441569800007, 15.443786707000067 ], [ 119.890091852000069, 15.431010754000056 ], [ 119.902207783000122, 15.40713038100006 ], [ 119.935584630000108, 15.381309680000067 ], [ 119.967452947000069, 15.343288895000057 ], [ 119.96395986600011, 15.327698124000051 ], [ 120.016202111000098, 15.264447562000045 ], [ 120.010539301000122, 15.238335951000067 ], [ 120.029722922000019, 15.189289101000044 ], [ 120.0595993190001, 15.061823844000061 ], [ 120.053668064000021, 15.035730695000037 ], [ 120.063901684000029, 15.017936689000067 ], [ 120.064257607000059, 14.98649978500003 ], [ 120.056179220000104, 14.937310395000051 ], [ 120.062385760000112, 14.918239844000027 ], [ 120.054320180000104, 14.893539052000055 ], [ 120.065430455000055, 14.86672488700003 ], [ 120.084044397000071, 14.852877656000031 ], [ 120.102578512000051, 14.807437442000033 ], [ 120.083503109000048, 14.786746616000075 ], [ 120.130838975000074, 14.775664694000062 ], [ 120.148468958000066, 14.756340142000056 ], [ 120.18954915300003, 14.750836982000065 ], [ 120.2033190410001, 14.797679996000049 ], [ 120.215230771000066, 14.809095295000073 ], [ 120.20762727500005, 14.874339490000068 ], [ 120.225299566000103, 14.877900965000036 ], [ 120.244756236000057, 14.849407532000043 ], [ 120.267161351000027, 14.846981645000028 ], [ 120.267623209, 14.823748920000071 ], [ 120.2840905380001, 14.800739975000052 ], [ 120.257806432000066, 14.76451903800006 ], [ 120.256682354000077, 14.746341670000051 ], [ 120.278216414000099, 14.73891010900007 ], [ 120.359348803000103, 14.776626151000073 ], [ 120.361091529000092, 14.792929272000038 ], [ 120.340210089000053, 14.817820355000038 ], [ 120.341194039000015, 14.857304444000023 ], [ 120.406657438000011, 14.88570509300007 ], [ 120.422805700000026, 14.914471035000073 ], [ 120.461269868000059, 14.921266418000073 ], [ 120.44769220000002, 14.960627217000026 ], [ 120.420917350000067, 14.990123146000032 ], [ 120.422285224000021, 15.041691793000034 ], [ 120.406873, 15.074102701000069 ], [ 120.365039700000011, 15.108136663000039 ], [ 120.356057375000091, 15.135023511000041 ], [ 120.367596625000047, 15.167097115000045 ], [ 120.336165550000032, 15.235095099000032 ], [ 120.282245243000048, 15.289590427000064 ], [ 120.165194610000071, 15.36177375200003 ], [ 120.172477986000104, 15.438335885000068 ], [ 120.189103688000046, 15.516064781000066 ], [ 120.223042, 15.576052722000041 ], [ 120.264046549000113, 15.597693989000046 ], [ 120.252856783000098, 15.617769571000052 ] ] ] } },
{ "type": "Feature", "properties": { "adm1_psgc": 300000000, "adm2_psgc": 307700000, "adm2_en": "Aurora", "geo_level": "Prov", "len_crs": 736253, "area_crs": 3029553529, "len_km": 736, "area_km2": 3029 }, "geometry": { "type": "Polygon", "coordinates": [ [ [ 121.347856533000027, 14.996370968000065 ], [ 121.357105326000024, 15.011749193000067 ], [ 121.351370189000022, 15.035906006000063 ], [ 121.374004552000088, 15.095887405000038 ], [ 121.39460381500011, 15.105961485000027 ], [ 121.408096825000044, 15.182936998000056 ], [ 121.402323352000053, 15.203701252000029 ], [ 121.416919501000038, 15.219649396000021 ], [ 121.38064047200011, 15.290072694000058 ], [ 121.372999568000083, 15.321711177000051 ], [ 121.385031745000106, 15.365060471000046 ], [ 121.403129526000043, 15.384515089000043 ], [ 121.425489047000056, 15.371004123000031 ], [ 121.456120171000052, 15.411954795000042 ], [ 121.473059263000096, 15.41668181400007 ], [ 121.488440164000053, 15.462515176000066 ], [ 121.484499889000077, 15.483463863000056 ], [ 121.492703340000048, 15.520978898000068 ], [ 121.512142304, 15.542092457000022 ], [ 121.530597945000068, 15.545712518000071 ], [ 121.54251661, 15.575917044000049 ], [ 121.596210083000074, 15.642419078000046 ], [ 121.617037906000064, 15.657411187000035 ], [ 121.611131660000069, 15.707719990000044 ], [ 121.637166550000074, 15.708217685000026 ], [ 121.636741709000049, 15.748979476000041 ], [ 121.598297025000079, 15.762418049000077 ], [ 121.584515889000059, 15.753835847000058 ], [ 121.564517831000103, 15.768322867000045 ], [ 121.55159618200004, 15.81066733300003 ], [ 121.547830859000101, 15.861242571000052 ], [ 121.554405502, 15.897447717000034 ], [ 121.580063200000041, 15.927955131000038 ], [ 121.600497944000054, 15.934980471000076 ], [ 121.626149446000099, 15.965536451000046 ], [ 121.652983871000075, 15.972899435000041 ], [ 121.665010170000059, 16.005500489000042 ], [ 121.71734526900002, 16.040927647000046 ], [ 121.757892008000113, 16.076082430000042 ], [ 121.779357486000094, 16.062419646000023 ], [ 121.813044998, 16.086483175000065 ], [ 121.83637628800011, 16.090327051000031 ], [ 121.86155739700007, 16.116047033000029 ], [ 121.907340666000096, 16.128882692000051 ], [ 121.936981578000086, 16.125986667000063 ], [ 121.967126967000027, 16.136384588000052 ], [ 121.982757928000069, 16.15677384300005 ], [ 122.020868, 16.180190774000039 ], [ 122.037422311000114, 16.17453355400005 ], [ 122.067729008000029, 16.190797576000026 ], [ 122.063497975000033, 16.223708996000024 ], [ 122.084820993000108, 16.258823981000035 ], [ 122.104466156000058, 16.263189625000049 ], [ 122.139397128000041, 16.256261909000045 ], [ 122.117754319000028, 16.214213216000076 ], [ 122.095094415000077, 16.204547415000032 ], [ 122.094176135000112, 16.171585413000059 ], [ 122.061746423000059, 16.129653622000031 ], [ 122.033704295000021, 16.111832442000036 ], [ 121.994233998000041, 16.043701713000075 ], [ 122.032429996000019, 16.050370203000057 ], [ 122.070082943000102, 16.092578685000035 ], [ 122.072029914000041, 16.122365236000057 ], [ 122.106912713000042, 16.149554731000023 ], [ 122.143218435000094, 16.192862539000028 ], [ 122.203339652000082, 16.237566206000047 ], [ 122.208274164000031, 16.271455188000061 ], [ 122.179976320000051, 16.303677168000032 ], [ 122.190997153, 16.333776695000044 ], [ 122.225094135000063, 16.357049650000022 ], [ 122.228360020000068, 16.395340249000071 ], [ 122.200266390000039, 16.41520622400003 ], [ 122.19935632300006, 16.433834282000085 ], [ 122.230381980000075, 16.463996627000025 ], [ 122.214272880000067, 16.47984429100006 ], [ 122.058808191000026, 16.50925477800007 ], [ 122.024890346000021, 16.46535309900003 ], [ 121.967234915000063, 16.400232484000071 ], [ 121.893534255000091, 16.301854026000058 ], [ 121.845895909000092, 16.249155589000054 ], [ 121.781251553000061, 16.193219469000041 ], [ 121.764923618, 16.173819910000077 ], [ 121.723251197000081, 16.144655707000027 ], [ 121.628978730000085, 16.063865467000024 ], [ 121.528826429000091, 15.969868599000048 ], [ 121.474548874000106, 15.92984777800007 ], [ 121.47114962000002, 15.886741050000069 ], [ 121.373768034000022, 15.831617787000027 ], [ 121.317710174000013, 15.804652432000069 ], [ 121.284763493000014, 15.754418537000051 ], [ 121.378521524, 15.485011371000047 ], [ 121.358357695000109, 15.406953526000052 ], [ 121.339996481000057, 15.382839272000068 ], [ 121.353790882000112, 15.345691532000043 ], [ 121.33389083800013, 15.295655260000045 ], [ 121.312152643000118, 15.198769701000064 ], [ 121.318791393000083, 15.164067442000029 ], [ 121.319657158000041, 15.11639764200004 ], [ 121.347856533000027, 14.996370968000065 ] ] ] } },
{ "type": "Feature", "properties": { "adm1_psgc": 400000000, "adm2_psgc": 401000000, "adm2_en": "Batangas", "geo_level": "Prov", "len_crs": 654610, "area_crs": 3197610494, "len_km": 654, "area_km2": 3197 }, "geometry": { "type": "MultiPolygon", "coordinates": [ [ [ [ 121.088966867000082, 13.569401490000072 ], [ 121.085316097000032, 13.573665202000029 ], [ 121.05279495800005, 13.555765870000071 ], [ 121.07441782, 13.52998965200004 ], [ 121.097151448000091, 13.536852737000059 ], [ 121.088966867000082, 13.569401490000072 ] ] ], [ [ [ 120.831158671000026, 13.68768679400006 ], [ 120.842602469000084, 13.652000642000077 ], [ 120.866908093, 13.645563303000072 ], [ 120.872598970000027, 13.63465789600002 ], [ 120.903411052000024, 13.624439212000024 ], [ 120.942516471000076, 13.632079410000072 ], [ 120.934028420000118, 13.655373922000022 ], [ 120.907713829000059, 13.659066702000077 ], [ 120.884926217000029, 13.654887412000047 ], [ 120.841141068000084, 13.672337123000036 ], [ 120.831158671000026, 13.68768679400006 ] ] ], [ [ [ 120.618347222, 14.220246020000047 ], [ 120.610491066, 14.227454464000063 ], [ 120.588542135000012, 14.21399773400003 ], [ 120.592338869000073, 14.202789009000069 ], [ 120.586676540000113, 14.17554861600007 ], [ 120.594410204000056, 14.154152346000048 ], [ 120.580442136000116, 14.131404079000049 ], [ 120.591801904000022, 14.122496121000038 ], [ 120.615971239000032, 14.118051798000065 ], [ 120.62389206200011, 14.107314115000067 ], [ 120.617037803000031, 14.089199754000049 ], [ 120.624976984000114, 14.063746114000024 ], [ 120.618000680000023, 14.00694984200004 ], [ 120.632051372000092, 13.984308782000028 ], [ 120.616121427000053, 13.960633223000059 ], [ 120.625124839000037, 13.895109801000045 ], [ 120.618792754000083, 13.889984386000036 ], [ 120.61762334400008, 13.86653645700005 ], [ 120.623477303000087, 13.845572765000041 ], [ 120.622105159000057, 13.811289915000033 ], [ 120.630958427000095, 13.807126398000035 ], [ 120.652437983000041, 13.772678713000063 ], [ 120.666128694000022, 13.771131907000038 ], [ 120.676147373000035, 13.78920608800007 ], [ 120.655274088000056, 13.831185435000068 ], [ 120.663354714000107, 13.859240321000073 ], [ 120.686750443000051, 13.854447920000041 ], [ 120.715701479000032, 13.840779309000027 ], [ 120.722403326000062, 13.858536730000028 ], [ 120.697798475000013, 13.89074235500004 ], [ 120.699072754000099, 13.907826643000019 ], [ 120.707733362000113, 13.921860339000036 ], [ 120.728707841000073, 13.927006150000066 ], [ 120.740999691000056, 13.936309202000075 ], [ 120.777624078000045, 13.926258922000045 ], [ 120.78973798800007, 13.928075128000046 ], [ 120.845274863000114, 13.909197840000047 ], [ 120.878693582000096, 13.901967501000058 ], [ 120.906129446000023, 13.884446042000036 ], [ 120.913528927, 13.873018180000029 ], [ 120.916775971000121, 13.847939838000054 ], [ 120.914298663000068, 13.827985269000067 ], [ 120.902443287000096, 13.820358266000028 ], [ 120.928453534000042, 13.779915285000072 ], [ 120.926920308000049, 13.759046026000021 ], [ 120.908205163000062, 13.754794665000075 ], [ 120.87245740100002, 13.715929692000028 ], [ 120.895783579000067, 13.687742025000032 ], [ 120.917198026000037, 13.69969559800006 ], [ 120.93132291500001, 13.72898204000006 ], [ 120.944738669000131, 13.739210463000061 ], [ 120.96335771300005, 13.771982123000043 ], [ 120.977228656000079, 13.781921372000054 ], [ 121.012116896000066, 13.77876764100006 ], [ 121.038285056000063, 13.762713785000072 ], [ 121.060189795000028, 13.725967155000033 ], [ 121.060514193000031, 13.707631827000053 ], [ 121.049207104000061, 13.683770772000058 ], [ 121.053582648000102, 13.670413241000064 ], [ 121.048725952000041, 13.653981593000028 ], [ 121.035634063000089, 13.635627308000037 ], [ 121.071079005000129, 13.629988397000032 ], [ 121.077720764000119, 13.618866304000051 ], [ 121.114507377000109, 13.631103225000061 ], [ 121.179748041000039, 13.645006775000068 ], [ 121.207614264000085, 13.626623613000051 ], [ 121.233256516000097, 13.627795713000069 ], [ 121.258094144000111, 13.59941892100005 ], [ 121.285487238000101, 13.596989127000029 ], [ 121.294754171000037, 13.601113575000054 ], [ 121.325581728000074, 13.633740160000059 ], [ 121.363729182000043, 13.658786066000062 ], [ 121.391532201000018, 13.671445562000027 ], [ 121.409346117000055, 13.667194375000063 ], [ 121.417627386000035, 13.655700285000021 ], [ 121.467608419000044, 13.682257206000028 ], [ 121.453738409000039, 13.701390606000075 ], [ 121.450089006000098, 13.72016628500006 ], [ 121.440033231000029, 13.732804085000053 ], [ 121.432358086000022, 13.760722162000036 ], [ 121.438371505000077, 13.79190248900005 ], [ 121.456616910000108, 13.810264001000064 ], [ 121.456656413000019, 13.818242209000058 ], [ 121.417485137000085, 13.84387438000004 ], [ 121.407408565000082, 13.83923178700007 ], [ 121.378921951000066, 13.850860930000065 ], [ 121.367472006000071, 13.869398101000057 ], [ 121.348067991000107, 13.862572201000033 ], [ 121.332145878, 13.869742202000053 ], [ 121.307951833000075, 13.867019690000062 ], [ 121.271609683000065, 13.878059858000029 ], [ 121.264366725000059, 13.890060691000029 ], [ 121.239980490000107, 13.905983693000051 ], [ 121.237240367000027, 13.934252107000079 ], [ 121.246473665000053, 13.963490883000073 ], [ 121.248096565000083, 13.984388119000071 ], [ 121.228968246000036, 14.002903136000045 ], [ 121.216192398000075, 14.026614681000067 ], [ 121.205563916000088, 14.109612395000054 ], [ 121.194408486000043, 14.131070861000065 ], [ 121.095052030000033, 14.156300173000032 ], [ 121.035866362000093, 14.151780380000046 ], [ 121.026328823000085, 14.13458585600006 ], [ 121.005886588000052, 14.121661488000026 ], [ 120.980375324000093, 14.12008944300004 ], [ 120.967971630000079, 14.098633049000055 ], [ 120.937597396000129, 14.085943367000031 ], [ 120.902505376000022, 14.076790614000062 ], [ 120.892720508000025, 14.087613034000073 ], [ 120.862414782000101, 14.075421829000049 ], [ 120.844856366000045, 14.076839312000059 ], [ 120.839291566000043, 14.088780735000057 ], [ 120.820149258000029, 14.100724957000066 ], [ 120.796877259000112, 14.103118018000034 ], [ 120.767680943000073, 14.117736821000049 ], [ 120.768885238000053, 14.133428447000027 ], [ 120.729419410000105, 14.140384557000059 ], [ 120.715932958000053, 14.126534449000077 ], [ 120.698784306000093, 14.138474807000025 ], [ 120.691940314000021, 14.16085890600004 ], [ 120.705657175000042, 14.174333526000055 ], [ 120.662308594000024, 14.18609027100007 ], [ 120.650396215000114, 14.204818189000035 ], [ 120.618347222, 14.220246020000047 ] ] ] ] } },
{ "type": "Feature", "properties": { "adm1_psgc": 400000000, "adm2_psgc": 402100000, "adm2_en": "Cavite", "geo_level": "Prov", "len_crs": 295248, "area_crs": 1245817119, "len_km": 295, "area_km2": 1245 }, "geometry": { "type": "MultiPolygon", "coordinates": [ [ [ [ 121.01623891600002, 14.351821071000073 ], [ 121.007590854000114, 14.355170370000051 ], [ 121.011611169000062, 14.380260945000037 ], [ 120.994486709000043, 14.407610540000064 ], [ 120.983770637000021, 14.433689059000075 ], [ 120.974095106000036, 14.439106137000072 ], [ 120.966003399000101, 14.465722366000023 ], [ 120.951710604000027, 14.467584679000028 ], [ 120.918129262000093, 14.456246315000048 ], [ 120.890189408000069, 14.45378368000007 ], [ 120.886144233000095, 14.461363476000031 ], [ 120.903536699000043, 14.486818243000073 ], [ 120.893585224000049, 14.491676189000032 ], [ 120.879921305000039, 14.461694379000049 ], [ 120.870490601000014, 14.430223676000022 ], [ 120.848617140000101, 14.419447104000028 ], [ 120.839418074000037, 14.399228124000048 ], [ 120.816406396000048, 14.377508007000079 ], [ 120.783477795000081, 14.352602780000039 ], [ 120.76863065900011, 14.331655502000046 ], [ 120.746278804000085, 14.317798697000059 ], [ 120.732216230000063, 14.31626009800004 ], [ 120.715836784000089, 14.293486407000044 ], [ 120.703876740000041, 14.28482996800005 ], [ 120.656392772000117, 14.278288906000054 ], [ 120.62437443400006, 14.266113834000068 ], [ 120.621193933000086, 14.252668307000022 ], [ 120.625716726000064, 14.225876094000055 ], [ 120.618347222, 14.220246020000047 ], [ 120.650396215000114, 14.204818189000035 ], [ 120.662308594000024, 14.18609027100007 ], [ 120.705657175000042, 14.174333526000055 ], [ 120.691940314000021, 14.16085890600004 ], [ 120.698784306000093, 14.138474807000025 ], [ 120.715932958000053, 14.126534449000077 ], [ 120.729419410000105, 14.140384557000059 ], [ 120.768885238000053, 14.133428447000027 ], [ 120.767680943000073, 14.117736821000049 ], [ 120.796877259000112, 14.103118018000034 ], [ 120.820149258000029, 14.100724957000066 ], [ 120.839291566000043, 14.088780735000057 ], [ 120.844856366000045, 14.076839312000059 ], [ 120.862414782000101, 14.075421829000049 ], [ 120.892720508000025, 14.087613034000073 ], [ 120.902505376000022, 14.076790614000062 ], [ 120.937597396000129, 14.085943367000031 ], [ 120.967971630000079, 14.098633049000055 ], [ 120.980375324000093, 14.12008944300004 ], [ 121.005886588000052, 14.121661488000026 ], [ 121.026328823000085, 14.13458585600006 ], [ 121.035866362000093, 14.151780380000046 ], [ 121.013699842000051, 14.163004601000068 ], [ 121.031764898, 14.202937527000076 ], [ 121.052828691000073, 14.21626380400005 ], [ 121.050840436000044, 14.23360244400004 ], [ 121.039137472000121, 14.271101015000058 ], [ 121.058656584000119, 14.299756230000073 ], [ 121.061021536000126, 14.32266921300004 ], [ 121.032023912000128, 14.334445145000071 ], [ 121.00727737200009, 14.320966914000053 ], [ 121.008980906000019, 14.341994256000078 ], [ 121.01623891600002, 14.351821071000073 ] ] ], [ [ [ 120.579776914000036, 14.37249506200004 ], [ 120.585803499, 14.387572941000029 ], [ 120.573126092000066, 14.392697017000048 ], [ 120.563808114000039, 14.380258078000056 ], [ 120.579776914000036, 14.37249506200004 ] ] ] ] } },
{ "type": "Feature", "properties": { "adm1_psgc": 400000000, "adm2_psgc": 403400000, "adm2_en": "Laguna", "geo_level": "Prov", "len_crs": 418123, "area_crs": 1802223691, "len_km": 418, "area_km2": 1802 }, "geometry": { "type": "Polygon", "coordinates": [ [ [ 121.246473665000053, 13.963490883000073 ], [ 121.268732711000112, 13.966524442000033 ], [ 121.278429330000108, 13.974127137000041 ], [ 121.296667842000033, 13.971803668000062 ], [ 121.329351311000096, 13.985808889000053 ], [ 121.350809237000021, 14.012048831000072 ], [ 121.406378353000022, 14.035973959000046 ], [ 121.424435416000051, 14.047909082000045 ], [ 121.430903508000043, 14.063428043000046 ], [ 121.478594488000127, 14.064792674000042 ], [ 121.492088532000025, 14.073258048000069 ], [ 121.511596505000043, 14.10140330900003 ], [ 121.529190535000112, 14.163656280000055 ], [ 121.544126926000104, 14.174475317000031 ], [ 121.555210257000098, 14.162746059000026 ], [ 121.590664697000079, 14.160782653000068 ], [ 121.603192139000058, 14.190359066000042 ], [ 121.589951252000105, 14.199159350000059 ], [ 121.617942715000041, 14.234942428000066 ], [ 121.617898546000092, 14.24910196700006 ], [ 121.634120664000079, 14.26771032100004 ], [ 121.634518802000116, 14.289790898000033 ], [ 121.608259577000027, 14.29685296200006 ], [ 121.57002646300009, 14.398442990000037 ], [ 121.524098790000039, 14.469167303000063 ], [ 121.55047443400008, 14.492387305000026 ], [ 121.534630265000033, 14.509421780000023 ], [ 121.529563973000123, 14.532863972000026 ], [ 121.481158608000101, 14.535665168000035 ], [ 121.480674212000039, 14.556779521000069 ], [ 121.451050535000036, 14.59521547800006 ], [ 121.441113639000022, 14.587291411000029 ], [ 121.449386260000111, 14.56961988200004 ], [ 121.439339714000084, 14.557175536000045 ], [ 121.44798978300004, 14.544977906000042 ], [ 121.420447595000041, 14.541761899000049 ], [ 121.404281901000118, 14.545414044000037 ], [ 121.381106915000046, 14.531527832000053 ], [ 121.361753477000093, 14.477181419000031 ], [ 121.376144368000055, 14.464246069000069 ], [ 121.362431902000012, 14.454193887000029 ], [ 121.369198316000052, 14.375142206000076 ], [ 121.365349949, 14.355935850000035 ], [ 121.380494558, 14.337943743000039 ], [ 121.391612603000112, 14.345135542000039 ], [ 121.409820563000039, 14.37843289800003 ], [ 121.448313986000016, 14.397321084000058 ], [ 121.473428029000033, 14.371872782000025 ], [ 121.47915953100005, 14.350028565000057 ], [ 121.470171232000112, 14.326954468000054 ], [ 121.438679037000057, 14.337059047000025 ], [ 121.441064364000113, 14.321030052000026 ], [ 121.43509993400005, 14.300256273000061 ], [ 121.416661759000021, 14.290282158000025 ], [ 121.399568983000123, 14.28839630300007 ], [ 121.350114229000042, 14.259515413000029 ], [ 121.342218379000087, 14.242011478000048 ], [ 121.312751192000064, 14.223053012000037 ], [ 121.304038188000035, 14.203344473000072 ], [ 121.264578548000031, 14.190008268000042 ], [ 121.237535670000071, 14.198150648000023 ], [ 121.227503914000053, 14.183867134000023 ], [ 121.212401297000042, 14.178625803000045 ], [ 121.183002590000129, 14.186391696000042 ], [ 121.187223342000038, 14.222274966000038 ], [ 121.173451363000041, 14.237735961000054 ], [ 121.167538880000052, 14.261130261000059 ], [ 121.126630880000093, 14.303282566000064 ], [ 121.114715285000102, 14.329603632000047 ], [ 121.092673770000033, 14.343295549000059 ], [ 121.090932428000087, 14.356038872000052 ], [ 121.051501547000044, 14.369658617000026 ], [ 121.029875813000103, 14.365980729000055 ], [ 121.01623891600002, 14.351821071000073 ], [ 121.008980906000019, 14.341994256000078 ], [ 121.00727737200009, 14.320966914000053 ], [ 121.032023912000128, 14.334445145000071 ], [ 121.061021536000126, 14.32266921300004 ], [ 121.058656584000119, 14.299756230000073 ], [ 121.039137472000121, 14.271101015000058 ], [ 121.050840436000044, 14.23360244400004 ], [ 121.052828691000073, 14.21626380400005 ], [ 121.031764898, 14.202937527000076 ], [ 121.013699842000051, 14.163004601000068 ], [ 121.035866362000093, 14.151780380000046 ], [ 121.095052030000033, 14.156300173000032 ], [ 121.194408486000043, 14.131070861000065 ], [ 121.205563916000088, 14.109612395000054 ], [ 121.216192398000075, 14.026614681000067 ], [ 121.228968246000036, 14.002903136000045 ], [ 121.248096565000083, 13.984388119000071 ], [ 121.246473665000053, 13.963490883000073 ] ] ] } },
{ "type": "Feature", "properties": { "adm1_psgc": 400000000, "adm2_psgc": 405600000, "adm2_en": "Quezon", "geo_level": "Prov", "len_crs": 2165220, "area_crs": 8398566534, "len_km": 2165, "area_km2": 8398 }, "geometry": { "type": "MultiPolygon", "coordinates": [ [ [ [ 121.456656413000019, 13.818242209000058 ], [ 121.474481125000011, 13.839383071000039 ], [ 121.496495414000037, 13.853481067000075 ], [ 121.553921633000073, 13.87193623300004 ], [ 121.589064471000029, 13.891895614000077 ], [ 121.612151508000025, 13.894430111000073 ], [ 121.625954502000027, 13.907978107000073 ], [ 121.642109393000055, 13.907356496000032 ], [ 121.680383133000092, 13.923599032000027 ], [ 121.695340901, 13.918428206000044 ], [ 121.702125560000027, 13.963223513000061 ], [ 121.71564828000011, 13.970735347000073 ], [ 121.76129736900009, 13.961736553000035 ], [ 121.772664098000078, 13.94528856200003 ], [ 121.80246828100006, 13.947775989000034 ], [ 121.816595869000025, 13.941522666000028 ], [ 121.818083818000105, 13.92798979200006 ], [ 121.809633263000023, 13.913540819000049 ], [ 121.83045305000006, 13.900417123000066 ], [ 121.845519631000116, 13.901451176000021 ], [ 121.857209648000094, 13.887257591000035 ], [ 121.871104597000098, 13.896312285000022 ], [ 121.883443722000038, 13.890486180000037 ], [ 121.890460509000036, 13.862574024000025 ], [ 121.928364501000019, 13.850634332000029 ], [ 121.945004371000095, 13.85225305000006 ], [ 121.961022768000035, 13.840662588000042 ], [ 121.973948716000123, 13.839920198000071 ], [ 121.981114456000114, 13.80631926500007 ], [ 122.007106159000045, 13.809134518000063 ], [ 122.041650517000107, 13.789082647000043 ], [ 122.056018230000078, 13.775167195000051 ], [ 122.073915993000014, 13.786303027000031 ], [ 122.090224550000016, 13.780501347000037 ], [ 122.132058655000023, 13.745047551000027 ], [ 122.137736750000045, 13.720908896000021 ], [ 122.161178012000036, 13.700554555000048 ], [ 122.174304503000016, 13.669460971000033 ], [ 122.19533914100009, 13.64795731600003 ], [ 122.19995003300005, 13.616222911000024 ], [ 122.207577191000041, 13.602519683000024 ], [ 122.227608160000059, 13.599936552000033 ], [ 122.266528841000095, 13.606635018000077 ], [ 122.294625429, 13.592770057000051 ], [ 122.321759131000036, 13.590393050000046 ], [ 122.33794418300009, 13.574104104000069 ], [ 122.329250617000056, 13.563895321000073 ], [ 122.352339192000045, 13.547473634000026 ], [ 122.369713869000066, 13.546263163000049 ], [ 122.400715314000081, 13.523970588000052 ], [ 122.413189265000028, 13.484109706000027 ], [ 122.472575768000056, 13.420234345000036 ], [ 122.490124809, 13.405739956000046 ], [ 122.489320206000116, 13.39615920800003 ], [ 122.516162770000051, 13.350051128000075 ], [ 122.522531918000027, 13.329623189000076 ], [ 122.522415472000034, 13.309181935000028 ], [ 122.511570666000026, 13.290989930000025 ], [ 122.523326785000108, 13.280357236000045 ], [ 122.510950032000096, 13.27146639800003 ], [ 122.514686557000132, 13.257053776000074 ], [ 122.503197719000013, 13.246563469000021 ], [ 122.539339716000072, 13.218898771000051 ], [ 122.549064379000015, 13.19852492000007 ], [ 122.564641923000067, 13.178826008000039 ], [ 122.598782678, 13.162089163000074 ], [ 122.622083131000068, 13.171447936000048 ], [ 122.64297067400004, 13.196679473000076 ], [ 122.657798893000063, 13.208398923000061 ], [ 122.702003400000081, 13.223594096000056 ], [ 122.691010564000081, 13.267999849000033 ], [ 122.677085901000055, 13.275539311000045 ], [ 122.678704072000073, 13.337128547000077 ], [ 122.674702382000078, 13.34533945000004 ], [ 122.676776518000125, 13.378682013000059 ], [ 122.663063595000025, 13.41927506600007 ], [ 122.643400089000025, 13.456395197000061 ], [ 122.630839339000104, 13.468126399000024 ], [ 122.61886709000008, 13.489154326000058 ], [ 122.602558008000088, 13.502847802000076 ], [ 122.600816700000109, 13.521834833000069 ], [ 122.579421769000092, 13.530269143000057 ], [ 122.564643207000017, 13.551563702000067 ], [ 122.584998105000054, 13.558236816000031 ], [ 122.603351973000017, 13.534762765000036 ], [ 122.607234897000012, 13.522154787000035 ], [ 122.623139478000098, 13.512962862000052 ], [ 122.634224801000073, 13.528953963000047 ], [ 122.612670539000078, 13.540793495000061 ], [ 122.603644099000022, 13.552623614000025 ], [ 122.569967930000075, 13.577362703000061 ], [ 122.543965498000048, 13.585408866000019 ], [ 122.549870686000077, 13.595143295000067 ], [ 122.527074173000088, 13.613742401000023 ], [ 122.518711775000043, 13.62815531500007 ], [ 122.496800185000097, 13.648013676000062 ], [ 122.50221816900013, 13.668412908000048 ], [ 122.480591773000015, 13.699394439000061 ], [ 122.480813523000052, 13.715990905000071 ], [ 122.493473670000085, 13.73405533300007 ], [ 122.518327291000105, 13.73432417500004 ], [ 122.521281396000063, 13.744645658000024 ], [ 122.508889400000044, 13.769678094000028 ], [ 122.512825057000114, 13.784473256000068 ], [ 122.506335242000091, 13.823395688000062 ], [ 122.499409357000104, 13.844463133000037 ], [ 122.48560219, 13.848332600000049 ], [ 122.451382542000033, 13.905343278000034 ], [ 122.423659994000118, 13.93005154700006 ], [ 122.436335396000132, 13.944239149000051 ], [ 122.448961023000052, 13.926515023000038 ], [ 122.469221417000099, 13.934145212000033 ], [ 122.485013805000108, 13.927196221000029 ], [ 122.506001760000103, 13.927294166000026 ], [ 122.533449860000019, 13.943367887000024 ], [ 122.536424478000086, 13.963503432000037 ], [ 122.552414231000057, 13.947554817000027 ], [ 122.583873791000087, 13.961811396000028 ], [ 122.620150267000099, 13.967995488000044 ], [ 122.665220097000088, 13.983192314000064 ], [ 122.792517997000132, 14.013752262000024 ], [ 122.71850226100004, 14.042740808000076 ], [ 122.641617517000086, 14.070068482000066 ], [ 122.538911374, 14.116739880000067 ], [ 122.451993636000111, 14.150213563000023 ], [ 122.446628514000039, 14.135111727000034 ], [ 122.408465781000018, 14.090570177000075 ], [ 122.39616586800004, 14.084713977000035 ], [ 122.383768560000021, 14.066641330000037 ], [ 122.362046616000057, 14.062866015000052 ], [ 122.326269994000086, 14.06270484200007 ], [ 122.298773571000083, 14.072661698000047 ], [ 122.308035723000089, 14.100043253000024 ], [ 122.311488474000058, 14.131091327000037 ], [ 122.296812431000035, 14.133851008000022 ], [ 122.289898772000015, 14.121435567000047 ], [ 122.267360440000061, 14.124973338000075 ], [ 122.266034163000086, 14.149257278000052 ], [ 122.273228766000102, 14.162783313000034 ], [ 122.259989682000096, 14.173952432000021 ], [ 122.271386947000124, 14.207236551000049 ], [ 122.271841202, 14.245823545000061 ], [ 122.248075062000112, 14.236203036000063 ], [ 122.24567170100012, 14.217679826000053 ], [ 122.251096383000117, 14.202730970000063 ], [ 122.230195420000101, 14.190356433000032 ], [ 122.208329136000103, 14.183806355000058 ], [ 122.184170595000069, 14.164707776000055 ], [ 122.189449675000105, 14.139014142000063 ], [ 122.164606685000081, 14.140705519000049 ], [ 122.191742476000059, 14.094318461000055 ], [ 122.208683830000027, 14.081919820000053 ], [ 122.227785879000081, 14.077123481000056 ], [ 122.272863719000028, 14.03923153900007 ], [ 122.288362745000086, 14.038619913000046 ], [ 122.285419473000061, 14.022700017000034 ], [ 122.30817487000003, 14.011441863000069 ], [ 122.307877040000108, 14.00097696200004 ], [ 122.293470825000085, 13.991616277000048 ], [ 122.306609448, 13.972539852000066 ], [ 122.298842306000097, 13.959299013000075 ], [ 122.282957304000107, 13.957833627000069 ], [ 122.264668332000056, 13.970000924000034 ], [ 122.236615236000034, 13.972427346000073 ], [ 122.20504918000006, 13.98423747400005 ], [ 122.195730731000026, 13.996285628000065 ], [ 122.181197801000053, 13.98764199200002 ], [ 122.193596340000127, 13.967998268000031 ], [ 122.220210231000024, 13.947387869000062 ], [ 122.238121191000118, 13.946429891000037 ], [ 122.248004022000018, 13.933704464000074 ], [ 122.24377755700003, 13.911964510000075 ], [ 122.231620791000083, 13.895151924000061 ], [ 122.183560658000033, 13.916510965000043 ], [ 122.169165553000084, 13.91334903200004 ], [ 122.155812665000113, 13.920074615000029 ], [ 122.137289647000117, 13.912853584000061 ], [ 122.111911952000028, 13.926459569000027 ], [ 122.035556301000042, 13.947682896000059 ], [ 122.006962680000015, 13.96171291000007 ], [ 121.992439125000047, 13.976199284000074 ], [ 121.945513789000088, 13.988508342000044 ], [ 121.907282871, 14.01107543100005 ], [ 121.883304582000051, 14.041591311000046 ], [ 121.846680603000095, 14.072705909000033 ], [ 121.824335484000017, 14.081854814000049 ], [ 121.80582774100003, 14.099078149000038 ], [ 121.778880263000019, 14.11742792500007 ], [ 121.748840681000047, 14.145731341000042 ], [ 121.732115060000069, 14.172736651000037 ], [ 121.733684786000012, 14.190967012000044 ], [ 121.753087914000048, 14.207676924000051 ], [ 121.759680207000088, 14.233937024000056 ], [ 121.758124462000069, 14.247578691000056 ], [ 121.733332965000045, 14.265962219000075 ], [ 121.73415384000009, 14.290611389000047 ], [ 121.727668159000032, 14.326294499000028 ], [ 121.682064980000078, 14.379099813000037 ], [ 121.663318536000034, 14.392045971000071 ], [ 121.657326177000087, 14.410903702000041 ], [ 121.648907626000096, 14.460015097000047 ], [ 121.641950180000094, 14.471894262000038 ], [ 121.623706477000042, 14.522929201000071 ], [ 121.628145114000077, 14.534903568000065 ], [ 121.618665530000058, 14.589663571000074 ], [ 121.60862523000003, 14.599226437000024 ], [ 121.609076932000107, 14.641233602000058 ], [ 121.603768325000019, 14.652083388000051 ], [ 121.611182221000035, 14.675472869000032 ], [ 121.633943629000086, 14.668003647000035 ], [ 121.677242729000099, 14.695435136000071 ], [ 121.700136978000046, 14.701876612000035 ], [ 121.722658566000078, 14.690831028000044 ], [ 121.733783650000063, 14.69694225400008 ], [ 121.70985591200008, 14.726129045000052 ], [ 121.677405637000106, 14.752004167000049 ], [ 121.658560492000106, 14.775783390000072 ], [ 121.633389647000072, 14.78634946300002 ], [ 121.602108743000016, 14.827585130000045 ], [ 121.611641767000037, 14.855757702000062 ], [ 121.589985764000062, 14.875669953000056 ], [ 121.581660576000104, 14.890369400000051 ], [ 121.572658845000092, 14.928360748000049 ], [ 121.572951498000066, 14.947854049000053 ], [ 121.56678846200009, 14.966509539000075 ], [ 121.548462629000028, 14.990863452000049 ], [ 121.546660504000101, 15.004197357000063 ], [ 121.527072710000084, 15.034892623000072 ], [ 121.517435716, 15.03882709800007 ], [ 121.499728194000113, 15.072824396000046 ], [ 121.494495371000085, 15.104047127000054 ], [ 121.496093238000057, 15.120051344000045 ], [ 121.480938498000128, 15.180228622000074 ], [ 121.462539595000067, 15.200754984000071 ], [ 121.448038521000058, 15.196346930000061 ], [ 121.43511708100003, 15.210379016000049 ], [ 121.417120502000117, 15.216888696000073 ], [ 121.402226583000029, 15.195523378000072 ], [ 121.408096825000044, 15.182936998000056 ], [ 121.396181454000057, 15.162714643000077 ], [ 121.403418829000088, 15.151331872000068 ], [ 121.39460381500011, 15.105961485000027 ], [ 121.374004552000088, 15.095887405000038 ], [ 121.376474044000034, 15.080513529000029 ], [ 121.361316289000129, 15.073161476000049 ], [ 121.351370189000022, 15.035906006000063 ], [ 121.357105326000024, 15.011749193000067 ], [ 121.347856533000027, 14.996370968000065 ], [ 121.338205018000068, 14.947222596000074 ], [ 121.3401122450001, 14.886441354000056 ], [ 121.335550147000049, 14.848280439000062 ], [ 121.330356625000036, 14.834802543000022 ], [ 121.335500400000114, 14.800851961000038 ], [ 121.328978269000103, 14.78820056400002 ], [ 121.34179742100001, 14.74712040000003 ], [ 121.337436129000039, 14.727966391000052 ], [ 121.353875833000089, 14.722557836000023 ], [ 121.362717850000067, 14.708406480000066 ], [ 121.380628662000063, 14.695232352000065 ], [ 121.404806799000099, 14.690213882000025 ], [ 121.410820759000103, 14.667812216000073 ], [ 121.404202292000036, 14.660925983000029 ], [ 121.404866518000063, 14.639266049000074 ], [ 121.415797135000048, 14.627965106000032 ], [ 121.441737023000087, 14.622482465000077 ], [ 121.439535694000028, 14.60398770800003 ], [ 121.451050535000036, 14.59521547800006 ], [ 121.480674212000039, 14.556779521000069 ], [ 121.481158608000101, 14.535665168000035 ], [ 121.529563973000123, 14.532863972000026 ], [ 121.534630265000033, 14.509421780000023 ], [ 121.55047443400008, 14.492387305000026 ], [ 121.524098790000039, 14.469167303000063 ], [ 121.57002646300009, 14.398442990000037 ], [ 121.608259577000027, 14.29685296200006 ], [ 121.634518802000116, 14.289790898000033 ], [ 121.634120664000079, 14.26771032100004 ], [ 121.617898546000092, 14.24910196700006 ], [ 121.617942715000041, 14.234942428000066 ], [ 121.589951252000105, 14.199159350000059 ], [ 121.603192139000058, 14.190359066000042 ], [ 121.590664697000079, 14.160782653000068 ], [ 121.555210257000098, 14.162746059000026 ], [ 121.544126926000104, 14.174475317000031 ], [ 121.529190535000112, 14.163656280000055 ], [ 121.511596505000043, 14.10140330900003 ], [ 121.492088532000025, 14.073258048000069 ], [ 121.478594488000127, 14.064792674000042 ], [ 121.430903508000043, 14.063428043000046 ], [ 121.424435416000051, 14.047909082000045 ], [ 121.406378353000022, 14.035973959000046 ], [ 121.350809237000021, 14.012048831000072 ], [ 121.329351311000096, 13.985808889000053 ], [ 121.296667842000033, 13.971803668000062 ], [ 121.278429330000108, 13.974127137000041 ], [ 121.268732711000112, 13.966524442000033 ], [ 121.246473665000053, 13.963490883000073 ], [ 121.237240367000027, 13.934252107000079 ], [ 121.239980490000107, 13.905983693000051 ], [ 121.264366725000059, 13.890060691000029 ], [ 121.271609683000065, 13.878059858000029 ], [ 121.307951833000075, 13.867019690000062 ], [ 121.332145878, 13.869742202000053 ], [ 121.348067991000107, 13.862572201000033 ], [ 121.367472006000071, 13.869398101000057 ], [ 121.378921951000066, 13.850860930000065 ], [ 121.407408565000082, 13.83923178700007 ], [ 121.417485137000085, 13.84387438000004 ], [ 121.456656413000019, 13.818242209000058 ] ] ], [ [ [ 121.934935147000047, 15.058643889000052 ], [ 121.891127995000019, 15.030265070000038 ], [ 121.877848925000066, 15.034731209000025 ], [ 121.863798563000046, 15.025732036000019 ], [ 121.856250652000085, 15.039718821000063 ], [ 121.837163265000086, 15.039383293000075 ], [ 121.813427242000103, 14.981719722000038 ], [ 121.817958294000064, 14.974184152000081 ], [ 121.801427517000107, 14.935976593000079 ], [ 121.819990821000033, 14.936966738000026 ], [ 121.85216895900011, 14.921810150000052 ], [ 121.849110752000115, 14.912626057000066 ], [ 121.872693713000103, 14.876895735000058 ], [ 121.878510267000024, 14.835420355000053 ], [ 121.888699811000038, 14.817900287000041 ], [ 121.912078943000111, 14.796126048000074 ], [ 121.914316168000013, 14.777936713000029 ], [ 121.926860455000096, 14.756292173000071 ], [ 121.936555079000087, 14.72910940100007 ], [ 121.935211779000042, 14.70686980200003 ], [ 121.903240633000109, 14.706294076000063 ], [ 121.902907264000078, 14.679319525000034 ], [ 121.916590652000068, 14.638357765000027 ], [ 121.939238285000101, 14.626554099000032 ], [ 121.949806801000022, 14.628587202000066 ], [ 122.010568568000039, 14.674729756000033 ], [ 122.036417320000055, 14.717337928000063 ], [ 122.024834427000101, 14.772614071000078 ], [ 122.023429014000058, 14.808491812000055 ], [ 122.007884782000019, 14.826831036000041 ], [ 121.988408844000119, 14.836694712000051 ], [ 121.967730253000028, 14.867880761000036 ], [ 121.965731090000091, 14.900207688000023 ], [ 121.981969893000027, 14.903137246000032 ], [ 121.99235064100003, 14.913872915000068 ], [ 122.020238302000052, 14.919766184000022 ], [ 122.011412023000048, 14.951311142000064 ], [ 121.991269191000015, 14.957719172000054 ], [ 122.007396866000036, 14.986142413000037 ], [ 122.031212256000131, 14.991962071000044 ], [ 122.049476214000038, 14.962449113000041 ], [ 122.055254464000086, 14.975048660000022 ], [ 122.047864008000033, 15.003786120000029 ], [ 122.035254856000066, 15.012771225000048 ], [ 122.020166224000036, 15.006171432000031 ], [ 122.021049973000117, 15.027864829000066 ], [ 121.997555832000103, 15.044288483000059 ], [ 121.977643261000026, 15.037985616000073 ], [ 121.974285693000056, 15.050484697000059 ], [ 121.955293407000127, 15.057591237000052 ], [ 121.934935147000047, 15.058643889000052 ] ] ], [ [ [ 122.03795522300004, 14.875929851000022 ], [ 122.013843956000088, 14.874321898000064 ], [ 122.026433738000037, 14.845248315000045 ], [ 122.046294039000031, 14.841632891000073 ], [ 122.063229066000076, 14.86330408600003 ], [ 122.03795522300004, 14.875929851000022 ] ] ], [ [ [ 122.209904522000102, 14.842597328000068 ], [ 122.201741445000053, 14.837924971000065 ], [ 122.167973251000049, 14.83968378500003 ], [ 122.133159440000099, 14.828476545000056 ], [ 122.123052751000046, 14.841031216000031 ], [ 122.096269158000055, 14.832393061000058 ], [ 122.105949706000033, 14.806769321000047 ], [ 122.125390518000017, 14.796562297000035 ], [ 122.136133567000115, 14.79850333100006 ], [ 122.191257798000038, 14.763788591000036 ], [ 122.229284458000052, 14.750925411000027 ], [ 122.258185361000088, 14.727114745000051 ], [ 122.259477747000133, 14.75920952300004 ], [ 122.25224887, 14.771585955000036 ], [ 122.26101084600009, 14.783598576000029 ], [ 122.241873473000069, 14.794246893000036 ], [ 122.234816123000073, 14.786541191000023 ], [ 122.197251394000091, 14.805897494000021 ], [ 122.196545379000099, 14.813837302000026 ], [ 122.212183192000126, 14.832923038000049 ], [ 122.209904522000102, 14.842597328000068 ] ] ], [ [ [ 122.40355435000005, 14.733756076000068 ], [ 122.381714719000115, 14.729608458000026 ], [ 122.358825203000023, 14.712029398000025 ], [ 122.333049137000103, 14.710965414000039 ], [ 122.309863130000053, 14.689345515000069 ], [ 122.321535075000043, 14.674668697000078 ], [ 122.350178780000078, 14.681508049000056 ], [ 122.375280007000029, 14.679606041000051 ], [ 122.421180118000052, 14.687132906000043 ], [ 122.436112287000014, 14.695217537000076 ], [ 122.429556478000109, 14.713420409000035 ], [ 122.40355435000005, 14.733756076000068 ] ] ], [ [ [ 121.826309325000011, 14.306325829000057 ], [ 121.805514477000074, 14.295245410000064 ], [ 121.807232186000093, 14.27111568300006 ], [ 121.831796001000043, 14.259762241000031 ], [ 121.838495653000123, 14.279009296000027 ], [ 121.848592430000053, 14.28682904200002 ], [ 121.826309325000011, 14.306325829000057 ] ] ], [ [ [ 121.929485403000072, 14.235902975000043 ], [ 121.913540233000063, 14.196019116000057 ], [ 121.929625571000088, 14.187418743000023 ], [ 121.945031555000014, 14.158566670000027 ], [ 121.986090231000048, 14.111216799000029 ], [ 122.001414473000068, 14.108401487000037 ], [ 122.038092134000081, 14.089898591000061 ], [ 122.056369375000031, 14.066677030000053 ], [ 122.090080658000048, 14.051938684000048 ], [ 122.113461463000021, 14.026897012000063 ], [ 122.132895776000055, 14.019991142000039 ], [ 122.166757876000034, 14.000324443000066 ], [ 122.18513729200005, 14.004285103000027 ], [ 122.185385784000118, 14.025397548000056 ], [ 122.170492255000127, 14.046318697000061 ], [ 122.150524783000037, 14.064486819000024 ], [ 122.139388920000101, 14.067521443000032 ], [ 122.127757547000115, 14.087310753000054 ], [ 122.07746252600009, 14.114216487000018 ], [ 122.058288930000131, 14.131725135000064 ], [ 122.021560970000095, 14.152981260000045 ], [ 121.929485403000072, 14.235902975000043 ] ] ], [ [ [ 121.781784341000048, 13.879221151000024 ], [ 121.801289275000059, 13.894763166000075 ], [ 121.78592428200011, 13.910739701000066 ], [ 121.788650560000065, 13.935551964000071 ], [ 121.756155088000014, 13.942874669000044 ], [ 121.75467382500004, 13.928714752000076 ], [ 121.739457403000074, 13.899090826000075 ], [ 121.75382303500011, 13.883622510000064 ], [ 121.78370312200002, 13.909541626000077 ], [ 121.79051253800003, 13.901402221000069 ], [ 121.781784341000048, 13.879221151000024 ] ] ] ] } },
{ "type": "Feature", "properties": { "adm1_psgc": 400000000, "adm2_psgc": 405800000, "adm2_en": "Rizal", "geo_level": "Prov", "len_crs": 326217, "area_crs": 1200455008, "len_km": 326, "area_km2": 1200 }, "geometry": { "type": "MultiPolygon", "coordinates": [ [ [ [ 121.451050535000036, 14.59521547800006 ], [ 121.439535694000028, 14.60398770800003 ], [ 121.441737023000087, 14.622482465000077 ], [ 121.415797135000048, 14.627965106000032 ], [ 121.404866518000063, 14.639266049000074 ], [ 121.404202292000036, 14.660925983000029 ], [ 121.410820759000103, 14.667812216000073 ], [ 121.404806799000099, 14.690213882000025 ], [ 121.380628662000063, 14.695232352000065 ], [ 121.362717850000067, 14.708406480000066 ], [ 121.353875833000089, 14.722557836000023 ], [ 121.337436129000039, 14.727966391000052 ], [ 121.34179742100001, 14.74712040000003 ], [ 121.328978269000103, 14.78820056400002 ], [ 121.335500400000114, 14.800851961000038 ], [ 121.330356625000036, 14.834802543000022 ], [ 121.252996860000053, 14.829226647000041 ], [ 121.219251844000041, 14.833223191000052 ], [ 121.208041840000064, 14.81794121400003 ], [ 121.187988293000103, 14.823554116000025 ], [ 121.165284636000024, 14.823417534000043 ], [ 121.150529629000062, 14.801784266000027 ], [ 121.136865813000099, 14.801465402000076 ], [ 121.114880894000066, 14.778960670000059 ], [ 121.132117495000102, 14.776390408000054 ], [ 121.11822157000006, 14.749419337000065 ], [ 121.118022978000127, 14.729928850000022 ], [ 121.124617789000013, 14.708744602000021 ], [ 121.111469163000052, 14.695667682000019 ], [ 121.111889129000033, 14.671163089000059 ], [ 121.126147147000097, 14.66997417700003 ], [ 121.134868521000058, 14.65885238300007 ], [ 121.128558057000092, 14.643593338000073 ], [ 121.105498383000068, 14.632654354000065 ], [ 121.101932758000103, 14.615649672000071 ], [ 121.110449782000046, 14.592235448000055 ], [ 121.0968965510001, 14.569254547000074 ], [ 121.107001683000021, 14.545701014000032 ], [ 121.101599913000086, 14.52170471800002 ], [ 121.125493154000083, 14.535482970000032 ], [ 121.137761397000091, 14.536233714000048 ], [ 121.151365473000055, 14.517932543000033 ], [ 121.164830936000058, 14.509482851000028 ], [ 121.184768335000058, 14.483051347000067 ], [ 121.199897044000068, 14.442357430000074 ], [ 121.212732224000092, 14.432176134000033 ], [ 121.222699850000041, 14.447992351000039 ], [ 121.220387223000102, 14.473891436000033 ], [ 121.233948203000082, 14.48488673000003 ], [ 121.241752332000033, 14.502442474000082 ], [ 121.274578677000022, 14.503246765000029 ], [ 121.283081430000038, 14.482170546000077 ], [ 121.301326332000031, 14.484151828000051 ], [ 121.308950964000019, 14.467338821000055 ], [ 121.325104705000058, 14.46085707900005 ], [ 121.325195095000026, 14.447476062000021 ], [ 121.33623956200006, 14.429656148000049 ], [ 121.338695539000014, 14.411620088000062 ], [ 121.333192161000071, 14.385630970000022 ], [ 121.319868190000079, 14.358159276000038 ], [ 121.320158155000058, 14.341119138000066 ], [ 121.304956149000077, 14.326485487000072 ], [ 121.303725908000047, 14.295929162000048 ], [ 121.314759872000081, 14.287077226000063 ], [ 121.334594603000028, 14.312053516000047 ], [ 121.352842351000064, 14.328435214000026 ], [ 121.380494558, 14.337943743000039 ], [ 121.365349949, 14.355935850000035 ], [ 121.369198316000052, 14.375142206000076 ], [ 121.362431902000012, 14.454193887000029 ], [ 121.376144368000055, 14.464246069000069 ], [ 121.361753477000093, 14.477181419000031 ], [ 121.381106915000046, 14.531527832000053 ], [ 121.404281901000118, 14.545414044000037 ], [ 121.420447595000041, 14.541761899000049 ], [ 121.44798978300004, 14.544977906000042 ], [ 121.439339714000084, 14.557175536000045 ], [ 121.449386260000111, 14.56961988200004 ], [ 121.441113639000022, 14.587291411000029 ], [ 121.451050535000036, 14.59521547800006 ] ] ], [ [ [ 121.231091215000106, 14.401883034000038 ], [ 121.220278814000039, 14.383827091000054 ], [ 121.220050281000113, 14.357883577000049 ], [ 121.215142316000083, 14.346864679000079 ], [ 121.22605139900007, 14.323951671000033 ], [ 121.226282291000089, 14.310949369000069 ], [ 121.245378873000064, 14.310899527000059 ], [ 121.242114102000087, 14.329852956000028 ], [ 121.258670399000053, 14.344750345000023 ], [ 121.240561062000097, 14.349521148000061 ], [ 121.231091215000106, 14.401883034000038 ] ] ] ] } },
{ "type": "Feature", "properties": { "adm1_psgc": 500000000, "adm2_psgc": 500500000, "adm2_en": "Albay", "geo_level": "Prov", "len_crs": 711965, "area_crs": 2467882577, "len_km": 711, "area_km2": 2467 }, "geometry": { "type": "MultiPolygon", "coordinates": [ [ [ [ 123.601250679000032, 13.522687456000027 ], [ 123.545608451000021, 13.516697864000035 ], [ 123.54328423700008, 13.501666299000018 ], [ 123.54544748100011, 13.485836639000068 ], [ 123.556642697000044, 13.469524604000071 ], [ 123.572689603000086, 13.458021292000069 ], [ 123.581292491000099, 13.448367139000023 ], [ 123.588063368000022, 13.422057589000076 ], [ 123.582431221000093, 13.395386389000063 ], [ 123.576213893000045, 13.378277725000034 ], [ 123.567988810000088, 13.371857841000063 ], [ 123.571505714000068, 13.365336622000026 ], [ 123.559349803000032, 13.360391644000057 ], [ 123.555611255000031, 13.354617189000066 ], [ 123.523703347000023, 13.352766140000028 ], [ 123.51239273900002, 13.346792858000072 ], [ 123.493796121000059, 13.344597269000076 ], [ 123.493835745000084, 13.361898781000036 ], [ 123.468027297000063, 13.363971094000023 ], [ 123.458546427000101, 13.367820793000021 ], [ 123.432802135000088, 13.363097290000042 ], [ 123.417581213000048, 13.352300169000044 ], [ 123.406455091000112, 13.347575831000029 ], [ 123.398797493000089, 13.334653747000059 ], [ 123.392595505000045, 13.341061079000042 ], [ 123.383933974000129, 13.336091727000051 ], [ 123.373170031000072, 13.33751864900006 ], [ 123.380928332000053, 13.33090983100004 ], [ 123.383847693000021, 13.321214429000062 ], [ 123.377754895000052, 13.305574159000058 ], [ 123.360448813000062, 13.299699216000016 ], [ 123.3526878670001, 13.306672606000062 ], [ 123.335551912000042, 13.294827203000068 ], [ 123.312251410000044, 13.287249039000073 ], [ 123.285223571000074, 13.269512651000069 ], [ 123.281273282000029, 13.258541065000031 ], [ 123.292781214000129, 13.253141184000068 ], [ 123.314655140000028, 13.221597847000053 ], [ 123.319106715000075, 13.209473701000036 ], [ 123.327341178000111, 13.198223321000057 ], [ 123.324256400000095, 13.190830445000069 ], [ 123.309600017000093, 13.191584660000048 ], [ 123.304880541000117, 13.177834879000045 ], [ 123.310894953000115, 13.168622188000031 ], [ 123.3012572680001, 13.155904717000055 ], [ 123.288684679000085, 13.146838289000073 ], [ 123.291930125000036, 13.134971285000063 ], [ 123.291829980000117, 13.118410209000045 ], [ 123.288713349000091, 13.107095036000034 ], [ 123.296287118000023, 13.087484024000046 ], [ 123.293981332000044, 13.07252150000005 ], [ 123.289208462000033, 13.064442088000021 ], [ 123.301354160000074, 13.049536619000037 ], [ 123.301496159000081, 13.039262514000027 ], [ 123.307525789000024, 13.024373040000054 ], [ 123.319536982000059, 13.006877386000046 ], [ 123.338582172000102, 13.011880753000069 ], [ 123.369891790000096, 13.027586874000063 ], [ 123.370431468000106, 13.035607095000046 ], [ 123.383352809000044, 13.04082455800005 ], [ 123.390757686000029, 13.036232432000077 ], [ 123.407887157000118, 13.045912264000039 ], [ 123.41946437300011, 13.039157861000033 ], [ 123.425834450000039, 13.03991796400004 ], [ 123.436379770000045, 13.029829243000052 ], [ 123.447617291000043, 13.027219128000068 ], [ 123.458321040000115, 13.014859250000027 ], [ 123.461847956000042, 13.00489742700006 ], [ 123.482265700000085, 12.988444596000024 ], [ 123.492161085000021, 13.000911147000069 ], [ 123.517825114000061, 13.012754216000074 ], [ 123.53782893100005, 13.01813417300002 ], [ 123.548092135000061, 13.024415272000056 ], [ 123.563065755000025, 13.023074812000059 ], [ 123.574862093000093, 13.030070694000072 ], [ 123.586916832000043, 13.022239605000037 ], [ 123.620250368000043, 13.022980362000055 ], [ 123.62968937800008, 13.010442943000044 ], [ 123.650005989000078, 13.01932447300004 ], [ 123.684526267000038, 13.02852085000006 ], [ 123.714737466000088, 13.039926492000063 ], [ 123.723081679000089, 13.034239268000023 ], [ 123.722381042000052, 13.027039090000073 ], [ 123.734450221000074, 13.026391081000043 ], [ 123.736439798000106, 13.016215794000059 ], [ 123.745980405000068, 12.996885520000037 ], [ 123.762154912000042, 12.997107576000072 ], [ 123.767656057000067, 12.986184890000061 ], [ 123.782311353000054, 12.994530540000028 ], [ 123.787215641000103, 13.004620741000048 ], [ 123.795775539000047, 13.00827792900003 ], [ 123.805648233000056, 13.019028077000028 ], [ 123.822534707000059, 13.02440377700003 ], [ 123.859246740000117, 13.040744483000024 ], [ 123.875288723000054, 13.042301291000058 ], [ 123.895986662000055, 13.03764349000005 ], [ 123.906702663000047, 13.040932211000039 ], [ 123.9155897280001, 13.054929226000066 ], [ 123.921013263000077, 13.083766269000023 ], [ 123.929170383000056, 13.102068074000046 ], [ 123.926765153000034, 13.120887665000055 ], [ 123.911291046000102, 13.122745912000026 ], [ 123.908494675000043, 13.138472829000019 ], [ 123.879432369000043, 13.143195179000033 ], [ 123.86547750200009, 13.137671910000051 ], [ 123.861540613000102, 13.132382013000038 ], [ 123.860220792000064, 13.113080184000069 ], [ 123.854208154000048, 13.107569650000071 ], [ 123.838618278000013, 13.108886273000051 ], [ 123.839109700000108, 13.089348911000057 ], [ 123.830027418000114, 13.075609881000045 ], [ 123.813609437000082, 13.064386235000027 ], [ 123.81286711700011, 13.054511989000046 ], [ 123.794305480000062, 13.046002164000072 ], [ 123.774157674000108, 13.051709798000047 ], [ 123.756769780000027, 13.063679161000037 ], [ 123.76507158600009, 13.074638358000069 ], [ 123.750357464000103, 13.08454801700003 ], [ 123.752696045000107, 13.090351708000073 ], [ 123.775696286000098, 13.09813189400006 ], [ 123.785075495000115, 13.110741827000027 ], [ 123.785908909000128, 13.118038575000071 ], [ 123.770036746000073, 13.128581102000053 ], [ 123.756532736000068, 13.14470742000003 ], [ 123.756917761000082, 13.159143655000033 ], [ 123.754004832000064, 13.173593197000056 ], [ 123.761906562000036, 13.203602914000044 ], [ 123.774721712000087, 13.227651745000056 ], [ 123.787182150000035, 13.237998711000047 ], [ 123.801928322000094, 13.237930461000079 ], [ 123.817940877000069, 13.230503289000069 ], [ 123.85769196800004, 13.224262921000047 ], [ 123.868308448000121, 13.235793731000054 ], [ 123.850131851000015, 13.247791731000063 ], [ 123.844815275000087, 13.265052179000065 ], [ 123.82880871600004, 13.266778777000066 ], [ 123.826220645000049, 13.252059555000077 ], [ 123.8161600520001, 13.261035390000076 ], [ 123.821423790000054, 13.266515310000043 ], [ 123.813628816000104, 13.283708149000061 ], [ 123.815541803000102, 13.288000042000021 ], [ 123.802781315000061, 13.297034033000044 ], [ 123.793014631000105, 13.29697465300006 ], [ 123.78274044900003, 13.301935014000035 ], [ 123.780013243000084, 13.311616324000056 ], [ 123.756390368000112, 13.323684983000017 ], [ 123.746946985000022, 13.323091477000048 ], [ 123.741538700000106, 13.332928966000051 ], [ 123.740532721000022, 13.349800832000026 ], [ 123.735358620000056, 13.368178156000054 ], [ 123.727254996000056, 13.371132964000028 ], [ 123.725901460000046, 13.391124651000039 ], [ 123.714030956000101, 13.409821892000025 ], [ 123.713459903000057, 13.417797527000063 ], [ 123.703242867000085, 13.431673411000075 ], [ 123.698523556000069, 13.447561618000066 ], [ 123.685525687000123, 13.459491162000063 ], [ 123.682431946000079, 13.469922297000037 ], [ 123.674121889000048, 13.479258905000052 ], [ 123.664742537000052, 13.47865629900002 ], [ 123.639404932000048, 13.484268299000062 ], [ 123.624129794000069, 13.491885283000043 ], [ 123.604902481000053, 13.51506624600006 ], [ 123.601250679000032, 13.522687456000027 ] ] ], [ [ [ 123.765458982000041, 13.407387588000061 ], [ 123.774037373000056, 13.389320779000057 ], [ 123.790291517000014, 13.378579207000026 ], [ 123.798309424000095, 13.366354247000059 ], [ 123.810934116000112, 13.356016579000027 ], [ 123.835577302000047, 13.344191875000039 ], [ 123.841685653000013, 13.363234952000026 ], [ 123.829802218000069, 13.368714336000041 ], [ 123.817600268000092, 13.387786940000069 ], [ 123.800251710000111, 13.395556055000043 ], [ 123.793346143, 13.39244130000003 ], [ 123.782646172000113, 13.402044838000052 ], [ 123.774478991000038, 13.399582367000049 ], [ 123.765458982000041, 13.407387588000061 ] ] ], [ [ [ 123.850739246000103, 13.354140749000067 ], [ 123.843677721000063, 13.351438892000033 ], [ 123.840091246000043, 13.337295589000064 ], [ 123.861154898000109, 13.317835872000044 ], [ 123.851494747000075, 13.308725597000032 ], [ 123.849214960000054, 13.293349068000055 ], [ 123.84998965300008, 13.267937806000075 ], [ 123.856071430000043, 13.255311712000035 ], [ 123.868386955000133, 13.246402221000038 ], [ 123.874204043000063, 13.230091798000043 ], [ 123.892350406000105, 13.230673817000023 ], [ 123.900915863000037, 13.239953510000079 ], [ 123.904930932000084, 13.250117771000076 ], [ 123.894132300000024, 13.258979574000019 ], [ 123.886520578000045, 13.271612499000069 ], [ 123.888403283000102, 13.28021835700002 ], [ 123.904799687000036, 13.304104434000063 ], [ 123.918061948000073, 13.304846614000038 ], [ 123.929012128000068, 13.321099050000045 ], [ 123.921532686000106, 13.330383189000029 ], [ 123.905724737, 13.330950301000032 ], [ 123.906355359000031, 13.339577071000065 ], [ 123.888741074000123, 13.340545883000059 ], [ 123.884194112000046, 13.347588066000069 ], [ 123.874212602000071, 13.347925036000047 ], [ 123.850739246000103, 13.354140749000067 ] ] ], [ [ [ 123.937694246000092, 13.324528238000029 ], [ 123.927279451000118, 13.306531816000074 ], [ 123.948613479000073, 13.306242279000058 ], [ 123.937694246000092, 13.324528238000029 ] ] ], [ [ [ 123.977121027000067, 13.291520552000067 ], [ 123.974634447000099, 13.283317575000071 ], [ 123.965986920000105, 13.280285960000066 ], [ 123.950985468000127, 13.29061577600004 ], [ 123.929821096000055, 13.286057735000043 ], [ 123.915166631000034, 13.286194613000077 ], [ 123.913133823000081, 13.274335149000024 ], [ 123.918304809, 13.260311084000023 ], [ 123.957510281000054, 13.231686705000071 ], [ 123.972457978000079, 13.232155538000029 ], [ 123.983893210000019, 13.236663143000044 ], [ 124.001363630000014, 13.222010157000057 ], [ 124.022366008000077, 13.216965371000072 ], [ 124.03881015900005, 13.218640185000027 ], [ 124.052163981000035, 13.22769569400003 ], [ 124.063846093000066, 13.239853340000021 ], [ 124.064939342000116, 13.250948633000061 ], [ 124.076175498000111, 13.25298086000004 ], [ 124.086105451000094, 13.260491645000055 ], [ 124.083711380000068, 13.267401418000073 ], [ 124.07451334200006, 13.271555696000064 ], [ 124.065188393000099, 13.269938498000041 ], [ 124.053869078000048, 13.278367106000076 ], [ 124.040560505000045, 13.27895073000008 ], [ 124.036737779000077, 13.260322448000066 ], [ 124.016768571000057, 13.284410512000019 ], [ 124.001714433000089, 13.286704579000059 ], [ 123.991736585000027, 13.261060653000071 ], [ 123.98297530100001, 13.261381213000053 ], [ 123.983200690000103, 13.274961564000021 ], [ 123.975913756000082, 13.281254258000049 ], [ 123.977121027000067, 13.291520552000067 ] ] ], [ [ [ 124.129907653000046, 13.236041439000076 ], [ 124.125237710000093, 13.227446823000037 ], [ 124.083033478000061, 13.212205017000031 ], [ 124.07711992200008, 13.203195288000073 ], [ 124.099001347000026, 13.189683735000074 ], [ 124.125942924000015, 13.184993563000033 ], [ 124.146141559000057, 13.187129072000062 ], [ 124.157051031000037, 13.180565597000056 ], [ 124.164694640000121, 13.181409396000049 ], [ 124.180497672000129, 13.173106918000032 ], [ 124.198261329000047, 13.173966368000038 ], [ 124.209629455000012, 13.169525778000036 ], [ 124.219494619000102, 13.179584489000032 ], [ 124.213966056000118, 13.18987201300007 ], [ 124.214486309000108, 13.19901217600005 ], [ 124.208097520000024, 13.207543222000027 ], [ 124.19420327100012, 13.216271395000033 ], [ 124.185890948000065, 13.216956469000024 ], [ 124.154588824000029, 13.231168857000055 ], [ 124.144816431000095, 13.228807074000031 ], [ 124.129907653000046, 13.236041439000076 ] ] ] ] } },
{ "type": "Feature", "properties": { "adm1_psgc": 500000000, "adm2_psgc": 501600000, "adm2_en": "Camarines Norte", "geo_level": "Prov", "len_crs": 670564, "area_crs": 2119744287, "len_km": 670, "area_km2": 2119 }, "geometry": { "type": "MultiPolygon", "coordinates": [ [ [ [ 122.950233189000073, 14.494021075000035 ], [ 122.941106099000095, 14.488586185000031 ], [ 122.937836369000024, 14.47409759100003 ], [ 122.931405425000094, 14.468080301000043 ], [ 122.909990723000078, 14.462113090000054 ], [ 122.899305513000044, 14.452170613000021 ], [ 122.910699961000091, 14.445029748000024 ], [ 122.922659599000085, 14.454771389000026 ], [ 122.935654120000095, 14.446503692000022 ], [ 122.944640386000074, 14.450117234000061 ], [ 122.93970171, 14.464753552000049 ], [ 122.951792539000053, 14.466416124000036 ], [ 122.948779367000043, 14.478768894000041 ], [ 122.958738282000027, 14.490192171000047 ], [ 122.950233189000073, 14.494021075000035 ] ] ], [ [ [ 122.940515556000022, 14.439536489000034 ], [ 122.937108572000071, 14.428359607000063 ], [ 122.943955060000022, 14.417953449000038 ], [ 122.954981678000081, 14.408583715000081 ], [ 122.970845005000129, 14.404431804000074 ], [ 122.976393004000116, 14.411711111000045 ], [ 122.954997917000014, 14.419351941000057 ], [ 122.942858245000025, 14.429807419000042 ], [ 122.940515556000022, 14.439536489000034 ] ] ], [ [ [ 123.060695567000039, 13.837581502000035 ], [ 123.058549092000035, 13.852731211000046 ], [ 123.069700744000102, 13.87637149300002 ], [ 123.087069766000027, 13.881587234000049 ], [ 123.094328059000063, 13.887687827000036 ], [ 123.089612229000053, 13.902657603000019 ], [ 123.092701049000084, 13.915382390000049 ], [ 123.087928530000099, 13.922626498000055 ], [ 123.082019590000058, 13.959125904000075 ], [ 123.087526838000045, 13.970407353000041 ], [ 123.07901614900004, 13.986595491000061 ], [ 123.056488911000073, 13.993950577000021 ], [ 123.046251739000013, 14.01202114600005 ], [ 123.031690309000069, 14.031097186000066 ], [ 123.029311150000026, 14.040984282000068 ], [ 123.029838746000124, 14.06022058800005 ], [ 123.032845262000038, 14.067434628000058 ], [ 123.048234090000051, 14.06841824700007 ], [ 123.040758212000028, 14.101350163000063 ], [ 123.031934002000085, 14.099974316000042 ], [ 123.023398678000049, 14.111869162000062 ], [ 123.011818750000074, 14.096905680000074 ], [ 123.010602768000012, 14.111396160000023 ], [ 123.002129304000036, 14.114826682000057 ], [ 122.988432106000118, 14.129168167000048 ], [ 122.978587969000046, 14.148256182000067 ], [ 122.965511456000058, 14.152154890000078 ], [ 122.953159311000036, 14.162961007000034 ], [ 122.937448590000045, 14.190606294000077 ], [ 122.913770836000026, 14.198238537000064 ], [ 122.911793021000108, 14.211425441000074 ], [ 122.915468064000038, 14.221458030000061 ], [ 122.9030396160001, 14.224149262000026 ], [ 122.887224705000108, 14.236454697000056 ], [ 122.863413883000021, 14.271056222000025 ], [ 122.854192683000079, 14.270031650000019 ], [ 122.848356194000075, 14.282123793000039 ], [ 122.826923400000055, 14.286220897000023 ], [ 122.820798851000063, 14.27598218500003 ], [ 122.803166568000066, 14.277364986000064 ], [ 122.798692785000071, 14.28840694200005 ], [ 122.791472674000033, 14.282062880000067 ], [ 122.78524974700008, 14.291551961000035 ], [ 122.79493724800011, 14.305316998000023 ], [ 122.781933040000013, 14.30755157100003 ], [ 122.77462077000007, 14.31996886400003 ], [ 122.764164606, 14.320258731000022 ], [ 122.750950417000013, 14.328071634000024 ], [ 122.73666771, 14.311547424000025 ], [ 122.72542166400001, 14.311396451000061 ], [ 122.713449489000027, 14.321473673000069 ], [ 122.715833059000033, 14.332628937000035 ], [ 122.712649190000093, 14.34021232900005 ], [ 122.693147280000062, 14.338422663000076 ], [ 122.688323197000059, 14.343925172000068 ], [ 122.668033388000026, 14.33690926800006 ], [ 122.676623711000062, 14.311144521000074 ], [ 122.693857325000081, 14.285379810000052 ], [ 122.682020716000011, 14.283689823000032 ], [ 122.663912127000103, 14.300403708000033 ], [ 122.647213372000024, 14.30244236200002 ], [ 122.638702291000072, 14.291568253000035 ], [ 122.614719876000095, 14.290681475000044 ], [ 122.597056326000029, 14.302618955000069 ], [ 122.597593441000072, 14.318786681000063 ], [ 122.569472101000102, 14.325547820000052 ], [ 122.538077422, 14.340147731000064 ], [ 122.529494654000032, 14.335669702000072 ], [ 122.522226194000055, 14.344271098000037 ], [ 122.509317408000015, 14.344450388000038 ], [ 122.515502588000118, 14.330017819000034 ], [ 122.526190929000109, 14.322273873000027 ], [ 122.512714803000122, 14.318313298000076 ], [ 122.503244965000022, 14.331020443000057 ], [ 122.494337828000099, 14.336679752000066 ], [ 122.4864149120001, 14.328632154000047 ], [ 122.469045840000049, 14.339656734000069 ], [ 122.465512904000107, 14.328110982000059 ], [ 122.458346260000113, 14.329449160000022 ], [ 122.45327977500007, 14.31861601200006 ], [ 122.435115158000016, 14.316387816000031 ], [ 122.430698777000103, 14.301042566000035 ], [ 122.418956497000082, 14.310201145000066 ], [ 122.414578198000072, 14.303192186000047 ], [ 122.412899086000039, 14.287142657000061 ], [ 122.393733936000118, 14.279170495000074 ], [ 122.384394863000026, 14.286956624000025 ], [ 122.372514210000077, 14.258798826000032 ], [ 122.360548754000106, 14.245757278000042 ], [ 122.368703625000066, 14.230777614000033 ], [ 122.379972753000075, 14.219927467000046 ], [ 122.379986233000068, 14.21366003500003 ], [ 122.35891979500002, 14.214793650000049 ], [ 122.35594786500009, 14.222552048000066 ], [ 122.34609708000005, 14.21790071400005 ], [ 122.348307264000027, 14.207497480000029 ], [ 122.356809712000086, 14.20398294300003 ], [ 122.356233295000052, 14.18874353800004 ], [ 122.344254657000079, 14.190289725000071 ], [ 122.349132921000091, 14.201012570000046 ], [ 122.341376733000061, 14.203263801000046 ], [ 122.332368148000114, 14.196939761000069 ], [ 122.337720447000024, 14.184416752000059 ], [ 122.335252934000081, 14.167794992000035 ], [ 122.33696313300004, 14.155423720000044 ], [ 122.352234983000017, 14.136298861000054 ], [ 122.346422478, 14.113234128000043 ], [ 122.340555153000082, 14.116789103000027 ], [ 122.331171489000099, 14.106660615000068 ], [ 122.31109409400004, 14.104277247000027 ], [ 122.301871570000131, 14.087203955000062 ], [ 122.298773571000083, 14.072661698000047 ], [ 122.326269994000086, 14.06270484200007 ], [ 122.340784797000083, 14.064244632000054 ], [ 122.362046616000057, 14.062866015000052 ], [ 122.383768560000021, 14.066641330000037 ], [ 122.39616586800004, 14.084713977000035 ], [ 122.408465781000018, 14.090570177000075 ], [ 122.422992406000063, 14.10809583200006 ], [ 122.432177964000076, 14.113516736000063 ], [ 122.43353581000008, 14.121447172000046 ], [ 122.446628514000039, 14.135111727000034 ], [ 122.451993636000111, 14.150213563000023 ], [ 122.538911374, 14.116739880000067 ], [ 122.613031625000076, 14.082416848000035 ], [ 122.641617517000086, 14.070068482000066 ], [ 122.706312298000057, 14.046433639000043 ], [ 122.71850226100004, 14.042740808000076 ], [ 122.771600067, 14.021161902000074 ], [ 122.792517997000132, 14.013752262000024 ], [ 122.844654264000056, 13.985588236000069 ], [ 122.852957629000116, 13.976679415000035 ], [ 122.891865466000027, 13.96438053000003 ], [ 122.903820231000054, 13.948699912000052 ], [ 122.900827756000012, 13.940135232000044 ], [ 122.921091691000015, 13.938515966000065 ], [ 122.928588713000053, 13.922099048000064 ], [ 122.941046036000117, 13.922882583000046 ], [ 122.956987061000063, 13.918252184000039 ], [ 122.993515002000095, 13.891340081000067 ], [ 123.060695567000039, 13.837581502000035 ] ] ], [ [ [ 123.05162313400001, 14.129265904000022 ], [ 123.067314583000098, 14.103751846000023 ], [ 123.067915847000108, 14.129314190000059 ], [ 123.05162313400001, 14.129265904000022 ] ] ], [ [ [ 123.105099619000043, 14.046707566000068 ], [ 123.094130050000103, 14.041936577000058 ], [ 123.103701978000117, 14.03314669400004 ], [ 123.113599652000048, 14.034704312000029 ], [ 123.105099619000043, 14.046707566000068 ] ] ] ] } },
{ "type": "Feature", "properties": { "adm1_psgc": 500000000, "adm2_psgc": 501700000, "adm2_en": "Camarines Sur", "geo_level": "Prov", "len_crs": 1370001, "area_crs": 5280741968, "len_km": 1370, "area_km2": 5280 }, "geometry": { "type": "MultiPolygon", "coordinates": [ [ [ [ 123.57775347900008, 13.969881650000046 ], [ 123.56381699300006, 13.96359436400007 ], [ 123.563950117000104, 13.952650506000053 ], [ 123.56884707200004, 13.944054347000074 ], [ 123.578163276000055, 13.953091984000025 ], [ 123.57775347900008, 13.969881650000046 ] ] ], [ [ [ 123.817959929000054, 13.978474025000024 ], [ 123.819038255, 13.95261780000004 ], [ 123.810311974000101, 13.94407877800006 ], [ 123.816691955000024, 13.939566267000032 ], [ 123.811928436000031, 13.929876818000023 ], [ 123.814098418000071, 13.909761982000076 ], [ 123.824416189000104, 13.910137045000058 ], [ 123.824682835000104, 13.897481867000065 ], [ 123.831397223000067, 13.889471456000026 ], [ 123.840354055000034, 13.898723352000047 ], [ 123.832573411000112, 13.937020803000053 ], [ 123.837927143000101, 13.945400489000068 ], [ 123.833799347000081, 13.952484860000029 ], [ 123.831266829000029, 13.976046637000023 ], [ 123.817959929000054, 13.978474025000024 ] ] ], [ [ [ 123.644272649000087, 13.978375624000021 ], [ 123.652768070000093, 13.965273413000038 ], [ 123.624317367000131, 13.958540497000055 ], [ 123.618268504000071, 13.949765132000039 ], [ 123.609870631000035, 13.946484841000029 ], [ 123.596372254000016, 13.933791730000054 ], [ 123.604670743000057, 13.924424032000045 ], [ 123.625119793000067, 13.906999281000028 ], [ 123.629931763000059, 13.914135901000067 ], [ 123.645980592000129, 13.917768732000066 ], [ 123.657510287000036, 13.934591940000075 ], [ 123.67225568100001, 13.937055670000062 ], [ 123.677889966000066, 13.950839866000022 ], [ 123.670577612000102, 13.965310405000027 ], [ 123.660670099000072, 13.960904785000022 ], [ 123.654294619000112, 13.97281502800007 ], [ 123.644272649000087, 13.978375624000021 ] ] ], [ [ [ 123.557958513000031, 13.993874875000072 ], [ 123.567982371000085, 13.975536957000031 ], [ 123.575107607000078, 13.982425021000042 ], [ 123.557958513000031, 13.993874875000072 ] ] ], [ [ [ 123.601250679000032, 13.522687456000027 ], [ 123.598269579000075, 13.537077894000049 ], [ 123.581811295000094, 13.546509452000064 ], [ 123.568553067000039, 13.562129624000018 ], [ 123.555456181000068, 13.558053430000031 ], [ 123.5383656, 13.558276147000072 ], [ 123.53131607000013, 13.566473659000053 ], [ 123.530047135000032, 13.576289767000047 ], [ 123.54813717400009, 13.595668501000034 ], [ 123.535701173, 13.61262255600008 ], [ 123.538502338000072, 13.638013302000042 ], [ 123.553640150000092, 13.676811336000073 ], [ 123.556384217000087, 13.687234364000064 ], [ 123.565811977000067, 13.705180841000072 ], [ 123.581674327000073, 13.726634114000033 ], [ 123.586918859000079, 13.729737583000029 ], [ 123.619565467000029, 13.723897221000072 ], [ 123.644632670000092, 13.714979232000076 ], [ 123.657714556000073, 13.707352935000074 ], [ 123.673191774000088, 13.721081325000055 ], [ 123.694514285000096, 13.71970830200007 ], [ 123.702363384, 13.712709668000057 ], [ 123.718006227000046, 13.708689456000057 ], [ 123.726880955000084, 13.711226886000077 ], [ 123.740538101000098, 13.705742708000056 ], [ 123.746736792000107, 13.708660623000071 ], [ 123.776185082000111, 13.698446303000026 ], [ 123.779993850000096, 13.69418922400007 ], [ 123.80189008800005, 13.688111903000047 ], [ 123.825733955000047, 13.692428557000028 ], [ 123.857418456000119, 13.718169260000026 ], [ 123.860251646000052, 13.730724251000026 ], [ 123.873970420000092, 13.73776063100007 ], [ 123.895625358000089, 13.726380380000023 ], [ 123.90875692900012, 13.730286707000062 ], [ 123.919510752000065, 13.727282095000021 ], [ 123.935692746000086, 13.735301922000076 ], [ 123.947399283000095, 13.725177187000044 ], [ 123.969443607000017, 13.725660673000046 ], [ 123.974866305000077, 13.738616299000059 ], [ 123.962117258000035, 13.752538973000071 ], [ 123.950999467000088, 13.75516656800005 ], [ 123.950021365000111, 13.768865022000057 ], [ 123.942472693000028, 13.776513489000022 ], [ 123.947011774000075, 13.786421776000054 ], [ 123.940841946000077, 13.79512832000006 ], [ 123.917673961000105, 13.791440430000023 ], [ 123.901246741000023, 13.795402525000039 ], [ 123.884460229000069, 13.803674569000064 ], [ 123.877443282000058, 13.816291364000048 ], [ 123.868198902000017, 13.825253592000026 ], [ 123.852026962000082, 13.815730501000074 ], [ 123.843428251000091, 13.815781523000055 ], [ 123.813445218000098, 13.829011733000071 ], [ 123.801831783000011, 13.840951049000068 ], [ 123.784173651000046, 13.84644504300007 ], [ 123.7799395400001, 13.858568097000047 ], [ 123.770988917000068, 13.85835141900003 ], [ 123.75497428300001, 13.868205066000028 ], [ 123.749484916000029, 13.883463893000055 ], [ 123.73354572400001, 13.899002239000025 ], [ 123.732397651000056, 13.91454939800008 ], [ 123.721905933, 13.934833673000069 ], [ 123.713030655000011, 13.932147498000061 ], [ 123.71683348800002, 13.920346048000058 ], [ 123.702557125000126, 13.912671634000047 ], [ 123.706550176000079, 13.899929518000022 ], [ 123.699241326000106, 13.884129269000026 ], [ 123.68284123300009, 13.879115421000048 ], [ 123.667984941000114, 13.883133890000067 ], [ 123.662142795, 13.890608228000074 ], [ 123.648300692, 13.890970170000061 ], [ 123.645973646000016, 13.883111060000033 ], [ 123.630831105000084, 13.888875563000054 ], [ 123.602907546000083, 13.894315245000028 ], [ 123.586175897000089, 13.908790636000049 ], [ 123.555993774000044, 13.921479068000052 ], [ 123.548606403, 13.929629789000046 ], [ 123.540534132000062, 13.917540440000041 ], [ 123.517210685000023, 13.91881076100003 ], [ 123.5167872090001, 13.930260511000025 ], [ 123.493793905000075, 13.920938182000041 ], [ 123.487586447000012, 13.925238213000055 ], [ 123.496664518000117, 13.933960309000039 ], [ 123.48612350400002, 13.941314587000022 ], [ 123.479222334000056, 13.952505478000035 ], [ 123.473216278000123, 13.952626210000062 ], [ 123.4541461230001, 13.96396913800004 ], [ 123.445149985000057, 13.949182237000057 ], [ 123.448530553000055, 13.920205390000033 ], [ 123.431507221000061, 13.925719080000022 ], [ 123.417751732000056, 13.933926278000056 ], [ 123.412651650000043, 13.985484341000074 ], [ 123.402650804000032, 13.994008541000026 ], [ 123.401521124000055, 14.00831168600007 ], [ 123.391237502000095, 14.013003990000072 ], [ 123.392695463000123, 14.027581400000027 ], [ 123.387864754, 14.034825162000061 ], [ 123.376018891000072, 14.021277974000041 ], [ 123.363525191, 14.017799514000046 ], [ 123.364028697000094, 14.010034564000021 ], [ 123.352255933000038, 14.005940200000053 ], [ 123.348828309000055, 14.010682921000065 ], [ 123.346699825000101, 14.029024838000053 ], [ 123.353710596000042, 14.037782408000052 ], [ 123.368617992000054, 14.038377953000063 ], [ 123.355399842000111, 14.053760537000075 ], [ 123.359375080000063, 14.074123605000068 ], [ 123.347195955000075, 14.092593657000066 ], [ 123.331710485000045, 14.092732726000063 ], [ 123.344375362000051, 14.080018800000062 ], [ 123.336556788000067, 14.068705516000021 ], [ 123.325085180000102, 14.066081313000037 ], [ 123.315483884000045, 14.071937087000038 ], [ 123.308659254000062, 14.045318631000043 ], [ 123.30019537200009, 14.049369751000029 ], [ 123.298451410000112, 14.056926528000076 ], [ 123.273502046000104, 14.073537784000052 ], [ 123.254840668000043, 14.072065475000045 ], [ 123.27340374500011, 14.056168033000063 ], [ 123.279140785000109, 14.039693759000045 ], [ 123.271363443000027, 14.032015133000071 ], [ 123.256274590000089, 14.025630246000047 ], [ 123.242605127000047, 14.031633931000044 ], [ 123.240092272000098, 14.025443293000025 ], [ 123.258621851000029, 14.019383165000022 ], [ 123.264221595000095, 14.010480119000022 ], [ 123.260402427000031, 14.003512615000034 ], [ 123.246327200000124, 13.999786749000066 ], [ 123.228492658000064, 14.002152021000033 ], [ 123.22806381700002, 13.98798017800004 ], [ 123.234255279000081, 13.975180675000045 ], [ 123.231996615000071, 13.968191365000049 ], [ 123.252100917000021, 13.964624524000044 ], [ 123.260151873000055, 13.958511990000034 ], [ 123.263344558000085, 13.948912325000034 ], [ 123.277569836000112, 13.946195457000044 ], [ 123.284631058000073, 13.932864109000036 ], [ 123.296283768000094, 13.929553759000042 ], [ 123.309277832000035, 13.930770393000044 ], [ 123.324590017000105, 13.962962376000064 ], [ 123.3369119030001, 13.97467940400003 ], [ 123.340855186000113, 13.971744131000039 ], [ 123.33959874300001, 13.955565174000069 ], [ 123.328492344000097, 13.936802208000072 ], [ 123.322282927000074, 13.935812343000066 ], [ 123.317274557000033, 13.922435767000023 ], [ 123.311319563000097, 13.921802582000053 ], [ 123.286053466000126, 13.891644698000052 ], [ 123.292153393000021, 13.88359278300004 ], [ 123.295501719000072, 13.871202432000075 ], [ 123.30776331900006, 13.859262074000069 ], [ 123.323293078, 13.819436554000047 ], [ 123.321294746000035, 13.801757607000066 ], [ 123.314903415000103, 13.788076406000073 ], [ 123.305329744000133, 13.779722119000038 ], [ 123.288058094000021, 13.770867767000025 ], [ 123.27634157500006, 13.750642450000043 ], [ 123.268798462000063, 13.745348787000069 ], [ 123.244291063000105, 13.736798253000073 ], [ 123.229322665000055, 13.729124393000063 ], [ 123.2053409990001, 13.72735375600007 ], [ 123.162335527000096, 13.730609504000025 ], [ 123.11508652200007, 13.728059541000048 ], [ 123.116434144000095, 13.737608255000051 ], [ 123.093875888000085, 13.745668638000042 ], [ 123.04756701700002, 13.773978055000043 ], [ 123.049844513000039, 13.821097523000043 ], [ 123.060695567000039, 13.837581502000035 ], [ 122.993515002000095, 13.891340081000067 ], [ 122.956987061000063, 13.918252184000039 ], [ 122.941046036000117, 13.922882583000046 ], [ 122.928588713000053, 13.922099048000064 ], [ 122.921091691000015, 13.938515966000065 ], [ 122.900827756000012, 13.940135232000044 ], [ 122.903820231000054, 13.948699912000052 ], [ 122.891865466000027, 13.96438053000003 ], [ 122.852957629000116, 13.976679415000035 ], [ 122.844654264000056, 13.985588236000069 ], [ 122.792517997000132, 14.013752262000024 ], [ 122.665220097000088, 13.983192314000064 ], [ 122.628325353000037, 13.972545667000075 ], [ 122.620150267000099, 13.967995488000044 ], [ 122.583873791000087, 13.961811396000028 ], [ 122.552414231000057, 13.947554817000027 ], [ 122.567147189000039, 13.937134659000035 ], [ 122.564837175000093, 13.926952761000054 ], [ 122.557341352000108, 13.925190435000047 ], [ 122.57103774200003, 13.902811205000036 ], [ 122.597030589000042, 13.895255462000023 ], [ 122.604702901000124, 13.899374442000063 ], [ 122.613885229000061, 13.895689229000023 ], [ 122.635113551000032, 13.876732098000049 ], [ 122.64307396300002, 13.863582722000046 ], [ 122.649543314000084, 13.861778515000028 ], [ 122.651275776000034, 13.850805381000042 ], [ 122.643031241000017, 13.843485027000042 ], [ 122.653199745000052, 13.82687168500007 ], [ 122.668853999000035, 13.810537683000062 ], [ 122.675734130000038, 13.810119790000046 ], [ 122.67894220900007, 13.826469204000034 ], [ 122.687304854000104, 13.826507319000026 ], [ 122.703987787000074, 13.816137381000029 ], [ 122.710437669000058, 13.820467851000046 ], [ 122.732289524000066, 13.812026611000022 ], [ 122.748864699000023, 13.796005327000046 ], [ 122.758853588000079, 13.791107138000029 ], [ 122.753802456000017, 13.783092560000053 ], [ 122.763589833000083, 13.778696082000069 ], [ 122.779541012000095, 13.764207882000049 ], [ 122.795633790000025, 13.757071967000059 ], [ 122.804968140000028, 13.749849160000053 ], [ 122.817300292000041, 13.747012829000028 ], [ 122.830895226000052, 13.736124777000047 ], [ 122.849548881000047, 13.710606004000052 ], [ 122.862020121000114, 13.68971127200007 ], [ 122.852393051000035, 13.678763138000022 ], [ 122.842818281000064, 13.682174589000057 ], [ 122.834020476000092, 13.670616633000064 ], [ 122.824407498000014, 13.64170255500005 ], [ 122.832514159000084, 13.639714566000066 ], [ 122.834369536000068, 13.629796746000068 ], [ 122.860124829000029, 13.606871930000066 ], [ 122.869683818000127, 13.601763830000039 ], [ 122.870738569000096, 13.594725648000065 ], [ 122.885165197000106, 13.587161030000059 ], [ 122.888212819000046, 13.57615427500002 ], [ 122.908544914000132, 13.570221324000043 ], [ 122.921240671000078, 13.556229787000062 ], [ 122.940332341000044, 13.552899487000047 ], [ 122.961122468000099, 13.541133435000061 ], [ 122.97320068800002, 13.523281412000072 ], [ 122.990595036000059, 13.520354040000027 ], [ 123.000965672000021, 13.522938082000053 ], [ 123.038781044000075, 13.501556891000064 ], [ 123.044383027000094, 13.508945179000021 ], [ 123.067841120000026, 13.498199472000067 ], [ 123.078779264000119, 13.48774246900007 ], [ 123.11582551100004, 13.475420252000049 ], [ 123.135879838000037, 13.464503751000054 ], [ 123.143147840000083, 13.454232880000063 ], [ 123.156479108000099, 13.456053425000052 ], [ 123.188443683000074, 13.434588865000025 ], [ 123.200745824000037, 13.418608176000074 ], [ 123.199228642000094, 13.407779237000055 ], [ 123.20666102000007, 13.392712311000025 ], [ 123.200839834000021, 13.388385794000044 ], [ 123.20850249800003, 13.370942306000073 ], [ 123.205707833, 13.357319532000075 ], [ 123.219820989000041, 13.334292116000029 ], [ 123.225339500000032, 13.331745277000035 ], [ 123.234355896, 13.313369110000055 ], [ 123.238503230000106, 13.290611229000035 ], [ 123.246323229000041, 13.286959527000022 ], [ 123.263724386000035, 13.267450680000026 ], [ 123.281273282000029, 13.258541065000031 ], [ 123.285223571000074, 13.269512651000069 ], [ 123.312251410000044, 13.287249039000073 ], [ 123.335551912000042, 13.294827203000068 ], [ 123.3526878670001, 13.306672606000062 ], [ 123.346254602000059, 13.316078251000022 ], [ 123.33571568, 13.318695996000029 ], [ 123.327183647000084, 13.327270271000032 ], [ 123.332920067000046, 13.347676081000031 ], [ 123.341401621000045, 13.357780860000046 ], [ 123.35230857900001, 13.358739036000031 ], [ 123.373471230000078, 13.348629537000024 ], [ 123.373170031000072, 13.33751864900006 ], [ 123.383933974000129, 13.336091727000051 ], [ 123.392595505000045, 13.341061079000042 ], [ 123.398797493000089, 13.334653747000059 ], [ 123.406455091000112, 13.347575831000029 ], [ 123.417581213000048, 13.352300169000044 ], [ 123.432802135000088, 13.363097290000042 ], [ 123.458546427000101, 13.367820793000021 ], [ 123.468027297000063, 13.363971094000023 ], [ 123.493835745000084, 13.361898781000036 ], [ 123.493796121000059, 13.344597269000076 ], [ 123.51239273900002, 13.346792858000072 ], [ 123.523703347000023, 13.352766140000028 ], [ 123.555611255000031, 13.354617189000066 ], [ 123.559349803000032, 13.360391644000057 ], [ 123.571505714000068, 13.365336622000026 ], [ 123.567988810000088, 13.371857841000063 ], [ 123.576213893000045, 13.378277725000034 ], [ 123.582431221000093, 13.395386389000063 ], [ 123.588063368000022, 13.422057589000076 ], [ 123.581292491000099, 13.448367139000023 ], [ 123.572689603000086, 13.458021292000069 ], [ 123.556642697000044, 13.469524604000071 ], [ 123.54544748100011, 13.485836639000068 ], [ 123.54328423700008, 13.501666299000018 ], [ 123.545608451000021, 13.516697864000035 ], [ 123.601250679000032, 13.522687456000027 ] ] ], [ [ [ 123.298805670000093, 14.128800049000059 ], [ 123.290413195000056, 14.122327985000025 ], [ 123.306420628000069, 14.111382064000054 ], [ 123.31398629000013, 14.098533596000037 ], [ 123.325869668000109, 14.098748714000067 ], [ 123.321498663000071, 14.115932045000022 ], [ 123.314100918, 14.123958863000043 ], [ 123.298805670000093, 14.128800049000059 ] ] ] ] } },
{ "type": "Feature", "properties": { "adm1_psgc": 500000000, "adm2_psgc": 502000000, "adm2_en": "Catanduanes", "geo_level": "Prov", "len_crs": 479965, "area_crs": 1460034357, "len_km": 479, "area_km2": 1460 }, "geometry": { "type": "MultiPolygon", "coordinates": [ [ [ [ 124.206233055000112, 14.100054783000074 ], [ 124.192556166000031, 14.088147639000056 ], [ 124.188187280000065, 14.075981977000025 ], [ 124.189656061000065, 14.067947529000035 ], [ 124.177251788000035, 14.060315551000032 ], [ 124.170372268000051, 14.050681378000034 ], [ 124.157620431000055, 14.049873715000043 ], [ 124.140877779000093, 14.063700932000073 ], [ 124.129161244000102, 14.059511283000063 ], [ 124.127097205000041, 14.048880841000031 ], [ 124.129722292000125, 14.029409969000028 ], [ 124.139715124000091, 14.01327862200003 ], [ 124.127588147000097, 14.00288639300004 ], [ 124.130720601000021, 13.995912050000072 ], [ 124.129178841000098, 13.97085429400005 ], [ 124.134828517000074, 13.963179944000045 ], [ 124.142422023000108, 13.943047077000076 ], [ 124.147518170000012, 13.936184676000039 ], [ 124.147170929000012, 13.911068650000061 ], [ 124.144393932000085, 13.899885352000069 ], [ 124.13106053500006, 13.883604488000058 ], [ 124.136772787000041, 13.870854916000042 ], [ 124.13757621100001, 13.854722379000062 ], [ 124.133380259000091, 13.836725525000077 ], [ 124.132876969000122, 13.82049255000004 ], [ 124.136108956000044, 13.797710867000031 ], [ 124.127349559000109, 13.77845727800007 ], [ 124.128271724000115, 13.768696247000035 ], [ 124.121755464000117, 13.752154167000072 ], [ 124.104504030000044, 13.739338787000065 ], [ 124.105300525000075, 13.725276284000074 ], [ 124.099716350000108, 13.712262449000034 ], [ 124.090591326000094, 13.70033067600002 ], [ 124.06396273900009, 13.693329240000025 ], [ 124.057653639000023, 13.684057274000054 ], [ 124.046988260000035, 13.677533347000061 ], [ 124.04536680800004, 13.671422044000053 ], [ 124.024436880000053, 13.664490482000074 ], [ 124.040953153000046, 13.635123451000027 ], [ 124.056675928000104, 13.619814695000057 ], [ 124.057329531000065, 13.596064353000033 ], [ 124.068935639000074, 13.604173915000047 ], [ 124.09594956300009, 13.598276601000064 ], [ 124.105823691000069, 13.593534844000031 ], [ 124.124059054000099, 13.578168798000034 ], [ 124.137319854000125, 13.574512147000064 ], [ 124.14380605100007, 13.567936287000068 ], [ 124.147620757000013, 13.55584983500006 ], [ 124.164712014000088, 13.53896340000006 ], [ 124.185066373000055, 13.522798058000033 ], [ 124.210117491000133, 13.518389021000074 ], [ 124.214651304000085, 13.523537751000051 ], [ 124.20590536300007, 13.54295626900006 ], [ 124.21308117, 13.562063805000035 ], [ 124.234626644000059, 13.582410158000069 ], [ 124.247373518000018, 13.590502482000032 ], [ 124.274048662000041, 13.595806451000042 ], [ 124.297145764000106, 13.593258200000033 ], [ 124.311871094000011, 13.588708334000048 ], [ 124.313137761, 13.575020781000035 ], [ 124.326384365000081, 13.557551820000068 ], [ 124.34310525, 13.572501517000033 ], [ 124.344055555000082, 13.592756129000065 ], [ 124.350330367000083, 13.605391854000063 ], [ 124.344294143000056, 13.623047924000046 ], [ 124.34884962600006, 13.627643166000041 ], [ 124.341941893, 13.640050556000062 ], [ 124.347158404000098, 13.648693064000041 ], [ 124.356244010000083, 13.650098842000034 ], [ 124.362251239000102, 13.657881859000042 ], [ 124.377764371000012, 13.659547165000047 ], [ 124.378511972000069, 13.646600778000051 ], [ 124.389866878000035, 13.655477328000075 ], [ 124.409205640000096, 13.660349758000052 ], [ 124.410831039000058, 13.684505591000059 ], [ 124.389087513000064, 13.691667916000027 ], [ 124.396755259000088, 13.70393221300003 ], [ 124.385065348000012, 13.711425806000019 ], [ 124.390981673000056, 13.71915040500005 ], [ 124.388121126000115, 13.729259789000027 ], [ 124.400556944000087, 13.739349988000068 ], [ 124.395881350000096, 13.75099432200005 ], [ 124.407280335000124, 13.750708709000035 ], [ 124.401351154000068, 13.769317762000071 ], [ 124.393297856000117, 13.775752871000066 ], [ 124.408831294000052, 13.784466219000022 ], [ 124.414446092000063, 13.781283977000042 ], [ 124.41371334300004, 13.811656851000066 ], [ 124.407684615000122, 13.823502847000043 ], [ 124.414784619000088, 13.834536498000036 ], [ 124.399882766000019, 13.839164935000042 ], [ 124.40958336300001, 13.848221361000071 ], [ 124.421224536000082, 13.846954354000044 ], [ 124.415863430000044, 13.858329317000027 ], [ 124.400530180000032, 13.857726107000074 ], [ 124.412575775000064, 13.869317030000047 ], [ 124.401405965000095, 13.874554457000045 ], [ 124.395659165000112, 13.883948691000057 ], [ 124.386523121000096, 13.877331076000074 ], [ 124.384605426000022, 13.892885675000057 ], [ 124.364062167000043, 13.89680463900004 ], [ 124.354223804000085, 13.909274554000032 ], [ 124.355531191000082, 13.923889580000036 ], [ 124.35178777200008, 13.937153583000052 ], [ 124.334963816000041, 13.936987011000042 ], [ 124.320735550000123, 13.910057338000058 ], [ 124.309274916000064, 13.918434579000063 ], [ 124.309799760000033, 13.931660511000075 ], [ 124.300377396000044, 13.943327452000061 ], [ 124.287270806000038, 13.941839185000051 ], [ 124.282167344000058, 13.958934525000076 ], [ 124.279465358000024, 13.998246454000027 ], [ 124.270684724000034, 14.015108987000076 ], [ 124.259446088000118, 14.018698411000059 ], [ 124.264649911000106, 14.028612724000025 ], [ 124.251569031000031, 14.039069706000078 ], [ 124.249197654000113, 14.04921027000006 ], [ 124.222610327000098, 14.074101137000069 ], [ 124.215227665000057, 14.078726213000039 ], [ 124.211784335000047, 14.094128174000049 ], [ 124.206233055000112, 14.100054783000074 ] ] ], [ [ [ 124.047396975000083, 14.013784642000074 ], [ 124.043792971000016, 14.029429330000028 ], [ 124.034739196000032, 14.02674539700007 ], [ 124.037393610000095, 14.018571988000073 ], [ 124.047396975000083, 14.013784642000074 ] ] ], [ [ [ 124.326270714000088, 13.987023343000034 ], [ 124.323532537000119, 13.975151894000021 ], [ 124.311210594000045, 13.979017297000041 ], [ 124.313430269000051, 13.968361761000038 ], [ 124.309456205000075, 13.960471262000052 ], [ 124.321468834000044, 13.953390123000077 ], [ 124.326785366000081, 13.94131120900005 ], [ 124.34249568000007, 13.942154280000064 ], [ 124.354631491000077, 13.951619231000054 ], [ 124.345574190000079, 13.958071780000068 ], [ 124.34627687800004, 13.964825527000073 ], [ 124.334140405000085, 13.970891754000032 ], [ 124.326270714000088, 13.987023343000034 ] ] ] ] } },
{ "type": "Feature", "properties": { "adm1_psgc": 500000000, "adm2_psgc": 504100000, "adm2_en": "Masbate", "geo_level": "Prov", "len_crs": 1382930, "area_crs": 3986492499, "len_km": 1382, "area_km2": 3986 }, "geometry": { "type": "MultiPolygon", "coordinates": [ [ [ [ 122.887242330000049, 13.140168842000035 ], [ 122.895412643000114, 13.146860223000035 ], [ 122.870208077000029, 13.153634098000055 ], [ 122.871066478000103, 13.145131240000069 ], [ 122.887242330000049, 13.140168842000035 ] ] ], [ [ [ 123.384706373000071, 12.693603422000024 ], [ 123.375410499000054, 12.717705351000063 ], [ 123.36408224700007, 12.72661355200006 ], [ 123.345365054000027, 12.746659622000035 ], [ 123.338111688000026, 12.748262347000034 ], [ 123.32756066900005, 12.771797507000029 ], [ 123.318933404000049, 12.781200027000068 ], [ 123.30858795000006, 12.781257613000038 ], [ 123.305328606000103, 12.793216669000062 ], [ 123.286954551, 12.819855407000036 ], [ 123.285567725000078, 12.835141752000023 ], [ 123.279843386000039, 12.844273437000023 ], [ 123.283020337000039, 12.855023499000025 ], [ 123.276131733000057, 12.867321799000022 ], [ 123.280626106000128, 12.874941484000033 ], [ 123.277476673000038, 12.888033419000065 ], [ 123.268578759000107, 12.895622970000034 ], [ 123.231069473000048, 12.910972345000063 ], [ 123.225299821000021, 12.905995773000031 ], [ 123.211459287000039, 12.909417980000061 ], [ 123.19994791200007, 12.908075910000035 ], [ 123.17965743100001, 12.917223771000071 ], [ 123.167440757, 12.938771369000051 ], [ 123.162120086000073, 12.941120559000069 ], [ 123.15783960400006, 12.962234738000062 ], [ 123.143145897000068, 12.970764771000061 ], [ 123.145904959000063, 12.980772013000031 ], [ 123.135449258000108, 13.005504754000073 ], [ 123.124542703000088, 13.021964314000058 ], [ 123.114152593000071, 13.032648238000036 ], [ 123.10709721700006, 13.028452009000032 ], [ 123.096907038000026, 13.047956072000035 ], [ 123.096028496000045, 13.061543330000063 ], [ 123.091239402000042, 13.063781642000038 ], [ 123.081573904000038, 13.080679215000032 ], [ 123.064918597000101, 13.099862079000046 ], [ 123.055016853000097, 13.118644455000037 ], [ 123.048092134000072, 13.121594924000021 ], [ 123.044817519000063, 13.135474984000039 ], [ 123.031051743000035, 13.13963452100006 ], [ 123.015890676000012, 13.135860482000055 ], [ 123.00466859900007, 13.147718922000024 ], [ 122.990220522000072, 13.156166976000064 ], [ 122.984620610000093, 13.143650717000067 ], [ 122.975272168000075, 13.132291218000031 ], [ 122.962124287000066, 13.124383794000035 ], [ 122.945627978000047, 13.122734372000023 ], [ 122.928515989000061, 13.112618472000065 ], [ 122.9295607050001, 13.10846721900003 ], [ 122.945417963000054, 13.094740252000063 ], [ 122.957384458000107, 13.090179440000043 ], [ 122.950795940000035, 13.07818560100003 ], [ 122.943211815000055, 13.054503160000021 ], [ 122.951437087000045, 13.031613193000055 ], [ 122.961380292000058, 13.033921937000061 ], [ 122.963386827000036, 13.026249918000074 ], [ 122.978197786, 13.010110225000062 ], [ 122.985873344000098, 13.006291934000044 ], [ 123.009742343000084, 13.008734116000026 ], [ 123.02744423, 12.998240803000046 ], [ 123.063921310000083, 12.998414290000026 ], [ 123.068606584, 12.992061537000039 ], [ 123.065635116000067, 12.977884245000043 ], [ 123.078060440000058, 12.957175832000077 ], [ 123.096472101000018, 12.943510826000024 ], [ 123.104390696000095, 12.945372657000062 ], [ 123.109543033000037, 12.935718670000025 ], [ 123.108283878000066, 12.927697160000033 ], [ 123.117200921000062, 12.922036126000023 ], [ 123.121199224000065, 12.912878259000024 ], [ 123.147795621000128, 12.904899631000037 ], [ 123.140314285000059, 12.899045917000024 ], [ 123.14959190400009, 12.888671887000045 ], [ 123.161053120000034, 12.889835910000045 ], [ 123.174115841000116, 12.88120722600007 ], [ 123.184759356000086, 12.861526672000025 ], [ 123.198192566000102, 12.844430862000024 ], [ 123.211837289000059, 12.847812968000026 ], [ 123.218886567000013, 12.836217513000063 ], [ 123.242194439000073, 12.83886117600002 ], [ 123.263529956000085, 12.830761663000031 ], [ 123.267942420000054, 12.814291983000031 ], [ 123.277716502000089, 12.812501802000043 ], [ 123.290843880000011, 12.800633883000048 ], [ 123.292148349000058, 12.790193560000032 ], [ 123.302725157000069, 12.782768516000033 ], [ 123.309896316000049, 12.770158046000059 ], [ 123.312175499000091, 12.751887519000036 ], [ 123.322465113000035, 12.742285312000034 ], [ 123.335770643000046, 12.72086180600007 ], [ 123.346736782000107, 12.713387222000051 ], [ 123.357645221000084, 12.697592148000068 ], [ 123.370547793000028, 12.693764529000077 ], [ 123.384706373000071, 12.693603422000024 ] ] ], [ [ [ 122.958990991000064, 13.129141992000029 ], [ 122.963904464000052, 13.135817862000067 ], [ 122.972338800000102, 13.135320679000072 ], [ 122.978554971000108, 13.142999261000055 ], [ 122.976070833000108, 13.157361045000071 ], [ 122.947094001000096, 13.139884093000035 ], [ 122.958990991000064, 13.129141992000029 ] ] ], [ [ [ 123.601689148000091, 12.67526867400005 ], [ 123.611661691000108, 12.645019359000061 ], [ 123.595170892000056, 12.640706150000026 ], [ 123.582454928000061, 12.641714084000055 ], [ 123.584930955000118, 12.627800735000049 ], [ 123.595292054000069, 12.605218554000029 ], [ 123.611350611000034, 12.607054070000061 ], [ 123.609966184000086, 12.600587989000074 ], [ 123.614129618000106, 12.583385283000037 ], [ 123.621991528000066, 12.573316783000053 ], [ 123.625112709000064, 12.559387839000065 ], [ 123.634784472000092, 12.542179080000038 ], [ 123.649497968000105, 12.532593692000033 ], [ 123.652668756000025, 12.522066442000041 ], [ 123.663472383000112, 12.51154333900007 ], [ 123.665182702000038, 12.498698791000036 ], [ 123.670633827000074, 12.491137888000024 ], [ 123.687019739000107, 12.480049296000059 ], [ 123.683791149000044, 12.464685431000021 ], [ 123.699960732, 12.44858396600006 ], [ 123.708569490000045, 12.435457292000024 ], [ 123.723617579, 12.42163121700003 ], [ 123.724782663000056, 12.406942553000022 ], [ 123.738394249000081, 12.397683587000072 ], [ 123.766821610000065, 12.367186939000021 ], [ 123.788193073000102, 12.339109320000036 ], [ 123.795888304000073, 12.350168796000045 ], [ 123.800198565000073, 12.371638726000068 ], [ 123.784565604000022, 12.379970140000072 ], [ 123.793201843000034, 12.389253420000045 ], [ 123.791318362000084, 12.409881351000022 ], [ 123.782754949000051, 12.420684017000038 ], [ 123.769565335000038, 12.46541102300006 ], [ 123.772376010000016, 12.476287225000023 ], [ 123.764970873000038, 12.481637478000039 ], [ 123.770021825000072, 12.492428342000037 ], [ 123.75518514700002, 12.517938958000057 ], [ 123.748517104000044, 12.537869067000033 ], [ 123.740465045000064, 12.554273675000047 ], [ 123.736259355, 12.570395805000034 ], [ 123.724368964000078, 12.569288930000027 ], [ 123.735632067000111, 12.583876451000036 ], [ 123.725326236000114, 12.614558064000049 ], [ 123.708636101000025, 12.616975014000047 ], [ 123.708898648000059, 12.624727553000069 ], [ 123.692046798000092, 12.638379908000047 ], [ 123.680378144000088, 12.643381230000044 ], [ 123.661659497000073, 12.64481613200007 ], [ 123.644015291000088, 12.663063909000073 ], [ 123.624915269000113, 12.693712492000031 ], [ 123.612116300000039, 12.688173737000056 ], [ 123.601689148000091, 12.67526867400005 ] ] ], [ [ [ 124.063437606000093, 11.720654878000063 ], [ 124.073560777000012, 11.73010143400006 ], [ 124.073274685000115, 11.747279479000042 ], [ 124.059329008000077, 11.775614324000058 ], [ 124.055807307000023, 11.787634757000033 ], [ 124.055885032000106, 11.804851029000075 ], [ 124.067453584000091, 11.828355698000051 ], [ 124.065482637000059, 11.835399188000052 ], [ 124.070090330000099, 11.852563588000065 ], [ 124.055865619000087, 11.873086117000071 ], [ 124.053631882000104, 11.88069592100004 ], [ 124.037181846000053, 11.90619544300006 ], [ 124.029568659, 11.923507222000069 ], [ 124.027987405000104, 11.940666770000064 ], [ 124.010048868000027, 11.959808234000036 ], [ 124.010545905000086, 11.968999223000024 ], [ 123.999377450000125, 11.977588413000033 ], [ 123.994546052000047, 11.994327824000038 ], [ 124.000906601000125, 11.999474697000036 ], [ 123.998378156000072, 12.012008364000049 ], [ 124.009103938000067, 12.012010700000074 ], [ 124.014849372000072, 12.005388508000063 ], [ 124.017730073000067, 11.985183773000076 ], [ 124.029264228000102, 11.975884512000047 ], [ 124.051180518000024, 11.949328091000041 ], [ 124.051723776000017, 11.968941248000021 ], [ 124.045353629000047, 11.974850859000071 ], [ 124.027291798000064, 12.004004240000031 ], [ 124.006276133000043, 12.023990409000019 ], [ 123.990271575000065, 12.051445467000065 ], [ 123.969325623000032, 12.093504038000049 ], [ 123.949853485000062, 12.110325450000062 ], [ 123.946365817000029, 12.122290480000061 ], [ 123.93363011800011, 12.140999360000023 ], [ 123.920895365000106, 12.150191915000049 ], [ 123.909332051000106, 12.167584265000073 ], [ 123.912095064000027, 12.179788663000068 ], [ 123.898226555000065, 12.193380635000038 ], [ 123.895940970000069, 12.207088485000043 ], [ 123.881523244000064, 12.219732537000025 ], [ 123.872146362000095, 12.221591475000027 ], [ 123.865390400000038, 12.213555920000029 ], [ 123.868699328000048, 12.199879599000038 ], [ 123.853230898000106, 12.195024155000054 ], [ 123.838948887, 12.217435254000064 ], [ 123.823174667000117, 12.235991155000024 ], [ 123.808634526000105, 12.243858590000059 ], [ 123.799090273000061, 12.243862799000052 ], [ 123.787165966000103, 12.236390905000064 ], [ 123.78104690400005, 12.226152313000057 ], [ 123.791336505000132, 12.203001804000051 ], [ 123.783156942000119, 12.195272345000037 ], [ 123.757517307000057, 12.234548172000077 ], [ 123.755529030000048, 12.246077221000062 ], [ 123.744420962000049, 12.252371287000072 ], [ 123.739181765000026, 12.267017452000067 ], [ 123.730097019000041, 12.274533656000072 ], [ 123.709752449, 12.307329472000049 ], [ 123.696750077000047, 12.330615729000042 ], [ 123.672052878000045, 12.347813817000034 ], [ 123.655962777000028, 12.340031054000066 ], [ 123.64045447500007, 12.349951232000022 ], [ 123.632645602000011, 12.360788640000067 ], [ 123.637498371000106, 12.373304525000037 ], [ 123.624961206000094, 12.379024548000073 ], [ 123.598904706000098, 12.355323230000067 ], [ 123.588816885000028, 12.35219302100006 ], [ 123.585569147000101, 12.36965258500004 ], [ 123.594446711000046, 12.386253243000057 ], [ 123.592738676000067, 12.396279745000074 ], [ 123.580698441000095, 12.406962412000041 ], [ 123.571250348000035, 12.410351674000026 ], [ 123.562029839000047, 12.452699861000042 ], [ 123.554663560000094, 12.462505519000045 ], [ 123.544520195000018, 12.457373072000054 ], [ 123.523170770000092, 12.455556054000056 ], [ 123.502312450000105, 12.475625722000077 ], [ 123.496345515000016, 12.476065325000034 ], [ 123.47426219700003, 12.48907081700003 ], [ 123.465777985000045, 12.501694230000057 ], [ 123.443614428000032, 12.51693667300003 ], [ 123.403359953000063, 12.522411757000043 ], [ 123.397748053000115, 12.513164267000034 ], [ 123.37509545500005, 12.508191571000054 ], [ 123.374750456, 12.47379334300007 ], [ 123.347523157000083, 12.456067999000028 ], [ 123.345530179000093, 12.441537332000053 ], [ 123.325025786000083, 12.442132464000053 ], [ 123.33165936200011, 12.449884737000048 ], [ 123.322662709000042, 12.46083746000005 ], [ 123.32529063700008, 12.470050879000041 ], [ 123.34545686100013, 12.476880742000048 ], [ 123.347582402000072, 12.483253899000033 ], [ 123.359089150000045, 12.480401283000049 ], [ 123.359601409000106, 12.494221784000045 ], [ 123.354135559000042, 12.504536561000064 ], [ 123.352989100000073, 12.517932735000045 ], [ 123.344183491000081, 12.519444090000034 ], [ 123.339557692000085, 12.53644437200006 ], [ 123.345269053000038, 12.541773211000075 ], [ 123.361115643000062, 12.540263745000061 ], [ 123.364760602000047, 12.545554228000071 ], [ 123.345998266000038, 12.551286360000065 ], [ 123.319763603000084, 12.57136421800004 ], [ 123.304544649000036, 12.578543344000026 ], [ 123.284748559000022, 12.573387832000039 ], [ 123.265574222000069, 12.589935192000043 ], [ 123.245214583, 12.600165215000059 ], [ 123.234058853000093, 12.58941899900003 ], [ 123.249718793000056, 12.561486151000054 ], [ 123.241402471000015, 12.561164634000022 ], [ 123.24988533900013, 12.521087799000043 ], [ 123.247289397000031, 12.514370605000071 ], [ 123.250823696000111, 12.502664931000027 ], [ 123.25221668800009, 12.471496225000065 ], [ 123.251032850000115, 12.456963547000043 ], [ 123.255401753000115, 12.45288593600003 ], [ 123.270208953000051, 12.45759988000003 ], [ 123.279034513000042, 12.427603680000059 ], [ 123.287632958000032, 12.421307737000062 ], [ 123.285149107000066, 12.41050957200002 ], [ 123.279146285000039, 12.404833717000029 ], [ 123.271734249000033, 12.381541303000061 ], [ 123.259296002000042, 12.376954759000059 ], [ 123.265124398000012, 12.366088268000055 ], [ 123.266885967, 12.333857051000049 ], [ 123.257595238000022, 12.321521469000059 ], [ 123.24629867900002, 12.301440895000042 ], [ 123.243298079000041, 12.289471159000072 ], [ 123.235349857000074, 12.280727389000049 ], [ 123.227715047000061, 12.279396516000077 ], [ 123.222767144000045, 12.266754035000078 ], [ 123.225805309000066, 12.247114767000026 ], [ 123.21699576900005, 12.238999227000022 ], [ 123.218022391000105, 12.231889557000045 ], [ 123.227777629000116, 12.217013383000049 ], [ 123.240115704000118, 12.22177250800007 ], [ 123.250401228000101, 12.236079446000073 ], [ 123.261697462000029, 12.246068080000043 ], [ 123.274991855000053, 12.237701964000051 ], [ 123.285467823000076, 12.219182518000023 ], [ 123.295123152000102, 12.225072889000048 ], [ 123.301044709000053, 12.215883112000027 ], [ 123.288379294000038, 12.198837501000067 ], [ 123.282592760000071, 12.212837313000021 ], [ 123.269594478000059, 12.198173413000061 ], [ 123.267769035000015, 12.185458032000042 ], [ 123.276521962000061, 12.182032955000066 ], [ 123.282203929000048, 12.170487019000062 ], [ 123.273308683000096, 12.160288930000036 ], [ 123.251884308000072, 12.149535141000056 ], [ 123.241425550000045, 12.135507668000061 ], [ 123.249431161000061, 12.129390113000056 ], [ 123.246788340000094, 12.121699401000058 ], [ 123.23099865800009, 12.120005216000036 ], [ 123.226015240000038, 12.131935769000052 ], [ 123.219542233000098, 12.132561428000031 ], [ 123.21227336700008, 12.11575808200007 ], [ 123.2102547920001, 12.094165194000023 ], [ 123.205417079000085, 12.084762237000065 ], [ 123.206247497000049, 12.06176268300004 ], [ 123.20101158500006, 12.050291101000028 ], [ 123.19193492700002, 12.042170105000027 ], [ 123.195858890000068, 12.026605274000076 ], [ 123.192076616000023, 12.011461610000024 ], [ 123.182270845000062, 12.003374440000073 ], [ 123.156302504000109, 11.961742104000049 ], [ 123.157536704000108, 11.954135274000066 ], [ 123.143773184000111, 11.936100798000041 ], [ 123.142534823000119, 11.93036259400003 ], [ 123.151020503000055, 11.921750471000054 ], [ 123.159775437000022, 11.905933180000035 ], [ 123.166422475000118, 11.904045479000047 ], [ 123.179292474000022, 11.912399487000071 ], [ 123.185178288000074, 11.925468232000071 ], [ 123.210551982000084, 11.950305557000037 ], [ 123.230741348000038, 11.958021725000039 ], [ 123.24192439400008, 11.96785712500002 ], [ 123.253208026000053, 11.985174767000045 ], [ 123.253002681000126, 11.99011243700005 ], [ 123.267006054000021, 12.008331653000026 ], [ 123.277754035000029, 12.016399588000068 ], [ 123.289638903000096, 12.017345651000028 ], [ 123.302049231000069, 12.028500114000051 ], [ 123.314174359000049, 12.054961752000054 ], [ 123.324280884000032, 12.070331540000039 ], [ 123.335499776, 12.094012758000078 ], [ 123.356763353000034, 12.099134853000066 ], [ 123.371414254000115, 12.111872728000035 ], [ 123.374776057000091, 12.121829190000028 ], [ 123.397531054000055, 12.152558685000031 ], [ 123.400276527000074, 12.160139786000057 ], [ 123.418746031000069, 12.180384770000046 ], [ 123.427240487000049, 12.19969145500005 ], [ 123.451561059000028, 12.210152961000061 ], [ 123.485443828000029, 12.210787135000027 ], [ 123.488325274000104, 12.216568280000047 ], [ 123.510998761000096, 12.216769222000037 ], [ 123.532293123000045, 12.21283009800004 ], [ 123.564645393000092, 12.181642447000057 ], [ 123.56689092900001, 12.16746712500003 ], [ 123.590818953000053, 12.144613453000032 ], [ 123.594301429000097, 12.131166677000067 ], [ 123.613112364000017, 12.093293615000052 ], [ 123.600154139000111, 12.079608387000063 ], [ 123.603504113000099, 12.074084062000052 ], [ 123.627655621000031, 12.070394646000068 ], [ 123.641279200000113, 12.070616406000054 ], [ 123.641890116, 12.062940054000022 ], [ 123.655085633000127, 12.042834139000036 ], [ 123.684923212000072, 12.025534357000026 ], [ 123.703367976000095, 12.016986373000064 ], [ 123.714375742000016, 12.005898494000062 ], [ 123.730245829000069, 11.985598809000068 ], [ 123.727900262000048, 11.974290036000072 ], [ 123.715317513000059, 11.962930950000041 ], [ 123.713906732000069, 11.954249259000052 ], [ 123.728470794000032, 11.945029728000065 ], [ 123.721802013000115, 11.931963258000053 ], [ 123.730613866000127, 11.930548101000054 ], [ 123.746697445000109, 11.922167869000077 ], [ 123.76823506400001, 11.927181095000037 ], [ 123.779050608000048, 11.921128085000019 ], [ 123.791555853000091, 11.922524850000057 ], [ 123.838709142000084, 11.909778483000027 ], [ 123.862261741000125, 11.898029414000064 ], [ 123.881919814000085, 11.884106036000048 ], [ 123.897125992000056, 11.866389936000074 ], [ 123.918743436000128, 11.86679444900005 ], [ 123.9401848870001, 11.851010516000031 ], [ 123.948862413000043, 11.840940144000058 ], [ 123.97794824100005, 11.823292618000037 ], [ 123.982653351000067, 11.813819106000038 ], [ 123.992018216000034, 11.807161912000025 ], [ 124.009895893000021, 11.788278846000027 ], [ 124.024890547000027, 11.760718764000043 ], [ 124.027228439000055, 11.752615975000026 ], [ 124.040619009, 11.736403387000053 ], [ 124.053872675000093, 11.724139117000048 ], [ 124.063437606000093, 11.720654878000063 ] ] ], [ [ [ 123.245770487000073, 12.384277778000069 ], [ 123.233613132000073, 12.371049595000047 ], [ 123.241736366000055, 12.366049261000057 ], [ 123.252226004000036, 12.380389456000044 ], [ 123.245770487000073, 12.384277778000069 ] ] ], [ [ [ 123.844335383000058, 12.254019270000072 ], [ 123.843394461000116, 12.250585483000066 ], [ 123.862883475000103, 12.229437525000037 ], [ 123.866107007000096, 12.240287638000042 ], [ 123.860456060000047, 12.246072647000062 ], [ 123.844335383000058, 12.254019270000072 ] ] ], [ [ [ 123.261915685000091, 12.191971138000044 ], [ 123.252099918000113, 12.179403697000053 ], [ 123.237943499000053, 12.174856889000065 ], [ 123.238375486000109, 12.169386794000049 ], [ 123.254709754000046, 12.171443593000044 ], [ 123.261915685000091, 12.191971138000044 ] ] ], [ [ [ 123.672308819, 11.871996177000028 ], [ 123.675667402000059, 11.887066993000078 ], [ 123.673969203000084, 11.901913307000029 ], [ 123.661844606000045, 11.90459135100002 ], [ 123.658382071000119, 11.895047294000049 ], [ 123.660656078000088, 11.880064959000036 ], [ 123.672308819, 11.871996177000028 ] ] ], [ [ [ 124.088338387000036, 11.867877313000065 ], [ 124.096521107000072, 11.872166688000046 ], [ 124.088241287000088, 11.882196575000023 ], [ 124.080895718000093, 11.875277926000026 ], [ 124.088338387000036, 11.867877313000065 ] ] ], [ [ [ 123.129012058000043, 11.838778287000027 ], [ 123.141914943000074, 11.853683909000042 ], [ 123.136627292000085, 11.860854220000022 ], [ 123.122423106000042, 11.857970335000061 ], [ 123.117867740000079, 11.852341683000077 ], [ 123.118596367, 11.837503573000049 ], [ 123.129012058000043, 11.838778287000027 ] ] ] ] } },
{ "type": "Feature", "properties": { "adm1_psgc": 500000000, "adm2_psgc": 506200000, "adm2_en": "Sorsogon", "geo_level": "Prov", "len_crs": 707760, "area_crs": 1985336553, "len_km": 707, "area_km2": 1985 }, "geometry": { "type": "MultiPolygon", "coordinates": [ [ [ [ 123.482265700000085, 12.988444596000024 ], [ 123.493268015, 12.982890014000075 ], [ 123.498642803000067, 12.972962504000062 ], [ 123.532682529000098, 12.93740772700005 ], [ 123.535409579000103, 12.947913683000021 ], [ 123.543999096000121, 12.950059346000046 ], [ 123.555977349000045, 12.946071962000076 ], [ 123.564179676000094, 12.93882951900002 ], [ 123.593603345000034, 12.902323789000032 ], [ 123.620806862000109, 12.897836895000067 ], [ 123.635294371000114, 12.887476989000046 ], [ 123.652751904000084, 12.870512329000062 ], [ 123.658934970000018, 12.889977803000024 ], [ 123.651967094000057, 12.898522215000067 ], [ 123.662135643000056, 12.917684413000071 ], [ 123.679005173000064, 12.921907341000063 ], [ 123.690573788000052, 12.919089575000045 ], [ 123.677895130000024, 12.901711466000048 ], [ 123.682294536000086, 12.876126518000033 ], [ 123.694933670000083, 12.866718129000047 ], [ 123.698876903000027, 12.875910347000058 ], [ 123.688370430000091, 12.886821249000034 ], [ 123.698471707000081, 12.889805605000051 ], [ 123.716953562000072, 12.884538500000073 ], [ 123.728758166000034, 12.870047633000068 ], [ 123.723788674000048, 12.860138614000046 ], [ 123.733966646000113, 12.845356693000042 ], [ 123.744297923000104, 12.845886503000031 ], [ 123.763315825000078, 12.867160750000041 ], [ 123.762401785000066, 12.875350942000068 ], [ 123.771973362000054, 12.880885787000068 ], [ 123.780764149000106, 12.868858919000047 ], [ 123.806224064000048, 12.866088562000069 ], [ 123.816358788000116, 12.881678599000058 ], [ 123.827928105000069, 12.878459920000065 ], [ 123.842002552000054, 12.901616482000064 ], [ 123.854817888000071, 12.897815445000049 ], [ 123.859381802000044, 12.92182061200003 ], [ 123.868591426000094, 12.925891325000066 ], [ 123.871173700000099, 12.934846706000027 ], [ 123.879956517000082, 12.936171512000044 ], [ 123.877427090000083, 12.947531708000042 ], [ 123.881225315000066, 12.957560885000078 ], [ 123.884307147000087, 12.978461407000054 ], [ 123.896329339000104, 12.973607014000036 ], [ 123.923702024000022, 12.978449296000065 ], [ 123.928858842000068, 12.965741550000075 ], [ 123.943066199000086, 12.956916420000022 ], [ 123.969675891000065, 12.956479017000049 ], [ 123.985882690000039, 12.96358454500006 ], [ 124.019578660000093, 12.973360303000048 ], [ 124.029728097000088, 12.967084999000065 ], [ 124.038821010000106, 12.945046012000034 ], [ 124.041869673000065, 12.930591922000076 ], [ 124.032784174000085, 12.90981447900003 ], [ 124.02680362, 12.890079231000071 ], [ 124.018559354000104, 12.877972118000059 ], [ 124.003954181000026, 12.875521024000021 ], [ 123.992465622000054, 12.868455077000021 ], [ 123.983036005000031, 12.879476995000061 ], [ 123.973337727000057, 12.876525216000061 ], [ 123.947478193000052, 12.874881554000067 ], [ 123.941630755000133, 12.865335681000033 ], [ 123.944623185000083, 12.849476834000027 ], [ 123.936753648000035, 12.844822186000044 ], [ 123.909667550000094, 12.851363311000055 ], [ 123.876921181000071, 12.870924913000065 ], [ 123.857861209000021, 12.873825786000053 ], [ 123.863524486000074, 12.861491552000077 ], [ 123.855638949000067, 12.848235342000065 ], [ 123.848594647000027, 12.84820280700006 ], [ 123.843106254000091, 12.838377349000043 ], [ 123.836893902000057, 12.838088111000047 ], [ 123.835581682000125, 12.825071714000048 ], [ 123.845884043000069, 12.79560230000004 ], [ 123.84649551300005, 12.747056337000059 ], [ 123.849804537000068, 12.720648854000048 ], [ 123.860336954000104, 12.687899834000063 ], [ 123.871258922000052, 12.673751633000055 ], [ 123.875090126000046, 12.65531693500003 ], [ 123.891419888000101, 12.644521178000044 ], [ 123.904439303000117, 12.642499742000039 ], [ 123.91279764, 12.637402045000043 ], [ 123.916435747000037, 12.619359121000057 ], [ 123.92426773800004, 12.616748341000063 ], [ 123.930509743000016, 12.628790070000036 ], [ 123.937439580000046, 12.62532819800003 ], [ 123.936696753000106, 12.61441998300006 ], [ 123.944693044000033, 12.602571419000069 ], [ 123.948063186000013, 12.589830828000061 ], [ 123.956328074000112, 12.582935908000023 ], [ 123.957641671000033, 12.574745070000063 ], [ 123.969727460000044, 12.566543728000054 ], [ 123.974733929000081, 12.556372977000025 ], [ 123.981972278000057, 12.554839599000045 ], [ 123.987872179000064, 12.546211454000055 ], [ 123.995266746000098, 12.547416774000052 ], [ 124.004017636000071, 12.540324514000076 ], [ 124.044106221000106, 12.532966178000036 ], [ 124.050943406000101, 12.539801157000056 ], [ 124.069955404000098, 12.538262739000059 ], [ 124.097645145000101, 12.556532570000059 ], [ 124.09597388900012, 12.572572260000072 ], [ 124.084934692000061, 12.580558769000048 ], [ 124.090328784, 12.588011269000051 ], [ 124.10949149200006, 12.596506126000062 ], [ 124.102977008000039, 12.61395152700004 ], [ 124.09403249200011, 12.621117555000067 ], [ 124.094132554000097, 12.635989324000036 ], [ 124.114856407000048, 12.651752332000056 ], [ 124.133892600000067, 12.662086969000029 ], [ 124.135592035000059, 12.670315444000037 ], [ 124.129506012000107, 12.685916888000063 ], [ 124.132348565000029, 12.69447184100005 ], [ 124.142155406000029, 12.699786189000063 ], [ 124.13170167300008, 12.734251369000049 ], [ 124.137353479000012, 12.74287840900007 ], [ 124.140381719000047, 12.756353287000024 ], [ 124.137429959000087, 12.764558753000072 ], [ 124.148538452000039, 12.772715160000075 ], [ 124.147701606000041, 12.788666458000021 ], [ 124.15556476200004, 12.808520696000073 ], [ 124.155186535000098, 12.829460996000025 ], [ 124.147061309000037, 12.844696220000062 ], [ 124.151563987000046, 12.861752188000025 ], [ 124.13976054200009, 12.873355076000051 ], [ 124.141379307000079, 12.883197565000046 ], [ 124.148641141000098, 12.891762170000046 ], [ 124.143652713000051, 12.899077709000034 ], [ 124.130163410000037, 12.891187729000025 ], [ 124.121509168000102, 12.897657658000067 ], [ 124.117371460000058, 12.908745986000042 ], [ 124.127817903000036, 12.913475247000065 ], [ 124.126817220000035, 12.928295955000065 ], [ 124.14219730100001, 12.933617162000075 ], [ 124.148001023, 12.965526690000049 ], [ 124.141169933000015, 12.971229590000066 ], [ 124.141425124000079, 12.979348510000024 ], [ 124.151504122, 12.998062197000023 ], [ 124.165442642000031, 13.006575499000062 ], [ 124.17160740700001, 13.004305912000063 ], [ 124.188290030000076, 13.009283795000044 ], [ 124.198287087000026, 13.021977108000041 ], [ 124.190941502000086, 13.031619290000037 ], [ 124.19610016500009, 13.040766474000064 ], [ 124.192916059000041, 13.060903855000047 ], [ 124.187910705000036, 13.066762737000033 ], [ 124.170132768000045, 13.067892248000019 ], [ 124.135150781000107, 13.075707771000056 ], [ 124.113521448000029, 13.065841269000032 ], [ 124.106911612000076, 13.058676002000027 ], [ 124.107172003000088, 13.045612759000047 ], [ 124.096977174000031, 13.015240425000057 ], [ 124.088804852000067, 13.003141693000034 ], [ 124.082643401000041, 13.002029895000023 ], [ 124.071408611000038, 13.01042192400007 ], [ 124.070857377000053, 13.02059812700003 ], [ 124.063867623000064, 13.033957506000036 ], [ 124.045404127000097, 13.040861592000056 ], [ 124.036493282000038, 13.041157854000064 ], [ 124.022218281000065, 13.052212728000027 ], [ 124.007118807000097, 13.076620243000034 ], [ 123.991975526000033, 13.09228584600004 ], [ 123.978783668000119, 13.093151440000039 ], [ 123.973840349000071, 13.102009088000045 ], [ 123.962321408000093, 13.101210031000051 ], [ 123.947996201000024, 13.106125940000025 ], [ 123.939456618, 13.118298482000053 ], [ 123.926765153000034, 13.120887665000055 ], [ 123.929170383000056, 13.102068074000046 ], [ 123.921013263000077, 13.083766269000023 ], [ 123.9155897280001, 13.054929226000066 ], [ 123.906702663000047, 13.040932211000039 ], [ 123.895986662000055, 13.03764349000005 ], [ 123.875288723000054, 13.042301291000058 ], [ 123.859246740000117, 13.040744483000024 ], [ 123.822534707000059, 13.02440377700003 ], [ 123.805648233000056, 13.019028077000028 ], [ 123.795775539000047, 13.00827792900003 ], [ 123.787215641000103, 13.004620741000048 ], [ 123.782311353000054, 12.994530540000028 ], [ 123.767656057000067, 12.986184890000061 ], [ 123.762154912000042, 12.997107576000072 ], [ 123.745980405000068, 12.996885520000037 ], [ 123.736439798000106, 13.016215794000059 ], [ 123.734450221000074, 13.026391081000043 ], [ 123.722381042000052, 13.027039090000073 ], [ 123.723081679000089, 13.034239268000023 ], [ 123.714737466000088, 13.039926492000063 ], [ 123.684526267000038, 13.02852085000006 ], [ 123.650005989000078, 13.01932447300004 ], [ 123.62968937800008, 13.010442943000044 ], [ 123.620250368000043, 13.022980362000055 ], [ 123.586916832000043, 13.022239605000037 ], [ 123.574862093000093, 13.030070694000072 ], [ 123.563065755000025, 13.023074812000059 ], [ 123.548092135000061, 13.024415272000056 ], [ 123.53782893100005, 13.01813417300002 ], [ 123.517825114000061, 13.012754216000074 ], [ 123.492161085000021, 13.000911147000069 ], [ 123.482265700000085, 12.988444596000024 ] ] ], [ [ [ 123.884798655000068, 12.874554861000037 ], [ 123.902109492000022, 12.867940175000056 ], [ 123.900971981000112, 12.879778396000061 ], [ 123.881193774000053, 12.883823166000068 ], [ 123.884798655000068, 12.874554861000037 ] ] ], [ [ [ 123.820630615000027, 12.817851399000059 ], [ 123.827354089000096, 12.820965928000019 ], [ 123.826867701000083, 12.831400706000066 ], [ 123.816763917000131, 12.831310105000057 ], [ 123.808855010000102, 12.838485229000069 ], [ 123.797367574000077, 12.839098278000051 ], [ 123.794304090000082, 12.832090901000072 ], [ 123.820630615000027, 12.817851399000059 ] ] ], [ [ [ 124.092537873000097, 12.523813884000051 ], [ 124.10453201700011, 12.529762819000041 ], [ 124.102419329000099, 12.540265246000045 ], [ 124.096275887000061, 12.543471489000069 ], [ 124.088963754000019, 12.528257736000057 ], [ 124.092537873000097, 12.523813884000051 ] ] ] ] } },
{ "type": "Feature", "properties": { "adm1_psgc": 600000000, "adm2_psgc": 600400000, "adm2_en": "Aklan", "geo_level": "Prov", "len_crs": 507785, "area_crs": 1683814691, "len_km": 507, "area_km2": 1683 }, "geometry": { "type": "MultiPolygon", "coordinates": [ [ [ [ 121.921622846000119, 11.999319628000022 ], [ 121.905088497000051, 11.988213816000043 ], [ 121.910296893, 11.976976423000053 ], [ 121.924162119000016, 11.961779904000023 ], [ 121.933567510000117, 11.94007769500007 ], [ 121.943511724000032, 11.940699905000033 ], [ 121.946984292000039, 11.954844540000067 ], [ 121.93439107800009, 11.957072397000045 ], [ 121.927205733000065, 11.970059879000075 ], [ 121.921622846000119, 11.999319628000022 ] ] ], [ [ [ 122.577357273000075, 11.553467966000028 ], [ 122.574318847000086, 11.563781681000025 ], [ 122.507870304000107, 11.592123358000038 ], [ 122.495066566000105, 11.594832677000056 ], [ 122.496231502000128, 11.577951751000059 ], [ 122.485792409000055, 11.559741923000043 ], [ 122.474929370000041, 11.553764942000042 ], [ 122.457741356000028, 11.550535951000029 ], [ 122.446636901000048, 11.562591335000034 ], [ 122.443412053000102, 11.575997051000058 ], [ 122.460471390000066, 11.580008909000073 ], [ 122.48305983900002, 11.562633574000074 ], [ 122.484731575000083, 11.575115965000062 ], [ 122.470853334000026, 11.584563536000074 ], [ 122.465625937000027, 11.593524376000062 ], [ 122.445862910000073, 11.608806424000022 ], [ 122.433737647000044, 11.597674361000029 ], [ 122.430558911000048, 11.611110025000073 ], [ 122.422009992000099, 11.611882766000065 ], [ 122.397453689000017, 11.635466659000027 ], [ 122.398616386000072, 11.645491374000072 ], [ 122.408597417000024, 11.646555625000076 ], [ 122.408694105000109, 11.657871441000053 ], [ 122.430395133000061, 11.651052535000076 ], [ 122.433471590000067, 11.639783437000062 ], [ 122.460789449000131, 11.613807832000077 ], [ 122.476521352000077, 11.606616810000048 ], [ 122.486641804000087, 11.594936050000056 ], [ 122.492258521000053, 11.609933782000043 ], [ 122.45268663100002, 11.634719858000036 ], [ 122.425779788000128, 11.659076303000063 ], [ 122.397415269000021, 11.695415923000043 ], [ 122.390622726000061, 11.709199415000057 ], [ 122.393587155000091, 11.717685703000027 ], [ 122.385365895000064, 11.734491677000051 ], [ 122.374456716000068, 11.738385246000064 ], [ 122.34476466000001, 11.738372656000026 ], [ 122.33130037, 11.735422485000072 ], [ 122.302219193000056, 11.747664161000046 ], [ 122.27499079100005, 11.768384858000047 ], [ 122.258428037000044, 11.785607028000072 ], [ 122.235261915000024, 11.788414241000055 ], [ 122.224875580000116, 11.796073890000059 ], [ 122.222081125000031, 11.813653740000063 ], [ 122.199644301000035, 11.807878037000025 ], [ 122.185315559000074, 11.81277714600003 ], [ 122.164606986000067, 11.825291022000043 ], [ 122.138824962000058, 11.825063338000064 ], [ 122.099488165000025, 11.830272682000043 ], [ 122.082077005000102, 11.836972984000056 ], [ 122.056977746000044, 11.851601892000076 ], [ 122.036070511000048, 11.866912076000062 ], [ 122.025108530000011, 11.879563205000064 ], [ 122.018456046000097, 11.893225010000036 ], [ 122.000331743000075, 11.907702384000062 ], [ 121.973809075000062, 11.920085119000019 ], [ 121.95993367500013, 11.936479263000022 ], [ 121.951157970000068, 11.939131072000064 ], [ 121.947998949000052, 11.918429136000043 ], [ 121.916782783000045, 11.902410129000033 ], [ 121.887072020000119, 11.899884822000045 ], [ 121.881973574000085, 11.884735659000057 ], [ 121.883489662000102, 11.854602827000067 ], [ 121.888416525000039, 11.848225484000068 ], [ 121.882252473000108, 11.833468579000055 ], [ 121.878838783000106, 11.810293 ], [ 121.860928501000117, 11.77964142700006 ], [ 121.843595945000061, 11.764169970000067 ], [ 121.877769245000096, 11.771529970000076 ], [ 121.892768899000089, 11.799825263000061 ], [ 121.903808228000116, 11.799311806000047 ], [ 121.933438503000048, 11.821365564000075 ], [ 121.967542488000063, 11.823849226000048 ], [ 121.990376489000028, 11.827633858000071 ], [ 122.003323305000109, 11.825534597000058 ], [ 122.02240899100002, 11.817209906000073 ], [ 122.063929051000073, 11.794101714000021 ], [ 122.075418571000114, 11.784862795000038 ], [ 122.092339488000107, 11.776767171000072 ], [ 122.109012783000026, 11.779049931000033 ], [ 122.128167750000102, 11.763640585000076 ], [ 122.156475912000019, 11.756762532000039 ], [ 122.155406086000099, 11.74678345900003 ], [ 122.169455307000035, 11.732364552000035 ], [ 122.17457459100001, 11.696275940000024 ], [ 122.170652349000093, 11.685672361000057 ], [ 122.146061240000108, 11.656123132000063 ], [ 122.142050873000017, 11.641073437000045 ], [ 122.142315300000078, 11.618848266000043 ], [ 122.149116875000104, 11.595908877000054 ], [ 122.139957039000038, 11.566394845000046 ], [ 122.141238971, 11.553002749000028 ], [ 122.154909962000033, 11.531966966000025 ], [ 122.135959737, 11.505061038000063 ], [ 122.134143580000099, 11.473020229000038 ], [ 122.138049533000085, 11.46445179400007 ], [ 122.161593418000052, 11.445353982000031 ], [ 122.166102371000093, 11.43668455100004 ], [ 122.166964202000045, 11.402434884000057 ], [ 122.188104684000109, 11.392383335000032 ], [ 122.193728042000075, 11.374901635000072 ], [ 122.191910465000106, 11.363839978000046 ], [ 122.182722222000052, 11.345952808000048 ], [ 122.184563840000024, 11.332032606000041 ], [ 122.199907728000085, 11.311955905000046 ], [ 122.214269722000054, 11.311229724000041 ], [ 122.246868555000106, 11.317676399000048 ], [ 122.273123040000087, 11.329970397000066 ], [ 122.298076322000043, 11.348349114000028 ], [ 122.32608554300009, 11.374853227000074 ], [ 122.345150574000058, 11.408734009000057 ], [ 122.350768403000075, 11.442258806000041 ], [ 122.370823353000119, 11.42764624600005 ], [ 122.400125247000119, 11.455984206000037 ], [ 122.399397539, 11.474120096000036 ], [ 122.405072826000051, 11.47768442800003 ], [ 122.439218080000032, 11.475965538000024 ], [ 122.453515793000065, 11.479252978000032 ], [ 122.472607934000052, 11.476178983000066 ], [ 122.484574810000041, 11.488721186000021 ], [ 122.50488909, 11.484729438000045 ], [ 122.530025249000118, 11.493157942000039 ], [ 122.526705400000083, 11.512783739000042 ], [ 122.532699645000093, 11.518185372000062 ], [ 122.535941728, 11.535662641000046 ], [ 122.550774280000041, 11.535207513000044 ], [ 122.564799726000061, 11.546975991000068 ], [ 122.573760084000014, 11.541323981000062 ], [ 122.577357273000075, 11.553467966000028 ] ] ], [ [ [ 122.458455795000091, 11.608081214000036 ], [ 122.430727365000067, 11.638086020000062 ], [ 122.425584008000101, 11.635033968000073 ], [ 122.439531448000025, 11.619233050000048 ], [ 122.458455795000091, 11.608081214000036 ] ] ] ] } },
{ "type": "Feature", "properties": { "adm1_psgc": 600000000, "adm2_psgc": 600600000, "adm2_en": "Antique", "geo_level": "Prov", "len_crs": 664764, "area_crs": 2735034505, "len_km": 664, "area_km2": 2735 }, "geometry": { "type": "MultiPolygon", "coordinates": [ [ [ [ 121.426387591000108, 12.03124697100003 ], [ 121.423992048000059, 12.037426775000029 ], [ 121.410052740000069, 12.040940969000076 ], [ 121.403230331000017, 12.056242509000072 ], [ 121.397959980000124, 12.078112363000058 ], [ 121.40596645100004, 12.105450589000045 ], [ 121.393279872000107, 12.109151681000071 ], [ 121.389870367000086, 12.122771822000061 ], [ 121.370276993000061, 12.123531944000032 ], [ 121.355432849000081, 12.115648940000028 ], [ 121.345442401000014, 12.095196138000061 ], [ 121.345380486000067, 12.086145033000033 ], [ 121.361914792000121, 12.083407105000047 ], [ 121.361968816000058, 12.074020756000039 ], [ 121.379280480000034, 12.072470687000081 ], [ 121.380738972000032, 12.063810733000027 ], [ 121.362686998000058, 12.051347119000072 ], [ 121.3632794990001, 12.034068252000051 ], [ 121.372868401000105, 12.019505999000046 ], [ 121.374119225000086, 12.007284026000034 ], [ 121.381856960000036, 11.991193327000076 ], [ 121.388820992000092, 11.985703977000069 ], [ 121.418546133000063, 12.010417387000073 ], [ 121.426387591000108, 12.03124697100003 ] ] ], [ [ [ 121.575289271000102, 11.939182397000026 ], [ 121.554612100000114, 11.959626902000023 ], [ 121.540475007000069, 11.953899259000023 ], [ 121.538776331, 11.94333458400007 ], [ 121.54681220000009, 11.937111985000055 ], [ 121.539947382000022, 11.909741335000033 ], [ 121.540499772000089, 11.901814157000045 ], [ 121.549970855000069, 11.892424072000038 ], [ 121.570281225000031, 11.895482608000064 ], [ 121.582952559000105, 11.905549648000033 ], [ 121.581891077000023, 11.916914849000023 ], [ 121.573052186000041, 11.926610532000041 ], [ 121.575289271000102, 11.939182397000026 ] ] ], [ [ [ 121.453078297000047, 11.869070062000048 ], [ 121.426053727000067, 11.866644 ], [ 121.413323846000026, 11.84088437500003 ], [ 121.434356078000079, 11.840567395000051 ], [ 121.478031721000093, 11.825476597000035 ], [ 121.495406295000066, 11.82901057300006 ], [ 121.516901021000095, 11.826872555000021 ], [ 121.530739115000074, 11.846506273000045 ], [ 121.508620232000098, 11.862040948000072 ], [ 121.47392105400003, 11.863934297000071 ], [ 121.453078297000047, 11.869070062000048 ] ] ], [ [ [ 122.199907728000085, 11.311955905000046 ], [ 122.184563840000024, 11.332032606000041 ], [ 122.182722222000052, 11.345952808000048 ], [ 122.191910465000106, 11.363839978000046 ], [ 122.193728042000075, 11.374901635000072 ], [ 122.188104684000109, 11.392383335000032 ], [ 122.166964202000045, 11.402434884000057 ], [ 122.166102371000093, 11.43668455100004 ], [ 122.161593418000052, 11.445353982000031 ], [ 122.138049533000085, 11.46445179400007 ], [ 122.134143580000099, 11.473020229000038 ], [ 122.135959737, 11.505061038000063 ], [ 122.154909962000033, 11.531966966000025 ], [ 122.141238971, 11.553002749000028 ], [ 122.139957039000038, 11.566394845000046 ], [ 122.149116875000104, 11.595908877000054 ], [ 122.142315300000078, 11.618848266000043 ], [ 122.142050873000017, 11.641073437000045 ], [ 122.146061240000108, 11.656123132000063 ], [ 122.170652349000093, 11.685672361000057 ], [ 122.17457459100001, 11.696275940000024 ], [ 122.169455307000035, 11.732364552000035 ], [ 122.155406086000099, 11.74678345900003 ], [ 122.156475912000019, 11.756762532000039 ], [ 122.128167750000102, 11.763640585000076 ], [ 122.109012783000026, 11.779049931000033 ], [ 122.092339488000107, 11.776767171000072 ], [ 122.075418571000114, 11.784862795000038 ], [ 122.063929051000073, 11.794101714000021 ], [ 122.02240899100002, 11.817209906000073 ], [ 122.003323305000109, 11.825534597000058 ], [ 121.990376489000028, 11.827633858000071 ], [ 121.967542488000063, 11.823849226000048 ], [ 121.933438503000048, 11.821365564000075 ], [ 121.903808228000116, 11.799311806000047 ], [ 121.892768899000089, 11.799825263000061 ], [ 121.877769245000096, 11.771529970000076 ], [ 121.843595945000061, 11.764169970000067 ], [ 121.86262965800006, 11.756320428000036 ], [ 121.897125439000092, 11.757277147000025 ], [ 121.918198553000039, 11.767649724000021 ], [ 121.942572204000058, 11.761091173000066 ], [ 121.947945164000103, 11.757006834000034 ], [ 121.987092725000039, 11.752189331000068 ], [ 122.012625803000105, 11.736152684000045 ], [ 122.020335110000019, 11.741952294000043 ], [ 122.044999446, 11.732177607000041 ], [ 122.068740179000088, 11.738729115000069 ], [ 122.084807297000111, 11.725987789000044 ], [ 122.100657142000045, 11.700553808000048 ], [ 122.101221863000092, 11.686518564000039 ], [ 122.095771149000043, 11.669524421000064 ], [ 122.101520194000031, 11.652800988000024 ], [ 122.0966686820001, 11.629919765000064 ], [ 122.092924138000072, 11.590018858000063 ], [ 122.086812806000012, 11.578221058000052 ], [ 122.086657632000083, 11.561745979000023 ], [ 122.078278897000033, 11.53662182700003 ], [ 122.085805053000072, 11.505236615000056 ], [ 122.073588718000124, 11.477525995000065 ], [ 122.05821013000002, 11.46857943500004 ], [ 122.0589931290001, 11.439255548000061 ], [ 122.050091608000116, 11.410117701000049 ], [ 122.062587063000038, 11.374663725000064 ], [ 122.058207743000011, 11.345064530000059 ], [ 122.053873709000072, 11.335744317000037 ], [ 122.035795017000041, 11.320292493000062 ], [ 122.027103480000065, 11.298443717000055 ], [ 122.030532313000094, 11.290619804000073 ], [ 122.052039451000041, 11.261286728000073 ], [ 122.048082260000101, 11.246478030000048 ], [ 122.053070449000074, 11.227105542000062 ], [ 122.033969066000054, 11.199127747000034 ], [ 122.033196391000047, 11.190858166000055 ], [ 122.039617601000032, 11.150278889000051 ], [ 122.037738116000028, 11.115873330000056 ], [ 122.045572044000082, 11.094415365000028 ], [ 122.041375319000053, 11.071905574000025 ], [ 122.046324668, 11.062138360000061 ], [ 122.053986867000049, 11.033467337000049 ], [ 122.039639489000024, 11.017694980000044 ], [ 122.037849873000027, 10.997978692000062 ], [ 122.014523459000088, 10.966859749000037 ], [ 121.998898376000042, 10.952548044000023 ], [ 121.984067862000089, 10.931452068000054 ], [ 121.97564074800006, 10.896479147000033 ], [ 121.963663026000063, 10.864099793000038 ], [ 121.956330358000073, 10.850805555000022 ], [ 121.943355823000061, 10.79751016700004 ], [ 121.923126367, 10.763351358000021 ], [ 121.936477380000042, 10.737225214000034 ], [ 121.946510903000103, 10.737631638000037 ], [ 121.967641146, 10.711739677000025 ], [ 121.978081323000069, 10.675039620000065 ], [ 121.974769852, 10.632055277000063 ], [ 121.967664811000063, 10.60463510500006 ], [ 121.964433882000094, 10.572512759000062 ], [ 121.958128450000117, 10.551179183000043 ], [ 121.947431346000045, 10.530745481000054 ], [ 121.918681342000014, 10.500813728000026 ], [ 121.921842870000106, 10.481320514000057 ], [ 121.912713953000093, 10.44640674200002 ], [ 121.919219636000093, 10.434917631000078 ], [ 121.942675941000061, 10.421221346000037 ], [ 121.959976045000062, 10.413809783000035 ], [ 121.98030161600002, 10.422776239000028 ], [ 121.998547726000083, 10.439987748000021 ], [ 122.010737194000058, 10.443017514000076 ], [ 122.030287765000026, 10.466848482000046 ], [ 122.013033941000131, 10.476499513000023 ], [ 122.012161078000091, 10.486723335000022 ], [ 122.018193709000116, 10.524373494000029 ], [ 122.015845910000053, 10.544761710000044 ], [ 122.02265034200002, 10.559906409000064 ], [ 122.019067094000093, 10.565216420000068 ], [ 122.034812622000118, 10.623438966000034 ], [ 122.047218648000012, 10.63156335000002 ], [ 122.050985715000039, 10.647015267000029 ], [ 122.060310763000075, 10.659141388000021 ], [ 122.065187858000058, 10.680676879000034 ], [ 122.084052932000077, 10.700210447000073 ], [ 122.094726506000043, 10.699596017000035 ], [ 122.115372383000036, 10.715170645000057 ], [ 122.153944954000053, 10.751227345000075 ], [ 122.174972108000034, 10.755996189000026 ], [ 122.199325366000053, 10.816251925000074 ], [ 122.201003476000082, 10.834685975000072 ], [ 122.22436151400008, 10.852999279000073 ], [ 122.244281450000031, 10.849513263000061 ], [ 122.258274842000091, 10.860611470000038 ], [ 122.2648694290001, 10.876856672000027 ], [ 122.260612679, 10.895246205000033 ], [ 122.280862037000034, 10.892336224000074 ], [ 122.285736424000106, 10.903057545000024 ], [ 122.282974731000095, 10.911117010000055 ], [ 122.296966787000073, 10.925630946000066 ], [ 122.307860464000086, 10.923071334000042 ], [ 122.32363979700007, 10.933363292000022 ], [ 122.324196836000041, 10.94167671800005 ], [ 122.312462925000091, 10.958055645000059 ], [ 122.323739184000019, 11.015286657000047 ], [ 122.319619252000052, 11.028805747000034 ], [ 122.308457352000104, 11.047318527000071 ], [ 122.239944827000059, 11.133468934000064 ], [ 122.212524899000073, 11.166055007000068 ], [ 122.201029234000075, 11.210432844000024 ], [ 122.204942371, 11.239576831000022 ], [ 122.205591525000045, 11.271410649000076 ], [ 122.210644382000041, 11.278133869000044 ], [ 122.205171609000118, 11.288325495000036 ], [ 122.199907728000085, 11.311955905000046 ] ] ], [ [ [ 121.90645864300005, 11.464299284000047 ], [ 121.91713277100007, 11.46347103700003 ], [ 121.929126151000119, 11.473421515000041 ], [ 121.926845801000013, 11.478879490000052 ], [ 121.899903395000024, 11.473274127000021 ], [ 121.90645864300005, 11.464299284000047 ] ] ] ] } },
{ "type": "Feature", "properties": { "adm1_psgc": 600000000, "adm2_psgc": 601900000, "adm2_en": "Capiz", "geo_level": "Prov", "len_crs": 427751, "area_crs": 2649050155, "len_km": 427, "area_km2": 2649 }, "geometry": { "type": "Polygon", "coordinates": [ [ [ 123.097628981000071, 11.544387227000072 ], [ 123.079617121000069, 11.537085981000075 ], [ 123.075006910000084, 11.526817142000025 ], [ 123.04027639200001, 11.514922928000029 ], [ 123.015946761, 11.500965507000046 ], [ 123.010123223000051, 11.492935028000034 ], [ 122.995456669000092, 11.489402100000063 ], [ 122.989232685000061, 11.482972009000035 ], [ 122.943992101000063, 11.479276297000069 ], [ 122.916506437000066, 11.482409626000047 ], [ 122.917624326000023, 11.456715238000072 ], [ 122.903087938000112, 11.434668992000072 ], [ 122.891842361000045, 11.438077447000069 ], [ 122.890517584, 11.476787692000073 ], [ 122.896260037000033, 11.489716882000039 ], [ 122.910983150000106, 11.50557779300004 ], [ 122.922737703000053, 11.506880143000046 ], [ 122.931188322000025, 11.515825323000056 ], [ 122.901300119000112, 11.528647009000052 ], [ 122.879813628000079, 11.544491157000037 ], [ 122.864373476000083, 11.540742416000057 ], [ 122.864417457000059, 11.555959356000074 ], [ 122.833344809000096, 11.595109059000039 ], [ 122.825991777000013, 11.610561545000049 ], [ 122.800838611000032, 11.606578828000069 ], [ 122.7507704410001, 11.606435253000027 ], [ 122.71931665700005, 11.608406337000078 ], [ 122.712646565000128, 11.590321351000057 ], [ 122.715389699000085, 11.581592619000046 ], [ 122.69573932000003, 11.571879998000043 ], [ 122.682215158000062, 11.568835578000058 ], [ 122.679507537000049, 11.560876589000031 ], [ 122.684304078000068, 11.545697291000067 ], [ 122.667890668000055, 11.548445990000062 ], [ 122.650451381000053, 11.557388740000023 ], [ 122.648033163000036, 11.567650121000041 ], [ 122.635595967000086, 11.56257847300003 ], [ 122.635360900000038, 11.549353047000066 ], [ 122.648442904000021, 11.545489724000049 ], [ 122.646183436000101, 11.536097532000042 ], [ 122.637346173000083, 11.533015191000059 ], [ 122.635543409000078, 11.522560914000053 ], [ 122.618778799000097, 11.516310630000021 ], [ 122.600182001, 11.515024104000076 ], [ 122.59093314200004, 11.51850422800004 ], [ 122.58952612600001, 11.532913382000057 ], [ 122.577357273000075, 11.553467966000028 ], [ 122.573760084000014, 11.541323981000062 ], [ 122.564799726000061, 11.546975991000068 ], [ 122.550774280000041, 11.535207513000044 ], [ 122.535941728, 11.535662641000046 ], [ 122.532699645000093, 11.518185372000062 ], [ 122.526705400000083, 11.512783739000042 ], [ 122.530025249000118, 11.493157942000039 ], [ 122.50488909, 11.484729438000045 ], [ 122.484574810000041, 11.488721186000021 ], [ 122.472607934000052, 11.476178983000066 ], [ 122.453515793000065, 11.479252978000032 ], [ 122.439218080000032, 11.475965538000024 ], [ 122.405072826000051, 11.47768442800003 ], [ 122.399397539, 11.474120096000036 ], [ 122.400125247000119, 11.455984206000037 ], [ 122.370823353000119, 11.42764624600005 ], [ 122.350768403000075, 11.442258806000041 ], [ 122.345150574000058, 11.408734009000057 ], [ 122.32608554300009, 11.374853227000074 ], [ 122.298076322000043, 11.348349114000028 ], [ 122.273123040000087, 11.329970397000066 ], [ 122.246868555000106, 11.317676399000048 ], [ 122.214269722000054, 11.311229724000041 ], [ 122.199907728000085, 11.311955905000046 ], [ 122.205171609000118, 11.288325495000036 ], [ 122.210644382000041, 11.278133869000044 ], [ 122.205591525000045, 11.271410649000076 ], [ 122.204942371, 11.239576831000022 ], [ 122.201029234000075, 11.210432844000024 ], [ 122.212524899000073, 11.166055007000068 ], [ 122.239944827000059, 11.133468934000064 ], [ 122.325655187000038, 11.22494626200006 ], [ 122.395332715000094, 11.190131479000057 ], [ 122.419105179000113, 11.195574141000066 ], [ 122.452165234000077, 11.192964759000061 ], [ 122.473037624000085, 11.188091681000056 ], [ 122.494465700000092, 11.17844518000004 ], [ 122.523377859000121, 11.191927539000062 ], [ 122.540339811000081, 11.202374835000056 ], [ 122.561571741000066, 11.223800277000066 ], [ 122.559317196000066, 11.236245889000028 ], [ 122.575101937000113, 11.246882854000033 ], [ 122.583315945000109, 11.25789224300007 ], [ 122.596512639000025, 11.261591893000059 ], [ 122.609773061000055, 11.259274567000034 ], [ 122.632899072000086, 11.266594956000061 ], [ 122.628809783000079, 11.254384289000029 ], [ 122.615418311000113, 11.23597193100005 ], [ 122.650582046000068, 11.211556530000049 ], [ 122.658373476000065, 11.209871882000069 ], [ 122.682089553000083, 11.215811099000064 ], [ 122.708242234000068, 11.21363333100004 ], [ 122.726128, 11.227078518000042 ], [ 122.743788726000048, 11.229183085000043 ], [ 122.753223555000091, 11.223501396000072 ], [ 122.772261903000057, 11.227241049000042 ], [ 122.788816722000107, 11.199299094000025 ], [ 122.791816686000075, 11.186459075000071 ], [ 122.814636509000024, 11.193923783000059 ], [ 122.82594338300008, 11.190160573000073 ], [ 122.850355747000108, 11.195562332000069 ], [ 122.860224627000079, 11.210301866000066 ], [ 122.863206641000033, 11.224577564000072 ], [ 122.87307868500011, 11.237048511000065 ], [ 122.866660020000026, 11.252520134000063 ], [ 122.855120573, 11.25593784600005 ], [ 122.873602620000042, 11.277873952000048 ], [ 122.872200979000013, 11.281271869000022 ], [ 122.894651441000079, 11.294331418000068 ], [ 122.908310560000032, 11.291244992000033 ], [ 122.921362734000013, 11.298785411000042 ], [ 122.930904373000089, 11.297747973000069 ], [ 122.944717062000123, 11.311485936000052 ], [ 122.937533767000104, 11.322262839000077 ], [ 122.934936337000067, 11.338812838000022 ], [ 122.940805186000048, 11.36043015400003 ], [ 122.950878919000047, 11.370013339000023 ], [ 122.994433800000039, 11.389956553000046 ], [ 123.035089559000099, 11.395186328000021 ], [ 123.046030622000089, 11.40382925000006 ], [ 123.048137284000063, 11.418640423000054 ], [ 123.03975689500011, 11.42792331500004 ], [ 123.045584371000018, 11.447568639000055 ], [ 123.055530648000072, 11.455422850000046 ], [ 123.058406483000113, 11.465682587000058 ], [ 123.071781571000088, 11.482247712000058 ], [ 123.075251664, 11.510117901000058 ], [ 123.085619104000102, 11.51452260800005 ], [ 123.097628981000071, 11.544387227000072 ] ] ] } },
{ "type": "Feature", "properties": { "adm1_psgc": 600000000, "adm2_psgc": 603000000, "adm2_en": "Iloilo", "geo_level": "Prov", "len_crs": 987568, "area_crs": 4716768475, "len_km": 987, "area_km2": 4716 }, "geometry": { "type": "MultiPolygon", "coordinates": [ [ [ [ 123.348764731000074, 11.60605329200007 ], [ 123.358525092000036, 11.638225409000029 ], [ 123.341992575000063, 11.632454365000058 ], [ 123.341529358000102, 11.614793024000051 ], [ 123.348764731000074, 11.60605329200007 ] ] ], [ [ [ 123.331948053000033, 11.572770089000073 ], [ 123.345422056000075, 11.588955957000051 ], [ 123.339022534000023, 11.596536110000043 ], [ 123.32891235000011, 11.596792661000048 ], [ 123.321144419, 11.587398776000041 ], [ 123.331948053000033, 11.572770089000073 ] ] ], [ [ [ 122.030287765000026, 10.466848482000046 ], [ 122.039278890000105, 10.483334282000042 ], [ 122.050657674000036, 10.486723219000053 ], [ 122.061324626000115, 10.50063963300005 ], [ 122.060485843000038, 10.50944377700006 ], [ 122.074499175000042, 10.53153077400003 ], [ 122.079371094000066, 10.549115448000064 ], [ 122.090675, 10.562442876000034 ], [ 122.094598077000114, 10.574097416000027 ], [ 122.105920320000124, 10.583387237000064 ], [ 122.13026668200007, 10.586476885000025 ], [ 122.159287561000042, 10.596754847000057 ], [ 122.175768116000086, 10.610977914000046 ], [ 122.181302624000068, 10.621065124000038 ], [ 122.193860733000079, 10.626600138000072 ], [ 122.210347051000099, 10.638872996000032 ], [ 122.251128047000066, 10.638107839000041 ], [ 122.25698515800002, 10.650829912000061 ], [ 122.28158777100009, 10.659157515000059 ], [ 122.303987182, 10.656129534000058 ], [ 122.326577265000083, 10.658701543000063 ], [ 122.33446013800004, 10.668918344000074 ], [ 122.366998009000113, 10.67115064800004 ], [ 122.375362435000071, 10.668257504000053 ], [ 122.393264061000082, 10.670321005000062 ], [ 122.430715131000071, 10.683438835000063 ], [ 122.455161444000055, 10.688235755000047 ], [ 122.479448036, 10.68834612100005 ], [ 122.499806364000037, 10.679965891000052 ], [ 122.53166930000009, 10.679330462000054 ], [ 122.561081761000082, 10.691362079000044 ], [ 122.580918828000108, 10.687589006000053 ], [ 122.593585833000034, 10.704695394000055 ], [ 122.600238641000047, 10.727565817000029 ], [ 122.59903754000004, 10.736892440000076 ], [ 122.58786094800007, 10.743050724000055 ], [ 122.592281791000133, 10.755600451000017 ], [ 122.611452051000015, 10.774782222000056 ], [ 122.632315342000084, 10.782608456000046 ], [ 122.64196817200002, 10.771513531000039 ], [ 122.655859729000099, 10.784269570000047 ], [ 122.66357596200011, 10.777858536000053 ], [ 122.671291963000044, 10.795975156000054 ], [ 122.683399292000118, 10.794936848000077 ], [ 122.710483173000071, 10.780001167000023 ], [ 122.734200642000019, 10.785963645000038 ], [ 122.750151943000091, 10.811658841000053 ], [ 122.762948978000054, 10.822918389000053 ], [ 122.76907015800009, 10.843402272000048 ], [ 122.780019003000021, 10.851007906000063 ], [ 122.785057638000026, 10.864431627000046 ], [ 122.789138182000116, 10.899308512000061 ], [ 122.784618478000084, 10.903003688000069 ], [ 122.780698538000024, 10.925520229000028 ], [ 122.77015318600003, 10.933115183000041 ], [ 122.764636084, 10.945955576000074 ], [ 122.772698170000012, 10.960825455000078 ], [ 122.781724028000099, 10.987925343000031 ], [ 122.795964154000103, 10.991093432000071 ], [ 122.815829630000067, 10.99995241700003 ], [ 122.831517625000075, 11.002750107000054 ], [ 122.850046227, 10.997410925000052 ], [ 122.851661494000027, 11.018821029000035 ], [ 122.876509411000029, 11.032250372000021 ], [ 122.890518446000101, 11.024100678000023 ], [ 122.905468017000103, 11.020926226000027 ], [ 122.915923148000033, 11.039610321000055 ], [ 122.918036191000056, 11.063252859000045 ], [ 122.937297038000111, 11.064087123000037 ], [ 122.94373747900012, 11.056401915000038 ], [ 122.93453463600008, 11.044070885000053 ], [ 122.941758748000098, 11.028634335000049 ], [ 122.952325251000062, 11.033694352000055 ], [ 122.954655769000055, 11.050685206000024 ], [ 122.949105454000119, 11.06190160500006 ], [ 122.955322968000019, 11.069083492000059 ], [ 122.975580251000096, 11.070109571000046 ], [ 122.983661772000119, 11.077714612000021 ], [ 122.993116418000113, 11.078043685000067 ], [ 123.009273819000086, 11.093926979000061 ], [ 123.017669059000028, 11.143814193000027 ], [ 123.027838214000099, 11.165618340000036 ], [ 123.036392937000073, 11.171628113000054 ], [ 123.054822337, 11.170135256000039 ], [ 123.07441368100001, 11.164020820000074 ], [ 123.079928719, 11.148129062000066 ], [ 123.089420687000043, 11.145790884000062 ], [ 123.095861325000087, 11.156887964000077 ], [ 123.121276655000074, 11.164694573000077 ], [ 123.127898208000047, 11.181067139000048 ], [ 123.123051396000051, 11.196424474000025 ], [ 123.112631769000032, 11.215604713000062 ], [ 123.093765666000095, 11.223962005000033 ], [ 123.096062357000065, 11.248368484000025 ], [ 123.095148310000013, 11.274850072000049 ], [ 123.106890307000086, 11.292677410000067 ], [ 123.106263988000038, 11.316820988000075 ], [ 123.099233048000087, 11.328641543000058 ], [ 123.104608973000055, 11.341295449000027 ], [ 123.116315778000072, 11.337942985000037 ], [ 123.133024251000066, 11.343259420000038 ], [ 123.126205471000048, 11.361348299000042 ], [ 123.140343927000117, 11.363778346000059 ], [ 123.14626712200004, 11.37375942500006 ], [ 123.143404616000112, 11.398159521000023 ], [ 123.129961211000037, 11.419087604000023 ], [ 123.14009748, 11.437029733000031 ], [ 123.152720786000032, 11.444216492000066 ], [ 123.159914164000043, 11.475432672000068 ], [ 123.150321148000117, 11.486673286000039 ], [ 123.138473821000062, 11.493084337000029 ], [ 123.120088188000054, 11.517426982000075 ], [ 123.129744446000032, 11.51989680500003 ], [ 123.135144021000087, 11.510893258000065 ], [ 123.150732909000098, 11.542234995000056 ], [ 123.149907881000104, 11.548113645000056 ], [ 123.162760611000067, 11.567235462000042 ], [ 123.141761594000059, 11.591123002000074 ], [ 123.132044043000079, 11.579688330000067 ], [ 123.131312884000053, 11.571250268000025 ], [ 123.105971201000116, 11.548558393000061 ], [ 123.097628981000071, 11.544387227000072 ], [ 123.085619104000102, 11.51452260800005 ], [ 123.075251664, 11.510117901000058 ], [ 123.071781571000088, 11.482247712000058 ], [ 123.058406483000113, 11.465682587000058 ], [ 123.055530648000072, 11.455422850000046 ], [ 123.045584371000018, 11.447568639000055 ], [ 123.03975689500011, 11.42792331500004 ], [ 123.048137284000063, 11.418640423000054 ], [ 123.046030622000089, 11.40382925000006 ], [ 123.035089559000099, 11.395186328000021 ], [ 122.994433800000039, 11.389956553000046 ], [ 122.950878919000047, 11.370013339000023 ], [ 122.940805186000048, 11.36043015400003 ], [ 122.934936337000067, 11.338812838000022 ], [ 122.937533767000104, 11.322262839000077 ], [ 122.944717062000123, 11.311485936000052 ], [ 122.930904373000089, 11.297747973000069 ], [ 122.921362734000013, 11.298785411000042 ], [ 122.908310560000032, 11.291244992000033 ], [ 122.894651441000079, 11.294331418000068 ], [ 122.872200979000013, 11.281271869000022 ], [ 122.873602620000042, 11.277873952000048 ], [ 122.855120573, 11.25593784600005 ], [ 122.866660020000026, 11.252520134000063 ], [ 122.87307868500011, 11.237048511000065 ], [ 122.863206641000033, 11.224577564000072 ], [ 122.860224627000079, 11.210301866000066 ], [ 122.850355747000108, 11.195562332000069 ], [ 122.82594338300008, 11.190160573000073 ], [ 122.814636509000024, 11.193923783000059 ], [ 122.791816686000075, 11.186459075000071 ], [ 122.788816722000107, 11.199299094000025 ], [ 122.772261903000057, 11.227241049000042 ], [ 122.753223555000091, 11.223501396000072 ], [ 122.743788726000048, 11.229183085000043 ], [ 122.726128, 11.227078518000042 ], [ 122.708242234000068, 11.21363333100004 ], [ 122.682089553000083, 11.215811099000064 ], [ 122.658373476000065, 11.209871882000069 ], [ 122.650582046000068, 11.211556530000049 ], [ 122.615418311000113, 11.23597193100005 ], [ 122.628809783000079, 11.254384289000029 ], [ 122.632899072000086, 11.266594956000061 ], [ 122.609773061000055, 11.259274567000034 ], [ 122.596512639000025, 11.261591893000059 ], [ 122.583315945000109, 11.25789224300007 ], [ 122.575101937000113, 11.246882854000033 ], [ 122.559317196000066, 11.236245889000028 ], [ 122.561571741000066, 11.223800277000066 ], [ 122.540339811000081, 11.202374835000056 ], [ 122.523377859000121, 11.191927539000062 ], [ 122.494465700000092, 11.17844518000004 ], [ 122.473037624000085, 11.188091681000056 ], [ 122.452165234000077, 11.192964759000061 ], [ 122.419105179000113, 11.195574141000066 ], [ 122.395332715000094, 11.190131479000057 ], [ 122.325655187000038, 11.22494626200006 ], [ 122.239944827000059, 11.133468934000064 ], [ 122.308457352000104, 11.047318527000071 ], [ 122.319619252000052, 11.028805747000034 ], [ 122.323739184000019, 11.015286657000047 ], [ 122.312462925000091, 10.958055645000059 ], [ 122.324196836000041, 10.94167671800005 ], [ 122.32363979700007, 10.933363292000022 ], [ 122.307860464000086, 10.923071334000042 ], [ 122.296966787000073, 10.925630946000066 ], [ 122.282974731000095, 10.911117010000055 ], [ 122.285736424000106, 10.903057545000024 ], [ 122.280862037000034, 10.892336224000074 ], [ 122.260612679, 10.895246205000033 ], [ 122.2648694290001, 10.876856672000027 ], [ 122.258274842000091, 10.860611470000038 ], [ 122.244281450000031, 10.849513263000061 ], [ 122.22436151400008, 10.852999279000073 ], [ 122.201003476000082, 10.834685975000072 ], [ 122.199325366000053, 10.816251925000074 ], [ 122.174972108000034, 10.755996189000026 ], [ 122.153944954000053, 10.751227345000075 ], [ 122.115372383000036, 10.715170645000057 ], [ 122.094726506000043, 10.699596017000035 ], [ 122.084052932000077, 10.700210447000073 ], [ 122.065187858000058, 10.680676879000034 ], [ 122.060310763000075, 10.659141388000021 ], [ 122.050985715000039, 10.647015267000029 ], [ 122.047218648000012, 10.63156335000002 ], [ 122.034812622000118, 10.623438966000034 ], [ 122.019067094000093, 10.565216420000068 ], [ 122.02265034200002, 10.559906409000064 ], [ 122.015845910000053, 10.544761710000044 ], [ 122.018193709000116, 10.524373494000029 ], [ 122.012161078000091, 10.486723335000022 ], [ 122.013033941000131, 10.476499513000023 ], [ 122.030287765000026, 10.466848482000046 ] ] ], [ [ [ 123.160862800000032, 11.491034737000062 ], [ 123.171678806000045, 11.498594307000074 ], [ 123.176368234000066, 11.511348326000077 ], [ 123.191012533000048, 11.512288940000076 ], [ 123.193013936000071, 11.52298980000006 ], [ 123.167519039000027, 11.524267804000035 ], [ 123.160862800000032, 11.491034737000062 ] ] ], [ [ [ 123.198926603000018, 11.466322694000043 ], [ 123.217105477000018, 11.459739888000055 ], [ 123.235232498000073, 11.46491779400003 ], [ 123.234392903000071, 11.493350841000051 ], [ 123.239203106000105, 11.508079988000079 ], [ 123.222538965000012, 11.502750513000022 ], [ 123.217975005000085, 11.509608982000033 ], [ 123.200190079000109, 11.504225794000034 ], [ 123.204416223000067, 11.490864367000029 ], [ 123.192913698000098, 11.473949126000036 ], [ 123.198926603000018, 11.466322694000043 ] ] ], [ [ [ 123.250690672000033, 11.423429531000066 ], [ 123.261572280000109, 11.423688808000067 ], [ 123.274377498000021, 11.438203963000033 ], [ 123.275280031000079, 11.454853010000022 ], [ 123.247362994000028, 11.465639319000047 ], [ 123.242801650000033, 11.453727936000064 ], [ 123.25366977300007, 11.428067403000055 ], [ 123.250690672000033, 11.423429531000066 ] ] ], [ [ [ 123.149079170000064, 11.26618737900003 ], [ 123.151510334000037, 11.249270709000028 ], [ 123.166196854000077, 11.253969748000028 ], [ 123.167215146000103, 11.269313824000049 ], [ 123.19384254100008, 11.293381797000052 ], [ 123.180919693000078, 11.305383333000066 ], [ 123.154678191000016, 11.309407795000025 ], [ 123.155968161000047, 11.27702647600006 ], [ 123.149079170000064, 11.26618737900003 ] ] ], [ [ [ 123.121009508000043, 11.21354655300007 ], [ 123.134145094000019, 11.222785002000023 ], [ 123.136206012000116, 11.241880795000045 ], [ 123.146231378000053, 11.260628093000038 ], [ 123.135988110000085, 11.264086476000044 ], [ 123.132510178000075, 11.242609963000062 ], [ 123.123235423000096, 11.236566058000051 ], [ 123.121009508000043, 11.21354655300007 ] ] ], [ [ [ 123.214508424000087, 11.249749779000069 ], [ 123.204769075000073, 11.246772187000033 ], [ 123.198669062000022, 11.235997470000029 ], [ 123.213523953000063, 11.235554188000039 ], [ 123.214508424000087, 11.249749779000069 ] ] ], [ [ [ 123.17273213600005, 11.192994541000074 ], [ 123.190051636000021, 11.212340020000052 ], [ 123.184227220000025, 11.217743149000059 ], [ 123.165301358000079, 11.222133816000053 ], [ 123.157486647000042, 11.21134919900004 ], [ 123.163350422, 11.19403895900007 ], [ 123.17273213600005, 11.192994541000074 ] ] ], [ [ [ 123.122645895000119, 11.100633317000074 ], [ 123.128103738000064, 11.11389902800005 ], [ 123.136176263000038, 11.119824591000052 ], [ 123.142422229000104, 11.139584873000045 ], [ 123.137866162000037, 11.148861231000067 ], [ 123.116868825000097, 11.144570954000073 ], [ 123.107419550000031, 11.132376782000049 ], [ 123.117190814000082, 11.116358734000071 ], [ 123.113494661000132, 11.107761746000051 ], [ 123.122645895000119, 11.100633317000074 ] ] ] ] } },
{ "type": "Feature", "properties": { "adm1_psgc": 600000000, "adm2_psgc": 604500000, "adm2_en": "Negros Occidental", "geo_level": "Prov", "len_crs": 985013, "area_crs": 7652860443, "len_km": 985, "area_km2": 7652 }, "geometry": { "type": "MultiPolygon", "coordinates": [ [ [ [ 123.335915072000034, 10.382476470000029 ], [ 123.351350760000059, 10.406876642000039 ], [ 123.35922, 10.440724528000034 ], [ 123.366834081000093, 10.45110532800004 ], [ 123.37713956900005, 10.454045339000061 ], [ 123.395882123000106, 10.469591837000051 ], [ 123.403901630000064, 10.468597393000037 ], [ 123.416782662000074, 10.479156876000046 ], [ 123.422301192000077, 10.47656190500004 ], [ 123.43339007100009, 10.494873640000035 ], [ 123.449158336000096, 10.505254191000061 ], [ 123.457076546000067, 10.520950955000044 ], [ 123.457418117000088, 10.536400627000033 ], [ 123.472947357000066, 10.550248949000034 ], [ 123.46912568900008, 10.56322936600003 ], [ 123.476096328000025, 10.574025342000025 ], [ 123.480094620000045, 10.589139412000065 ], [ 123.493625354000073, 10.621887118000071 ], [ 123.493117274000042, 10.636283787000023 ], [ 123.502234417000068, 10.66432117100004 ], [ 123.508059121000088, 10.704604432000053 ], [ 123.514856147000032, 10.712594258000024 ], [ 123.517884282000068, 10.725603066000078 ], [ 123.531193068000121, 10.740268091000074 ], [ 123.530826472000044, 10.755047500000046 ], [ 123.542781711000103, 10.751072013000053 ], [ 123.547579061000079, 10.769561734000035 ], [ 123.559774882000042, 10.774305902000037 ], [ 123.560141872000031, 10.78843673500006 ], [ 123.568278326000041, 10.794357373000025 ], [ 123.557291674000126, 10.81873388300005 ], [ 123.56697624800006, 10.82821124700007 ], [ 123.564913566000101, 10.836623439000052 ], [ 123.532089123000105, 10.836966821000033 ], [ 123.536006027000099, 10.850674882000019 ], [ 123.522616624000079, 10.865664706000075 ], [ 123.52246850500002, 10.878194250000035 ], [ 123.516601077000033, 10.890373831000035 ], [ 123.51962607300004, 10.90122781800005 ], [ 123.508074828000076, 10.908176423000043 ], [ 123.514519249000031, 10.918123327000046 ], [ 123.496902990000081, 10.926342117000047 ], [ 123.488889593000081, 10.934592829000055 ], [ 123.472755355000118, 10.921267895000026 ], [ 123.448079601000018, 10.937497375000019 ], [ 123.408379321000112, 10.952905679000024 ], [ 123.373149972000078, 10.961160006000055 ], [ 123.348427171000026, 10.949895956000033 ], [ 123.331467815000096, 10.954125227000079 ], [ 123.321069720000096, 10.950981074000026 ], [ 123.272713191000108, 10.978104963000019 ], [ 123.266583734000051, 10.98615212800007 ], [ 123.247827754000028, 10.988555079000038 ], [ 123.247610641000037, 10.996740797000028 ], [ 123.23351965300003, 10.99428831100005 ], [ 123.204901939000024, 10.99840492900006 ], [ 123.195677603000036, 11.003010359000028 ], [ 123.184959282000023, 10.992989050000062 ], [ 123.175229465000029, 10.98983318300003 ], [ 123.163263003000097, 10.976567377000038 ], [ 123.155340796, 10.97748614300002 ], [ 123.13159237800005, 10.971452222000034 ], [ 123.120610547000084, 10.95740220700003 ], [ 123.112801711000088, 10.956259956000054 ], [ 123.102816455000038, 10.943333050000033 ], [ 123.091231728000025, 10.93767340700003 ], [ 123.075586343000055, 10.915364707000036 ], [ 123.066919309, 10.913216540000066 ], [ 123.047255640000103, 10.923256471000061 ], [ 123.038243022000074, 10.923837699000046 ], [ 123.015156054000059, 10.912932484000066 ], [ 122.996463422000033, 10.913651507000052 ], [ 122.986092246000098, 10.90833454400007 ], [ 122.981224636000093, 10.899196588000052 ], [ 122.957286747000026, 10.896418433000068 ], [ 122.956853563000095, 10.867165726000053 ], [ 122.948272825000103, 10.863394301000028 ], [ 122.946470776000069, 10.843385618000069 ], [ 122.950760106000089, 10.826541858000043 ], [ 122.949329484000017, 10.80581823600005 ], [ 122.962372846000122, 10.80315329600006 ], [ 122.968083401000072, 10.795079292000024 ], [ 122.961975527000064, 10.768530535000027 ], [ 122.964341842000067, 10.754953653000028 ], [ 122.960195694000049, 10.725761924000039 ], [ 122.945717524000102, 10.722817685000054 ], [ 122.951024339000014, 10.685706885000059 ], [ 122.943384414000093, 10.681090508000068 ], [ 122.938823727000113, 10.669056499000023 ], [ 122.929546401000039, 10.660454728000047 ], [ 122.924014836000083, 10.646335408000025 ], [ 122.926178675000074, 10.635101265000058 ], [ 122.914469527000051, 10.605416661000048 ], [ 122.902631935000031, 10.599788658000021 ], [ 122.89491926300002, 10.587138889000073 ], [ 122.882949612000061, 10.581475059000072 ], [ 122.881048566000118, 10.565182044000037 ], [ 122.8660057190001, 10.552488035000067 ], [ 122.84943456800012, 10.547419128000056 ], [ 122.834102223000073, 10.552693431000023 ], [ 122.823924971000096, 10.551298637000059 ], [ 122.79567834500007, 10.522731827000031 ], [ 122.810159912000017, 10.506097993000026 ], [ 122.820636074000049, 10.47792687800006 ], [ 122.824008208000024, 10.441862342000036 ], [ 122.834671492000098, 10.425531188000038 ], [ 122.850276441000133, 10.408102704000044 ], [ 122.856916427000115, 10.406909893000032 ], [ 122.863657820000071, 10.376634140000021 ], [ 122.866070872000023, 10.355070062000035 ], [ 122.859696063000101, 10.348916452000026 ], [ 122.857314294000048, 10.325396443000043 ], [ 122.849469665000015, 10.31623666900003 ], [ 122.84178759800011, 10.297929047000027 ], [ 122.84577374200002, 10.28148435600002 ], [ 122.845325780000053, 10.250295792000031 ], [ 122.839882317000047, 10.229463500000065 ], [ 122.841871587000028, 10.208903092000069 ], [ 122.856676907000079, 10.168864855000038 ], [ 122.862181799000027, 10.141725282000039 ], [ 122.862451565, 10.111790203000055 ], [ 122.859423019000019, 10.093407432000047 ], [ 122.848139083000092, 10.076743456000031 ], [ 122.821815337000089, 10.06309428000003 ], [ 122.807732882000082, 10.061147037000067 ], [ 122.782590675000051, 10.073302307000064 ], [ 122.774975465000026, 10.060460779000039 ], [ 122.762777868000043, 10.054775576000052 ], [ 122.754922704000023, 10.045121649000064 ], [ 122.723638116000075, 10.019393479000028 ], [ 122.723122047000047, 10.015519071000027 ], [ 122.698965973000099, 9.994295202000044 ], [ 122.669852214000116, 9.98031723500003 ], [ 122.655427651000096, 9.976098191000062 ], [ 122.616585113000028, 9.97527168700003 ], [ 122.581364768000071, 9.981356524000036 ], [ 122.573230760000115, 9.979751783000038 ], [ 122.508042846000066, 9.986625727000044 ], [ 122.493435004000048, 9.981573188000027 ], [ 122.470207796000054, 9.982074655000078 ], [ 122.45210660500004, 9.976125470000053 ], [ 122.450722920000089, 9.959890089000055 ], [ 122.443186084000104, 9.936856788000055 ], [ 122.443090766000083, 9.92387132600004 ], [ 122.435263587, 9.904481152000072 ], [ 122.418748776000029, 9.890659012000073 ], [ 122.408674040000051, 9.871062044000039 ], [ 122.394175652000058, 9.853864761000066 ], [ 122.381793107000036, 9.844187581000027 ], [ 122.386245748000078, 9.835761718000072 ], [ 122.384559333000084, 9.823714637000025 ], [ 122.401101468000093, 9.814947174000054 ], [ 122.393228915000023, 9.785415785000055 ], [ 122.398947222000075, 9.763991059000034 ], [ 122.398632143000114, 9.742015355000033 ], [ 122.394372372000021, 9.72864300100002 ], [ 122.380711175000101, 9.707460850000075 ], [ 122.397016364000038, 9.69154067900007 ], [ 122.414153623000061, 9.706435960000022 ], [ 122.420560817, 9.693694729000072 ], [ 122.407010849000017, 9.680355967000024 ], [ 122.398711099000025, 9.677162419000071 ], [ 122.408392496000047, 9.659435950000043 ], [ 122.430778378000014, 9.671614296000032 ], [ 122.443874236000056, 9.663232461000064 ], [ 122.457040377000126, 9.660954456000066 ], [ 122.458858071, 9.644428950000076 ], [ 122.44785730000001, 9.621929683000076 ], [ 122.464451524000083, 9.625307175000044 ], [ 122.460091526000056, 9.609883007000063 ], [ 122.479308506000038, 9.57738044000007 ], [ 122.48068037400003, 9.564795279000066 ], [ 122.505228220000063, 9.556067455000058 ], [ 122.518400546000066, 9.543942378000054 ], [ 122.516688538000025, 9.534235640000075 ], [ 122.527298109000071, 9.517584143000022 ], [ 122.536225259000048, 9.511394340000036 ], [ 122.533409016000078, 9.503411899000069 ], [ 122.544893774000116, 9.489219642000025 ], [ 122.551925886000063, 9.474784055000043 ], [ 122.559039772, 9.47221040000005 ], [ 122.578915851000048, 9.447301326000058 ], [ 122.58904149600005, 9.444246713000041 ], [ 122.592908135000016, 9.463638548000059 ], [ 122.635577228000088, 9.507626268000024 ], [ 122.656892310000089, 9.533703346000037 ], [ 122.68364140000007, 9.562847185000065 ], [ 122.723329496000034, 9.597365594000053 ], [ 122.804231830000049, 9.700807986000029 ], [ 122.876594097000051, 9.785435739000036 ], [ 122.906750438000032, 9.818935856000053 ], [ 122.932880031000082, 9.852716447000036 ], [ 122.983202503000044, 9.912625363000075 ], [ 123.004198726000013, 9.971277159000065 ], [ 123.015795886000092, 10.012187241000047 ], [ 123.071358666000037, 10.09779056900004 ], [ 123.110668427000078, 10.165420105000065 ], [ 123.136516537000034, 10.198260696000034 ], [ 123.188818252000033, 10.260563292000029 ], [ 123.194557470000049, 10.271815747000062 ], [ 123.191198733000078, 10.303034610000054 ], [ 123.167682470000045, 10.305539149000024 ], [ 123.163456141000097, 10.315518531000064 ], [ 123.181459674000067, 10.322771078000073 ], [ 123.183214147000058, 10.358187988000054 ], [ 123.160314148000111, 10.387797962000034 ], [ 123.131830572000027, 10.411678991000031 ], [ 123.144324974000043, 10.434843284000067 ], [ 123.21869044600011, 10.439600951000045 ], [ 123.236620278000032, 10.437750262000064 ], [ 123.244481426000107, 10.431866907000028 ], [ 123.250462342000091, 10.414928063000049 ], [ 123.273763005000092, 10.405036659000075 ], [ 123.335915072000034, 10.382476470000029 ] ] ], [ [ [ 123.551491350000106, 10.952387758000041 ], [ 123.572160856000096, 10.955115708000047 ], [ 123.56290941500005, 10.969659804000058 ], [ 123.551491350000106, 10.952387758000041 ] ] ], [ [ [ 123.423447928000087, 10.437640325000073 ], [ 123.440615393000044, 10.462858864000054 ], [ 123.448831251000129, 10.467471238000028 ], [ 123.443738961000022, 10.47931616900007 ], [ 123.431105561000095, 10.460240997000025 ], [ 123.417301363000092, 10.44552416500005 ], [ 123.423447928000087, 10.437640325000073 ] ] ] ] } },
{ "type": "Feature", "properties": { "adm1_psgc": 600000000, "adm2_psgc": 607900000, "adm2_en": "Guimaras", "geo_level": "Prov", "len_crs": 371424, "area_crs": 595760665, "len_km": 371, "area_km2": 595 }, "geometry": { "type": "MultiPolygon", "coordinates": [ [ [ [ 122.485822361000032, 10.463718339000025 ], [ 122.502672541000024, 10.46610527100006 ], [ 122.504946597000071, 10.44158430300007 ], [ 122.512487777000047, 10.415081062000068 ], [ 122.521774906000019, 10.405203507000065 ], [ 122.529364650000048, 10.410295934000031 ], [ 122.542119685000102, 10.408493262000036 ], [ 122.552770138000042, 10.417398513000023 ], [ 122.570689355000013, 10.448269593000077 ], [ 122.582463863000058, 10.443435466000041 ], [ 122.583743342000062, 10.430216515000039 ], [ 122.594894349000015, 10.430923208000026 ], [ 122.605054808000091, 10.438507551000042 ], [ 122.625651874000027, 10.434314450000043 ], [ 122.628766839000036, 10.445065222000041 ], [ 122.63922980800011, 10.446095501000059 ], [ 122.644876566000107, 10.471413280000036 ], [ 122.66353824700002, 10.478480142000024 ], [ 122.666850588000102, 10.489600141000039 ], [ 122.682553391000056, 10.502208969000039 ], [ 122.680876110000099, 10.514677850000055 ], [ 122.684055761000081, 10.531563566000044 ], [ 122.697482872000023, 10.547421428000064 ], [ 122.695716168000118, 10.555093108000051 ], [ 122.707725013000086, 10.570228546000063 ], [ 122.705553405000046, 10.575407490000028 ], [ 122.712719804000017, 10.594563764000043 ], [ 122.724986831000024, 10.615046608000055 ], [ 122.720633701000111, 10.629804229000058 ], [ 122.725693148000133, 10.63910487000004 ], [ 122.715862980000111, 10.658118212000034 ], [ 122.720580930000096, 10.685427913000069 ], [ 122.718873535000057, 10.705105867000045 ], [ 122.71387636200005, 10.715628863000061 ], [ 122.685750523000024, 10.731557163000048 ], [ 122.679019043000054, 10.742470810000045 ], [ 122.657878425000021, 10.75402240000005 ], [ 122.645125812000046, 10.733412651000036 ], [ 122.614859092000074, 10.718851581000024 ], [ 122.610633981000092, 10.705627680000076 ], [ 122.614959202000023, 10.68563594500006 ], [ 122.606210330000067, 10.674666399000044 ], [ 122.592421481000088, 10.673922103000056 ], [ 122.581868312000083, 10.659509473000069 ], [ 122.569849406000117, 10.666271391000066 ], [ 122.560208415000034, 10.662716287000022 ], [ 122.565020710000113, 10.649408860000051 ], [ 122.551424149000027, 10.630338387000053 ], [ 122.527270102000116, 10.615002864000074 ], [ 122.530064194000033, 10.604042122000068 ], [ 122.518467643, 10.599672231000056 ], [ 122.510878331000072, 10.582133333000058 ], [ 122.511819475000038, 10.566869162000044 ], [ 122.519932091000101, 10.560318443000028 ], [ 122.52373959900001, 10.540056754000036 ], [ 122.535766383, 10.54867226500005 ], [ 122.542839094000115, 10.54042376600006 ], [ 122.526466043000042, 10.532781365000059 ], [ 122.512501874000023, 10.534251567000069 ], [ 122.523023204000097, 10.516401297000073 ], [ 122.515007421000064, 10.508622403000061 ], [ 122.482552483000049, 10.505966314000032 ], [ 122.476887060000095, 10.498129808000044 ], [ 122.475086212000079, 10.479310568000072 ], [ 122.488400249000051, 10.469359222000037 ], [ 122.485822361000032, 10.463718339000025 ] ] ], [ [ [ 122.69278, 10.4417 ], [ 122.70469, 10.45022 ], [ 122.720740000000106, 10.448240001000043 ], [ 122.724750001000075, 10.45424 ], [ 122.702499999000125, 10.47634 ], [ 122.68644, 10.46719 ], [ 122.689440000000104, 10.457130001000053 ], [ 122.684169999000119, 10.44307 ], [ 122.69278, 10.4417 ] ] ] ] } },
{ "type": "Feature", "properties": { "adm1_psgc": 700000000, "adm2_psgc": 701200000, "adm2_en": "Bohol", "geo_level": "Prov", "len_crs": 1069316, "area_crs": 3968651313, "len_km": 1069, "area_km2": 3968 }, "geometry": { "type": "MultiPolygon", "coordinates": [ [ [ [ 123.922615273000019, 9.49996119900004 ], [ 123.918260045000011, 9.490361601000075 ], [ 123.929570341000044, 9.490947160000077 ], [ 123.922615273000019, 9.49996119900004 ] ] ], [ [ [ 123.836487257000044, 9.644078256000055 ], [ 123.827850161000015, 9.637640237000028 ], [ 123.819221222, 9.637297312000042 ], [ 123.805899121000024, 9.626924671000042 ], [ 123.78715066700012, 9.623805467000066 ], [ 123.771740660000106, 9.617117394000047 ], [ 123.751707003000092, 9.594855626000026 ], [ 123.733171388000073, 9.584671557000036 ], [ 123.749316636000131, 9.572615912000055 ], [ 123.748506675000044, 9.558347091000028 ], [ 123.74325100800003, 9.553161900000021 ], [ 123.758316920000098, 9.545066035000048 ], [ 123.784429596000109, 9.551095278000046 ], [ 123.797208652000108, 9.551585063000063 ], [ 123.803713055000117, 9.555077099000071 ], [ 123.812830140000088, 9.566011034000041 ], [ 123.828334760000061, 9.575510001000055 ], [ 123.839793157000045, 9.58670760800004 ], [ 123.853385573000082, 9.588881777000038 ], [ 123.865677644000016, 9.597908365000025 ], [ 123.869901944000048, 9.605669496000075 ], [ 123.87146374200006, 9.622050617000069 ], [ 123.862075446000063, 9.626538797000023 ], [ 123.84692765200009, 9.64070980200006 ], [ 123.836487257000044, 9.644078256000055 ] ] ], [ [ [ 123.790121273000068, 9.864313846000071 ], [ 123.785562307000077, 9.850824492000074 ], [ 123.795993819000046, 9.839596320000053 ], [ 123.811630982000111, 9.846946851000039 ], [ 123.815846774000093, 9.854207045000065 ], [ 123.800645010000039, 9.862154184000074 ], [ 123.790121273000068, 9.864313846000071 ] ] ], [ [ [ 123.781748718000017, 9.892355811000074 ], [ 123.759488748000081, 9.889849370000036 ], [ 123.760733783000106, 9.874589859000023 ], [ 123.76454973400007, 9.861026631000074 ], [ 123.772111739000039, 9.86409614100006 ], [ 123.780161933000059, 9.875333512000052 ], [ 123.792434797000055, 9.886106218000064 ], [ 123.781748718000017, 9.892355811000074 ] ] ], [ [ [ 123.823942378000098, 9.911229657000034 ], [ 123.808352474000131, 9.907203587000026 ], [ 123.818801321000024, 9.897824669000045 ], [ 123.819729225000046, 9.890737189000051 ], [ 123.835643658000109, 9.885605091000057 ], [ 123.838000682000043, 9.902877 ], [ 123.823942378000098, 9.911229657000034 ] ] ], [ [ [ 124.615476330000092, 10.153081935000047 ], [ 124.598697176000087, 10.146901372000061 ], [ 124.590641500000061, 10.136788748000074 ], [ 124.570601520000082, 10.12583247200007 ], [ 124.563303979000011, 10.119259183000056 ], [ 124.560564507000095, 10.130125786000063 ], [ 124.553221582000106, 10.132077184000027 ], [ 124.547856484000022, 10.115411951000057 ], [ 124.541213163000066, 10.11045352900004 ], [ 124.5305602950001, 10.119570685000042 ], [ 124.523922729000105, 10.116704679000065 ], [ 124.521697798000105, 10.104191242000068 ], [ 124.531653900000038, 10.097821645000067 ], [ 124.532515696000033, 10.084381513000038 ], [ 124.527197565000037, 10.082762671000069 ], [ 124.527959411000097, 10.068452249000073 ], [ 124.53952942300009, 10.051818360000023 ], [ 124.552953174000095, 10.056120030000043 ], [ 124.55120502300008, 10.068699555000023 ], [ 124.557532219000123, 10.075975590000041 ], [ 124.549912280000058, 10.080105651000054 ], [ 124.561078187000021, 10.092409370000039 ], [ 124.584271597000111, 10.089677428000074 ], [ 124.594222227000046, 10.081449994000023 ], [ 124.604342813, 10.087607842000068 ], [ 124.606317244000024, 10.09839173000006 ], [ 124.595618239000046, 10.118641798000056 ], [ 124.601282689000058, 10.136952776000042 ], [ 124.61517679400005, 10.143860034000054 ], [ 124.615476330000092, 10.153081935000047 ] ] ], [ [ [ 124.289934630000076, 10.173635970000023 ], [ 124.288663323000051, 10.163531359000048 ], [ 124.280871757000114, 10.155106568000065 ], [ 124.254875634000086, 10.157639190000053 ], [ 124.237220145000038, 10.162145719000023 ], [ 124.207853068000077, 10.161005524000075 ], [ 124.197843092000099, 10.149356032000069 ], [ 124.190883387000113, 10.152202611000062 ], [ 124.178244753000044, 10.145780441000053 ], [ 124.163017433000064, 10.153030544000043 ], [ 124.152957559000015, 10.153846829000029 ], [ 124.147505042000034, 10.149233609000021 ], [ 124.14289141800009, 10.135399036000024 ], [ 124.133210923000078, 10.122519191000038 ], [ 124.137510986000052, 10.112217148000068 ], [ 124.118384499000058, 10.092806717000029 ], [ 124.108082113000037, 10.087049218000063 ], [ 124.096308994000083, 10.07616950000005 ], [ 124.096805477000075, 10.064511338000042 ], [ 124.085971944000121, 10.06235381700003 ], [ 124.082283018000112, 10.073497166000038 ], [ 124.06226921300005, 10.067498070000056 ], [ 124.056235395000044, 10.032339996000076 ], [ 124.043895019000047, 9.993615773000045 ], [ 124.044122689000133, 9.987890573000071 ], [ 124.027505328000075, 9.967241104000037 ], [ 124.013525431000062, 9.964548602000034 ], [ 123.984302301000071, 9.964072886000055 ], [ 123.960755343000088, 9.951262796000037 ], [ 123.951738550000073, 9.942906483000058 ], [ 123.931628729000082, 9.934202386000038 ], [ 123.91185421800003, 9.932794385000021 ], [ 123.903283873000078, 9.924117616000045 ], [ 123.901335744000093, 9.916493158000035 ], [ 123.89107988800005, 9.911827529000046 ], [ 123.883325720000016, 9.920497511000063 ], [ 123.866708265000071, 9.910778740000067 ], [ 123.873163629000018, 9.895134622000056 ], [ 123.854038288000083, 9.88846030600007 ], [ 123.848885628000062, 9.880631592000043 ], [ 123.839847592000069, 9.875780201000055 ], [ 123.818762928000083, 9.847188190000052 ], [ 123.806374739000049, 9.84179829200002 ], [ 123.804510274000108, 9.83152381600007 ], [ 123.798058968000078, 9.825924935000046 ], [ 123.789805547000014, 9.805085421000056 ], [ 123.782820954000044, 9.771551344000041 ], [ 123.787464615000104, 9.739125933000023 ], [ 123.800839419000113, 9.733104024000058 ], [ 123.82491767700003, 9.738045543000053 ], [ 123.832297490000073, 9.741804325000032 ], [ 123.840271073000054, 9.739486140000054 ], [ 123.854538209000111, 9.719310811000071 ], [ 123.863468263000073, 9.715361745000052 ], [ 123.856062578000092, 9.698905969000066 ], [ 123.856436464000012, 9.691125070000055 ], [ 123.843993024000056, 9.667256902000076 ], [ 123.844195716000058, 9.662397293000025 ], [ 123.854649102000053, 9.637559059000068 ], [ 123.866053400000069, 9.633495432000075 ], [ 123.871876660000126, 9.627618822000043 ], [ 123.917338741000094, 9.62149858200007 ], [ 123.941774661000068, 9.611134659000072 ], [ 123.969697557000032, 9.600954176000073 ], [ 123.97426920700002, 9.60572592600005 ], [ 123.982393013000092, 9.598004367000041 ], [ 123.999088149000059, 9.604482376000021 ], [ 124.003060057000084, 9.597549474000063 ], [ 124.037198929000056, 9.592938765000042 ], [ 124.055012903000048, 9.58935870600004 ], [ 124.084752011000091, 9.587712961000021 ], [ 124.104989098000033, 9.590027331000043 ], [ 124.129087587000086, 9.598965591000026 ], [ 124.144213793000077, 9.598670904000072 ], [ 124.166585765000036, 9.606899739000026 ], [ 124.191016075000107, 9.610044386000025 ], [ 124.219980125, 9.604042987000071 ], [ 124.231735394000111, 9.598811933000034 ], [ 124.260140323000087, 9.598795538000045 ], [ 124.269447585000094, 9.603409882000051 ], [ 124.284014154000033, 9.604618532000075 ], [ 124.290448912000102, 9.61015374400006 ], [ 124.307455200000064, 9.616043504000061 ], [ 124.313864319000103, 9.622270453000056 ], [ 124.329634976000079, 9.623370331000046 ], [ 124.358769326000029, 9.629790277000041 ], [ 124.360814213000026, 9.638917828000046 ], [ 124.368662933000124, 9.650625782000075 ], [ 124.398992608000086, 9.652581916000033 ], [ 124.40143948900004, 9.657212733000049 ], [ 124.401117783000032, 9.691819365000072 ], [ 124.408933900000079, 9.710928386000031 ], [ 124.427083031000066, 9.721075998000062 ], [ 124.445636782000065, 9.720809105000059 ], [ 124.474420245000019, 9.748298263000038 ], [ 124.484489199000109, 9.760939703000078 ], [ 124.496855276, 9.762549893000026 ], [ 124.504769956000032, 9.733650010000074 ], [ 124.514056186000062, 9.722875233000025 ], [ 124.571342141000073, 9.732418237000047 ], [ 124.577165538000031, 9.744875154000054 ], [ 124.59278702600011, 9.756087292000073 ], [ 124.595383656000081, 9.766505733000031 ], [ 124.592485300000035, 9.790587985000059 ], [ 124.59354920400007, 9.801236314000048 ], [ 124.590737932000025, 9.811160848000041 ], [ 124.57564427300008, 9.809489724000057 ], [ 124.556116412000051, 9.820543637000071 ], [ 124.557552866000037, 9.827655150000055 ], [ 124.547577740000065, 9.831272482000031 ], [ 124.546560410000112, 9.838127748000032 ], [ 124.522347158000116, 9.844510999000022 ], [ 124.516701712000085, 9.855686199000045 ], [ 124.528818129000115, 9.858035237000024 ], [ 124.550743167000064, 9.87229610500003 ], [ 124.560392804000116, 9.873348144000031 ], [ 124.570110842000091, 9.885656192000054 ], [ 124.568826710000053, 9.90706184600003 ], [ 124.575648948000108, 9.910303872000044 ], [ 124.560833951000077, 9.920255739000025 ], [ 124.53922020800006, 9.920076091000055 ], [ 124.5379456390001, 9.925652566000053 ], [ 124.551143562000092, 9.928837378000024 ], [ 124.54953975300009, 9.939947889000049 ], [ 124.543846045000024, 9.949223761000042 ], [ 124.552165090000031, 9.951904817000072 ], [ 124.550641822000117, 9.968833509000035 ], [ 124.54367953800012, 9.972288016000046 ], [ 124.549256886000094, 9.983716804000039 ], [ 124.558991555000048, 9.985749975000031 ], [ 124.557763354000031, 9.972914943000035 ], [ 124.570051056000011, 9.976500892000047 ], [ 124.568919122000011, 9.996703717000058 ], [ 124.561315747000108, 10.000124897000035 ], [ 124.560353927000051, 10.009331647000069 ], [ 124.553000358000077, 10.013076398000067 ], [ 124.554584912000109, 10.027850760000034 ], [ 124.545718957000076, 10.032982832000071 ], [ 124.546976813000015, 10.040945973000023 ], [ 124.532774060000065, 10.042548705000058 ], [ 124.522444848000077, 10.055967766000037 ], [ 124.514488761000052, 10.070278443000063 ], [ 124.50470373600001, 10.076171072000022 ], [ 124.500709418000042, 10.06405339300005 ], [ 124.481543090000059, 10.055847803000063 ], [ 124.463422130000026, 10.062480729000072 ], [ 124.441389848000085, 10.084905563000062 ], [ 124.420828532000101, 10.091372456000045 ], [ 124.415903276000122, 10.101773840000021 ], [ 124.389328367000076, 10.106622183000068 ], [ 124.393235078000089, 10.124357043000032 ], [ 124.391759667000088, 10.130628708000073 ], [ 124.379678605000095, 10.137959368000054 ], [ 124.374142608000071, 10.150631937000073 ], [ 124.367030786000115, 10.153393782000023 ], [ 124.362397960000067, 10.135542269000041 ], [ 124.354989140000029, 10.128245817000048 ], [ 124.340239182000118, 10.126811664000058 ], [ 124.341708949, 10.138076806000072 ], [ 124.313893336000078, 10.165284181000063 ], [ 124.29867242100012, 10.164934101000025 ], [ 124.289934630000076, 10.173635970000023 ] ] ], [ [ [ 124.186509818000118, 10.176492609000034 ], [ 124.168283508000073, 10.173644764000072 ], [ 124.161285064000012, 10.160586864000038 ], [ 124.174394244000055, 10.155511426000031 ], [ 124.191947087000031, 10.169432100000051 ], [ 124.186509818000118, 10.176492609000034 ] ] ], [ [ [ 124.381451542000036, 10.184619649000069 ], [ 124.365870817000072, 10.17481993800004 ], [ 124.351302938000117, 10.175234931000034 ], [ 124.352178198000047, 10.165359135000072 ], [ 124.362053311000082, 10.167657089000043 ], [ 124.368576916000052, 10.162797736000071 ], [ 124.391538802000014, 10.17682469300007 ], [ 124.381451542000036, 10.184619649000069 ] ] ], [ [ [ 124.258921274000045, 10.206539847000045 ], [ 124.246012337000039, 10.202527823000025 ], [ 124.228012304000117, 10.193588920000026 ], [ 124.217835044000026, 10.198703234000046 ], [ 124.202556405000124, 10.194456035000028 ], [ 124.198378176000119, 10.185844432000067 ], [ 124.219746310000119, 10.190742357000033 ], [ 124.238354835000123, 10.181382131000021 ], [ 124.251943564000058, 10.196661592000055 ], [ 124.261947716, 10.200783323000053 ], [ 124.258921274000045, 10.206539847000045 ] ] ], [ [ [ 124.168517812000118, 10.211361110000041 ], [ 124.154335453000044, 10.204793179000033 ], [ 124.149642766000056, 10.191562450000047 ], [ 124.165017127000056, 10.192040279000027 ], [ 124.18290860400009, 10.19800120600007 ], [ 124.180861094000079, 10.205142243000068 ], [ 124.168517812000118, 10.211361110000041 ] ] ] ] } },
{ "type": "Feature", "properties": { "adm1_psgc": 700000000, "adm2_psgc": 702200000, "adm2_en": "Cebu", "geo_level": "Prov", "len_crs": 1433151, "area_crs": 4867165712, "len_km": 1433, "area_km2": 4867 }, "geometry": { "type": "MultiPolygon", "coordinates": [ [ [ [ 124.09304794600007, 11.523164454000039 ], [ 124.092191576000104, 11.513902693000036 ], [ 124.098729359000131, 11.505518241000059 ], [ 124.105052770000043, 11.513319277000051 ], [ 124.09304794600007, 11.523164454000039 ] ] ], [ [ [ 123.88376302100005, 11.312573306000049 ], [ 123.88390629800007, 11.301417178000065 ], [ 123.890912012000058, 11.296175705000049 ], [ 123.898732645000109, 11.30443180900005 ], [ 123.898827682000046, 11.321984235000059 ], [ 123.902023345000103, 11.326838114000052 ], [ 123.901396685, 11.346019928000031 ], [ 123.890739630000098, 11.347525306000025 ], [ 123.884661822000126, 11.333116435000022 ], [ 123.886438451000132, 11.326762885000052 ], [ 123.88376302100005, 11.312573306000049 ] ] ], [ [ [ 123.723121994000067, 11.154327203000035 ], [ 123.72080306700002, 11.137205259000037 ], [ 123.73286776100008, 11.138630978000037 ], [ 123.752250612000026, 11.151106560000072 ], [ 123.773103044000095, 11.149913366000023 ], [ 123.783780266, 11.146223594000046 ], [ 123.809667865000051, 11.153189307000048 ], [ 123.807048531000078, 11.165390523000042 ], [ 123.801129654000079, 11.174216631000037 ], [ 123.79233854600011, 11.178051345000029 ], [ 123.774584892000021, 11.196619795000059 ], [ 123.768086176000111, 11.210299982000038 ], [ 123.766187258000059, 11.224937914000062 ], [ 123.761618980000094, 11.236797860000026 ], [ 123.756629532000019, 11.267717442000047 ], [ 123.748477440000087, 11.286660430000039 ], [ 123.740933265000095, 11.295231260000037 ], [ 123.729665744000044, 11.30121079400004 ], [ 123.719863363000073, 11.283707522000041 ], [ 123.708840805000023, 11.252487905000065 ], [ 123.699242564000102, 11.244648604000075 ], [ 123.687986101000078, 11.225499525000034 ], [ 123.690168496000069, 11.218114059000071 ], [ 123.699076537000124, 11.213151464000077 ], [ 123.703433242000088, 11.196674708000046 ], [ 123.713061568000057, 11.180826754000066 ], [ 123.717198090000011, 11.166728176000049 ], [ 123.722703005000071, 11.166780312000071 ], [ 123.728163664000022, 11.157853627000065 ], [ 123.723121994000067, 11.154327203000035 ] ] ], [ [ [ 123.920540643000095, 11.003489784000065 ], [ 123.929617427000039, 11.002916851000068 ], [ 123.928542958000108, 10.979366350000019 ], [ 123.918808502000047, 10.963166662000047 ], [ 123.92147217, 10.949761587000069 ], [ 123.913150535000128, 10.944356284000039 ], [ 123.913230001000088, 10.937372110000069 ], [ 123.904354609000066, 10.935892217000058 ], [ 123.892812411000037, 10.907501346000062 ], [ 123.889012387000093, 10.892538040000034 ], [ 123.868990593000021, 10.837254084000053 ], [ 123.86320725600001, 10.80740994000007 ], [ 123.853749285000063, 10.799725865000029 ], [ 123.840140385000041, 10.775211379000039 ], [ 123.838960163000039, 10.762301957000032 ], [ 123.831115016000012, 10.75502270000004 ], [ 123.834325486000012, 10.742985807000025 ], [ 123.831144959000085, 10.733348657000022 ], [ 123.801974447000021, 10.722951957000021 ], [ 123.799421173000042, 10.714601394000056 ], [ 123.791596218000109, 10.706873336000058 ], [ 123.794134315000065, 10.699386047000075 ], [ 123.774287436000023, 10.669033183000066 ], [ 123.769897359000083, 10.667616801000065 ], [ 123.755387978000044, 10.644802013000058 ], [ 123.743178556000103, 10.634195426000074 ], [ 123.74685536700008, 10.614184518000055 ], [ 123.73494456800006, 10.593143199000052 ], [ 123.729928628000053, 10.575656055000026 ], [ 123.726225742000125, 10.571537948000069 ], [ 123.711849786000016, 10.567434328000045 ], [ 123.712111297000078, 10.552009975000033 ], [ 123.703840920000061, 10.543867852000064 ], [ 123.706327200000047, 10.535032952000053 ], [ 123.702890509000113, 10.521705414000049 ], [ 123.704863700000047, 10.511156757000037 ], [ 123.710483381, 10.508586590000048 ], [ 123.714169291000076, 10.497584239000046 ], [ 123.70776782400003, 10.494292532000033 ], [ 123.701677382000071, 10.484629993000055 ], [ 123.687426563000031, 10.48164934700003 ], [ 123.689664488000076, 10.463683974000048 ], [ 123.675752484000114, 10.455712520000079 ], [ 123.676685884000094, 10.441366736000077 ], [ 123.668609333000063, 10.433145544000071 ], [ 123.666489268000078, 10.412797987000035 ], [ 123.652098011000035, 10.408292306000018 ], [ 123.643212467000026, 10.402691111000022 ], [ 123.637352290000081, 10.386051321000023 ], [ 123.637601051000047, 10.378617636000055 ], [ 123.614806424000122, 10.364788834000022 ], [ 123.613117191000029, 10.358016786000064 ], [ 123.591985908000083, 10.347928760000057 ], [ 123.581232572000104, 10.328960477000066 ], [ 123.579617380000059, 10.322255433000064 ], [ 123.585385994000049, 10.30699015700003 ], [ 123.578586326000035, 10.293662778000053 ], [ 123.581918671000039, 10.285864523000042 ], [ 123.582413269000085, 10.263604579000058 ], [ 123.569998636000037, 10.247680654000023 ], [ 123.551822127000037, 10.231515436000048 ], [ 123.539543957000106, 10.207895991000042 ], [ 123.525851310000021, 10.190831551000031 ], [ 123.516120177000062, 10.165203121000046 ], [ 123.517171994, 10.152701905000072 ], [ 123.511459581000054, 10.14436831300003 ], [ 123.496086395000034, 10.128889898000066 ], [ 123.491858339000032, 10.116782466000073 ], [ 123.483149428000061, 10.118558611000022 ], [ 123.468304100000069, 10.095901158000057 ], [ 123.455611220000037, 10.086423220000029 ], [ 123.444791186000074, 10.074218773000041 ], [ 123.446107097000109, 10.064976973000057 ], [ 123.43890779000003, 10.058972605000063 ], [ 123.425296453000101, 10.059722531000034 ], [ 123.414604214000079, 10.05174846500006 ], [ 123.405849402000058, 10.022004832000052 ], [ 123.409994466000043, 10.003744663000075 ], [ 123.4014173690001, 9.990148077000073 ], [ 123.403478393000114, 9.977746544000071 ], [ 123.391368215000057, 9.970868774000055 ], [ 123.38229846000003, 9.997439641000028 ], [ 123.371213890000035, 9.993496970000022 ], [ 123.368288797000119, 9.984285541000077 ], [ 123.371723052000121, 9.974626899000041 ], [ 123.366242150000062, 9.946393581000052 ], [ 123.374917970000084, 9.93437994100003 ], [ 123.388179697000041, 9.937514553000026 ], [ 123.397700275000048, 9.927999875000067 ], [ 123.40238115000011, 9.905005346000053 ], [ 123.397570020000103, 9.876257043000066 ], [ 123.386392622000031, 9.864847642000029 ], [ 123.370863721000077, 9.869456878000053 ], [ 123.367732154, 9.856818796000026 ], [ 123.373249176000073, 9.842170725000072 ], [ 123.372432775000121, 9.820930578000059 ], [ 123.365684638000047, 9.807576278000054 ], [ 123.346180848000017, 9.791348572000059 ], [ 123.34388823800009, 9.779947565000043 ], [ 123.346225529000108, 9.769092291000051 ], [ 123.339609026000062, 9.743792754000026 ], [ 123.339793203000113, 9.725947660000033 ], [ 123.335620897000027, 9.702131571000054 ], [ 123.328703584000095, 9.687027493000073 ], [ 123.322480296000094, 9.647896901000026 ], [ 123.326049534000049, 9.637685184000077 ], [ 123.315576251000039, 9.585172980000037 ], [ 123.311643279, 9.573677986000064 ], [ 123.304850329000047, 9.541312690000042 ], [ 123.305344128000129, 9.531870064000033 ], [ 123.300957851000035, 9.517665373000057 ], [ 123.29639564300011, 9.479893391000077 ], [ 123.301650747000053, 9.458193665000067 ], [ 123.302799075000067, 9.443814115000066 ], [ 123.300274449000085, 9.418495793000034 ], [ 123.322708080000098, 9.413277901000068 ], [ 123.332492058000085, 9.413466543000025 ], [ 123.353914784000054, 9.425333773000034 ], [ 123.376503171000081, 9.454027333000056 ], [ 123.384908419000112, 9.473761173000067 ], [ 123.397948203000055, 9.493916824000053 ], [ 123.414765073000012, 9.505640322000033 ], [ 123.427205104000123, 9.516639838000057 ], [ 123.435903488, 9.521001330000047 ], [ 123.438638313000084, 9.530012662000045 ], [ 123.45342755, 9.555124747000038 ], [ 123.462799, 9.565551 ], [ 123.469325, 9.578842 ], [ 123.472557, 9.59343 ], [ 123.478175, 9.600574001000041 ], [ 123.473065, 9.60501900100007 ], [ 123.475355646000025, 9.613707451000041 ], [ 123.49537673500005, 9.66162617900005 ], [ 123.50173003700003, 9.665891877000037 ], [ 123.502452001000051, 9.680654 ], [ 123.510686, 9.697929 ], [ 123.510616263000088, 9.726079877000075 ], [ 123.513884812000029, 9.741264294000073 ], [ 123.522290504000011, 9.75055800100006 ], [ 123.536153, 9.756284 ], [ 123.536437683000031, 9.765325147000055 ], [ 123.531004, 9.774225 ], [ 123.537395, 9.787883001000067 ], [ 123.534594, 9.795338001000061 ], [ 123.537073532000036, 9.805354066000065 ], [ 123.559463178000115, 9.816118790000074 ], [ 123.561185384000055, 9.832627994000063 ], [ 123.566300701000046, 9.839084545000048 ], [ 123.569043766000064, 9.851524219000055 ], [ 123.583567644000041, 9.866649047000067 ], [ 123.592166, 9.871510001000043 ], [ 123.60821, 9.874482 ], [ 123.610388, 9.887577001000068 ], [ 123.605908419000116, 9.894977499000047 ], [ 123.610235000000117, 9.909007001000075 ], [ 123.620051, 9.928900001000043 ], [ 123.624838445000023, 9.949173019000057 ], [ 123.620037334, 9.958642399000039 ], [ 123.624882541000048, 9.978781856000069 ], [ 123.614798084000086, 9.993736324000052 ], [ 123.619759057, 10.003507579000027 ], [ 123.621207564000088, 10.030723932000058 ], [ 123.624525888000107, 10.03511826600004 ], [ 123.62859919500012, 10.057591358000025 ], [ 123.633904757000096, 10.057155909000073 ], [ 123.640045846000035, 10.070314845000041 ], [ 123.641221533, 10.084698843000071 ], [ 123.656367798000034, 10.091582095000035 ], [ 123.66315424000004, 10.087264493000021 ], [ 123.67846897000004, 10.08368203200007 ], [ 123.681766925000034, 10.087561695000034 ], [ 123.683649373000108, 10.11411913200004 ], [ 123.694181341000103, 10.141326669000023 ], [ 123.701431445000026, 10.151742589000037 ], [ 123.720568924000091, 10.169171681000023 ], [ 123.723887473000104, 10.174967723000064 ], [ 123.735573120000026, 10.179813984000077 ], [ 123.748603645000117, 10.193840156000022 ], [ 123.756431922000047, 10.196523911000044 ], [ 123.761169311000117, 10.207286730000019 ], [ 123.759928743000046, 10.213702292000052 ], [ 123.767882268000108, 10.227345249000052 ], [ 123.785489193000117, 10.230670797000073 ], [ 123.799206015000109, 10.237957548000056 ], [ 123.821868475000088, 10.238184254000032 ], [ 123.834175812000012, 10.234177485000032 ], [ 123.848001834000129, 10.240667304000057 ], [ 123.854254153000056, 10.247003520000021 ], [ 123.863143735000122, 10.248475431000031 ], [ 123.867495188000021, 10.255586502000027 ], [ 123.881662281000104, 10.269423727000062 ], [ 123.881689566000105, 10.279110922000029 ], [ 123.891191233000086, 10.289383814000074 ], [ 123.907044377000048, 10.291221716000054 ], [ 123.911680594000018, 10.299607914000037 ], [ 123.940285959000121, 10.321196867000026 ], [ 123.949603939000099, 10.319076795000058 ], [ 123.96781218700005, 10.329844703000051 ], [ 123.97587714000008, 10.340096055000062 ], [ 123.973595583000019, 10.346448836000036 ], [ 123.984465698000022, 10.35386943000003 ], [ 124.000821071000018, 10.359147601000073 ], [ 124.01002777500004, 10.37466369100002 ], [ 124.021272707000094, 10.383349691000037 ], [ 124.012404736, 10.387252993000059 ], [ 124.002487940000051, 10.397199092000049 ], [ 123.99866890300008, 10.415602120000074 ], [ 124.00440205400001, 10.420843379000077 ], [ 124.010595859000091, 10.435786615000042 ], [ 124.010031054000038, 10.444397684000021 ], [ 124.014948222000044, 10.45916178600004 ], [ 124.020891530000085, 10.469161494000048 ], [ 124.021119679000094, 10.477969160000045 ], [ 124.032212853000047, 10.496692966000067 ], [ 124.02786955800002, 10.510359520000064 ], [ 124.032860676000041, 10.52864328000004 ], [ 124.029360387000111, 10.535065493000046 ], [ 124.035550322000077, 10.552118240000025 ], [ 124.029049133000058, 10.550923810000027 ], [ 124.023123045000048, 10.559498008000046 ], [ 124.02363268900001, 10.57305554900006 ], [ 124.02722402500001, 10.578662282000039 ], [ 124.018487202000074, 10.58512387500002 ], [ 124.032674472000053, 10.595322829000054 ], [ 124.025955166000031, 10.604949556000063 ], [ 124.028692411000065, 10.633864933000039 ], [ 124.020991172000095, 10.659593508000054 ], [ 124.012131825000111, 10.703279854000071 ], [ 124.016164921000026, 10.714742731000056 ], [ 124.016535601000086, 10.730300875000069 ], [ 124.004823785000085, 10.748123522000068 ], [ 124.005729010000096, 10.762047336000022 ], [ 124.010258910000076, 10.768489441000042 ], [ 124.027171581000076, 10.779119459000071 ], [ 124.033885422000026, 10.795899658000053 ], [ 124.034333745000026, 10.812149165000049 ], [ 124.029491520000079, 10.826189128000067 ], [ 124.032413917000085, 10.841214800000046 ], [ 124.041552369000087, 10.849910071000068 ], [ 124.040388353000026, 10.861243150000064 ], [ 124.04686738700002, 10.868559559000063 ], [ 124.048099676000106, 10.878599516000065 ], [ 124.053725592000092, 10.879699927000047 ], [ 124.05181975000005, 10.893074481000042 ], [ 124.045159924000032, 10.910601381000046 ], [ 124.035187926000049, 10.912628068000059 ], [ 124.030502554, 10.927844931000038 ], [ 124.033145305000062, 10.933396880000032 ], [ 124.031256060000047, 10.944918536000042 ], [ 124.038375666000093, 10.953142504000027 ], [ 124.044285517000048, 10.976811296000051 ], [ 124.044675093000038, 10.990240979000017 ], [ 124.039962599000091, 11.01550132700004 ], [ 124.037309418000063, 11.039767414000037 ], [ 124.04230012000005, 11.054581315000064 ], [ 124.032211198000027, 11.057422245000053 ], [ 124.011301490000051, 11.058704 ], [ 124.008170034000045, 11.053964529000041 ], [ 123.997206182000014, 11.054197372000031 ], [ 123.993353243000129, 11.059747208000033 ], [ 123.997123873000064, 11.070474997000076 ], [ 123.988573173000063, 11.076435565000054 ], [ 123.993608476000077, 11.094446266000032 ], [ 124.000226769000051, 11.097817989000021 ], [ 124.013631141000019, 11.123094641000021 ], [ 124.023027305000028, 11.126764977000052 ], [ 124.027874685000043, 11.141923107000025 ], [ 124.035405, 11.148729286000048 ], [ 124.035085122000041, 11.169182464000073 ], [ 124.038787777000053, 11.188179278000064 ], [ 124.037370663000061, 11.205877281000028 ], [ 124.042760112000124, 11.210869534000039 ], [ 124.04555313600008, 11.224480057000051 ], [ 124.062136422000108, 11.241297341000065 ], [ 124.069664800000041, 11.254114134000075 ], [ 124.056998036000095, 11.262708423000049 ], [ 124.062591635000118, 11.27368586800003 ], [ 124.055242245000045, 11.281062611000038 ], [ 124.037485648000029, 11.278140951000072 ], [ 124.025609451000051, 11.279643147000055 ], [ 124.018623969000018, 11.269730897000045 ], [ 123.998446695000112, 11.271178860000076 ], [ 123.995365856000049, 11.265257096000028 ], [ 123.998060880000025, 11.250106585000024 ], [ 123.994486461000079, 11.236087929000062 ], [ 123.98698871900001, 11.224502642000061 ], [ 123.958123396000033, 11.203008635000057 ], [ 123.944069763000016, 11.185429 ], [ 123.942113825000092, 11.159924185000024 ], [ 123.950565023000081, 11.138941111000063 ], [ 123.959272928000033, 11.125994857000023 ], [ 123.955576986000111, 11.101708145000034 ], [ 123.960506851000119, 11.090581898000037 ], [ 123.951065791000019, 11.087794341000063 ], [ 123.933013568000106, 11.104325442000059 ], [ 123.932371053000111, 11.091188158000019 ], [ 123.936238814000035, 11.07664846600005 ], [ 123.931540282000029, 11.062530086000038 ], [ 123.902138508, 11.035451900000055 ], [ 123.904437027000071, 11.023443351000028 ], [ 123.920540643000095, 11.003489784000065 ] ] ], [ [ [ 123.82026995800004, 11.215168448000041 ], [ 123.812899943000062, 11.212183552000056 ], [ 123.81155536100006, 11.194050014000029 ], [ 123.824419375000048, 11.192406611000022 ], [ 123.829274280000035, 11.204798102000039 ], [ 123.828003043000081, 11.211649340000065 ], [ 123.82026995800004, 11.215168448000041 ] ] ], [ [ [ 123.922795060000112, 11.195300581000025 ], [ 123.915052476000042, 11.190290693000064 ], [ 123.920741338000099, 11.172740550000071 ], [ 123.926054151000017, 11.181660968000072 ], [ 123.922795060000112, 11.195300581000025 ] ] ], [ [ [ 123.636453462000091, 11.066222811000046 ], [ 123.653492001000032, 11.078306579000069 ], [ 123.657914955000024, 11.093032624000045 ], [ 123.638956270000094, 11.082147439000037 ], [ 123.632177868000085, 11.073881471000048 ], [ 123.636453462000091, 11.066222811000046 ] ] ], [ [ [ 123.623946238000045, 11.045394324000027 ], [ 123.633288505000124, 11.052316732000065 ], [ 123.624811168000065, 11.056435904000066 ], [ 123.623946238000045, 11.045394324000027 ] ] ], [ [ [ 124.50177979700004, 10.729038435000065 ], [ 124.515848707000046, 10.733632381000062 ], [ 124.535199200000079, 10.745969640000052 ], [ 124.556459834000066, 10.773772579000024 ], [ 124.553743509000029, 10.778183893000062 ], [ 124.556901687000064, 10.791809656000053 ], [ 124.564210618000061, 10.794868601000072 ], [ 124.568827902000066, 10.809389993000023 ], [ 124.564830440000051, 10.814072456000074 ], [ 124.540290736000088, 10.804714875000059 ], [ 124.524164888000101, 10.790383342000039 ], [ 124.514222123000081, 10.774605833000066 ], [ 124.495934273000103, 10.752370047000056 ], [ 124.493817934000049, 10.743714969000052 ], [ 124.50177979700004, 10.729038435000065 ] ] ], [ [ [ 124.294979794000028, 10.585994339000022 ], [ 124.304338192000046, 10.589522182000053 ], [ 124.312450187000067, 10.586653250000039 ], [ 124.324812959000056, 10.601426490000051 ], [ 124.335403082000084, 10.608743221000053 ], [ 124.343943605000035, 10.60853986400002 ], [ 124.355018285000028, 10.617766425000069 ], [ 124.364204633000099, 10.61409871200004 ], [ 124.372407406000093, 10.621388726000021 ], [ 124.38065759500013, 10.62324010800006 ], [ 124.384033013, 10.637858745000072 ], [ 124.392752618000031, 10.637413946000038 ], [ 124.401125982000067, 10.628562906000067 ], [ 124.413894667000022, 10.629319421000048 ], [ 124.42375785600008, 10.626718046000063 ], [ 124.455238999000031, 10.62868627000006 ], [ 124.464014093000074, 10.63446492500003 ], [ 124.486804836000047, 10.637528938000059 ], [ 124.501028253000086, 10.644452425000054 ], [ 124.516484381000055, 10.660314944000049 ], [ 124.512914391000095, 10.675606018000055 ], [ 124.496723380000063, 10.684741863000054 ], [ 124.48616683900002, 10.698255135000064 ], [ 124.46155783100005, 10.708589227000063 ], [ 124.452095693000047, 10.714705500000038 ], [ 124.430691755000126, 10.717301688000077 ], [ 124.412755993, 10.705627300000058 ], [ 124.399840107000045, 10.685176427000043 ], [ 124.395429650000096, 10.663968288000035 ], [ 124.390402734000077, 10.650794641000061 ], [ 124.381879126000058, 10.648943616000054 ], [ 124.377352954000116, 10.666777031000038 ], [ 124.377605807000023, 10.681932461000029 ], [ 124.374077844000126, 10.69028873700006 ], [ 124.360745185000042, 10.696034775000046 ], [ 124.344267349, 10.708621371000048 ], [ 124.336583728000065, 10.707245332000072 ], [ 124.317618010000047, 10.709848015000032 ], [ 124.309491534000017, 10.685641477000049 ], [ 124.311058954000032, 10.666213618000029 ], [ 124.304719689000081, 10.653178246000037 ], [ 124.304656644000033, 10.645206966000044 ], [ 124.298721219000086, 10.634792620000043 ], [ 124.277990900000077, 10.61240064800006 ], [ 124.273401394000089, 10.595534743000032 ], [ 124.276094034000039, 10.589814756000068 ], [ 124.294979794000028, 10.585994339000022 ] ] ], [ [ [ 123.956475794000085, 10.242342651000056 ], [ 123.952719124000069, 10.248608671000053 ], [ 123.96703390200004, 10.257895481000046 ], [ 123.976118352000071, 10.254102839000042 ], [ 123.983110905000103, 10.258500754000067 ], [ 123.992489385000113, 10.271521764000052 ], [ 123.998850561000054, 10.285488412000063 ], [ 124.00676704600005, 10.287558097000046 ], [ 124.015258444000082, 10.295975265000038 ], [ 124.025451843000042, 10.313112060000035 ], [ 124.00861806200011, 10.311977332000025 ], [ 123.993329456000069, 10.322162374000072 ], [ 123.990163126000098, 10.33326149800007 ], [ 123.98052043000007, 10.332031045000067 ], [ 123.958949650000022, 10.317637958000034 ], [ 123.954754214000104, 10.317794311000053 ], [ 123.937830562000045, 10.306265630000039 ], [ 123.93402656, 10.291152415000054 ], [ 123.924144973000026, 10.280087033000029 ], [ 123.925126456000029, 10.265452700000024 ], [ 123.938344623000049, 10.262632117000068 ], [ 123.931942619000111, 10.251210351000054 ], [ 123.946507319000048, 10.242256660000066 ], [ 123.956475794000085, 10.242342651000056 ] ] ], [ [ [ 124.044078214000024, 10.241176622000069 ], [ 124.051783054000111, 10.236486145000072 ], [ 124.057844863000014, 10.242714167000031 ], [ 124.07391722400007, 10.281549263000048 ], [ 124.067898734000096, 10.28862231200003 ], [ 124.051448037000128, 10.280583162000028 ], [ 124.056126677000066, 10.271676654000032 ], [ 124.041300032000095, 10.262972463000041 ], [ 124.030436857000041, 10.259184450000022 ], [ 124.023633146000066, 10.247768318000055 ], [ 124.027809690000026, 10.242260384000076 ], [ 124.044078214000024, 10.241176622000069 ] ] ], [ [ [ 123.381591800000024, 9.874628006000023 ], [ 123.383451430000036, 9.891316506000065 ], [ 123.376045238000088, 9.889881857000033 ], [ 123.373007173000033, 9.876847107000058 ], [ 123.381591800000024, 9.874628006000023 ] ] ] ] } },
{ "type": "Feature", "properties": { "adm1_psgc": 700000000, "adm2_psgc": 704600000, "adm2_en": "Negros Oriental", "geo_level": "Prov", "len_crs": 586092, "area_crs": 5129785698, "len_km": 586, "area_km2": 5129 }, "geometry": { "type": "Polygon", "coordinates": [ [ [ 123.335915072000034, 10.382476470000029 ], [ 123.273763005000092, 10.405036659000075 ], [ 123.250462342000091, 10.414928063000049 ], [ 123.244481426000107, 10.431866907000028 ], [ 123.236620278000032, 10.437750262000064 ], [ 123.21869044600011, 10.439600951000045 ], [ 123.205407985000079, 10.435791141000037 ], [ 123.200322225000036, 10.438032868000052 ], [ 123.144324974000043, 10.434843284000067 ], [ 123.131830572000027, 10.411678991000031 ], [ 123.160314148000111, 10.387797962000034 ], [ 123.183214147000058, 10.358187988000054 ], [ 123.183734168000115, 10.337018205000051 ], [ 123.181459674000067, 10.322771078000073 ], [ 123.163456141000097, 10.315518531000064 ], [ 123.167682470000045, 10.305539149000024 ], [ 123.191198733000078, 10.303034610000054 ], [ 123.194557470000049, 10.271815747000062 ], [ 123.188818252000033, 10.260563292000029 ], [ 123.136516537000034, 10.198260696000034 ], [ 123.129517386000074, 10.187443157000077 ], [ 123.110668427000078, 10.165420105000065 ], [ 123.071358666000037, 10.09779056900004 ], [ 123.015795886000092, 10.012187241000047 ], [ 123.004198726000013, 9.971277159000065 ], [ 122.983202503000044, 9.912625363000075 ], [ 122.932880031000082, 9.852716447000036 ], [ 122.906750438000032, 9.818935856000053 ], [ 122.876594097000051, 9.785435739000036 ], [ 122.804231830000049, 9.700807986000029 ], [ 122.723329496000034, 9.597365594000053 ], [ 122.68364140000007, 9.562847185000065 ], [ 122.656892310000089, 9.533703346000037 ], [ 122.635577228000088, 9.507626268000024 ], [ 122.592908135000016, 9.463638548000059 ], [ 122.593972841000095, 9.454542686000023 ], [ 122.589059485, 9.443815388000074 ], [ 122.612923871000021, 9.420093487000031 ], [ 122.623228747000113, 9.422179906000052 ], [ 122.641871694000088, 9.403605326000045 ], [ 122.650808072000018, 9.400988599000073 ], [ 122.663195494000107, 9.392103242000076 ], [ 122.674395535000031, 9.379782497000065 ], [ 122.689368098000031, 9.381754766000029 ], [ 122.706066604000043, 9.375163103000034 ], [ 122.710869439000035, 9.379463715000041 ], [ 122.724858756000117, 9.374232885000024 ], [ 122.74575200400011, 9.371360246000052 ], [ 122.753037794000079, 9.367570288000024 ], [ 122.783165286000099, 9.366313009000065 ], [ 122.796026262000055, 9.360494922000042 ], [ 122.80815205600004, 9.359084086000054 ], [ 122.825310578000085, 9.348126077000074 ], [ 122.838920790000088, 9.333313700000076 ], [ 122.864852821000113, 9.328934969000043 ], [ 122.875370743000076, 9.314213131000031 ], [ 122.873139504000051, 9.304284879000022 ], [ 122.878244707000022, 9.270550775000061 ], [ 122.871236889000116, 9.251920574000055 ], [ 122.878883466000033, 9.232489122000061 ], [ 122.879211124000108, 9.222640159000035 ], [ 122.888792699000092, 9.209915066000063 ], [ 122.890114337000099, 9.195270387000051 ], [ 122.893596252000066, 9.189781888000029 ], [ 122.898887693, 9.169228150000036 ], [ 122.904634545000022, 9.16181222600005 ], [ 122.909446107, 9.144077432000074 ], [ 122.920363730000062, 9.12169616400007 ], [ 122.928634394000014, 9.108591846000024 ], [ 122.935089743000049, 9.085826666000061 ], [ 122.942321476000089, 9.075488826000027 ], [ 122.948801120000098, 9.075462717000049 ], [ 122.966472379000038, 9.068759019000026 ], [ 122.976731083000118, 9.062620315000059 ], [ 122.986128104000059, 9.052993278000033 ], [ 122.998431414000038, 9.048396716000068 ], [ 123.01498644000003, 9.038461430000041 ], [ 123.028555939000057, 9.047119532000066 ], [ 123.051500437000072, 9.04937200100005 ], [ 123.06002697200006, 9.051935279000075 ], [ 123.073806419000107, 9.066716127000065 ], [ 123.103853395000101, 9.061174975000029 ], [ 123.111899126000012, 9.05394412000004 ], [ 123.127678313000047, 9.061127381000063 ], [ 123.12254778800002, 9.046249274000047 ], [ 123.130276527000092, 9.047380982000048 ], [ 123.14345353300007, 9.068114582000021 ], [ 123.151817497000025, 9.075927491000074 ], [ 123.158104947000083, 9.07105344200005 ], [ 123.170469274000098, 9.085712323000052 ], [ 123.179914319000076, 9.093068808000055 ], [ 123.195299614000078, 9.095504461000075 ], [ 123.202256284000114, 9.093765278000035 ], [ 123.210171951, 9.111065035000022 ], [ 123.212155514000074, 9.120556141000064 ], [ 123.241364779000051, 9.150449576000028 ], [ 123.246557109000037, 9.165848325000068 ], [ 123.262757344000065, 9.184977965000028 ], [ 123.270706210000071, 9.18748338600005 ], [ 123.274521164000021, 9.197408766000022 ], [ 123.286292034000084, 9.212850167000058 ], [ 123.288759503000065, 9.225076004000075 ], [ 123.294356701000098, 9.235650982000037 ], [ 123.29988587000004, 9.265172252000069 ], [ 123.29999062100002, 9.272606274000053 ], [ 123.311702024000056, 9.299495040000069 ], [ 123.309246492000071, 9.311338850000027 ], [ 123.312889215000041, 9.319050697000023 ], [ 123.308322041000125, 9.339851309000037 ], [ 123.29821297400008, 9.354563995000037 ], [ 123.267702630000031, 9.369980390000022 ], [ 123.260099157000013, 9.381917856000031 ], [ 123.25629374100005, 9.396998600000074 ], [ 123.246245475000023, 9.407092471000055 ], [ 123.241614378, 9.421497382000039 ], [ 123.234792411000072, 9.426450017000034 ], [ 123.238460856000074, 9.447145204000037 ], [ 123.226902494000129, 9.466294452000056 ], [ 123.21460444100002, 9.467965191000077 ], [ 123.192415072000031, 9.474254268000038 ], [ 123.18435069300007, 9.480313624000074 ], [ 123.178803794000032, 9.505103302000066 ], [ 123.162835872000073, 9.53269702700004 ], [ 123.162141196000121, 9.538125441000037 ], [ 123.148398565000093, 9.544956957000068 ], [ 123.140852513000013, 9.544812800000042 ], [ 123.120474229000024, 9.552719675000047 ], [ 123.127644344000032, 9.566915706000032 ], [ 123.132768061000093, 9.583273853000035 ], [ 123.142481592000095, 9.586312358000043 ], [ 123.153483506000043, 9.577908253000031 ], [ 123.153160342000078, 9.595774559000063 ], [ 123.141464614000043, 9.595959668000031 ], [ 123.136313128000097, 9.606330531000028 ], [ 123.122160809000107, 9.606418064000025 ], [ 123.116102006, 9.620991884000036 ], [ 123.107573730000013, 9.628465969000047 ], [ 123.112435743000106, 9.63899777300003 ], [ 123.11189854700001, 9.651033834000032 ], [ 123.124313964000081, 9.656959279000034 ], [ 123.128322607000086, 9.653957410000032 ], [ 123.148723884000105, 9.65383355700004 ], [ 123.150932193000017, 9.679286369000065 ], [ 123.160659892, 9.70796907700003 ], [ 123.152646317000062, 9.727936735000073 ], [ 123.154007708000108, 9.748065512000037 ], [ 123.150097839000068, 9.761774356000045 ], [ 123.144342438000081, 9.770783041000072 ], [ 123.151348313000071, 9.777194017000056 ], [ 123.147010436000087, 9.796542525000062 ], [ 123.143057209000077, 9.805362643000022 ], [ 123.142960327000083, 9.820425069000065 ], [ 123.132699528000103, 9.830434486000058 ], [ 123.132465737000061, 9.840244561000077 ], [ 123.143615293000039, 9.852630896000049 ], [ 123.150383674000082, 9.854140676000043 ], [ 123.148045310000043, 9.86693742500006 ], [ 123.150543883000083, 9.880789875000064 ], [ 123.146897981000052, 9.891975764000051 ], [ 123.150565336000128, 9.904453327000054 ], [ 123.157468322000099, 9.916488737000062 ], [ 123.174470744000018, 9.921582199000055 ], [ 123.179028027000086, 9.926743765000024 ], [ 123.176987653000083, 9.938606135000041 ], [ 123.182483657000049, 9.953923779000034 ], [ 123.19581628200001, 9.969024709000051 ], [ 123.213265126000024, 9.997355893000076 ], [ 123.228205824000042, 10.003779055000054 ], [ 123.226490953000066, 10.016290854000031 ], [ 123.235805950000099, 10.026854256000036 ], [ 123.239607895000063, 10.046985091000064 ], [ 123.247746708000037, 10.055355246000031 ], [ 123.249483499, 10.064942364000046 ], [ 123.262121223000022, 10.089260068000044 ], [ 123.269002219000086, 10.112803037000045 ], [ 123.281334513000061, 10.129111451000025 ], [ 123.280446789000052, 10.140960196000034 ], [ 123.282278127000055, 10.172285926000029 ], [ 123.287798780000131, 10.188591385000052 ], [ 123.298547188000043, 10.196979955000074 ], [ 123.305166014000079, 10.214404857000035 ], [ 123.304706208000084, 10.22180845100007 ], [ 123.314242467000099, 10.228732439000053 ], [ 123.325195319000031, 10.252926755000033 ], [ 123.326276774, 10.273933061000037 ], [ 123.331490303000024, 10.278055396000072 ], [ 123.331275524000034, 10.306359866000035 ], [ 123.329662482000117, 10.331652379000046 ], [ 123.325974707000128, 10.339501506000033 ], [ 123.329393663, 10.352060560000041 ], [ 123.329117045000103, 10.363094039000034 ], [ 123.335915072000034, 10.382476470000029 ] ] ] } },
{ "type": "Feature", "properties": { "adm1_psgc": 700000000, "adm2_psgc": 706100000, "adm2_en": "Siquijor", "geo_level": "Prov", "len_crs": 116513, "area_crs": 319355475, "len_km": 116, "area_km2": 319 }, "geometry": { "type": "Polygon", "coordinates": [ [ [ 123.612395896000066, 9.300928537000059 ], [ 123.603058233000084, 9.300876666000024 ], [ 123.59600830400008, 9.28674508900002 ], [ 123.596540617000088, 9.264693435000027 ], [ 123.587321831000054, 9.248234164000053 ], [ 123.57528579800011, 9.24584201700003 ], [ 123.562371041, 9.228097714000056 ], [ 123.550449930000013, 9.223954151000042 ], [ 123.524186400000076, 9.225730687000064 ], [ 123.510876938000038, 9.214235908000033 ], [ 123.49177686500002, 9.214980999000034 ], [ 123.485711408000043, 9.219664971000041 ], [ 123.470616913000072, 9.224323464000062 ], [ 123.465068078000073, 9.214292188000059 ], [ 123.459282567000074, 9.211072109000041 ], [ 123.460636768000086, 9.197662094000066 ], [ 123.452451906000093, 9.192668848000036 ], [ 123.456104200000041, 9.182807139000033 ], [ 123.464805653000113, 9.175434653000025 ], [ 123.472072776000132, 9.174672085000051 ], [ 123.485583970000121, 9.164989929000059 ], [ 123.500774887000048, 9.149350634000028 ], [ 123.514662829000045, 9.137711243000069 ], [ 123.522211912000103, 9.135819294000044 ], [ 123.533694794000112, 9.127411932000028 ], [ 123.542957574000084, 9.115679808000037 ], [ 123.551408870000046, 9.114847222000039 ], [ 123.559623466000076, 9.101145716000076 ], [ 123.572623497000109, 9.101411423000059 ], [ 123.587083591000024, 9.095770904000064 ], [ 123.605803337000111, 9.097007872000063 ], [ 123.623706537000089, 9.102640643000029 ], [ 123.625551083000119, 9.113185952000038 ], [ 123.634867661000058, 9.123854215000049 ], [ 123.651109985000048, 9.123144978000028 ], [ 123.657202820000066, 9.115143119000038 ], [ 123.668139995000061, 9.115957839000032 ], [ 123.676311846000104, 9.123050568000052 ], [ 123.681275586000098, 9.121173439000074 ], [ 123.693650020000064, 9.12974621400002 ], [ 123.701962578, 9.144879168000045 ], [ 123.699323042000074, 9.157529774000066 ], [ 123.684725921000108, 9.161131677000071 ], [ 123.674312456000067, 9.160350495000046 ], [ 123.664026150000026, 9.171854622000067 ], [ 123.656322377000023, 9.192040467000027 ], [ 123.660653060000072, 9.203090145000031 ], [ 123.669077313000116, 9.21217857600004 ], [ 123.685402479000118, 9.213047114000062 ], [ 123.686662469000112, 9.221334869000032 ], [ 123.666632405000087, 9.230982790000043 ], [ 123.656349587000022, 9.245063333000076 ], [ 123.654598324000062, 9.258606875000053 ], [ 123.644777814, 9.281934177000039 ], [ 123.632842911, 9.295143010000061 ], [ 123.623142320000056, 9.300774431000034 ], [ 123.612395896000066, 9.300928537000059 ] ] ] } },
{ "type": "Feature", "properties": { "adm1_psgc": 800000000, "adm2_psgc": 802600000, "adm2_en": "Eastern Samar", "geo_level": "Prov", "len_crs": 1220162, "area_crs": 4253466124, "len_km": 1220, "area_km2": 4253 }, "geometry": { "type": "MultiPolygon", "coordinates": [ [ [ [ 125.323131176000075, 12.28218463400003 ], [ 125.307362565000062, 12.281189457000037 ], [ 125.296657046000064, 12.27602028000007 ], [ 125.297394997000097, 12.270467058000065 ], [ 125.276827437000065, 12.266380463000075 ], [ 125.274268331000016, 12.273242662000028 ], [ 125.274844193000035, 12.29001494100004 ], [ 125.251972619000071, 12.326799179000034 ], [ 125.244298169000118, 12.328873455000066 ], [ 125.223328094000067, 12.349578051000037 ], [ 125.211250537000069, 12.347840308000057 ], [ 125.200770713000125, 12.328511285000047 ], [ 125.179027641000047, 12.30139639300006 ], [ 125.175491454000067, 12.300438468000038 ], [ 125.168291457000024, 12.282900013000074 ], [ 125.155553, 12.206284656000035 ], [ 125.1274242920001, 12.178810312000049 ], [ 125.125405412000077, 12.075039856000048 ], [ 125.141556455000128, 12.009628130000065 ], [ 125.192470050000125, 12.003665258000069 ], [ 125.225501760000043, 11.937736278000044 ], [ 125.233971667000105, 11.918785394000054 ], [ 125.240626382000059, 11.895869560000051 ], [ 125.253289020000011, 11.872149295000041 ], [ 125.268808026000102, 11.827750626000066 ], [ 125.270499771000132, 11.757305849000032 ], [ 125.279004923000116, 11.714472447000045 ], [ 125.282875058000045, 11.675657267000075 ], [ 125.254190527000091, 11.657900176000053 ], [ 125.23009378200004, 11.639759928000046 ], [ 125.217637220000029, 11.627072688000055 ], [ 125.180226465000018, 11.638432920000071 ], [ 125.177569982000023, 11.603603475000057 ], [ 125.171666686000094, 11.583237104000034 ], [ 125.16104075300008, 11.564051392000067 ], [ 125.210388262000023, 11.550841041000067 ], [ 125.216420201000133, 11.52838463300003 ], [ 125.222340983000109, 11.516194788000062 ], [ 125.221976502000075, 11.486198664000026 ], [ 125.21329426300008, 11.471111887000063 ], [ 125.220748370000038, 11.446147317000056 ], [ 125.242673559000067, 11.433261028000059 ], [ 125.285657715000056, 11.422534495000038 ], [ 125.309116457000073, 11.396150008000062 ], [ 125.280663166000068, 11.361909573000046 ], [ 125.246335917, 11.311455266000051 ], [ 125.246900717000031, 11.21118228000006 ], [ 125.245163872000035, 11.173809959000041 ], [ 125.246616320000058, 11.158922365000022 ], [ 125.240964387000091, 11.151653059000068 ], [ 125.246633074000101, 11.122447398000071 ], [ 125.251507091000022, 11.117599257000052 ], [ 125.257769891000052, 11.12063239100007 ], [ 125.264051052000013, 11.134720003000039 ], [ 125.273891734000017, 11.137939692000032 ], [ 125.287673525000073, 11.138813564000031 ], [ 125.297356025000127, 11.142885988000044 ], [ 125.302425261000039, 11.132094180000022 ], [ 125.310174220000022, 11.124544971000034 ], [ 125.316944176000106, 11.125769143000072 ], [ 125.318413441000089, 11.116691794000076 ], [ 125.329118478000055, 11.117975725000067 ], [ 125.338351813000031, 11.123041545000033 ], [ 125.342995605000041, 11.120575776000068 ], [ 125.360350292000035, 11.119490821000053 ], [ 125.369745822000027, 11.102731521000065 ], [ 125.379285100000061, 11.105624526000041 ], [ 125.393212854000012, 11.105192300000054 ], [ 125.406479512000018, 11.099428738000027 ], [ 125.401327458000097, 11.092731713000033 ], [ 125.407395242, 11.081845043000044 ], [ 125.415706317000058, 11.088127640000037 ], [ 125.42883537900002, 11.089805698000079 ], [ 125.434802898000044, 11.096386397000057 ], [ 125.436362793000072, 11.105403786000066 ], [ 125.44528009200009, 11.100058814000022 ], [ 125.456771125000031, 11.102155131000076 ], [ 125.448883278000039, 11.117846805000054 ], [ 125.456480495000065, 11.118364156000043 ], [ 125.464622364000093, 11.123379175000023 ], [ 125.467237419000057, 11.11712428900006 ], [ 125.476479725000118, 11.114856123000038 ], [ 125.481201088000049, 11.106950451000046 ], [ 125.501330593000034, 11.092918691000021 ], [ 125.500849507000112, 11.08669592500007 ], [ 125.511325501000115, 11.081446698000034 ], [ 125.516886807000105, 11.088375984000038 ], [ 125.513506116000045, 11.100464224000065 ], [ 125.519049261000092, 11.107223754000074 ], [ 125.516427189000083, 11.123790547000054 ], [ 125.525040174000097, 11.132933481000064 ], [ 125.531656749000035, 11.134321213000021 ], [ 125.528790169000104, 11.147341344000042 ], [ 125.543565078000029, 11.151413916000022 ], [ 125.554456443000063, 11.14895613500005 ], [ 125.55941298200004, 11.151315037000074 ], [ 125.571550478000063, 11.147778666000022 ], [ 125.562724661000061, 11.12843418600005 ], [ 125.567892453, 11.127501367000036 ], [ 125.575476088000073, 11.117147433000071 ], [ 125.575569633000114, 11.107547688000066 ], [ 125.598704261000066, 11.116252442000073 ], [ 125.643058433000078, 11.138861061000059 ], [ 125.660497898000017, 11.142383989000054 ], [ 125.665970430000016, 11.137632175000023 ], [ 125.6617868310001, 11.13002220000004 ], [ 125.665350918000073, 11.116722250000064 ], [ 125.698747669000113, 11.108474343000069 ], [ 125.687945752000033, 11.09313758700006 ], [ 125.683117194000019, 11.093890707000073 ], [ 125.672648542000061, 11.087787452000043 ], [ 125.679262768000072, 11.077582294000024 ], [ 125.687525821000023, 11.071242369000059 ], [ 125.702293689000044, 11.067117259000042 ], [ 125.705339555000037, 11.056401798000023 ], [ 125.714564725000059, 11.045695797000063 ], [ 125.711960371000032, 11.041382779000058 ], [ 125.72264403600002, 11.027938356000048 ], [ 125.738065844000047, 11.016048042000021 ], [ 125.750477120000028, 11.015765819000023 ], [ 125.754516256000102, 11.011022082000068 ], [ 125.760906763000094, 11.023981341000022 ], [ 125.761715179000021, 11.033986907000044 ], [ 125.75887149900008, 11.047817487000032 ], [ 125.750111, 11.060052393000031 ], [ 125.750324440000099, 11.065143495000031 ], [ 125.718831183000034, 11.107516691000056 ], [ 125.70236638300004, 11.12157571700004 ], [ 125.68873174600003, 11.143654638000047 ], [ 125.685084125000117, 11.161861953000027 ], [ 125.674401767000063, 11.184783920000028 ], [ 125.665131177000035, 11.198199569000051 ], [ 125.651951064000059, 11.206738962000028 ], [ 125.635231243000021, 11.211161801000062 ], [ 125.627049180000085, 11.215797107000071 ], [ 125.61134561400003, 11.228612946000053 ], [ 125.600232179000045, 11.23241749500005 ], [ 125.590942902000052, 11.228629507000051 ], [ 125.592196164000043, 11.221383254000047 ], [ 125.621187327000044, 11.201790682000022 ], [ 125.609346035000058, 11.190702835000023 ], [ 125.58769696800006, 11.187185228000033 ], [ 125.590164716000118, 11.180395449000059 ], [ 125.559552022000062, 11.187554557000055 ], [ 125.556812721000028, 11.18174889900007 ], [ 125.545810054000071, 11.192841454000074 ], [ 125.535017716000084, 11.194043630000067 ], [ 125.538995086000114, 11.21522319100006 ], [ 125.534082235000028, 11.220229017000065 ], [ 125.54076778, 11.24593792300004 ], [ 125.547949091000078, 11.260548266000058 ], [ 125.567456141000093, 11.271612178000055 ], [ 125.572629835000043, 11.285631952000072 ], [ 125.594847623000078, 11.292993573000043 ], [ 125.606552239000067, 11.30201502400007 ], [ 125.610775252000067, 11.312661103000041 ], [ 125.622003648000032, 11.324718399000062 ], [ 125.622328368000012, 11.334418128000037 ], [ 125.632444772000099, 11.337010986000053 ], [ 125.631848961000074, 11.35788122200006 ], [ 125.622652368000104, 11.368120532000034 ], [ 125.614082726000106, 11.369847185000026 ], [ 125.60498880900002, 11.367716402000042 ], [ 125.60129151700005, 11.378371444000036 ], [ 125.588212251000073, 11.38680633800004 ], [ 125.584517829000106, 11.398050213000031 ], [ 125.579164035000076, 11.399013312000022 ], [ 125.569421725000083, 11.392598060000067 ], [ 125.561620587000107, 11.398136381000029 ], [ 125.548818817000111, 11.412092387000028 ], [ 125.550513457000079, 11.419661550000056 ], [ 125.542009491000044, 11.42519502300007 ], [ 125.53921686000001, 11.435924011000054 ], [ 125.529183360000047, 11.440060918000029 ], [ 125.528917327000045, 11.446659994000072 ], [ 125.522338268000112, 11.453815347000047 ], [ 125.504363169000044, 11.451297801000065 ], [ 125.496019555000089, 11.455873766000025 ], [ 125.508098778000104, 11.46216744000003 ], [ 125.509353499000085, 11.467194874000025 ], [ 125.519159025000036, 11.473461306000045 ], [ 125.514036309000062, 11.479270263000046 ], [ 125.515651226000045, 11.490110153000042 ], [ 125.505918531, 11.504357885000047 ], [ 125.501304516000104, 11.502329649000046 ], [ 125.491751238, 11.520129561000035 ], [ 125.479224232000078, 11.52926658100006 ], [ 125.473682772000075, 11.542242679000024 ], [ 125.467367576, 11.568959761000032 ], [ 125.468640400000041, 11.579686156000037 ], [ 125.474820512000079, 11.590928149000032 ], [ 125.459617975000029, 11.592971675000056 ], [ 125.454284746000098, 11.587544561000072 ], [ 125.443053896000038, 11.595295450000036 ], [ 125.439700951000091, 11.619645211000032 ], [ 125.457353291000118, 11.629104170000058 ], [ 125.462626224000019, 11.646162465000033 ], [ 125.448902310000108, 11.653687390000071 ], [ 125.451896178000098, 11.668891123000035 ], [ 125.461438094000073, 11.668368121000071 ], [ 125.465790461000111, 11.673735399000067 ], [ 125.47731509200004, 11.666212153000057 ], [ 125.492486596000063, 11.671231051000063 ], [ 125.484379651000054, 11.681775144000026 ], [ 125.480799298000065, 11.69874248900004 ], [ 125.474486886000022, 11.698689018000039 ], [ 125.471714036000108, 11.708291400000062 ], [ 125.474585622000049, 11.716111151000064 ], [ 125.470161407000091, 11.723249218000033 ], [ 125.470231522000063, 11.735521268000067 ], [ 125.456628893000016, 11.759319628000069 ], [ 125.442962313000052, 11.745727044000031 ], [ 125.43730736200007, 11.744788371000027 ], [ 125.414338927000031, 11.754957175000072 ], [ 125.414531136000051, 11.76328830500006 ], [ 125.434122882000096, 11.769853018000047 ], [ 125.44393152300006, 11.777110867000033 ], [ 125.448492664000028, 11.771456405000034 ], [ 125.462413637000054, 11.772270384000025 ], [ 125.471408513000043, 11.782453098000076 ], [ 125.473214116, 11.798288542000023 ], [ 125.464477935000104, 11.80601126500005 ], [ 125.4646562060001, 11.816381837000051 ], [ 125.457488741000034, 11.819883659000022 ], [ 125.451613293000051, 11.815781824000052 ], [ 125.439060875000109, 11.821000812000023 ], [ 125.435260908000032, 11.827984284000024 ], [ 125.438972333000038, 11.839933680000058 ], [ 125.435210157000043, 11.85766466700005 ], [ 125.443770390000054, 11.869236217000038 ], [ 125.434428693000086, 11.869043024000064 ], [ 125.428295432000027, 11.875452022000045 ], [ 125.420694411000113, 11.897222188000059 ], [ 125.425300930000034, 11.914297698000043 ], [ 125.4225547650001, 11.92998461500002 ], [ 125.433324964000022, 11.935477713000068 ], [ 125.428638380000052, 11.942475313000045 ], [ 125.439368499, 11.967173015000071 ], [ 125.446929738000108, 11.969212155000037 ], [ 125.44809414100007, 11.978367983000053 ], [ 125.454420957000025, 11.996001608000029 ], [ 125.460692991000101, 11.998860371000035 ], [ 125.470036039000092, 12.01455062800005 ], [ 125.480775675000032, 12.029186812000034 ], [ 125.480022862000055, 12.03495724600003 ], [ 125.492054866000117, 12.034065033000049 ], [ 125.491922944000081, 12.040826022000033 ], [ 125.502064612000041, 12.052023695000059 ], [ 125.515076330000056, 12.058635835000073 ], [ 125.507885792000039, 12.06450549300007 ], [ 125.498457331000054, 12.060370979000028 ], [ 125.496374685000106, 12.071395171000065 ], [ 125.48755410900003, 12.079692074000034 ], [ 125.482411544000115, 12.07862982900002 ], [ 125.480015176000052, 12.096812169000032 ], [ 125.485926329000122, 12.102415834000057 ], [ 125.474862277000042, 12.108222533000058 ], [ 125.4691378240001, 12.102156799000054 ], [ 125.456185086000119, 12.097844198000075 ], [ 125.445469545000037, 12.101999663000072 ], [ 125.438815772000112, 12.111342919000041 ], [ 125.436644384000047, 12.125331086000074 ], [ 125.439561185000116, 12.133341290000033 ], [ 125.457356386000015, 12.142118334000031 ], [ 125.47396505200004, 12.145274174000065 ], [ 125.473903824000118, 12.151472020000027 ], [ 125.466207606000012, 12.155371383000043 ], [ 125.455593521000083, 12.156567141000039 ], [ 125.456947939000088, 12.166777741000029 ], [ 125.467007865000042, 12.164329120000046 ], [ 125.496011673000112, 12.172652070000026 ], [ 125.502694465000118, 12.182541101000023 ], [ 125.511645525000063, 12.17169019200003 ], [ 125.515786710000043, 12.179757836000023 ], [ 125.514980852000022, 12.192380454000043 ], [ 125.50591454500011, 12.205852603000039 ], [ 125.497477268, 12.207162656000039 ], [ 125.493512655000018, 12.212650859000064 ], [ 125.480305354000052, 12.211021908000074 ], [ 125.485077875000115, 12.222117145000025 ], [ 125.478351842000052, 12.230652799000039 ], [ 125.465726977000045, 12.235609673000056 ], [ 125.454339037000068, 12.257565305000071 ], [ 125.44064636600001, 12.266190276000028 ], [ 125.433325258000082, 12.268371036000074 ], [ 125.425115590000019, 12.277924681000059 ], [ 125.413472231000029, 12.280515806000041 ], [ 125.407006368000097, 12.271848113000035 ], [ 125.397837887000037, 12.280877676000044 ], [ 125.387649551000081, 12.279829180000036 ], [ 125.38665515000001, 12.269048250000022 ], [ 125.375268507000115, 12.264605803000052 ], [ 125.362931846000038, 12.281782046000043 ], [ 125.368303753000077, 12.290720924000023 ], [ 125.380267292000113, 12.288519374000034 ], [ 125.384359192000034, 12.298683684000025 ], [ 125.379873638000049, 12.302581649000047 ], [ 125.354006881000032, 12.300592685000025 ], [ 125.358867067000133, 12.291922023000039 ], [ 125.350524256000099, 12.285799399000041 ], [ 125.345946320000053, 12.274692738000056 ], [ 125.33810784100001, 12.269327080000037 ], [ 125.32585580500006, 12.274845673000073 ], [ 125.323131176000075, 12.28218463400003 ] ] ], [ [ [ 125.556650069000057, 12.109301455000036 ], [ 125.562996106000014, 12.098760004000042 ], [ 125.566689641000053, 12.107656123000027 ], [ 125.556650069000057, 12.109301455000036 ] ] ], [ [ [ 125.467582668000077, 11.861965087000042 ], [ 125.467825101000017, 11.855126451000046 ], [ 125.474171137000084, 11.85015786500003 ], [ 125.479262227000049, 11.854428621000068 ], [ 125.475383301000079, 11.860639243000039 ], [ 125.467582668000077, 11.861965087000042 ] ] ], [ [ [ 125.669113497000012, 11.090814979000072 ], [ 125.684364229000039, 11.09959238600004 ], [ 125.683105373000117, 11.108448654000028 ], [ 125.678474961, 11.111718542000061 ], [ 125.664012822000018, 11.111136515000057 ], [ 125.664737229000039, 11.101961697000036 ], [ 125.669113497000012, 11.090814979000072 ] ] ], [ [ [ 125.577771599000016, 11.093013544000028 ], [ 125.585420493000029, 11.099516826000068 ], [ 125.575556263000081, 11.107277198000077 ], [ 125.568825369000024, 11.100184491000048 ], [ 125.577771599000016, 11.093013544000028 ] ] ], [ [ [ 125.691185288000042, 11.032590680000053 ], [ 125.711129094000057, 11.044008294000035 ], [ 125.697639178000045, 11.054444533000039 ], [ 125.679425750000064, 11.059511800000053 ], [ 125.676719924000068, 11.054275914000069 ], [ 125.691185288000042, 11.032590680000053 ] ] ], [ [ [ 125.769079847000071, 11.032569952000074 ], [ 125.763596198000073, 11.030083786000034 ], [ 125.763199808000081, 11.014265006000072 ], [ 125.773289486000067, 11.003896670000074 ], [ 125.790945394000119, 10.994170737000045 ], [ 125.805989035000053, 10.971950881000057 ], [ 125.812658868000071, 10.966652410000052 ], [ 125.818923934000054, 10.955516067000072 ], [ 125.824733103000099, 10.93865038200005 ], [ 125.838385420000023, 10.940516992000026 ], [ 125.831050227000091, 10.961366223000027 ], [ 125.826000971000113, 10.96998269000005 ], [ 125.816451885000106, 10.974763252000059 ], [ 125.808670971000083, 10.982607081000026 ], [ 125.795949890000088, 11.005728156000032 ], [ 125.787515487000078, 11.012316092000049 ], [ 125.784134793, 11.020531289000074 ], [ 125.77355210100005, 11.031491273000025 ], [ 125.769079847000071, 11.032569952000074 ] ] ], [ [ [ 125.640070077000033, 10.974748445000046 ], [ 125.652860992000129, 10.981114990000039 ], [ 125.656287263000081, 10.995631333000059 ], [ 125.652004222000073, 11.004207413000076 ], [ 125.62328672600006, 11.005018560000053 ], [ 125.616582701000098, 11.00137352400003 ], [ 125.61799062700004, 10.987466506000031 ], [ 125.623804861000039, 10.982072538000068 ], [ 125.640070077000033, 10.974748445000046 ] ] ], [ [ [ 125.691566114000011, 10.822411887000042 ], [ 125.677065169000116, 10.811231037000026 ], [ 125.660576280000114, 10.791110677000061 ], [ 125.65886486400008, 10.780152804000066 ], [ 125.662426919000055, 10.773748858000033 ], [ 125.660012413000132, 10.760158747000048 ], [ 125.670409503000101, 10.746081130000048 ], [ 125.68120440000007, 10.741874093000034 ], [ 125.696346648000031, 10.731109736000066 ], [ 125.697504196000068, 10.724898330000029 ], [ 125.70968339500007, 10.722877929000049 ], [ 125.725178594000127, 10.71772929700006 ], [ 125.737823965000075, 10.703404187000045 ], [ 125.744062582000083, 10.693769648000059 ], [ 125.755153680000035, 10.688425591000055 ], [ 125.765838596000094, 10.688493305000067 ], [ 125.776299156000064, 10.692923259000052 ], [ 125.800531741000114, 10.691006480000055 ], [ 125.810786601000018, 10.696651878000068 ], [ 125.811204314000065, 10.70291936600006 ], [ 125.819966916000112, 10.717941875000067 ], [ 125.812863716000038, 10.729705985000066 ], [ 125.802350874000012, 10.73411472600003 ], [ 125.783267638000083, 10.738656174000027 ], [ 125.759334501000012, 10.737400935000039 ], [ 125.751965086000041, 10.740156384000045 ], [ 125.733821762000048, 10.739858433000052 ], [ 125.718562221000084, 10.746037992000021 ], [ 125.719886399000075, 10.752229969000043 ], [ 125.71077205000006, 10.760780663000048 ], [ 125.713621316000044, 10.777277871000024 ], [ 125.722804624000105, 10.785056189000041 ], [ 125.727209461000029, 10.79753137100005 ], [ 125.722159395000062, 10.807353629000033 ], [ 125.701730631000032, 10.821116803000052 ], [ 125.691566114000011, 10.822411887000042 ] ] ], [ [ [ 125.957435321000034, 10.775903415000071 ], [ 125.940720582000026, 10.771225068000035 ], [ 125.94822567700011, 10.764847126000062 ], [ 125.950082603000055, 10.757325211000021 ], [ 125.963877941000092, 10.748514774000059 ], [ 125.969061153000098, 10.750957467000035 ], [ 125.957435321000034, 10.775903415000071 ] ] ] ] } },
{ "type": "Feature", "properties": { "adm1_psgc": 800000000, "adm2_psgc": 803700000, "adm2_en": "Leyte", "geo_level": "Prov", "len_crs": 960036, "area_crs": 5576441132, "len_km": 960, "area_km2": 5576 }, "geometry": { "type": "MultiPolygon", "coordinates": [ [ [ [ 125.173867753000081, 10.600700517000062 ], [ 125.149224244000024, 10.62204354600004 ], [ 125.14570518700009, 10.634196373000064 ], [ 125.138238645000115, 10.642388952000031 ], [ 125.130840063000065, 10.643518602000031 ], [ 125.112418282000036, 10.659623673000054 ], [ 125.105588563000069, 10.672241504000054 ], [ 125.115068424000015, 10.69495205100003 ], [ 125.107815728000105, 10.696425901000055 ], [ 125.101772122000057, 10.70246716500003 ], [ 125.090532508000024, 10.704483299000058 ], [ 125.088642415000109, 10.71113696600003 ], [ 125.071128911000088, 10.716004116000022 ], [ 125.061237567000035, 10.711123813000029 ], [ 125.040440211000032, 10.717705876000025 ], [ 125.039173447000067, 10.729417384000044 ], [ 125.026192215000037, 10.729255312000019 ], [ 125.023549195000115, 10.739592984000067 ], [ 125.015497546, 10.745131525000033 ], [ 125.010230713000055, 10.758544903000027 ], [ 125.004290105000109, 10.794642181000027 ], [ 125.002861680000024, 10.827362166000057 ], [ 125.00396506900006, 10.846307167000079 ], [ 125.00933457400005, 10.874465095000058 ], [ 125.019883896000024, 10.905204784000034 ], [ 125.027977968000087, 10.922163356000056 ], [ 125.034658339000089, 10.931892798000034 ], [ 125.037597426000062, 10.969501158000069 ], [ 125.040490715000033, 10.994291536000048 ], [ 125.039342976000043, 11.02958707500005 ], [ 125.037286483000116, 11.045603618000028 ], [ 125.039788571000031, 11.063552165000033 ], [ 125.037969021000094, 11.072305306000031 ], [ 125.03192986800002, 11.079567972000062 ], [ 125.021204071000071, 11.099205466000058 ], [ 125.0222920020001, 11.114141579000036 ], [ 125.025476034, 11.125047307000047 ], [ 125.024495312000127, 11.134655438000038 ], [ 125.007246674000058, 11.157828635000042 ], [ 125.010210245000067, 11.167963739000069 ], [ 125.025639331000093, 11.196402895000066 ], [ 125.03076037400001, 11.238562091000063 ], [ 125.024213777000128, 11.236875713000074 ], [ 125.020162067000129, 11.226624758000071 ], [ 125.024697422000017, 11.210332989000047 ], [ 125.008922412000075, 11.215154941000039 ], [ 125.004151640000032, 11.227386716000067 ], [ 125.008107810000055, 11.25164848700007 ], [ 124.995054802000041, 11.248411178000026 ], [ 124.987860827000091, 11.256950978000074 ], [ 124.982390641000052, 11.252132408000021 ], [ 124.975490879000063, 11.255610415000033 ], [ 124.964273727000077, 11.272813723000066 ], [ 124.962141822000035, 11.279963118000065 ], [ 124.965078638000023, 11.286821228000063 ], [ 124.966139732000087, 11.302214641000033 ], [ 124.962014889000102, 11.316718411000069 ], [ 124.965115955000101, 11.330886941000072 ], [ 124.969974208000039, 11.337151127000025 ], [ 124.966666385000053, 11.345773578000033 ], [ 124.968035525000118, 11.357910321000077 ], [ 124.972292054000036, 11.369312912000055 ], [ 124.979985072000105, 11.39922821600004 ], [ 124.97332624, 11.393577542000058 ], [ 124.965799751000063, 11.391469515000038 ], [ 124.955902408000043, 11.394396002000066 ], [ 124.951710766000019, 11.402850008000032 ], [ 124.955206518000054, 11.413101435000042 ], [ 124.948829722000028, 11.42340965900007 ], [ 124.938681171000098, 11.424494299000058 ], [ 124.927464783000104, 11.420574921000023 ], [ 124.927627242000085, 11.413279653000076 ], [ 124.917903343000049, 11.409202505000051 ], [ 124.907690484000113, 11.422329483000057 ], [ 124.896521558000032, 11.413950455000077 ], [ 124.889373099000068, 11.420307868000064 ], [ 124.889591154000072, 11.434333755000068 ], [ 124.882344889000024, 11.437739303000058 ], [ 124.873166191000109, 11.435143690000073 ], [ 124.875041686000031, 11.425232059000049 ], [ 124.87241864300006, 11.411980042000041 ], [ 124.866399949000098, 11.415955457000052 ], [ 124.866701488000118, 11.422923033000073 ], [ 124.856851307000042, 11.42774926900006 ], [ 124.842681213000105, 11.423219589000039 ], [ 124.823010634000084, 11.424144891000024 ], [ 124.808732290000066, 11.412520479000019 ], [ 124.811463994000064, 11.407531603000054 ], [ 124.80533840000011, 11.400437909000061 ], [ 124.807109749000105, 11.385425436000048 ], [ 124.799361684000033, 11.377802916000062 ], [ 124.784776531000048, 11.372108867000064 ], [ 124.780931476000106, 11.361423658000035 ], [ 124.765751611000042, 11.349361722000026 ], [ 124.764899312000011, 11.344182217000025 ], [ 124.745456040000022, 11.331213193000055 ], [ 124.728458548000049, 11.328359560000024 ], [ 124.705441322000055, 11.307311229000049 ], [ 124.694291438000064, 11.302004663000046 ], [ 124.670271229000051, 11.30464821100003 ], [ 124.662821204000011, 11.296691948000046 ], [ 124.648268769000083, 11.293909970000074 ], [ 124.636863999000084, 11.295070719000023 ], [ 124.632735854000089, 11.300561782000042 ], [ 124.613778676000038, 11.306625207000023 ], [ 124.607285980000029, 11.311933403000067 ], [ 124.599431374000133, 11.305870309000053 ], [ 124.584713196000052, 11.304962116000068 ], [ 124.56474598200009, 11.32457944200007 ], [ 124.550583776000053, 11.341525188000048 ], [ 124.551369146000056, 11.349996406000061 ], [ 124.547714609000067, 11.373767548000046 ], [ 124.537616720000074, 11.392072254000025 ], [ 124.536315357000035, 11.424557623000052 ], [ 124.522170216000063, 11.436440641000045 ], [ 124.510640286000012, 11.437995192000074 ], [ 124.488854393000111, 11.444996238000043 ], [ 124.479260391000025, 11.453918357000079 ], [ 124.469355816000075, 11.445405214000061 ], [ 124.464982309000092, 11.447055530000055 ], [ 124.465060833000052, 11.426512073000026 ], [ 124.476306330000071, 11.419317644000044 ], [ 124.480729130000114, 11.408358917000042 ], [ 124.478630561000045, 11.402020508000021 ], [ 124.481122712000115, 11.38550749500007 ], [ 124.470842377000068, 11.382784174000049 ], [ 124.466767177000065, 11.394393235000054 ], [ 124.460347448000107, 11.398012860000049 ], [ 124.455708323000081, 11.412126579000073 ], [ 124.449604062000063, 11.421537273000068 ], [ 124.436327695000045, 11.434875790000033 ], [ 124.434647540000014, 11.44426776800003 ], [ 124.425668163000054, 11.450092088000074 ], [ 124.400354516000107, 11.484883788000046 ], [ 124.395872923000084, 11.485092298000041 ], [ 124.383175979000058, 11.500643469000066 ], [ 124.36860116900003, 11.514787622000025 ], [ 124.359643361000039, 11.520783340000035 ], [ 124.355123225000042, 11.530439859000072 ], [ 124.347145999000077, 11.532487408000065 ], [ 124.325913468000067, 11.556342768000038 ], [ 124.317470460000081, 11.562616819000025 ], [ 124.296893988000079, 11.539185115000068 ], [ 124.29061229, 11.540395189000035 ], [ 124.285678535000102, 11.529579606000027 ], [ 124.288828408000086, 11.518209971000031 ], [ 124.289942112000062, 11.494507101000069 ], [ 124.296446150000065, 11.479149775000051 ], [ 124.298604086000068, 11.465282555000046 ], [ 124.305294482000036, 11.452517479000052 ], [ 124.313775783000096, 11.445753955000042 ], [ 124.307331816000115, 11.440495346000036 ], [ 124.311808903000028, 11.428316742000048 ], [ 124.318211105000032, 11.423948389000032 ], [ 124.31762752600001, 11.413982808000069 ], [ 124.326030108000069, 11.408536900000058 ], [ 124.335415027000067, 11.406557038000074 ], [ 124.346269193000012, 11.408870474000025 ], [ 124.349110186000075, 11.405150078000077 ], [ 124.340991514000052, 11.395039789000066 ], [ 124.324761304000063, 11.392854213000021 ], [ 124.329451815000084, 11.387474166000061 ], [ 124.330506797000126, 11.378615417000047 ], [ 124.337315631000038, 11.374346109000044 ], [ 124.347194576000106, 11.377437294000059 ], [ 124.357197396000061, 11.373349164000043 ], [ 124.360096333000129, 11.360186592000046 ], [ 124.35206570600009, 11.359799533000057 ], [ 124.341819275000034, 11.363452158000026 ], [ 124.336443623000036, 11.342673411000021 ], [ 124.340018877000034, 11.336040739000056 ], [ 124.340853726000091, 11.317532404000076 ], [ 124.359016478000072, 11.300671612000029 ], [ 124.366636829000086, 11.307762344000025 ], [ 124.372249902000021, 11.303281453000064 ], [ 124.387494317000119, 11.299884928000042 ], [ 124.39168424900005, 11.293642160000047 ], [ 124.382784038000054, 11.285964351000079 ], [ 124.384149774000079, 11.276637116000073 ], [ 124.376410607000039, 11.274105616000041 ], [ 124.384713273000102, 11.262086515000021 ], [ 124.386576756000053, 11.251674930000036 ], [ 124.398658499000035, 11.236592038000026 ], [ 124.395748583000099, 11.231195711000053 ], [ 124.384973261000027, 11.224637667000023 ], [ 124.389965515000085, 11.215987997000072 ], [ 124.384453701000098, 11.20477870700006 ], [ 124.38455826400002, 11.184718567000061 ], [ 124.395759831000078, 11.150464209000059 ], [ 124.394760967000039, 11.145296291000022 ], [ 124.402680383000089, 11.120225717000041 ], [ 124.399812723000096, 11.103809614000053 ], [ 124.3892105340001, 11.103008768000054 ], [ 124.384727057000077, 11.091099097000042 ], [ 124.386894881000117, 11.080951946000031 ], [ 124.38098629000001, 11.072701622000066 ], [ 124.369490373000076, 11.065078406000056 ], [ 124.379166676000068, 11.060986487000038 ], [ 124.38325702200008, 11.055055867000021 ], [ 124.381854653000119, 11.048110734000034 ], [ 124.402337661000047, 11.028945442000067 ], [ 124.403648256000125, 11.018073222000055 ], [ 124.401806671000031, 11.000445862000046 ], [ 124.403417431000094, 10.991204722000075 ], [ 124.408341492000076, 10.987065793000056 ], [ 124.394181784, 10.964632773000062 ], [ 124.391241951000097, 10.953492018000075 ], [ 124.382695646000116, 10.940428714000062 ], [ 124.379737334000069, 10.929202854000037 ], [ 124.374984309000055, 10.923859995000042 ], [ 124.388002058000097, 10.91314740200005 ], [ 124.39656130100002, 10.918375740000043 ], [ 124.406663402000063, 10.919114349000038 ], [ 124.416924103000042, 10.91469802800003 ], [ 124.417100965000046, 10.927521556000045 ], [ 124.414560794000067, 10.948488624000047 ], [ 124.42031256000007, 10.948171274000059 ], [ 124.424554481000087, 10.930449864000026 ], [ 124.438741981000035, 10.918848314000057 ], [ 124.434243300000048, 10.902020994000054 ], [ 124.427750728000092, 10.894256465000069 ], [ 124.432811645000015, 10.889440969000074 ], [ 124.443974295000089, 10.887926692000065 ], [ 124.451140272000089, 10.890712442000051 ], [ 124.460446268000055, 10.887503003000061 ], [ 124.471653277000101, 10.877336727000054 ], [ 124.472918352000079, 10.868688842000038 ], [ 124.479148344000023, 10.86514389900003 ], [ 124.49722422800005, 10.863643969000064 ], [ 124.511457199, 10.869220711000024 ], [ 124.517200462000133, 10.868950260000075 ], [ 124.528846675000068, 10.889251485000045 ], [ 124.533386643000085, 10.893748961000025 ], [ 124.536787881, 10.905964279000045 ], [ 124.543679731000125, 10.910307464000027 ], [ 124.54499311000005, 10.922096359000021 ], [ 124.550223190000111, 10.927671368000061 ], [ 124.545239456000118, 10.941240175000074 ], [ 124.550501954000083, 10.955815615000063 ], [ 124.549405551000063, 10.965071890000049 ], [ 124.539475138000071, 10.969455890000065 ], [ 124.537791102000043, 10.977549420000058 ], [ 124.544688786000052, 10.98443239000005 ], [ 124.549248810000122, 10.98310163900004 ], [ 124.562754280000036, 10.995684941000038 ], [ 124.570443367000067, 10.999177928000048 ], [ 124.570814678000033, 11.007937653000056 ], [ 124.58359751400009, 11.013307519000021 ], [ 124.597198429000059, 11.012839283000066 ], [ 124.602782888000092, 11.00463074000004 ], [ 124.61292060400001, 11.002186375000061 ], [ 124.619926832000019, 10.992511059000035 ], [ 124.622876734000101, 10.979196116000026 ], [ 124.629905483000016, 10.976692266000045 ], [ 124.640860094000118, 10.967358250000075 ], [ 124.642990704000098, 10.960762681000061 ], [ 124.65358543800005, 10.951278792000039 ], [ 124.67074897800002, 10.945872673000054 ], [ 124.683407382000055, 10.939085789000046 ], [ 124.690957684000068, 10.928105837000036 ], [ 124.693292336000027, 10.915421776000073 ], [ 124.702606809000045, 10.90457194700002 ], [ 124.708768265000117, 10.88844639200005 ], [ 124.707640572000074, 10.879454853000023 ], [ 124.719280950000112, 10.867390128000068 ], [ 124.719883441000093, 10.863658221000037 ], [ 124.744067917000052, 10.840307777000021 ], [ 124.760647400000025, 10.819914854000045 ], [ 124.770154105000088, 10.795880219000027 ], [ 124.783303772000068, 10.774516198000072 ], [ 124.78676594500007, 10.757938421000061 ], [ 124.785077363000042, 10.748227047000057 ], [ 124.794176746000062, 10.730110109000067 ], [ 124.796422767000067, 10.709361079000074 ], [ 124.794379075000066, 10.699949497000032 ], [ 124.79523319700003, 10.679791986000053 ], [ 124.800582784000099, 10.672161641000059 ], [ 124.803457683000019, 10.658990597000068 ], [ 124.792411893, 10.64335766800002 ], [ 124.793920818000061, 10.638190129000066 ], [ 124.775530367000087, 10.638164424000021 ], [ 124.778853876000099, 10.62785502400004 ], [ 124.771244141, 10.62188330500004 ], [ 124.768181953000067, 10.612664596000057 ], [ 124.763017774000119, 10.566126139000058 ], [ 124.763709912000095, 10.543549355000039 ], [ 124.767303107000089, 10.539476206000074 ], [ 124.752309198000034, 10.521328600000059 ], [ 124.751220526000125, 10.508675473000041 ], [ 124.728550299000077, 10.499317224000036 ], [ 124.721545334000098, 10.488572062000056 ], [ 124.721815183000118, 10.478804988000038 ], [ 124.728684006000094, 10.475578881000047 ], [ 124.727455199000019, 10.468657879000032 ], [ 124.730152475000054, 10.455466919000061 ], [ 124.729259543000012, 10.443853251000064 ], [ 124.724742417, 10.434536799000057 ], [ 124.723206258000118, 10.40511734100005 ], [ 124.729749860000084, 10.38940757900002 ], [ 124.732882310000036, 10.376553587000044 ], [ 124.741772178000033, 10.372479747000057 ], [ 124.767491760000112, 10.35569143200007 ], [ 124.770661542000099, 10.349089636000029 ], [ 124.785567959000105, 10.331879668000056 ], [ 124.790911069000117, 10.318702683000028 ], [ 124.791307034000056, 10.301994022000031 ], [ 124.781588788000022, 10.272158469000033 ], [ 124.773043384000061, 10.259326043000044 ], [ 124.76723778600001, 10.241435928000046 ], [ 124.770369058000014, 10.231014780000063 ], [ 124.766210040000033, 10.218646284000043 ], [ 124.767944818000046, 10.209192882000023 ], [ 124.760540036000066, 10.191468100000066 ], [ 124.753925971000058, 10.185923876000061 ], [ 124.765934699000027, 10.185135720000062 ], [ 124.784024603000049, 10.189466081000035 ], [ 124.788331474000088, 10.195503242000028 ], [ 124.7964522850001, 10.19431845100007 ], [ 124.80837727100004, 10.201246336000054 ], [ 124.821040068000116, 10.205224108000037 ], [ 124.835301301000072, 10.229184520000045 ], [ 124.845941217, 10.236326606000032 ], [ 124.853740920000078, 10.233518227000044 ], [ 124.862505530000021, 10.254237019000071 ], [ 124.868690024000117, 10.254124042000056 ], [ 124.876598459000093, 10.259937182000044 ], [ 124.89432458400006, 10.262584280000054 ], [ 124.902659090000057, 10.268111919000033 ], [ 124.909312998000019, 10.278708334000044 ], [ 124.910966312000042, 10.295398358000057 ], [ 124.904895181000029, 10.303962679000049 ], [ 124.900071940000075, 10.348885033000043 ], [ 124.896545329000105, 10.356140857000069 ], [ 124.892540708000084, 10.373493506000045 ], [ 124.87743280200003, 10.394057130000022 ], [ 124.87688272700008, 10.408911848000059 ], [ 124.886403286000018, 10.433261347000041 ], [ 124.889053661000062, 10.473848722000071 ], [ 124.891164497000105, 10.480181229000038 ], [ 124.905629347000058, 10.503658593000068 ], [ 124.926022129000103, 10.503096587000073 ], [ 124.958394983000062, 10.506104734000075 ], [ 124.969532492000099, 10.505320462000041 ], [ 124.98778789500011, 10.509048678000054 ], [ 125.014403224000048, 10.519608377000054 ], [ 125.052597680000062, 10.52224262100003 ], [ 125.077661680000119, 10.525729142000044 ], [ 125.08260504700003, 10.53358084000007 ], [ 125.072374113000023, 10.541438199000025 ], [ 125.085943758000084, 10.555391140000038 ], [ 125.111038208000096, 10.568942070000048 ], [ 125.143744538000078, 10.591694435000024 ], [ 125.157495154000117, 10.588365695000048 ], [ 125.173867753000081, 10.600700517000062 ] ] ], [ [ [ 124.977867036, 11.401847257000046 ], [ 124.971862255000033, 11.415403846000062 ], [ 124.964066901000038, 11.415717387000029 ], [ 124.957541358000071, 11.422420813000031 ], [ 124.956502069000067, 11.407048636000072 ], [ 124.952604627000028, 11.401269533000061 ], [ 124.95802389000005, 11.394471165000025 ], [ 124.96685124300005, 11.392678008000075 ], [ 124.974036081000023, 11.394962647000055 ], [ 124.977867036, 11.401847257000046 ] ] ] ] } },
{ "type": "Feature", "properties": { "adm1_psgc": 800000000, "adm2_psgc": 804800000, "adm2_en": "Northern Samar", "geo_level": "Prov", "len_crs": 1139265, "area_crs": 3441049293, "len_km": 1139, "area_km2": 3441 }, "geometry": { "type": "MultiPolygon", "coordinates": [ [ [ [ 124.363664278000101, 12.661193939000039 ], [ 124.366051588000118, 12.654552146000071 ], [ 124.374504521000063, 12.651442286000075 ], [ 124.381426498000124, 12.64395757100004 ], [ 124.39138272300012, 12.643210886000075 ], [ 124.396067440000039, 12.651066181000031 ], [ 124.387685510000097, 12.664442749000047 ], [ 124.391696631000045, 12.67395946400006 ], [ 124.376964065000038, 12.682844396000064 ], [ 124.366642732000059, 12.693686820000039 ], [ 124.354380486000096, 12.69571420500006 ], [ 124.361822534000126, 12.680924050000046 ], [ 124.363664278000101, 12.661193939000039 ] ] ], [ [ [ 125.06232414200008, 12.686053397000023 ], [ 125.048306931000056, 12.680802854000037 ], [ 125.037561746000051, 12.68216028100005 ], [ 125.029390264000099, 12.66765334300004 ], [ 125.029123657000014, 12.64945585000004 ], [ 125.047582762000047, 12.646243467000032 ], [ 125.048732450000102, 12.642049014000065 ], [ 125.058918149000078, 12.637840927000067 ], [ 125.053061037000035, 12.622452573000029 ], [ 125.04018964600003, 12.624820088000037 ], [ 125.033432522000112, 12.620901038000058 ], [ 125.039783952000107, 12.614144688000065 ], [ 125.06480601300008, 12.606287817000066 ], [ 125.08926960600003, 12.602655877000075 ], [ 125.087213153000107, 12.609964708000064 ], [ 125.089730333000034, 12.618153265000048 ], [ 125.077030840000035, 12.621990157000026 ], [ 125.073659805000034, 12.627662127000063 ], [ 125.075683762000054, 12.641923237000071 ], [ 125.069737204000049, 12.648749513000041 ], [ 125.074226822, 12.663000968000064 ], [ 125.06232414200008, 12.686053397000023 ] ] ], [ [ [ 124.398591385000032, 12.677986656000026 ], [ 124.395327632000104, 12.674475506000022 ], [ 124.4036723910001, 12.664151444000026 ], [ 124.424815276000118, 12.650982122000073 ], [ 124.427200729000091, 12.658832248000067 ], [ 124.422058541000084, 12.668945655000067 ], [ 124.413776395000028, 12.665227768000022 ], [ 124.409159290000048, 12.674626694000041 ], [ 124.398591385000032, 12.677986656000026 ] ] ], [ [ [ 124.999085129000051, 12.66356058100007 ], [ 124.988426151000112, 12.656541497000031 ], [ 124.990407647000112, 12.648126393000039 ], [ 125.000442902000046, 12.642486860000075 ], [ 125.011274297000099, 12.641600386000048 ], [ 125.010913858000094, 12.652155183000048 ], [ 125.005419152000073, 12.663396701000067 ], [ 124.999085129000051, 12.66356058100007 ] ] ], [ [ [ 124.363907920000102, 12.64322230400006 ], [ 124.36742623300006, 12.64643649000004 ], [ 124.362182290000078, 12.660331236000049 ], [ 124.35575392900013, 12.656596879000061 ], [ 124.363907920000102, 12.64322230400006 ] ] ], [ [ [ 124.417353143000014, 12.627617761000067 ], [ 124.423287191000114, 12.627484376000043 ], [ 124.43170541500001, 12.634332466000046 ], [ 124.428611727000089, 12.644455875000062 ], [ 124.417353143000014, 12.627617761000067 ] ] ], [ [ [ 125.059645371000101, 12.584892670000045 ], [ 125.053328696000108, 12.588682068000024 ], [ 125.033484125000086, 12.586322615000027 ], [ 125.025554479000121, 12.590021948000068 ], [ 125.011931387000104, 12.603722077000045 ], [ 125.015996222000027, 12.612103330000025 ], [ 125.011019753000028, 12.625143339000031 ], [ 125.001434757000084, 12.637981952000072 ], [ 124.989311223000072, 12.642256875000044 ], [ 124.98970028600003, 12.630347268000037 ], [ 124.994356593000035, 12.624848079000058 ], [ 124.992046443000064, 12.611901210000038 ], [ 125.000986791000074, 12.606028155000043 ], [ 125.000626760000046, 12.587259058000027 ], [ 125.006496389000048, 12.581848669000065 ], [ 125.00309445500011, 12.576060059000042 ], [ 125.021284139000059, 12.562024290000064 ], [ 125.02561583100011, 12.557387301000061 ], [ 125.028281292000088, 12.557637256000023 ], [ 125.030064926000037, 12.556045766000068 ], [ 125.034011325000066, 12.552414078000025 ], [ 125.044847850000124, 12.555292352000034 ], [ 125.048238271000059, 12.551609896000059 ], [ 125.059135978000072, 12.557940625000072 ], [ 125.059863809000035, 12.564203296000073 ], [ 125.06908984100005, 12.569103968000034 ], [ 125.059645371000101, 12.584892670000045 ] ] ], [ [ [ 124.367189932000073, 12.58977744300006 ], [ 124.372918722000023, 12.588102877000038 ], [ 124.381940335000081, 12.592221624000045 ], [ 124.391007658000035, 12.584680758000047 ], [ 124.399808604000114, 12.588626264000025 ], [ 124.390617935000023, 12.606078908000029 ], [ 124.37989283800006, 12.615738072000058 ], [ 124.371567732000017, 12.617300324000041 ], [ 124.365296021000063, 12.62487738400006 ], [ 124.354187864000082, 12.623694164000026 ], [ 124.358323980000023, 12.595093141000063 ], [ 124.367189932000073, 12.58977744300006 ] ] ], [ [ [ 124.438572292000103, 12.623913268000022 ], [ 124.429825358000016, 12.619196986000075 ], [ 124.437861209000062, 12.610416509000059 ], [ 124.446927009000092, 12.616547996000065 ], [ 124.438572292000103, 12.623913268000022 ] ] ], [ [ [ 125.143259077000053, 12.601889530000049 ], [ 125.136363307000011, 12.59411416900002 ], [ 125.139742685000101, 12.58705124100004 ], [ 125.148822524000025, 12.58939668800002 ], [ 125.143259077000053, 12.601889530000049 ] ] ], [ [ [ 124.354317137000081, 12.585202917000057 ], [ 124.362243641000077, 12.563555389000042 ], [ 124.368890308000118, 12.562226600000029 ], [ 124.382781779000084, 12.568314488000055 ], [ 124.385434608000082, 12.580812125000023 ], [ 124.374032115000091, 12.581459309000024 ], [ 124.365068810000011, 12.589335211000044 ], [ 124.354317137000081, 12.585202917000057 ] ] ], [ [ [ 124.486009734000049, 12.586446556000052 ], [ 124.474517384000038, 12.578706981000039 ], [ 124.489626225000066, 12.570194834000063 ], [ 124.495082889000059, 12.54809838800003 ], [ 124.51276428700011, 12.542512205000037 ], [ 124.521095503000083, 12.543710887000033 ], [ 124.515993800000061, 12.554349342000021 ], [ 124.49786890900009, 12.576162298000041 ], [ 124.486009734000049, 12.586446556000052 ] ] ], [ [ [ 125.323131176000075, 12.28218463400003 ], [ 125.329338536000023, 12.281112351000045 ], [ 125.336283682000058, 12.273899536000044 ], [ 125.342167198000098, 12.290615924000065 ], [ 125.33779898100012, 12.297059933000069 ], [ 125.32942053100011, 12.297995908000072 ], [ 125.337671792000037, 12.31644644600004 ], [ 125.324615317000053, 12.307690554000033 ], [ 125.318555762000059, 12.298960138000041 ], [ 125.309636745000034, 12.298951042000054 ], [ 125.293211414000098, 12.290056774000051 ], [ 125.287628659000021, 12.299475276000067 ], [ 125.29159908500003, 12.307428649000029 ], [ 125.297251382000027, 12.303884558000048 ], [ 125.303989275000063, 12.313996281000071 ], [ 125.301928162000081, 12.317868639000041 ], [ 125.312205701000039, 12.327151465000039 ], [ 125.30624944300007, 12.333842960000025 ], [ 125.298877364000091, 12.327613369000064 ], [ 125.290061147000074, 12.33077896900005 ], [ 125.286300634000114, 12.33713636200002 ], [ 125.292835331000106, 12.34383597300007 ], [ 125.287066442000082, 12.347679414000027 ], [ 125.286325256000069, 12.356319772000063 ], [ 125.298159751000071, 12.366941603000043 ], [ 125.299335952000106, 12.376923260000067 ], [ 125.305400995000014, 12.388939486000023 ], [ 125.298649477000012, 12.396826530000054 ], [ 125.303889501000086, 12.401462861000027 ], [ 125.310956022000028, 12.397467577000043 ], [ 125.323472829000025, 12.401261864000046 ], [ 125.332154845000105, 12.396434877000045 ], [ 125.33451268400006, 12.408068280000066 ], [ 125.320157746000064, 12.413308596000034 ], [ 125.308858594000071, 12.413589602000062 ], [ 125.300943376000092, 12.421422161000068 ], [ 125.288952846000029, 12.444972935000061 ], [ 125.293147928000053, 12.456550411000022 ], [ 125.291269045000035, 12.467958206000047 ], [ 125.26978541000004, 12.477484584000022 ], [ 125.262544616000014, 12.472380481000071 ], [ 125.256411429000082, 12.47884232200005 ], [ 125.265667210000046, 12.489096043000071 ], [ 125.255892410000129, 12.492726716000051 ], [ 125.240210110000035, 12.512980763000032 ], [ 125.233003205000045, 12.515103271000042 ], [ 125.225563801000035, 12.522576336000043 ], [ 125.214255549000072, 12.523305928000067 ], [ 125.210627686000052, 12.534127821000029 ], [ 125.199509578000061, 12.536973283000066 ], [ 125.181953703000104, 12.55636383800004 ], [ 125.151586935000068, 12.574036881000039 ], [ 125.14230600100008, 12.574265173000072 ], [ 125.110119167000107, 12.563812925000036 ], [ 125.101496656000108, 12.57009713700006 ], [ 125.100025607000035, 12.581221317000029 ], [ 125.086970024000038, 12.582447691000029 ], [ 125.079881372000031, 12.577354504000025 ], [ 125.07281713600004, 12.57882228300002 ], [ 125.072068728000104, 12.569525165000073 ], [ 125.080904318000094, 12.559726302000058 ], [ 125.079436549000093, 12.545135004000031 ], [ 125.075344309000116, 12.536280582000073 ], [ 125.061631413000114, 12.538091984000062 ], [ 125.05020252100006, 12.543450563000022 ], [ 125.040615752000022, 12.535187235000024 ], [ 125.029242897000017, 12.530364467000025 ], [ 125.025145530000017, 12.532391332000028 ], [ 125.023334100000056, 12.536188974000027 ], [ 125.02041360500003, 12.550065247000072 ], [ 125.013043094000082, 12.564608789000035 ], [ 125.006925779000099, 12.565484489000028 ], [ 125.001637400000064, 12.559327037000061 ], [ 124.987996293000052, 12.552214401000072 ], [ 124.973557978000031, 12.551128213000027 ], [ 124.960961787000087, 12.560211845000026 ], [ 124.964256067000065, 12.564140697000026 ], [ 124.959346376000113, 12.575912083000048 ], [ 124.953614764, 12.578528737000058 ], [ 124.942825608, 12.571737321000057 ], [ 124.930270734000032, 12.56687649300005 ], [ 124.903193972000054, 12.567001280000055 ], [ 124.892501019000051, 12.571649571000025 ], [ 124.886617146000049, 12.577939352000042 ], [ 124.874572401, 12.57498710400006 ], [ 124.8825698160001, 12.565843461000044 ], [ 124.880185851000093, 12.553344352000069 ], [ 124.870576503000052, 12.541521564000048 ], [ 124.85757044200011, 12.532977747000071 ], [ 124.829554624000039, 12.529007004000047 ], [ 124.810795596000062, 12.53165245100007 ], [ 124.801411418000058, 12.54134916300006 ], [ 124.773679788000095, 12.527576896000028 ], [ 124.765198446000113, 12.528250722000053 ], [ 124.761302032000131, 12.523599052000066 ], [ 124.747186248000062, 12.516792120000046 ], [ 124.719410343000064, 12.514489689000072 ], [ 124.71229866900002, 12.517161690000023 ], [ 124.704949634000073, 12.512280553000034 ], [ 124.695677655000054, 12.514904063000071 ], [ 124.67685799100002, 12.508694542000057 ], [ 124.655349019000042, 12.515154440000059 ], [ 124.647201241000076, 12.508350710000057 ], [ 124.633052165000095, 12.508202337000055 ], [ 124.616188135000016, 12.512451028000045 ], [ 124.588850448000031, 12.521211267000067 ], [ 124.568527903000017, 12.529065550000039 ], [ 124.561685657000112, 12.534140603000026 ], [ 124.554375506000056, 12.523960206000025 ], [ 124.540106801000107, 12.527090220000046 ], [ 124.530923819, 12.52130021800002 ], [ 124.522152385000041, 12.522337142000026 ], [ 124.511506644000079, 12.519423363000044 ], [ 124.494442183000061, 12.53376894200005 ], [ 124.477307440000132, 12.536652847000026 ], [ 124.466452042000029, 12.521417303000019 ], [ 124.459083957000075, 12.529821291000074 ], [ 124.466527816000053, 12.534668001000055 ], [ 124.467407657000081, 12.540693889000067 ], [ 124.457605068000021, 12.541007076000025 ], [ 124.449522779000063, 12.533458073000077 ], [ 124.436003424000091, 12.536117945000058 ], [ 124.429826068000025, 12.530341640000076 ], [ 124.423417105000112, 12.53350003200006 ], [ 124.420806865000046, 12.545164223000025 ], [ 124.413054865000049, 12.549368284000026 ], [ 124.399963978000088, 12.549203129000034 ], [ 124.405900239000047, 12.56114408500002 ], [ 124.38752974800002, 12.563446945000065 ], [ 124.392344478000041, 12.551534275000055 ], [ 124.387241971000094, 12.54499252100004 ], [ 124.374369099000106, 12.546199739000031 ], [ 124.372319462000078, 12.555843745000059 ], [ 124.357895480000025, 12.552043657000066 ], [ 124.357055908, 12.538127779000034 ], [ 124.353426099000089, 12.536357371000067 ], [ 124.345314291000037, 12.545723979000057 ], [ 124.329303966000126, 12.535263467000048 ], [ 124.317282103000011, 12.55909335100006 ], [ 124.29856898200002, 12.563924587000029 ], [ 124.297301902000086, 12.574786145000072 ], [ 124.288890024000025, 12.582766732000039 ], [ 124.27993879600001, 12.58283594000005 ], [ 124.270269053000106, 12.571358011000028 ], [ 124.272895012000063, 12.566726861000063 ], [ 124.266202543000077, 12.559618085000068 ], [ 124.262804633000101, 12.544582078000074 ], [ 124.267357931000092, 12.541206622000063 ], [ 124.273012832000063, 12.525034487000026 ], [ 124.282675270000027, 12.516196236000042 ], [ 124.284116294000114, 12.505735053000024 ], [ 124.281192188000105, 12.496749050000062 ], [ 124.286880205000116, 12.488141125000025 ], [ 124.282360357000016, 12.478191225000046 ], [ 124.290420074000039, 12.460691962000055 ], [ 124.301916521000066, 12.455078151000063 ], [ 124.311050358000116, 12.442353222000069 ], [ 124.310730810000123, 12.437534662000076 ], [ 124.322053591000085, 12.42726460400007 ], [ 124.324472450000044, 12.406639809000071 ], [ 124.322919961000039, 12.402506300000026 ], [ 124.328741127000072, 12.390058745000033 ], [ 124.34097819100009, 12.376099299000034 ], [ 124.335165117000074, 12.367659963000049 ], [ 124.335760185000026, 12.351510794000035 ], [ 124.333172751, 12.348028271000031 ], [ 124.342207661000103, 12.317256145000044 ], [ 124.338374204000047, 12.31478433700005 ], [ 124.347232972000029, 12.298890668000071 ], [ 124.345436145, 12.291979161000029 ], [ 124.354720854000121, 12.288939591000029 ], [ 124.357393387000116, 12.281708523000077 ], [ 124.368418365000025, 12.283196331000052 ], [ 124.426328170000048, 12.283301340000037 ], [ 124.477085792000011, 12.34096342300006 ], [ 124.489803715000122, 12.331030033000046 ], [ 124.511759309000027, 12.326589778000026 ], [ 124.51666026800001, 12.315449646000047 ], [ 124.594973871000093, 12.252414318000033 ], [ 124.592983140000129, 12.260343319000071 ], [ 124.601543145000036, 12.264455994000057 ], [ 124.617052729000079, 12.25293091900005 ], [ 124.608230096000071, 12.242421338000042 ], [ 124.626531267000018, 12.228430569000066 ], [ 124.648564563000036, 12.234697057000062 ], [ 124.648817256000029, 12.243071856000029 ], [ 124.657445959000043, 12.241858185000067 ], [ 124.663954278000119, 12.251582995000035 ], [ 124.672606156000029, 12.254165949000024 ], [ 124.677461060000041, 12.245325002000072 ], [ 124.709633610000083, 12.277833312000039 ], [ 124.752391341000035, 12.262225584000078 ], [ 124.792216641000095, 12.240866626000068 ], [ 124.844020412000091, 12.217657946000033 ], [ 124.832171208000091, 12.174381966000052 ], [ 124.857981962000053, 12.137552355000023 ], [ 124.868319086000042, 12.165273406000038 ], [ 124.900752378000107, 12.233276589000068 ], [ 124.907267465000018, 12.252334253000074 ], [ 124.911418421, 12.245613691000075 ], [ 124.929103331000078, 12.235622284000041 ], [ 124.948649264000096, 12.230541531000027 ], [ 124.97507719400005, 12.227870578000022 ], [ 124.993632170000055, 12.230696290000026 ], [ 125.019641399000093, 12.240434260000027 ], [ 125.036021157000036, 12.245284075000029 ], [ 125.11634618700009, 12.283582044000068 ], [ 125.150796120000109, 12.285214755000025 ], [ 125.168291457000024, 12.282900013000074 ], [ 125.175491454000067, 12.300438468000038 ], [ 125.179027641000047, 12.30139639300006 ], [ 125.200770713000125, 12.328511285000047 ], [ 125.211250537000069, 12.347840308000057 ], [ 125.223328094000067, 12.349578051000037 ], [ 125.244298169000118, 12.328873455000066 ], [ 125.251972619000071, 12.326799179000034 ], [ 125.274844193000035, 12.29001494100004 ], [ 125.274268331000016, 12.273242662000028 ], [ 125.276827437000065, 12.266380463000075 ], [ 125.297394997000097, 12.270467058000065 ], [ 125.296657046000064, 12.27602028000007 ], [ 125.307362565000062, 12.281189457000037 ], [ 125.323131176000075, 12.28218463400003 ] ] ], [ [ [ 124.453620679000082, 12.543853237000063 ], [ 124.456495326000095, 12.551782198000067 ], [ 124.453289146000103, 12.559640076000047 ], [ 124.435309088000068, 12.561323513000046 ], [ 124.436176550000027, 12.568689568000025 ], [ 124.431067562000052, 12.573737519000074 ], [ 124.422742328000012, 12.574914171000044 ], [ 124.418537897000064, 12.56409716100006 ], [ 124.413055361000048, 12.55944034500004 ], [ 124.426594477000094, 12.544820958000059 ], [ 124.434409409000068, 12.539056253000068 ], [ 124.447302216000026, 12.536012019000051 ], [ 124.453620679000082, 12.543853237000063 ] ] ], [ [ [ 125.018882764000068, 12.560868381000034 ], [ 125.023173630000088, 12.549309040000027 ], [ 125.026527096000123, 12.532804367000036 ], [ 125.032395033000043, 12.536026441000045 ], [ 125.042337838000094, 12.53814767400007 ], [ 125.037857945000056, 12.546126513000049 ], [ 125.028886924000076, 12.549258861000057 ], [ 125.027690408000012, 12.551539846000027 ], [ 125.028875862000078, 12.556432492000058 ], [ 125.024329752000099, 12.557233188000055 ], [ 125.018882764000068, 12.560868381000034 ] ] ], [ [ [ 124.150485056000093, 12.409811282000017 ], [ 124.162752473000054, 12.399152486000046 ], [ 124.173886963000086, 12.386468756000054 ], [ 124.182619567000089, 12.381197363000068 ], [ 124.19054209300009, 12.389173864000039 ], [ 124.193239002000055, 12.400586897000037 ], [ 124.192438963000086, 12.412697074000048 ], [ 124.180838358000074, 12.425376861000075 ], [ 124.164664945000027, 12.456303332000063 ], [ 124.141847646000087, 12.480513810000049 ], [ 124.136846917000085, 12.472384666000037 ], [ 124.133803588000092, 12.45602694000007 ], [ 124.139127558000041, 12.442234754000026 ], [ 124.138980422000046, 12.431874639000057 ], [ 124.146911456000112, 12.419607955000062 ], [ 124.150485056000093, 12.409811282000017 ] ] ], [ [ [ 124.246313502000035, 12.459477827000056 ], [ 124.239892892000057, 12.452591321000058 ], [ 124.241154178000116, 12.440466185000048 ], [ 124.248014163000107, 12.416821708000041 ], [ 124.248504111000102, 12.408124564000046 ], [ 124.256136790000028, 12.385827405000041 ], [ 124.269654203000087, 12.363250756000072 ], [ 124.277393521000022, 12.363032332000044 ], [ 124.282419000000132, 12.371430371000031 ], [ 124.285716851000089, 12.385509228000048 ], [ 124.278891828000056, 12.408700940000072 ], [ 124.279864690000068, 12.413625414000023 ], [ 124.268324131000099, 12.434689139000058 ], [ 124.252376195000025, 12.45696772800005 ], [ 124.246313502000035, 12.459477827000056 ] ] ], [ [ [ 124.004649830000076, 12.378820362000054 ], [ 124.00972705900007, 12.380508568000041 ], [ 124.021192181000046, 12.39605782600006 ], [ 124.005336804000081, 12.394437879000066 ], [ 124.004649830000076, 12.378820362000054 ] ] ], [ [ [ 124.064340009000034, 12.37466174600007 ], [ 124.072946342000023, 12.358680580000055 ], [ 124.07928027700008, 12.361771687000044 ], [ 124.078280289000062, 12.371750764000071 ], [ 124.064133109000082, 12.384897468000075 ], [ 124.056101253000065, 12.382359001000056 ], [ 124.064340009000034, 12.37466174600007 ] ] ], [ [ [ 124.038210184000036, 12.337565077000022 ], [ 124.045125344000098, 12.341505215000039 ], [ 124.052280617000079, 12.338604483000042 ], [ 124.061032277000109, 12.343590530000032 ], [ 124.060910240000112, 12.352878892000035 ], [ 124.055224639000016, 12.359355228000029 ], [ 124.046487714000023, 12.352552727000047 ], [ 124.04563264300009, 12.345991250000052 ], [ 124.038210184000036, 12.337565077000022 ] ] ], [ [ [ 124.110904578000046, 12.281850515000031 ], [ 124.099121423000028, 12.290655919000072 ], [ 124.089942199000021, 12.288244286000063 ], [ 124.085550041000019, 12.278799383000033 ], [ 124.097617289000041, 12.275706589000034 ], [ 124.099599670000089, 12.261105976000065 ], [ 124.109712818000062, 12.261785795000037 ], [ 124.113739567000039, 12.277194349000068 ], [ 124.110904578000046, 12.281850515000031 ] ] ] ] } },
{ "type": "Feature", "properties": { "adm1_psgc": 800000000, "adm2_psgc": 806000000, "adm2_en": "Samar", "geo_level": "Prov", "len_crs": 1460806, "area_crs": 5384137543, "len_km": 1460, "area_km2": 5384 }, "geometry": { "type": "MultiPolygon", "coordinates": [ [ [ [ 125.168291457000024, 12.282900013000074 ], [ 125.150796120000109, 12.285214755000025 ], [ 125.11634618700009, 12.283582044000068 ], [ 125.036021157000036, 12.245284075000029 ], [ 125.019641399000093, 12.240434260000027 ], [ 124.993632170000055, 12.230696290000026 ], [ 124.97507719400005, 12.227870578000022 ], [ 124.948649264000096, 12.230541531000027 ], [ 124.929103331000078, 12.235622284000041 ], [ 124.911418421, 12.245613691000075 ], [ 124.907267465000018, 12.252334253000074 ], [ 124.900752378000107, 12.233276589000068 ], [ 124.868319086000042, 12.165273406000038 ], [ 124.857981962000053, 12.137552355000023 ], [ 124.832171208000091, 12.174381966000052 ], [ 124.844020412000091, 12.217657946000033 ], [ 124.792216641000095, 12.240866626000068 ], [ 124.752391341000035, 12.262225584000078 ], [ 124.709633610000083, 12.277833312000039 ], [ 124.677461060000041, 12.245325002000072 ], [ 124.672606156000029, 12.254165949000024 ], [ 124.663954278000119, 12.251582995000035 ], [ 124.657445959000043, 12.241858185000067 ], [ 124.648817256000029, 12.243071856000029 ], [ 124.648564563000036, 12.234697057000062 ], [ 124.626531267000018, 12.228430569000066 ], [ 124.608230096000071, 12.242421338000042 ], [ 124.617052729000079, 12.25293091900005 ], [ 124.601543145000036, 12.264455994000057 ], [ 124.592983140000129, 12.260343319000071 ], [ 124.594973871000093, 12.252414318000033 ], [ 124.51666026800001, 12.315449646000047 ], [ 124.511759309000027, 12.326589778000026 ], [ 124.489803715000122, 12.331030033000046 ], [ 124.477085792000011, 12.34096342300006 ], [ 124.426328170000048, 12.283301340000037 ], [ 124.368418365000025, 12.283196331000052 ], [ 124.357393387000116, 12.281708523000077 ], [ 124.360230331000039, 12.266708808000031 ], [ 124.366725009000106, 12.256282593000037 ], [ 124.370263579000053, 12.243760336000038 ], [ 124.383515970000076, 12.217789693000039 ], [ 124.390455839000083, 12.195106796000061 ], [ 124.402267680000023, 12.189613471000028 ], [ 124.416344549000087, 12.180249944000021 ], [ 124.421898643000091, 12.168433981000021 ], [ 124.426517885000067, 12.169871210000053 ], [ 124.438772677000102, 12.163596664000067 ], [ 124.450472145000035, 12.152978216000065 ], [ 124.454534077000062, 12.142666993000034 ], [ 124.461858053000014, 12.13715466900004 ], [ 124.472528155000077, 12.121864829000058 ], [ 124.473831395000062, 12.112618769000047 ], [ 124.483819576000087, 12.103002034000042 ], [ 124.493793061000019, 12.09916891000006 ], [ 124.503905951000078, 12.090715921000028 ], [ 124.500189236000111, 12.083190622000073 ], [ 124.51197414, 12.08271436900003 ], [ 124.521251776000099, 12.075997147000068 ], [ 124.527895626000046, 12.063508741000019 ], [ 124.53574273400011, 12.058263611000029 ], [ 124.546233007000069, 12.059011906000025 ], [ 124.566385067000056, 12.066567254000063 ], [ 124.577388607000103, 12.065143564000039 ], [ 124.594273516000044, 12.065973749000021 ], [ 124.616581384000028, 12.056535555000037 ], [ 124.635178523000036, 12.052539806000029 ], [ 124.649417378000066, 12.043323365000047 ], [ 124.664620030000037, 12.027874155000063 ], [ 124.674578750000023, 12.02108543900005 ], [ 124.67677984800001, 12.015673761000075 ], [ 124.690235942000058, 12.003768380000054 ], [ 124.692598720000106, 11.985363246000073 ], [ 124.686507749000057, 11.976528758000029 ], [ 124.691454343000032, 11.962474210000041 ], [ 124.705082256000097, 11.94501659300005 ], [ 124.713230407000083, 11.942154814000048 ], [ 124.720862350000075, 11.944224035000044 ], [ 124.726540236000119, 11.933695802000043 ], [ 124.742168543000048, 11.926678170000054 ], [ 124.749164564, 11.91342814400002 ], [ 124.7449938110001, 11.896082118000038 ], [ 124.755919307000113, 11.90269057800003 ], [ 124.788704993000025, 11.909745275000034 ], [ 124.794032369000107, 11.912978500000065 ], [ 124.807592412000091, 11.901051998000071 ], [ 124.803443892000018, 11.893184877000063 ], [ 124.797192909000046, 11.904557203000024 ], [ 124.793207902000077, 11.894640690000072 ], [ 124.798961022000057, 11.886424188000037 ], [ 124.780718442000065, 11.881643585000061 ], [ 124.789253555000073, 11.868978712000056 ], [ 124.785041066000076, 11.862094586000071 ], [ 124.797910928000093, 11.858703984000044 ], [ 124.80393758400011, 11.851580543000068 ], [ 124.804468921000066, 11.843987959000057 ], [ 124.818828481000082, 11.845888372000044 ], [ 124.824210339000061, 11.835869962000062 ], [ 124.835887226000082, 11.830416181000034 ], [ 124.839346808000073, 11.817300286000034 ], [ 124.830316060000101, 11.812242975000062 ], [ 124.830953493000038, 11.799222003000066 ], [ 124.839953747000095, 11.802729998000073 ], [ 124.836392801000102, 11.812405897000072 ], [ 124.842623794000019, 11.816871213000068 ], [ 124.850002780000068, 11.812226396000028 ], [ 124.85643458100003, 11.813658492000059 ], [ 124.865112466000042, 11.797995806000074 ], [ 124.863643738000079, 11.786953489000041 ], [ 124.868261943000107, 11.782089449000066 ], [ 124.877302244000035, 11.782188537000023 ], [ 124.885151471000071, 11.762436779000039 ], [ 124.884578878000056, 11.756700386000031 ], [ 124.892693652000048, 11.750743330000031 ], [ 124.900975643000052, 11.754975434000071 ], [ 124.908644009000128, 11.740830519000042 ], [ 124.918954341000017, 11.743232873000068 ], [ 124.951313538000022, 11.761197849000039 ], [ 124.959893280000074, 11.767300541000054 ], [ 124.972254717000069, 11.767916462000072 ], [ 124.99475736400008, 11.777709164000045 ], [ 124.999589106000045, 11.77540968100004 ], [ 125.012923769000054, 11.77848712800005 ], [ 125.022386810000057, 11.76552994900004 ], [ 125.032458098, 11.765026393000028 ], [ 125.04441908200009, 11.749525153000034 ], [ 125.0235784340001, 11.729388201000061 ], [ 125.009679310000024, 11.702848536000033 ], [ 124.992909986000086, 11.686142037000023 ], [ 124.981386014, 11.680819381000049 ], [ 124.973486659000073, 11.667136438000059 ], [ 124.977120435000089, 11.654256822000034 ], [ 124.988831597000058, 11.638584516000035 ], [ 124.98965839800006, 11.627288400000053 ], [ 124.994698198000052, 11.619385221000071 ], [ 124.984978899000112, 11.616965401000069 ], [ 124.971842930000079, 11.608382609000042 ], [ 124.966839441000047, 11.600740716000075 ], [ 124.957298833000081, 11.59638216400003 ], [ 124.960235011, 11.582479101000049 ], [ 124.94950290700001, 11.571945298000058 ], [ 124.937275533000047, 11.573967995000032 ], [ 124.927165829000046, 11.567218217000061 ], [ 124.910512505000057, 11.576535902000044 ], [ 124.896227119000059, 11.573141297000062 ], [ 124.889359169000045, 11.578650049000032 ], [ 124.880178048000076, 11.568405244000076 ], [ 124.877717217000054, 11.560437181000053 ], [ 124.882690371000095, 11.555411424000058 ], [ 124.893216387000052, 11.554458979000058 ], [ 124.896027151000126, 11.547315177000028 ], [ 124.893663556000092, 11.538729608000038 ], [ 124.886884119000115, 11.533938273000047 ], [ 124.87190364300011, 11.533336769000071 ], [ 124.867510529000029, 11.542323678000061 ], [ 124.860206495000057, 11.547161321000031 ], [ 124.84879388800006, 11.541725489000044 ], [ 124.841628233000051, 11.531532981000057 ], [ 124.834756334000076, 11.530468032000044 ], [ 124.832573851000021, 11.512758531000033 ], [ 124.8218520140001, 11.51084735100005 ], [ 124.831699105000112, 11.498439267000039 ], [ 124.829725557000089, 11.490716957000075 ], [ 124.831577686000074, 11.478183748000049 ], [ 124.838062733000015, 11.474824350000064 ], [ 124.840298214000086, 11.465541196000057 ], [ 124.851896589000035, 11.463243043000038 ], [ 124.875519063000084, 11.472506008000041 ], [ 124.886322174000028, 11.47196521500007 ], [ 124.884847991000029, 11.485543920000055 ], [ 124.892857061000072, 11.494676183000026 ], [ 124.894174584000098, 11.507199826000031 ], [ 124.906485528000076, 11.49704107900004 ], [ 124.899554143000032, 11.492502149000071 ], [ 124.902908908000086, 11.481681362000076 ], [ 124.902336301000105, 11.470665944000073 ], [ 124.91470574100002, 11.468023571000062 ], [ 124.919295524000077, 11.459594894000073 ], [ 124.935176092, 11.454134450000026 ], [ 124.940649379000092, 11.448705848000031 ], [ 124.947740708000083, 11.452489806000074 ], [ 124.959795903000099, 11.454299623000054 ], [ 124.965049287000056, 11.444560467000032 ], [ 124.963630750000107, 11.432240968000031 ], [ 124.977731408000082, 11.430082699000025 ], [ 124.988114533000029, 11.416668103000061 ], [ 124.986014476000037, 11.395148807000053 ], [ 124.990071847000095, 11.387513834000062 ], [ 124.986145172000079, 11.381542722000063 ], [ 124.993178037, 11.369885965000037 ], [ 124.993349093, 11.351249747000054 ], [ 124.985506479000037, 11.341636641000036 ], [ 124.982015323000056, 11.33153721900004 ], [ 124.975527973000112, 11.325835521000043 ], [ 124.973949356000048, 11.309240582000029 ], [ 124.979614266000112, 11.296041868000032 ], [ 124.977654724000118, 11.284695341000029 ], [ 124.988570886000048, 11.285626787000067 ], [ 125.004993436000063, 11.267873593000045 ], [ 125.011456852000038, 11.27622056800004 ], [ 125.01946788500004, 11.277622990000053 ], [ 125.027832212, 11.274521514000067 ], [ 125.04480258000001, 11.281249925000052 ], [ 125.066228685000056, 11.277869864000024 ], [ 125.071721679000021, 11.282526439000039 ], [ 125.085817169000052, 11.279753112000035 ], [ 125.102222335000079, 11.279791834000035 ], [ 125.124426597000038, 11.284242653000037 ], [ 125.138211404000117, 11.282091320000061 ], [ 125.151049718000095, 11.27535613200007 ], [ 125.160217395000032, 11.260540803000026 ], [ 125.167313708000052, 11.256129078000074 ], [ 125.167283462000114, 11.249212581000052 ], [ 125.177148355000099, 11.234171503000027 ], [ 125.174710126000036, 11.229000900000072 ], [ 125.182517888, 11.212833906000071 ], [ 125.179556755000021, 11.201993473000073 ], [ 125.182220326000106, 11.194794860000059 ], [ 125.189564270000119, 11.191481276000045 ], [ 125.194255523000038, 11.183798696000052 ], [ 125.193696006000081, 11.171948326000063 ], [ 125.200272512000069, 11.146767707000036 ], [ 125.20459173200004, 11.14264444300005 ], [ 125.202266124000062, 11.134233295000058 ], [ 125.208637630000126, 11.125847098000065 ], [ 125.211801614000024, 11.109337545000074 ], [ 125.207200276000108, 11.106225783000069 ], [ 125.209291854000071, 11.098093531000075 ], [ 125.235290212000095, 11.085927619000074 ], [ 125.242519354000024, 11.093029469000044 ], [ 125.246633074000101, 11.122447398000071 ], [ 125.240964387000091, 11.151653059000068 ], [ 125.246616320000058, 11.158922365000022 ], [ 125.245163872000035, 11.173809959000041 ], [ 125.246900717000031, 11.21118228000006 ], [ 125.246335917, 11.311455266000051 ], [ 125.280663166000068, 11.361909573000046 ], [ 125.309116457000073, 11.396150008000062 ], [ 125.285657715000056, 11.422534495000038 ], [ 125.242673559000067, 11.433261028000059 ], [ 125.220748370000038, 11.446147317000056 ], [ 125.21329426300008, 11.471111887000063 ], [ 125.221976502000075, 11.486198664000026 ], [ 125.222340983000109, 11.516194788000062 ], [ 125.216420201000133, 11.52838463300003 ], [ 125.210388262000023, 11.550841041000067 ], [ 125.16104075300008, 11.564051392000067 ], [ 125.171666686000094, 11.583237104000034 ], [ 125.177569982000023, 11.603603475000057 ], [ 125.180226465000018, 11.638432920000071 ], [ 125.217637220000029, 11.627072688000055 ], [ 125.23009378200004, 11.639759928000046 ], [ 125.254190527000091, 11.657900176000053 ], [ 125.282875058000045, 11.675657267000075 ], [ 125.279004923000116, 11.714472447000045 ], [ 125.270499771000132, 11.757305849000032 ], [ 125.268808026000102, 11.827750626000066 ], [ 125.253289020000011, 11.872149295000041 ], [ 125.240626382000059, 11.895869560000051 ], [ 125.233971667000105, 11.918785394000054 ], [ 125.225501760000043, 11.937736278000044 ], [ 125.192470050000125, 12.003665258000069 ], [ 125.141556455000128, 12.009628130000065 ], [ 125.125405412000077, 12.075039856000048 ], [ 125.1274242920001, 12.178810312000049 ], [ 125.155553, 12.206284656000035 ], [ 125.168291457000024, 12.282900013000074 ] ] ], [ [ [ 124.175567824000055, 12.031037765000065 ], [ 124.178303994000103, 12.040405675000045 ], [ 124.189879887000075, 12.047749862000046 ], [ 124.197226201000049, 12.046239243000057 ], [ 124.201922935000084, 12.053424118000066 ], [ 124.226316712000084, 12.063856407000058 ], [ 124.236900603000109, 12.064651843000037 ], [ 124.236167317000081, 12.077295119000039 ], [ 124.222692156000122, 12.083944361000022 ], [ 124.210561987000119, 12.075555928000028 ], [ 124.204559515000042, 12.078920196000066 ], [ 124.188417797000071, 12.077821456000038 ], [ 124.181902331000074, 12.081075992000024 ], [ 124.172324353000036, 12.07380132000003 ], [ 124.168195633000096, 12.076779183000038 ], [ 124.157615209000014, 12.06262553600004 ], [ 124.15009180900006, 12.062430828000061 ], [ 124.15163964700001, 12.053692901000034 ], [ 124.145176343000117, 12.046776657000066 ], [ 124.148179552000116, 12.042543183000076 ], [ 124.160319028000131, 12.042940460000064 ], [ 124.175567824000055, 12.031037765000065 ] ] ], [ [ [ 124.409023925000028, 11.960254519000047 ], [ 124.412119878000112, 11.958373841000023 ], [ 124.428849451000033, 11.960440536000021 ], [ 124.433892712000102, 11.966933442000025 ], [ 124.436343861000083, 11.977470909000033 ], [ 124.4289056880001, 11.988547323000036 ], [ 124.41517508700008, 11.990807979000063 ], [ 124.40384412200001, 11.985694020000036 ], [ 124.409500010000102, 11.979876814000024 ], [ 124.403543009000046, 11.966782088000057 ], [ 124.409023925000028, 11.960254519000047 ] ] ], [ [ [ 124.295637708000072, 11.894816486000023 ], [ 124.313263395000035, 11.906963578000044 ], [ 124.31603809700006, 11.923242497000045 ], [ 124.334515548000027, 11.939131044000019 ], [ 124.332192246000091, 11.960211246000027 ], [ 124.299182403000046, 11.941004848000034 ], [ 124.301063898000052, 11.936574357000039 ], [ 124.287593219000101, 11.925287706000063 ], [ 124.278781521000042, 11.921720942000036 ], [ 124.27793898400013, 11.908338143000035 ], [ 124.285936240000069, 11.909912973000075 ], [ 124.282464213000026, 11.897738268000071 ], [ 124.292538185000012, 11.899707314000068 ], [ 124.295637708000072, 11.894816486000023 ] ] ], [ [ [ 124.365364187000068, 11.95256057000006 ], [ 124.361924526000053, 11.943790873000069 ], [ 124.36487816500005, 11.937102695000021 ], [ 124.372715525000118, 11.939881729000035 ], [ 124.374532338000122, 11.951013555000031 ], [ 124.365364187000068, 11.95256057000006 ] ] ], [ [ [ 124.445907352000077, 11.882599194000022 ], [ 124.452710105000051, 11.880561495000052 ], [ 124.466976382000112, 11.890715585000065 ], [ 124.460019205000094, 11.89849939000004 ], [ 124.463012480000103, 11.902520759000025 ], [ 124.460679685000059, 11.916305327000032 ], [ 124.444327874000024, 11.931851837000067 ], [ 124.428148970000052, 11.920672123000031 ], [ 124.423371652000014, 11.921455418000047 ], [ 124.420199470000057, 11.907146209000075 ], [ 124.413512546000106, 11.898444562000066 ], [ 124.416582433000045, 11.89095573700007 ], [ 124.42450703100009, 11.890579348000076 ], [ 124.433309415000053, 11.885644883000055 ], [ 124.445907352000077, 11.882599194000022 ] ] ], [ [ [ 124.640384961000123, 11.920957904000035 ], [ 124.632219082, 11.915586898000072 ], [ 124.637180598000114, 11.902428815000064 ], [ 124.648210469000119, 11.899286574000028 ], [ 124.658021362000113, 11.892005549000032 ], [ 124.658776607000064, 11.90117248100006 ], [ 124.664473130000047, 11.908622080000042 ], [ 124.644130795000024, 11.908615474000044 ], [ 124.640384961000123, 11.920957904000035 ] ] ], [ [ [ 124.69163610000011, 11.829976971000065 ], [ 124.707791622000059, 11.824496814000041 ], [ 124.707990258000109, 11.833953397000068 ], [ 124.695646080000074, 11.835869647000036 ], [ 124.69163610000011, 11.829976971000065 ] ] ], [ [ [ 124.677351288000082, 11.817251006000047 ], [ 124.686095429000048, 11.81852346200003 ], [ 124.687695337000051, 11.826944431000072 ], [ 124.675487901000125, 11.823640524000039 ], [ 124.677351288000082, 11.817251006000047 ] ] ], [ [ [ 124.765691605000029, 11.69763829200002 ], [ 124.77440319600008, 11.707297262000052 ], [ 124.770763507000069, 11.712200661000054 ], [ 124.775103688000058, 11.730083851000073 ], [ 124.749438270000056, 11.723213491000022 ], [ 124.755235477000042, 11.704221730000025 ], [ 124.765691605000029, 11.69763829200002 ] ] ], [ [ [ 124.706933116000087, 11.70721327900003 ], [ 124.71467063700004, 11.705515845000035 ], [ 124.724714040000094, 11.695927237000033 ], [ 124.720241778000045, 11.673059806000024 ], [ 124.731882267000074, 11.67327113500005 ], [ 124.732341313, 11.66342705100004 ], [ 124.741050822000034, 11.650356155000054 ], [ 124.747985748000019, 11.649947027000055 ], [ 124.749899328000083, 11.64250320900004 ], [ 124.75591719800002, 11.640494280000041 ], [ 124.760628050000037, 11.629519057000039 ], [ 124.767956272000106, 11.627850348000038 ], [ 124.782216483000056, 11.609461454000042 ], [ 124.786473794000031, 11.599727969000071 ], [ 124.781413167000096, 11.594977289000042 ], [ 124.766216541000063, 11.605617676000067 ], [ 124.760769435000043, 11.59914157300005 ], [ 124.764967375000097, 11.576471034000065 ], [ 124.780989899000033, 11.567858853000073 ], [ 124.792172790000095, 11.56960397900002 ], [ 124.807152736000035, 11.565160964000027 ], [ 124.802078036000012, 11.557839685000031 ], [ 124.790800857000036, 11.559734761000071 ], [ 124.789731572000036, 11.555331566000062 ], [ 124.794707030000041, 11.543813295000062 ], [ 124.804232030000094, 11.543275443000029 ], [ 124.810856830000034, 11.535605456000042 ], [ 124.8235157270001, 11.530000145000027 ], [ 124.839173229000053, 11.549467884000023 ], [ 124.833907120000063, 11.556606217000022 ], [ 124.836536048000085, 11.590280437000043 ], [ 124.843704917000082, 11.596663204000038 ], [ 124.841984244000074, 11.605152477000043 ], [ 124.832584716000042, 11.603148120000071 ], [ 124.823250739000073, 11.607321409000063 ], [ 124.81364824700006, 11.602385730000037 ], [ 124.808835367000029, 11.609604551000077 ], [ 124.800045430000068, 11.608851384000049 ], [ 124.802589873000102, 11.599725966000053 ], [ 124.795032862000085, 11.600040663000073 ], [ 124.787493419000043, 11.620823415000077 ], [ 124.795575079000045, 11.621568758000024 ], [ 124.791539792000108, 11.630040625000049 ], [ 124.801985466000019, 11.643540758000027 ], [ 124.799890000000119, 11.649575877000075 ], [ 124.787803318000115, 11.656520602000056 ], [ 124.786939451000094, 11.663130865000028 ], [ 124.776167848000114, 11.670779433000064 ], [ 124.767767251, 11.670630452000069 ], [ 124.782331768000077, 11.68414204100003 ], [ 124.774181795000118, 11.691271968000024 ], [ 124.769139422000066, 11.685808878000048 ], [ 124.754137803000063, 11.686134689000029 ], [ 124.757131168000114, 11.695021510000059 ], [ 124.752885463000098, 11.700468302000047 ], [ 124.74060876100009, 11.70168924400002 ], [ 124.741962868000087, 11.712752680000053 ], [ 124.732613689000132, 11.716657705000049 ], [ 124.726818241000061, 11.729077384000048 ], [ 124.71657821600003, 11.723853990000068 ], [ 124.729480773000077, 11.716691846000058 ], [ 124.722184217000077, 11.708628333000036 ], [ 124.708399877000019, 11.712657429000046 ], [ 124.706933116000087, 11.70721327900003 ] ] ], [ [ [ 124.869884361000118, 11.715034884000032 ], [ 124.87481633700007, 11.704195275000076 ], [ 124.88028660100008, 11.707573358000047 ], [ 124.869884361000118, 11.715034884000032 ] ] ], [ [ [ 124.861186371000031, 11.619510579000064 ], [ 124.880042334000109, 11.624553214000061 ], [ 124.877077324000084, 11.631993672000021 ], [ 124.878710545000118, 11.639677734000029 ], [ 124.870978973000092, 11.648236344000054 ], [ 124.878187434000097, 11.657589402000042 ], [ 124.889992798000094, 11.665627713000049 ], [ 124.894139869000028, 11.67187548000004 ], [ 124.8894661920001, 11.680880025000022 ], [ 124.881528500000073, 11.680708079000054 ], [ 124.871550554000024, 11.674323783000032 ], [ 124.861250507000037, 11.676546492000055 ], [ 124.86520934300006, 11.68577723100003 ], [ 124.858924048000048, 11.692711711000074 ], [ 124.846002338000048, 11.684979849000056 ], [ 124.828647803000081, 11.698125974000048 ], [ 124.831061113000032, 11.704745943000036 ], [ 124.825271302000033, 11.708771148000041 ], [ 124.826095983000073, 11.678130613000064 ], [ 124.833133768000039, 11.667194005000054 ], [ 124.83095839300006, 11.658993480000047 ], [ 124.841691665000113, 11.640340140000035 ], [ 124.835129018000075, 11.634371879000069 ], [ 124.840452414000083, 11.628156615000021 ], [ 124.845606740000122, 11.635799113000072 ], [ 124.855473633000088, 11.629227559000071 ], [ 124.861186371000031, 11.619510579000064 ] ] ], [ [ [ 124.886845402000063, 11.579787614000054 ], [ 124.894411841000078, 11.593759842000054 ], [ 124.892184361000076, 11.608878482000023 ], [ 124.877739532000064, 11.591289615000051 ], [ 124.886982369000066, 11.58494172400003 ], [ 124.886845402000063, 11.579787614000054 ] ] ] ] } },
{ "type": "Feature", "properties": { "adm1_psgc": 800000000, "adm2_psgc": 806400000, "adm2_en": "Southern Leyte", "geo_level": "Prov", "len_crs": 464297, "area_crs": 1656194639, "len_km": 464, "area_km2": 1656 }, "geometry": { "type": "MultiPolygon", "coordinates": [ [ [ [ 125.173867753000081, 10.600700517000062 ], [ 125.157495154000117, 10.588365695000048 ], [ 125.143744538000078, 10.591694435000024 ], [ 125.111038208000096, 10.568942070000048 ], [ 125.085943758000084, 10.555391140000038 ], [ 125.072374113000023, 10.541438199000025 ], [ 125.08260504700003, 10.53358084000007 ], [ 125.077661680000119, 10.525729142000044 ], [ 125.052597680000062, 10.52224262100003 ], [ 125.014403224000048, 10.519608377000054 ], [ 124.98778789500011, 10.509048678000054 ], [ 124.969532492000099, 10.505320462000041 ], [ 124.958394983000062, 10.506104734000075 ], [ 124.926022129000103, 10.503096587000073 ], [ 124.905629347000058, 10.503658593000068 ], [ 124.891164497000105, 10.480181229000038 ], [ 124.889053661000062, 10.473848722000071 ], [ 124.886403286000018, 10.433261347000041 ], [ 124.87688272700008, 10.408911848000059 ], [ 124.87743280200003, 10.394057130000022 ], [ 124.892540708000084, 10.373493506000045 ], [ 124.896545329000105, 10.356140857000069 ], [ 124.900071940000075, 10.348885033000043 ], [ 124.904895181000029, 10.303962679000049 ], [ 124.910966312000042, 10.295398358000057 ], [ 124.909312998000019, 10.278708334000044 ], [ 124.902659090000057, 10.268111919000033 ], [ 124.89432458400006, 10.262584280000054 ], [ 124.876598459000093, 10.259937182000044 ], [ 124.868690024000117, 10.254124042000056 ], [ 124.862505530000021, 10.254237019000071 ], [ 124.853740920000078, 10.233518227000044 ], [ 124.845941217, 10.236326606000032 ], [ 124.835301301000072, 10.229184520000045 ], [ 124.821040068000116, 10.205224108000037 ], [ 124.80837727100004, 10.201246336000054 ], [ 124.7964522850001, 10.19431845100007 ], [ 124.788331474000088, 10.195503242000028 ], [ 124.784024603000049, 10.189466081000035 ], [ 124.765934699000027, 10.185135720000062 ], [ 124.753925971000058, 10.185923876000061 ], [ 124.754166897000118, 10.170893112000044 ], [ 124.756756144000065, 10.159038682000073 ], [ 124.773063229000059, 10.143650800000044 ], [ 124.777780178000043, 10.133591936000073 ], [ 124.784339347000028, 10.137975970000069 ], [ 124.792172055000052, 10.136506683000048 ], [ 124.805007732000036, 10.129834488000027 ], [ 124.821162962000017, 10.129719136000061 ], [ 124.845314753000025, 10.132545997000022 ], [ 124.857405389000064, 10.129103394000028 ], [ 124.880778167000031, 10.125066846000035 ], [ 124.892580509000027, 10.118685805000039 ], [ 124.899714756000094, 10.107763053000038 ], [ 124.898897021000039, 10.097218136000038 ], [ 124.904353310000047, 10.090327040000032 ], [ 124.912352663000092, 10.08740394600005 ], [ 124.919423969000022, 10.089241661000075 ], [ 124.93721596500005, 10.080898411000021 ], [ 124.948561014, 10.065148398000074 ], [ 124.956702888000109, 10.059749948000048 ], [ 124.966221033000011, 10.046303529000053 ], [ 124.983224509000024, 10.035065883000071 ], [ 124.997881104000044, 10.034553527000069 ], [ 125.01017465300005, 10.029063931000053 ], [ 125.018185433000113, 10.010098925000023 ], [ 125.02727282900004, 10.012832178000055 ], [ 125.019011730000116, 10.028448828000023 ], [ 125.025562185000013, 10.041398343000022 ], [ 125.026369361000079, 10.048840962000043 ], [ 125.023187533000069, 10.061074354000027 ], [ 125.023416025000074, 10.089415358000053 ], [ 125.017952868000066, 10.100396524000072 ], [ 125.012946235000072, 10.102206286000067 ], [ 125.008674563000113, 10.114955987000029 ], [ 125.007240204000027, 10.133360520000055 ], [ 125.000182002000074, 10.144654483000068 ], [ 125.00410588200009, 10.156583593000049 ], [ 124.992081709000104, 10.178162002000018 ], [ 124.983457187000113, 10.186861976000044 ], [ 124.983273472000064, 10.196840604000046 ], [ 124.977069380000103, 10.214100494000036 ], [ 124.981408311000109, 10.221875359000023 ], [ 124.978104964000067, 10.232382034000068 ], [ 124.984916076000104, 10.24417351100004 ], [ 124.984500951000086, 10.269893998000041 ], [ 124.980747915000052, 10.292030328000063 ], [ 124.981021870000077, 10.308792690000075 ], [ 124.9756240480001, 10.31477519300006 ], [ 124.972346881000036, 10.32830681400003 ], [ 124.975979443000043, 10.343457669000028 ], [ 124.971019943000115, 10.361262226000065 ], [ 124.969836197000078, 10.377046689000053 ], [ 124.982270108000094, 10.383064906000072 ], [ 124.98782445900008, 10.379429778000031 ], [ 125.003926905000085, 10.381221550000019 ], [ 125.025057282000049, 10.368596059000025 ], [ 125.02611314, 10.357930460000036 ], [ 125.034873628000028, 10.343158968000065 ], [ 125.038501974000042, 10.331915716000026 ], [ 125.035979524000041, 10.327691649000029 ], [ 125.040330198000106, 10.309906582000052 ], [ 125.052095682000072, 10.29205310200007 ], [ 125.05791815200007, 10.288778021000043 ], [ 125.060332183, 10.275202007000072 ], [ 125.066389231000031, 10.267177139000069 ], [ 125.06458465500009, 10.261245411000063 ], [ 125.073079458000052, 10.248861620000071 ], [ 125.077410560000104, 10.230424172000026 ], [ 125.083808893000082, 10.217274562000055 ], [ 125.102814477000038, 10.193090593000022 ], [ 125.108198407000046, 10.192706968000037 ], [ 125.126402288, 10.164173741000067 ], [ 125.136949296000026, 10.167393477000079 ], [ 125.13898941900004, 10.173997595000058 ], [ 125.133703872000069, 10.186942144000056 ], [ 125.133377535000037, 10.202943456000073 ], [ 125.129105166000045, 10.212592303000065 ], [ 125.125701974000094, 10.261616469000044 ], [ 125.131466487000012, 10.275482170000032 ], [ 125.141277572000021, 10.277266676000067 ], [ 125.155137768000017, 10.268311424000048 ], [ 125.175225695000094, 10.259597828000041 ], [ 125.187739811000029, 10.256795618000069 ], [ 125.198874112000098, 10.249691176000056 ], [ 125.215380545000031, 10.246534939000071 ], [ 125.230692985, 10.251595449000034 ], [ 125.249134621000053, 10.254997875000072 ], [ 125.254327336000088, 10.259786677000021 ], [ 125.259316651000063, 10.271001910000054 ], [ 125.26802968100003, 10.299925232000021 ], [ 125.265054, 10.32918664500005 ], [ 125.260584019, 10.345684322000066 ], [ 125.25428473500007, 10.356883040000071 ], [ 125.260335581000064, 10.367062595000046 ], [ 125.239731354000014, 10.394797665000056 ], [ 125.23378972700003, 10.394544207000024 ], [ 125.222121983000079, 10.382472103000053 ], [ 125.210097732, 10.389285008000057 ], [ 125.200467913000011, 10.39932483900003 ], [ 125.193997882000076, 10.412090137000062 ], [ 125.184122201000022, 10.42232088400004 ], [ 125.179262294000083, 10.43095609900007 ], [ 125.17983072100003, 10.436925579000047 ], [ 125.186998705000065, 10.440941905000045 ], [ 125.184758373000022, 10.448277467000024 ], [ 125.186796962000017, 10.464381403000061 ], [ 125.191044629000089, 10.475180755000054 ], [ 125.185648997000044, 10.49061204800006 ], [ 125.181514009000011, 10.494157007000066 ], [ 125.175030975000027, 10.510470278000069 ], [ 125.169920923000063, 10.511299011000059 ], [ 125.166251184000089, 10.519628734000035 ], [ 125.164467749000096, 10.535021132000056 ], [ 125.173855955000022, 10.545750917000017 ], [ 125.176140263000093, 10.55555622700007 ], [ 125.188117522000098, 10.56094795400003 ], [ 125.184243714000104, 10.59456048100003 ], [ 125.173867753000081, 10.600700517000062 ] ] ], [ [ [ 125.2036248080001, 10.00402580000002 ], [ 125.210789170000126, 9.984110409000035 ], [ 125.220381179000015, 9.97423230000004 ], [ 125.224333561000108, 9.962698953000029 ], [ 125.230369269000093, 9.965086736000046 ], [ 125.239512989000119, 9.961222260000058 ], [ 125.248468140000128, 9.946849331000067 ], [ 125.247530615000073, 9.936528634000068 ], [ 125.255724626000088, 9.913996142000029 ], [ 125.265155916000026, 9.909355290000065 ], [ 125.282926051000132, 9.910472299000048 ], [ 125.289332641000115, 9.913357756000039 ], [ 125.298854017000053, 9.925342040000032 ], [ 125.296936681000034, 9.935777206000065 ], [ 125.288642620000019, 9.948891102000063 ], [ 125.273382003000066, 9.965750789000024 ], [ 125.272619403, 9.97301266900007 ], [ 125.280367642000101, 9.992620247000048 ], [ 125.267058716000079, 10.006995676000029 ], [ 125.2555245960001, 10.022588002000077 ], [ 125.25244001700004, 10.032034408000071 ], [ 125.244628382000087, 10.04131007400002 ], [ 125.239453823000076, 10.064697039000066 ], [ 125.233619866000041, 10.073233010000024 ], [ 125.234246756000047, 10.079808311000022 ], [ 125.222942844000059, 10.093698254000056 ], [ 125.218402311000091, 10.104983159000026 ], [ 125.21737094200013, 10.115297329000045 ], [ 125.210706769000026, 10.128491672000051 ], [ 125.202733610000095, 10.126695084000058 ], [ 125.187272500000063, 10.131332567000074 ], [ 125.182466571000077, 10.135388838000042 ], [ 125.167428981000072, 10.13261869300004 ], [ 125.154573542000094, 10.140683128000031 ], [ 125.14699404800001, 10.14984355100006 ], [ 125.127161170000036, 10.161821682000037 ], [ 125.117562896000095, 10.152376187000071 ], [ 125.11603530900004, 10.145338225000046 ], [ 125.120726921000042, 10.138609503000055 ], [ 125.117859701000043, 10.133837451000034 ], [ 125.116350236000031, 10.112751959000034 ], [ 125.119189390000102, 10.100019078000063 ], [ 125.124226628000088, 10.093136937000054 ], [ 125.122861817000071, 10.087084747000061 ], [ 125.141245512000083, 10.058683229000053 ], [ 125.156013947000019, 10.056402426000032 ], [ 125.180709889000028, 10.043169238000075 ], [ 125.190685174, 10.029213915000073 ], [ 125.190829222000033, 10.022472117000063 ], [ 125.200756434000027, 10.011917635000032 ], [ 125.2036248080001, 10.00402580000002 ] ] ], [ [ [ 125.07351221600004, 9.895222221000042 ], [ 125.078584519000074, 9.899875146000054 ], [ 125.077418965000106, 9.909680349000039 ], [ 125.079448020000072, 9.935290673000056 ], [ 125.071094858000052, 9.949842828000042 ], [ 125.06816906600011, 9.959708796000028 ], [ 125.059618826000019, 9.963915594000069 ], [ 125.060800554000025, 9.95313085900005 ], [ 125.066355446000088, 9.943797835000053 ], [ 125.07066031500004, 9.927261825000071 ], [ 125.07379389200004, 9.922802023000029 ], [ 125.06767612200008, 9.903519729000035 ], [ 125.07351221600004, 9.895222221000042 ] ] ] ] } },
{ "type": "Feature", "properties": { "adm1_psgc": 800000000, "adm2_psgc": 807800000, "adm2_en": "Biliran", "geo_level": "Prov", "len_crs": 195126, "area_crs": 531742724, "len_km": 195, "area_km2": 531 }, "geometry": { "type": "MultiPolygon", "coordinates": [ [ [ [ 124.32477711500006, 11.759927633000075 ], [ 124.33780407100005, 11.765667720000062 ], [ 124.347477121000111, 11.772945436000045 ], [ 124.350189274000059, 11.778976228000031 ], [ 124.350186779000069, 11.802565569000022 ], [ 124.347405392000056, 11.808931657000072 ], [ 124.331113503000097, 11.81580794000007 ], [ 124.316366753000025, 11.814379824000069 ], [ 124.300143213000084, 11.80609040200005 ], [ 124.293607966000096, 11.796078897000029 ], [ 124.294226702000074, 11.783841915000037 ], [ 124.311895249000045, 11.76384346800006 ], [ 124.32477711500006, 11.759927633000075 ] ] ], [ [ [ 124.390721405000022, 11.600557918000051 ], [ 124.395690570000056, 11.588896095000054 ], [ 124.390130325000101, 11.577030684000022 ], [ 124.391242826000052, 11.560567059000048 ], [ 124.396658166000051, 11.555962932000055 ], [ 124.406507108000042, 11.535607562000051 ], [ 124.418107605000046, 11.535211913000067 ], [ 124.423489694000054, 11.515086257000064 ], [ 124.432186547000029, 11.503448107000054 ], [ 124.44407833400011, 11.494663750000027 ], [ 124.44137178700008, 11.488840040000067 ], [ 124.452070436000085, 11.47799669500006 ], [ 124.459598109000012, 11.475614145000064 ], [ 124.462326396000108, 11.467784506000045 ], [ 124.486323797000068, 11.464121003000061 ], [ 124.490744231, 11.469413152000071 ], [ 124.508110255000034, 11.47480169700003 ], [ 124.527338228000076, 11.476950457000044 ], [ 124.536573039000018, 11.473486136000078 ], [ 124.546119246000117, 11.478088824000052 ], [ 124.554606609000075, 11.478184426000041 ], [ 124.561582286000089, 11.473845635000032 ], [ 124.572997568000133, 11.472242290000052 ], [ 124.585794517000082, 11.475941757000045 ], [ 124.595440978000056, 11.486605322000058 ], [ 124.60573366800007, 11.488540157000042 ], [ 124.606510715000013, 11.494537470000067 ], [ 124.616037945, 11.511685450000071 ], [ 124.619634725000068, 11.534004463000031 ], [ 124.616333684000097, 11.544455354000036 ], [ 124.603122575000057, 11.555519279000066 ], [ 124.593222660000038, 11.559611129000071 ], [ 124.583190091, 11.567137127000024 ], [ 124.577354329000073, 11.592667401000027 ], [ 124.568679153000048, 11.597185590000036 ], [ 124.562727007000021, 11.606630413000062 ], [ 124.56609076000008, 11.617303687000058 ], [ 124.554741333000038, 11.640929051000056 ], [ 124.543022813000107, 11.654348051000056 ], [ 124.536558476000096, 11.66790988300005 ], [ 124.535594183000057, 11.676206940000043 ], [ 124.520246113000084, 11.681638465000049 ], [ 124.512161122000052, 11.680543967000061 ], [ 124.498733171000026, 11.690280928000053 ], [ 124.475935493000065, 11.697386592000042 ], [ 124.465328123000063, 11.705896284000062 ], [ 124.43743209900002, 11.701277403000063 ], [ 124.427018616000041, 11.707066311000059 ], [ 124.41698176500006, 11.706058711000024 ], [ 124.39289085900009, 11.696308820000068 ], [ 124.372431887000062, 11.692836205000047 ], [ 124.360463388000085, 11.681220413000061 ], [ 124.344982083000119, 11.680707046000064 ], [ 124.334726400000022, 11.675927602000058 ], [ 124.335855015000107, 11.669993018000069 ], [ 124.346534807000012, 11.665038571000023 ], [ 124.354504865000081, 11.664829252000059 ], [ 124.361073873, 11.657101267000028 ], [ 124.360878993000014, 11.639330825000055 ], [ 124.376804552000081, 11.627978268000048 ], [ 124.379965501000015, 11.606418760000054 ], [ 124.390721405000022, 11.600557918000051 ] ] ], [ [ [ 124.260967484000062, 11.561000921000074 ], [ 124.264113592000058, 11.553801915000065 ], [ 124.275067327000087, 11.56330735500006 ], [ 124.270305408000013, 11.577700225000056 ], [ 124.26530435100004, 11.58248061300003 ], [ 124.254351805000056, 11.577871782000045 ], [ 124.260967484000062, 11.561000921000074 ] ] ] ] } },
{ "type": "Feature", "properties": { "adm1_psgc": 900000000, "adm2_psgc": 907200000, "adm2_en": "Zamboanga del Norte", "geo_level": "Prov", "len_crs": 901839, "area_crs": 6279604776, "len_km": 901, "area_km2": 6279 }, "geometry": { "type": "Polygon", "coordinates": [ [ [ 123.558707465000126, 8.270481135000068 ], [ 123.55831622200003, 8.294802987000025 ], [ 123.566568308000114, 8.315118446000044 ], [ 123.561079680000034, 8.345355826000061 ], [ 123.560126171000093, 8.384886526000059 ], [ 123.559529753000106, 8.479864054000075 ], [ 123.556697669000073, 8.501533075000054 ], [ 123.554191538000069, 8.567372698000041 ], [ 123.553826723000043, 8.616682562000049 ], [ 123.544185102000043, 8.625748065000037 ], [ 123.527214127000079, 8.629531762000056 ], [ 123.513290238000081, 8.621413087000063 ], [ 123.48965376700005, 8.640590786000075 ], [ 123.488102056000102, 8.660841376000064 ], [ 123.492978607000055, 8.669378689000043 ], [ 123.50656632900008, 8.680209037000054 ], [ 123.501470610000069, 8.699219419000032 ], [ 123.492901546000098, 8.699365472000068 ], [ 123.48283246600009, 8.686294017000021 ], [ 123.474697513000038, 8.681471755000075 ], [ 123.46667142900003, 8.688674526000055 ], [ 123.453194205000045, 8.692767155000068 ], [ 123.435970026000064, 8.715712408000055 ], [ 123.389434923000053, 8.727534594000078 ], [ 123.38044989400008, 8.726269006000052 ], [ 123.380837192000072, 8.704760972000031 ], [ 123.39813818100005, 8.700800400000047 ], [ 123.405495692000059, 8.695713405000047 ], [ 123.397501219000091, 8.676187827000035 ], [ 123.410903551000047, 8.672667653000074 ], [ 123.420162989000133, 8.663371614000029 ], [ 123.4156308150001, 8.646559431000071 ], [ 123.403123073000089, 8.632320670000071 ], [ 123.392917634, 8.62683107600003 ], [ 123.37160966600004, 8.64117242700007 ], [ 123.356609254000105, 8.63798585300003 ], [ 123.348764661000033, 8.625927876000048 ], [ 123.337177089000079, 8.593169455000067 ], [ 123.334337280000113, 8.574662352000075 ], [ 123.324035085000105, 8.54997744800005 ], [ 123.302416649000065, 8.521919928000045 ], [ 123.291279165000105, 8.515409877000023 ], [ 123.276393879, 8.512255602000041 ], [ 123.257319836000079, 8.514424078000046 ], [ 123.247996741000065, 8.520468985000036 ], [ 123.232609162000031, 8.521384288000037 ], [ 123.198863992000042, 8.532202203000052 ], [ 123.18394051000007, 8.533029159000021 ], [ 123.144978811000115, 8.524608734000028 ], [ 123.109840654000081, 8.521442590000049 ], [ 123.059860599000103, 8.513994870000033 ], [ 123.040614903000119, 8.490856033000055 ], [ 123.030910998000081, 8.48962658900007 ], [ 123.022369765, 8.471386659000073 ], [ 123.019688698000095, 8.447722083000027 ], [ 123.004946816000029, 8.424996247000022 ], [ 122.984997959000111, 8.418842444000063 ], [ 122.978002099000022, 8.400352689000043 ], [ 122.980013411000058, 8.379900238000058 ], [ 122.987499711000069, 8.363520686000072 ], [ 122.989914539000097, 8.349981633000029 ], [ 122.98327860500001, 8.328350083000032 ], [ 122.974803169000097, 8.31906612800003 ], [ 122.960556739000012, 8.314776087000041 ], [ 122.943756135000072, 8.315194104000055 ], [ 122.937143415000037, 8.306926471000056 ], [ 122.955142503000047, 8.277641307000067 ], [ 122.968563297000074, 8.261114464000059 ], [ 122.994399427000076, 8.25057700600007 ], [ 122.995781816000104, 8.214374975000053 ], [ 122.989649103000048, 8.20158273100003 ], [ 122.977912818000064, 8.198373200000049 ], [ 122.954328908000093, 8.182177181000041 ], [ 122.944099898000104, 8.169314217000021 ], [ 122.908107935000089, 8.144221643000039 ], [ 122.887861017000091, 8.145198905000031 ], [ 122.866486132000077, 8.141446274000034 ], [ 122.86196571500011, 8.146763588000056 ], [ 122.850743545000114, 8.135768207000071 ], [ 122.828234372000125, 8.124877861000074 ], [ 122.807080534000065, 8.119366343000022 ], [ 122.759102828000096, 8.113451510000059 ], [ 122.731515731000073, 8.111784717000035 ], [ 122.704404041000089, 8.114602400000024 ], [ 122.685579520000033, 8.121206762000043 ], [ 122.673291512000105, 8.141269297000065 ], [ 122.674749396000053, 8.156222092000064 ], [ 122.662946847000057, 8.162218669000024 ], [ 122.65266544300006, 8.145389662000069 ], [ 122.637822389, 8.134074507000035 ], [ 122.62953613600007, 8.113503538000032 ], [ 122.615181002000099, 8.103763043000072 ], [ 122.594142253000101, 8.099053245000048 ], [ 122.589692858000035, 8.086519618000068 ], [ 122.566583302000041, 8.077879935000057 ], [ 122.555279636000023, 8.07903701500004 ], [ 122.544400564000057, 8.074551343000053 ], [ 122.521873758000083, 8.075742022000043 ], [ 122.510801233000052, 8.06536076300006 ], [ 122.497918006000077, 8.066043564000038 ], [ 122.479468473000111, 8.072306139000032 ], [ 122.464855310000061, 8.072895650000021 ], [ 122.401204638000081, 8.047935682000057 ], [ 122.358892022000063, 8.042734716000037 ], [ 122.330978261000055, 8.027368113000021 ], [ 122.32001875200001, 8.019091809000031 ], [ 122.304724547000092, 8.017348606000041 ], [ 122.293747833000097, 8.012566667000046 ], [ 122.288678704000063, 8.004695522000077 ], [ 122.268533571000049, 7.997790891000022 ], [ 122.254612741000074, 7.98578385500002 ], [ 122.243715918000021, 7.970442860000048 ], [ 122.225718984000082, 7.959679701000026 ], [ 122.224169626000062, 7.94517561500004 ], [ 122.231735551000057, 7.938298575000035 ], [ 122.232712688000106, 7.926188113000023 ], [ 122.225930467000026, 7.907280179000054 ], [ 122.204822388000025, 7.884235237000041 ], [ 122.189625398000089, 7.874692182000046 ], [ 122.170847603000084, 7.868975287000069 ], [ 122.160273324000073, 7.858164595000062 ], [ 122.158115628000019, 7.848032785000043 ], [ 122.144531480000069, 7.827542267000068 ], [ 122.142940303000046, 7.808080488000029 ], [ 122.122907648000037, 7.79691498600005 ], [ 122.124971039000116, 7.788564303000042 ], [ 122.120033245000045, 7.776898115000052 ], [ 122.108721270000061, 7.772956223000051 ], [ 122.124198621000119, 7.755573532000027 ], [ 122.100374294000062, 7.760012969000057 ], [ 122.099393197000055, 7.749557863000065 ], [ 122.089061217000108, 7.743519110000021 ], [ 122.098462805000054, 7.725095987000031 ], [ 122.106617733000022, 7.730201077000059 ], [ 122.116594441000075, 7.722536439000066 ], [ 122.124882731000071, 7.690451393000043 ], [ 122.13367472100002, 7.674594876000072 ], [ 122.135447642000017, 7.643957341000034 ], [ 122.124516389000064, 7.628927217000066 ], [ 122.121707272000094, 7.610643343000051 ], [ 122.10976152700006, 7.60586548700007 ], [ 122.105509276000021, 7.596114469000042 ], [ 122.121274493000115, 7.582568515000047 ], [ 122.129544581000133, 7.591224634000072 ], [ 122.135971691, 7.589126712000052 ], [ 122.143011166000079, 7.574091286000057 ], [ 122.139884606000024, 7.56315544900002 ], [ 122.12790213400001, 7.555086875000029 ], [ 122.113325855000099, 7.551286239000034 ], [ 122.112839998000041, 7.542400153000073 ], [ 122.102287636000028, 7.535313085000042 ], [ 122.10528136500011, 7.52853616900006 ], [ 122.092943768000069, 7.521427718000042 ], [ 122.084612636000088, 7.526920140000072 ], [ 122.07350287700001, 7.521957721000037 ], [ 122.071711958000023, 7.513616349000072 ], [ 122.090422867000029, 7.496462275000056 ], [ 122.075280801000076, 7.488954669000064 ], [ 122.069402617000037, 7.466671557000039 ], [ 122.062606676000087, 7.452572745000055 ], [ 122.055005705000113, 7.446232561000047 ], [ 122.060231368000018, 7.435470072000043 ], [ 122.059228574000031, 7.410683138000024 ], [ 122.055884879000018, 7.39733493400007 ], [ 122.043964987000095, 7.380804251000028 ], [ 122.04814764400011, 7.371325984000063 ], [ 122.031213190000031, 7.358093754000037 ], [ 122.036769268000072, 7.327557870000019 ], [ 122.051783008000029, 7.314648889000068 ], [ 122.064026668000125, 7.314883957000066 ], [ 122.06438307400002, 7.297149649000063 ], [ 122.060016415000078, 7.287713665000069 ], [ 122.012255084000103, 7.27840671100006 ], [ 122.012958144000109, 7.267740110000035 ], [ 122.006651649000105, 7.261072300000022 ], [ 121.990854315000092, 7.258208171000034 ], [ 121.97209422800006, 7.246874 ], [ 121.962559385000077, 7.235350587000029 ], [ 121.961031307000084, 7.227450286000022 ], [ 121.942659353000067, 7.213762794000045 ], [ 121.923346437000063, 7.188782738000043 ], [ 121.914159472000051, 7.169883550000065 ], [ 121.909699278000076, 7.153749580000067 ], [ 121.920892117000108, 7.14038356900005 ], [ 121.947350531000097, 7.150126059000057 ], [ 122.025628471000132, 7.151202745000035 ], [ 122.07638888800011, 7.149999999000045 ], [ 122.094826374000036, 7.164541586000042 ], [ 122.094957504000035, 7.181303358000036 ], [ 122.13640758300005, 7.219264487000033 ], [ 122.145926600000053, 7.241872963000048 ], [ 122.141952936000067, 7.255936617000033 ], [ 122.146433048000063, 7.266338267000036 ], [ 122.161042107000071, 7.261429623000027 ], [ 122.173974107000035, 7.267030959000065 ], [ 122.180842601000109, 7.281842348000054 ], [ 122.15990795200004, 7.345544288000043 ], [ 122.160585016000027, 7.366221793000019 ], [ 122.174861605000046, 7.39179979800002 ], [ 122.179169341000048, 7.415296543000066 ], [ 122.188763846000043, 7.43056942800007 ], [ 122.217155747000106, 7.443884250000053 ], [ 122.226421731000059, 7.453312805000051 ], [ 122.237252672000068, 7.477232975000051 ], [ 122.256096563000014, 7.484447055000035 ], [ 122.271154227000011, 7.499864672000059 ], [ 122.259431441000061, 7.504945442000064 ], [ 122.289964091000115, 7.568382984000038 ], [ 122.306605638000065, 7.600986349000041 ], [ 122.331045258000017, 7.683258695000061 ], [ 122.344465085000039, 7.695724514000061 ], [ 122.346127189000057, 7.724802668000051 ], [ 122.363129391000044, 7.753678413000047 ], [ 122.410297071000059, 7.768642983000064 ], [ 122.374576225000041, 7.804584514000055 ], [ 122.400082827, 7.855516670000042 ], [ 122.405457922000096, 7.869266685000071 ], [ 122.444309734000072, 7.872515661000021 ], [ 122.442580251000109, 7.856635998000055 ], [ 122.469846829000062, 7.856663172000027 ], [ 122.475695744000078, 7.858695506000061 ], [ 122.481238988000101, 7.883948610000061 ], [ 122.508537906000015, 7.890928188000033 ], [ 122.528648749000027, 7.887280793000058 ], [ 122.557180510000094, 7.893704899000055 ], [ 122.579307276, 7.928364448000027 ], [ 122.598992467000016, 7.919067723000067 ], [ 122.606020865000104, 7.921113087000039 ], [ 122.621378240000013, 7.933525176000047 ], [ 122.629151114000024, 7.934350902000062 ], [ 122.649646901000111, 7.913756275000027 ], [ 122.648847512000088, 7.901073291000047 ], [ 122.658484579000074, 7.901622032000033 ], [ 122.681154888000037, 7.886663368000031 ], [ 122.683607280000047, 7.890802997000037 ], [ 122.700893955000083, 7.895603638000067 ], [ 122.721819827000104, 7.894265104000057 ], [ 122.729603584000074, 7.913917289000041 ], [ 122.731048472000111, 7.926819426000065 ], [ 122.742468355000042, 7.938950943000067 ], [ 122.745262418000038, 7.951711293000074 ], [ 122.823253238, 7.952614371000038 ], [ 122.861697157000108, 7.942091 ], [ 122.919590930000041, 7.937764762000029 ], [ 122.920211592000115, 7.92168106200006 ], [ 122.975277285000075, 7.918960376000028 ], [ 122.989100984000075, 7.936725960000045 ], [ 123.00295275100008, 7.946688159000074 ], [ 123.031617899000025, 7.962553590000026 ], [ 123.080616145000036, 7.992241348000053 ], [ 123.153209727000117, 8.00497711400004 ], [ 123.160451806000083, 8.003078705000066 ], [ 123.173028555000087, 8.013203840000072 ], [ 123.184187362000117, 8.049688026000069 ], [ 123.163236220000059, 8.049709409000057 ], [ 123.153193311000109, 8.054876052000052 ], [ 123.170915748000084, 8.076287079000053 ], [ 123.18021323500011, 8.082560807000046 ], [ 123.173362743000098, 8.097194948000038 ], [ 123.16129314300008, 8.111359966000066 ], [ 123.19201243100008, 8.144058338000034 ], [ 123.192454538000121, 8.175150099000064 ], [ 123.207262744000118, 8.176462908000074 ], [ 123.215415579, 8.187020706000055 ], [ 123.220319746000072, 8.241586507000022 ], [ 123.232320270000073, 8.245421945000036 ], [ 123.229681810000116, 8.25817820000003 ], [ 123.242704952000068, 8.261733359000059 ], [ 123.25762549600006, 8.238274949000074 ], [ 123.306325577000067, 8.235138896000025 ], [ 123.321543677000022, 8.23919130400003 ], [ 123.330244282000081, 8.230701519000036 ], [ 123.348308490000036, 8.222335165000059 ], [ 123.381090453000056, 8.224666884000044 ], [ 123.402226563000113, 8.230011 ], [ 123.413167689000034, 8.235897236000028 ], [ 123.421853224000088, 8.232719784000036 ], [ 123.435241096000027, 8.236733050000055 ], [ 123.445018110000092, 8.233949711000037 ], [ 123.454924530000085, 8.248775914000019 ], [ 123.477983193000128, 8.258342397000037 ], [ 123.501051050000115, 8.262319043000049 ], [ 123.51228994600001, 8.259952988000068 ], [ 123.539382971, 8.264473919000066 ], [ 123.558707465000126, 8.270481135000068 ] ] ] } },
{ "type": "Feature", "properties": { "adm1_psgc": 900000000, "adm2_psgc": 907300000, "adm2_en": "Zamboanga del Sur", "geo_level": "Prov", "len_crs": 1304481, "area_crs": 5362424632, "len_km": 1304, "area_km2": 5362 }, "geometry": { "type": "MultiPolygon", "coordinates": [ [ [ [ 123.558707465000126, 8.270481135000068 ], [ 123.539382971, 8.264473919000066 ], [ 123.51228994600001, 8.259952988000068 ], [ 123.501051050000115, 8.262319043000049 ], [ 123.477983193000128, 8.258342397000037 ], [ 123.454924530000085, 8.248775914000019 ], [ 123.445018110000092, 8.233949711000037 ], [ 123.435241096000027, 8.236733050000055 ], [ 123.421853224000088, 8.232719784000036 ], [ 123.413167689000034, 8.235897236000028 ], [ 123.402226563000113, 8.230011 ], [ 123.381090453000056, 8.224666884000044 ], [ 123.348308490000036, 8.222335165000059 ], [ 123.330244282000081, 8.230701519000036 ], [ 123.321543677000022, 8.23919130400003 ], [ 123.306325577000067, 8.235138896000025 ], [ 123.25762549600006, 8.238274949000074 ], [ 123.242704952000068, 8.261733359000059 ], [ 123.229681810000116, 8.25817820000003 ], [ 123.232320270000073, 8.245421945000036 ], [ 123.220319746000072, 8.241586507000022 ], [ 123.215415579, 8.187020706000055 ], [ 123.207262744000118, 8.176462908000074 ], [ 123.192454538000121, 8.175150099000064 ], [ 123.19201243100008, 8.144058338000034 ], [ 123.16129314300008, 8.111359966000066 ], [ 123.173362743000098, 8.097194948000038 ], [ 123.18021323500011, 8.082560807000046 ], [ 123.170915748000084, 8.076287079000053 ], [ 123.153193311000109, 8.054876052000052 ], [ 123.163236220000059, 8.049709409000057 ], [ 123.184187362000117, 8.049688026000069 ], [ 123.173028555000087, 8.013203840000072 ], [ 123.160451806000083, 8.003078705000066 ], [ 123.153209727000117, 8.00497711400004 ], [ 123.080616145000036, 7.992241348000053 ], [ 123.031617899000025, 7.962553590000026 ], [ 123.00295275100008, 7.946688159000074 ], [ 122.989100984000075, 7.936725960000045 ], [ 122.975277285000075, 7.918960376000028 ], [ 122.920211592000115, 7.92168106200006 ], [ 122.912944545000087, 7.88068614300005 ], [ 122.935440480000025, 7.872055601000056 ], [ 122.956362989000013, 7.868233789000044 ], [ 122.974144039000066, 7.848889508000069 ], [ 122.985476416000097, 7.845067276000065 ], [ 122.985398086000046, 7.82452055500005 ], [ 123.00281667900002, 7.818741371000043 ], [ 123.005058069000029, 7.812003448000043 ], [ 123.017090075000056, 7.811577171000066 ], [ 123.020411241000048, 7.819709899000031 ], [ 123.048568947000049, 7.819581332000039 ], [ 123.058995917000075, 7.808214593000058 ], [ 123.078900832000059, 7.820735923000031 ], [ 123.093186240000037, 7.814199836000056 ], [ 123.099237744000092, 7.794769691000057 ], [ 123.106923757000132, 7.784130683000058 ], [ 123.087660773000039, 7.764596037000048 ], [ 123.085688202000028, 7.740078737000031 ], [ 123.089179242000128, 7.725688812000045 ], [ 123.084316670000021, 7.71190992400005 ], [ 123.086582999000029, 7.695965122000073 ], [ 123.097218263000059, 7.705587462000039 ], [ 123.102519954000059, 7.703070255000055 ], [ 123.110106274000046, 7.717790370000046 ], [ 123.11763923400008, 7.722232849000021 ], [ 123.131100848000074, 7.714348056000064 ], [ 123.142914618000091, 7.700968686000065 ], [ 123.145655617000102, 7.687915030000054 ], [ 123.126799708000036, 7.673330365000028 ], [ 123.12822303400003, 7.660438915000042 ], [ 123.138721984000085, 7.650061193000057 ], [ 123.15347022900005, 7.646437113000045 ], [ 123.156422260000113, 7.640281901000039 ], [ 123.17458754200004, 7.634900037000024 ], [ 123.18099316200005, 7.621375181000078 ], [ 123.189911649000024, 7.611493767000068 ], [ 123.195794950000064, 7.588570978000066 ], [ 123.185063666000019, 7.584158624000052 ], [ 123.173635496000088, 7.574349995000035 ], [ 123.161486138000086, 7.582300072000066 ], [ 123.147098241000094, 7.576678666000021 ], [ 123.131234136000103, 7.580284820000032 ], [ 123.132816328000118, 7.594746093000027 ], [ 123.122525120000105, 7.604092513000068 ], [ 123.101718366000114, 7.604546744000061 ], [ 123.102991161000077, 7.598664558000054 ], [ 123.120242868000105, 7.58952972900005 ], [ 123.131368988000091, 7.569564189000063 ], [ 123.102308724000068, 7.557042538000076 ], [ 123.107045645000099, 7.547502704000067 ], [ 123.102164243000061, 7.537977389000048 ], [ 123.113176244000115, 7.529125439000037 ], [ 123.115871991000063, 7.513951185000054 ], [ 123.139189857000019, 7.499435110000035 ], [ 123.16152631600005, 7.497047913000074 ], [ 123.161938839000072, 7.481675628000061 ], [ 123.166201901, 7.470526157000052 ], [ 123.174227942000016, 7.466132781000056 ], [ 123.184119158000058, 7.469282515000033 ], [ 123.189197597000089, 7.482477458000062 ], [ 123.198286470000099, 7.484567271000061 ], [ 123.182152550000069, 7.50508637400003 ], [ 123.216735715000027, 7.526115789000072 ], [ 123.227377200000106, 7.537719212000072 ], [ 123.24253575000013, 7.529589943000074 ], [ 123.262208851000096, 7.533081059000038 ], [ 123.280036243000026, 7.530579971000066 ], [ 123.300356343000104, 7.531862979000039 ], [ 123.307055584000068, 7.523413711000046 ], [ 123.2900353120001, 7.509553028000028 ], [ 123.292810530000111, 7.492787517000068 ], [ 123.282188612000027, 7.47410913500005 ], [ 123.285227354000085, 7.467040986000031 ], [ 123.315817672000094, 7.448449663000074 ], [ 123.322176423000101, 7.441924767000045 ], [ 123.324296818000121, 7.423744906000025 ], [ 123.33434804500007, 7.412923689000025 ], [ 123.37526330500009, 7.399249164000026 ], [ 123.38095136000004, 7.392711901000042 ], [ 123.381327547000083, 7.37722075800002 ], [ 123.38922858300009, 7.37372914300005 ], [ 123.40570730200011, 7.357656295000027 ], [ 123.420925307000061, 7.362092819000053 ], [ 123.424734581000067, 7.374077339000053 ], [ 123.447899912000025, 7.36924252600005 ], [ 123.453313307000045, 7.375660854000046 ], [ 123.447883511000114, 7.386907283000029 ], [ 123.439515590000042, 7.421536361000049 ], [ 123.449877864000101, 7.434792861000062 ], [ 123.435815351000088, 7.452984853000032 ], [ 123.425643796000045, 7.45569927500003 ], [ 123.412460960000089, 7.46729576200005 ], [ 123.404986657000109, 7.460403714000051 ], [ 123.395480553000084, 7.469145693000029 ], [ 123.380262798000103, 7.49231773200006 ], [ 123.382740859, 7.528205049000063 ], [ 123.369863847000033, 7.538840894000033 ], [ 123.36389535900004, 7.537146871000061 ], [ 123.337604873000032, 7.548460521000034 ], [ 123.338325209000132, 7.570345641000077 ], [ 123.355869898000037, 7.579746708000074 ], [ 123.37095872700003, 7.57477650800007 ], [ 123.387882583000078, 7.555780536000044 ], [ 123.394204828000056, 7.566843280000057 ], [ 123.389310628000089, 7.576486909000038 ], [ 123.391807085000096, 7.586002134000068 ], [ 123.383680211000069, 7.590162630000065 ], [ 123.382668417000104, 7.602166640000065 ], [ 123.40391450900006, 7.61444365400007 ], [ 123.415401163000084, 7.617927114000052 ], [ 123.422916099000062, 7.614669718000074 ], [ 123.43583871500006, 7.62421514400006 ], [ 123.442622750000055, 7.623464636000049 ], [ 123.463115337000104, 7.633179416000075 ], [ 123.464984825000101, 7.649614554000038 ], [ 123.476051765000079, 7.667475873000059 ], [ 123.475351576000094, 7.67691836600005 ], [ 123.482233626000038, 7.681703740000046 ], [ 123.48193741800003, 7.694238200000029 ], [ 123.476490582000096, 7.702325501000076 ], [ 123.482016762000043, 7.712655740000057 ], [ 123.476704279000032, 7.719606356000043 ], [ 123.482625129000098, 7.727387698000028 ], [ 123.471769362000018, 7.742995278000022 ], [ 123.458440524000011, 7.743523337000059 ], [ 123.441047638000114, 7.750728164000066 ], [ 123.443696084000067, 7.760769821000053 ], [ 123.426954653000067, 7.763972937000061 ], [ 123.419903792000028, 7.77171745800007 ], [ 123.430005017000084, 7.781251350000049 ], [ 123.430526127, 7.793440749000066 ], [ 123.42593931600004, 7.80120774200003 ], [ 123.426941272000022, 7.816595721000054 ], [ 123.445985031000092, 7.819610760000048 ], [ 123.460457805000019, 7.811934227000051 ], [ 123.472170925000114, 7.819604132000051 ], [ 123.484901635000028, 7.819605137000052 ], [ 123.50017014500007, 7.830249886000047 ], [ 123.528630606000092, 7.836623006000026 ], [ 123.543879594000032, 7.847832499000049 ], [ 123.573141201000112, 7.851425033000051 ], [ 123.598045995000021, 7.833239233000029 ], [ 123.608684724000128, 7.835866423000025 ], [ 123.61748561, 7.827769423000064 ], [ 123.624133701000133, 7.830433768000034 ], [ 123.623377280000128, 7.84693984800003 ], [ 123.632381192000025, 7.856142835000069 ], [ 123.633659374000118, 7.868724675000066 ], [ 123.648847181000065, 7.877529908000044 ], [ 123.659285142000058, 7.877206733000037 ], [ 123.665430181000033, 7.891538716000071 ], [ 123.657692761000021, 7.898696604000065 ], [ 123.663546403000069, 7.922497570000077 ], [ 123.635033519000118, 7.932721924000022 ], [ 123.640342470000078, 7.946224563000045 ], [ 123.649851953000052, 7.959801629000025 ], [ 123.640155879000076, 7.966418935000037 ], [ 123.644364683000049, 7.99171923800003 ], [ 123.660080305000051, 7.99605772700005 ], [ 123.660796081000058, 8.002985252000029 ], [ 123.649407776000089, 8.019597698000041 ], [ 123.64278, 8.008610001000022 ], [ 123.63583, 8.013890001000052 ], [ 123.627165407000021, 8.028478054000061 ], [ 123.616592955000101, 8.033723301000064 ], [ 123.601143351000019, 8.026000753000062 ], [ 123.580086368000025, 8.027296160000047 ], [ 123.561178912000059, 8.02504065200003 ], [ 123.559540688000098, 8.053254052000055 ], [ 123.562114887, 8.080917875000068 ], [ 123.558075469000087, 8.180193381000038 ], [ 123.557645769000032, 8.227687116000027 ], [ 123.558707465000126, 8.270481135000068 ] ] ], [ [ [ 122.352419635000047, 7.457650736000059 ], [ 122.341153853000037, 7.465257314000041 ], [ 122.310042908, 7.474818934000041 ], [ 122.297413006000056, 7.488947299000075 ], [ 122.288279518000081, 7.513065417000062 ], [ 122.27436521900006, 7.507785119000062 ], [ 122.271154227000011, 7.499864672000059 ], [ 122.256096563000014, 7.484447055000035 ], [ 122.237252672000068, 7.477232975000051 ], [ 122.226421731000059, 7.453312805000051 ], [ 122.217155747000106, 7.443884250000053 ], [ 122.188763846000043, 7.43056942800007 ], [ 122.179169341000048, 7.415296543000066 ], [ 122.174861605000046, 7.39179979800002 ], [ 122.160585016000027, 7.366221793000019 ], [ 122.15990795200004, 7.345544288000043 ], [ 122.180842601000109, 7.281842348000054 ], [ 122.173974107000035, 7.267030959000065 ], [ 122.161042107000071, 7.261429623000027 ], [ 122.146433048000063, 7.266338267000036 ], [ 122.141952936000067, 7.255936617000033 ], [ 122.145926600000053, 7.241872963000048 ], [ 122.13640758300005, 7.219264487000033 ], [ 122.094957504000035, 7.181303358000036 ], [ 122.094826374000036, 7.164541586000042 ], [ 122.07638888800011, 7.149999999000045 ], [ 122.025628471000132, 7.151202745000035 ], [ 121.947350531000097, 7.150126059000057 ], [ 121.920892117000108, 7.14038356900005 ], [ 121.909699278000076, 7.153749580000067 ], [ 121.901600056000021, 7.144346197000061 ], [ 121.903569477000019, 7.12377258400005 ], [ 121.898045952000075, 7.110897376000025 ], [ 121.901422605000093, 7.103977924000048 ], [ 121.897535400000038, 7.078916460000072 ], [ 121.904324638000062, 7.063490094000029 ], [ 121.912634835000063, 7.031113730000073 ], [ 121.918969255000093, 7.017551584000045 ], [ 121.923204276000078, 6.988410138000063 ], [ 121.934251035000116, 6.971056228000066 ], [ 121.948237610000106, 6.955820808000055 ], [ 121.960169524000108, 6.948524587000064 ], [ 121.971118726000086, 6.95428369800004 ], [ 121.977678976000092, 6.952209525000058 ], [ 121.990681196000097, 6.939590555000053 ], [ 122.025861960000043, 6.919935436000059 ], [ 122.05389158200002, 6.910324605000026 ], [ 122.06024299700006, 6.91139326700005 ], [ 122.074628686000096, 6.901618461000055 ], [ 122.11284617900003, 6.889040597000076 ], [ 122.150212869000043, 6.906473965000032 ], [ 122.159221149000018, 6.916042091000065 ], [ 122.162294868000117, 6.932339161000072 ], [ 122.183979250000107, 6.95100508400003 ], [ 122.184340327000101, 6.973386310000024 ], [ 122.192067399000067, 7.00327089800004 ], [ 122.204840390000086, 7.026651025000035 ], [ 122.202971853, 7.037438559000067 ], [ 122.212575089000097, 7.057919481000055 ], [ 122.205869404000069, 7.070010911000053 ], [ 122.22687727500012, 7.086194043000033 ], [ 122.234276908000083, 7.083366772000034 ], [ 122.240976767000021, 7.097824357000037 ], [ 122.251725162000085, 7.105551122000064 ], [ 122.258733180000036, 7.121029703000032 ], [ 122.253484297000114, 7.132005229000072 ], [ 122.244607495000082, 7.136625843000047 ], [ 122.257750338000051, 7.148285411000074 ], [ 122.26014947300007, 7.159403820000024 ], [ 122.247892127000128, 7.187673632000043 ], [ 122.262177291000057, 7.203730417000033 ], [ 122.267983322000092, 7.222302361000059 ], [ 122.277828399000086, 7.231640886000036 ], [ 122.2782110590001, 7.250304273000041 ], [ 122.283433115000093, 7.256891915000038 ], [ 122.280267472000105, 7.265460228000053 ], [ 122.290300207000087, 7.279048330000024 ], [ 122.290283685000077, 7.321523505000075 ], [ 122.303995776000079, 7.336059379000061 ], [ 122.313668387000021, 7.32277483200005 ], [ 122.327501092000034, 7.316756793000024 ], [ 122.330105324000115, 7.30972723700006 ], [ 122.344122975000118, 7.317822275000028 ], [ 122.356701573, 7.330203725000047 ], [ 122.363745502000015, 7.342383904000029 ], [ 122.372658702000095, 7.347743701000067 ], [ 122.379314686000058, 7.371793282000055 ], [ 122.391263547000122, 7.386472234000053 ], [ 122.387223001000052, 7.393932977000074 ], [ 122.374297556000101, 7.391795569000065 ], [ 122.355910459000029, 7.401261304000058 ], [ 122.353719205000047, 7.413055827000049 ], [ 122.344854531000024, 7.424845797000044 ], [ 122.346100107000083, 7.44217842200004 ], [ 122.352419635000047, 7.457650736000059 ] ] ], [ [ [ 122.2009405780001, 6.919765202000063 ], [ 122.207868874000042, 6.937402532000021 ], [ 122.220588025000097, 6.938190527000074 ], [ 122.243128092000021, 6.953754215000061 ], [ 122.265472974000105, 6.953487313000038 ], [ 122.274245435000012, 6.959541231000059 ], [ 122.28384724600005, 6.974771445000044 ], [ 122.280392441000117, 6.988539493000073 ], [ 122.271220119000091, 7.000157834000049 ], [ 122.245096373000038, 6.992070637000039 ], [ 122.22895355300011, 6.991334454000025 ], [ 122.215343063000091, 6.981043310000074 ], [ 122.208758730000127, 6.97195006100003 ], [ 122.209558650000076, 6.956011033000038 ], [ 122.198365306000028, 6.952135565000049 ], [ 122.202390334000043, 6.941481818000056 ], [ 122.195168062000121, 6.93103656200003 ], [ 122.2009405780001, 6.919765202000063 ] ] ], [ [ [ 122.278481615000047, 6.893115523000063 ], [ 122.273412243000067, 6.882583110000042 ], [ 122.293168921000074, 6.874461196000026 ], [ 122.28899808200002, 6.889694785000073 ], [ 122.278481615000047, 6.893115523000063 ] ] ], [ [ [ 122.062443282000118, 6.858118159000071 ], [ 122.073760185000083, 6.864247822000038 ], [ 122.0619535390001, 6.87257138800004 ], [ 122.052345430000059, 6.866933869000035 ], [ 122.062443282000118, 6.858118159000071 ] ] ] ] } },
{ "type": "Feature", "properties": { "adm1_psgc": 900000000, "adm2_psgc": 908300000, "adm2_en": "Zamboanga Sibugay", "geo_level": "Prov", "len_crs": 993559, "area_crs": 2723754336, "len_km": 993, "area_km2": 2723 }, "geometry": { "type": "MultiPolygon", "coordinates": [ [ [ [ 122.920211592000115, 7.92168106200006 ], [ 122.919590930000041, 7.937764762000029 ], [ 122.861697157000108, 7.942091 ], [ 122.823253238, 7.952614371000038 ], [ 122.745262418000038, 7.951711293000074 ], [ 122.742468355000042, 7.938950943000067 ], [ 122.731048472000111, 7.926819426000065 ], [ 122.729603584000074, 7.913917289000041 ], [ 122.721819827000104, 7.894265104000057 ], [ 122.700893955000083, 7.895603638000067 ], [ 122.683607280000047, 7.890802997000037 ], [ 122.681154888000037, 7.886663368000031 ], [ 122.658484579000074, 7.901622032000033 ], [ 122.648847512000088, 7.901073291000047 ], [ 122.649646901000111, 7.913756275000027 ], [ 122.629151114000024, 7.934350902000062 ], [ 122.621378240000013, 7.933525176000047 ], [ 122.606020865000104, 7.921113087000039 ], [ 122.598992467000016, 7.919067723000067 ], [ 122.579307276, 7.928364448000027 ], [ 122.557180510000094, 7.893704899000055 ], [ 122.528648749000027, 7.887280793000058 ], [ 122.508537906000015, 7.890928188000033 ], [ 122.481238988000101, 7.883948610000061 ], [ 122.475695744000078, 7.858695506000061 ], [ 122.469846829000062, 7.856663172000027 ], [ 122.442580251000109, 7.856635998000055 ], [ 122.444309734000072, 7.872515661000021 ], [ 122.405457922000096, 7.869266685000071 ], [ 122.400082827, 7.855516670000042 ], [ 122.374576225000041, 7.804584514000055 ], [ 122.410297071000059, 7.768642983000064 ], [ 122.363129391000044, 7.753678413000047 ], [ 122.346127189000057, 7.724802668000051 ], [ 122.344465085000039, 7.695724514000061 ], [ 122.331045258000017, 7.683258695000061 ], [ 122.306605638000065, 7.600986349000041 ], [ 122.289964091000115, 7.568382984000038 ], [ 122.259431441000061, 7.504945442000064 ], [ 122.271154227000011, 7.499864672000059 ], [ 122.27436521900006, 7.507785119000062 ], [ 122.288279518000081, 7.513065417000062 ], [ 122.297413006000056, 7.488947299000075 ], [ 122.310042908, 7.474818934000041 ], [ 122.341153853000037, 7.465257314000041 ], [ 122.352419635000047, 7.457650736000059 ], [ 122.361721170000024, 7.474888942000065 ], [ 122.371024854000098, 7.474179147000029 ], [ 122.375461404000021, 7.484420974000044 ], [ 122.383978782000099, 7.490655460000028 ], [ 122.395708150000019, 7.489612405000059 ], [ 122.399526977000036, 7.49875109200002 ], [ 122.41780117200004, 7.503493947000036 ], [ 122.423866233000012, 7.51252729500004 ], [ 122.448568926, 7.534347996000063 ], [ 122.439151251000112, 7.545446449000052 ], [ 122.449674775000062, 7.548012597000024 ], [ 122.452624004000086, 7.536793816000054 ], [ 122.459503498000117, 7.534280767000041 ], [ 122.447988026000061, 7.511357808000072 ], [ 122.460322494000025, 7.515093308000075 ], [ 122.484503072000052, 7.536724613000046 ], [ 122.492257048000042, 7.555369931000028 ], [ 122.506478984000069, 7.578297099000053 ], [ 122.482109579000067, 7.569774453000035 ], [ 122.469212061000022, 7.578167034000045 ], [ 122.460748530000046, 7.568597097000066 ], [ 122.436723234000056, 7.569179658000054 ], [ 122.431329271000109, 7.583702210000069 ], [ 122.445334230000071, 7.594961751000026 ], [ 122.445617386000094, 7.606983229000035 ], [ 122.458634907000032, 7.610747824000046 ], [ 122.473444600000107, 7.621122846000048 ], [ 122.473617301000104, 7.631656308000061 ], [ 122.482501298000088, 7.652618869000035 ], [ 122.492789317000089, 7.656417516000033 ], [ 122.50267777900001, 7.669179348000058 ], [ 122.511372342000072, 7.693210434000037 ], [ 122.525052384000105, 7.692904980000034 ], [ 122.535569510000087, 7.717478911000057 ], [ 122.546805821, 7.734029548000024 ], [ 122.563341161000054, 7.739857723000056 ], [ 122.569259757000054, 7.746417005000069 ], [ 122.580062139, 7.746354737000045 ], [ 122.591456591000096, 7.751892480000038 ], [ 122.602190626000038, 7.751798571000051 ], [ 122.633650887000044, 7.778359936000072 ], [ 122.64381407200004, 7.77737749500005 ], [ 122.659690016000027, 7.78464647900006 ], [ 122.672763645000046, 7.778279583000028 ], [ 122.716398936000019, 7.784366171000045 ], [ 122.724666854000034, 7.78015223000006 ], [ 122.73288661800008, 7.763651421000076 ], [ 122.743204825000035, 7.760912138000037 ], [ 122.749735702000066, 7.750638979000029 ], [ 122.757259132000073, 7.754903348000027 ], [ 122.779755815000058, 7.752955823000035 ], [ 122.78581349, 7.762128483000027 ], [ 122.809378351000092, 7.74871395100007 ], [ 122.805704346000084, 7.739630385000056 ], [ 122.811483069000033, 7.72824964500006 ], [ 122.799704807000026, 7.726122357000065 ], [ 122.801731587000063, 7.702875377000055 ], [ 122.792242228000077, 7.697026147000033 ], [ 122.782546083000042, 7.67469573000005 ], [ 122.794927692000115, 7.636241536000058 ], [ 122.789874377000061, 7.619082407000064 ], [ 122.792221138000073, 7.596644298000057 ], [ 122.788914020000121, 7.591418412000051 ], [ 122.810653176000073, 7.581608656000071 ], [ 122.812751189000096, 7.57322324200004 ], [ 122.823106482000071, 7.560124263000036 ], [ 122.827042346000098, 7.545122432000026 ], [ 122.828208993000089, 7.521850500000027 ], [ 122.816680244000068, 7.518544377000067 ], [ 122.806821247000016, 7.525596880000024 ], [ 122.80823348100013, 7.538328786000022 ], [ 122.799516016000084, 7.544919253000042 ], [ 122.788099160000129, 7.537415512000055 ], [ 122.794449233000037, 7.52273976500004 ], [ 122.7813051400001, 7.504971219000027 ], [ 122.781992125000116, 7.470847139000058 ], [ 122.799490238000075, 7.489750642000048 ], [ 122.806608692000069, 7.491013534000047 ], [ 122.818859689000092, 7.478045760000045 ], [ 122.817728380000077, 7.456491424000035 ], [ 122.810804203000089, 7.445795195000072 ], [ 122.81494585900009, 7.433799509000038 ], [ 122.823953104000125, 7.443515037000057 ], [ 122.848818526000059, 7.445699123000056 ], [ 122.856932638000103, 7.456548328000052 ], [ 122.864246497000082, 7.455719309000076 ], [ 122.870321913000112, 7.467121867000059 ], [ 122.877584588000119, 7.470709220000061 ], [ 122.874555585000039, 7.483513931000061 ], [ 122.856704029000085, 7.495881698000062 ], [ 122.864456918000087, 7.503806515000064 ], [ 122.885371672000019, 7.50910205300005 ], [ 122.889175244000057, 7.539828824000041 ], [ 122.90333269000007, 7.544222211000034 ], [ 122.921550389000117, 7.535902183000074 ], [ 122.928643608000016, 7.525645294000071 ], [ 122.932741101000019, 7.504528524000021 ], [ 122.942721078000076, 7.49941939400003 ], [ 122.949572690000096, 7.48076529700006 ], [ 122.960317169000064, 7.474074984000028 ], [ 122.964224856000101, 7.485930887000053 ], [ 122.974176442000044, 7.477967090000051 ], [ 122.986459023000066, 7.45929059900004 ], [ 122.992339326000078, 7.470806660000051 ], [ 123.00384117800003, 7.480155804000049 ], [ 123.001991563000047, 7.502273747000061 ], [ 123.008041145000107, 7.52623500200002 ], [ 123.026247431000115, 7.546457534000068 ], [ 123.024832303000053, 7.558611089000065 ], [ 123.033534426000074, 7.569535085000039 ], [ 123.029492708000035, 7.575355412000023 ], [ 123.035402052000109, 7.585277956000026 ], [ 123.029206934000058, 7.595717640000032 ], [ 123.033748413, 7.610585238000054 ], [ 123.028035541, 7.614237235000076 ], [ 123.030760755000074, 7.626963240000066 ], [ 123.050006760000088, 7.620773636000022 ], [ 123.056852229000015, 7.625697603000046 ], [ 123.055563149000022, 7.635997167000029 ], [ 123.048868773000109, 7.639406876000066 ], [ 123.043810866000058, 7.660636235000028 ], [ 123.060808644000076, 7.662503746000027 ], [ 123.062402829, 7.680626406000044 ], [ 123.081362140000024, 7.683072976000062 ], [ 123.086582999000029, 7.695965122000073 ], [ 123.084316670000021, 7.71190992400005 ], [ 123.089179242000128, 7.725688812000045 ], [ 123.085688202000028, 7.740078737000031 ], [ 123.087660773000039, 7.764596037000048 ], [ 123.106923757000132, 7.784130683000058 ], [ 123.099237744000092, 7.794769691000057 ], [ 123.093186240000037, 7.814199836000056 ], [ 123.078900832000059, 7.820735923000031 ], [ 123.058995917000075, 7.808214593000058 ], [ 123.048568947000049, 7.819581332000039 ], [ 123.020411241000048, 7.819709899000031 ], [ 123.017090075000056, 7.811577171000066 ], [ 123.005058069000029, 7.812003448000043 ], [ 123.00281667900002, 7.818741371000043 ], [ 122.985398086000046, 7.82452055500005 ], [ 122.985476416000097, 7.845067276000065 ], [ 122.974144039000066, 7.848889508000069 ], [ 122.956362989000013, 7.868233789000044 ], [ 122.935440480000025, 7.872055601000056 ], [ 122.912944545000087, 7.88068614300005 ], [ 122.920211592000115, 7.92168106200006 ] ] ], [ [ [ 122.831536856000071, 7.277481727000065 ], [ 122.839972770000031, 7.300606011000071 ], [ 122.846829878000108, 7.308370257000035 ], [ 122.881472620000068, 7.317341322000061 ], [ 122.89155394600003, 7.31553619300007 ], [ 122.901175365000071, 7.320809050000038 ], [ 122.907768122000121, 7.340854445000048 ], [ 122.920370700000035, 7.348366095000073 ], [ 122.932075013000045, 7.343853614000068 ], [ 122.935119994000047, 7.337536145000059 ], [ 122.952281945000095, 7.341665384000066 ], [ 122.9527916400001, 7.349159166000049 ], [ 122.937972572000049, 7.351126559000021 ], [ 122.922198101000049, 7.36129135400006 ], [ 122.9229391880001, 7.370136187000071 ], [ 122.942622850000035, 7.373699586000045 ], [ 122.959008242000095, 7.368749052000053 ], [ 122.970345137000109, 7.371224651000033 ], [ 122.958305199000051, 7.388859548000029 ], [ 122.943997973000037, 7.394332225000029 ], [ 122.939189519000024, 7.405085717000075 ], [ 122.946363789000074, 7.40809753700006 ], [ 122.930019677000033, 7.427917892000038 ], [ 122.906933370000061, 7.430813652000039 ], [ 122.898102329000054, 7.439994156000068 ], [ 122.887613219000059, 7.427495305000035 ], [ 122.889245462000076, 7.403844587000039 ], [ 122.884808957000018, 7.397917978000066 ], [ 122.88573245900011, 7.380599200000064 ], [ 122.873311844000114, 7.371685836000041 ], [ 122.859638386000043, 7.389141573000073 ], [ 122.859697343000121, 7.412575563000075 ], [ 122.837309058000073, 7.434452048000025 ], [ 122.823786097000053, 7.438981394000054 ], [ 122.80672172900006, 7.427714050000073 ], [ 122.794319575000031, 7.391612682000072 ], [ 122.799238295000023, 7.381180817000029 ], [ 122.790306548000117, 7.368407264000041 ], [ 122.787689106000016, 7.348992281000051 ], [ 122.792216458000112, 7.33928484100005 ], [ 122.80243336400008, 7.331616347000022 ], [ 122.802190781000036, 7.316513648000067 ], [ 122.806810271000032, 7.314408624000066 ], [ 122.805284679, 7.298111819000043 ], [ 122.816054422000107, 7.284491404000052 ], [ 122.831536856000071, 7.277481727000065 ] ] ], [ [ [ 122.851586933000021, 7.268118075000075 ], [ 122.860034070000083, 7.274116893000042 ], [ 122.855521870000089, 7.282856585000048 ], [ 122.84107109300011, 7.275312805000056 ], [ 122.851586933000021, 7.268118075000075 ] ] ] ] } },
{ "type": "Feature", "properties": { "adm1_psgc": 900000000, "adm2_psgc": 990100000, "adm2_en": "City of Isabela (Not a Province)", "geo_level": null, "len_crs": 136093, "area_crs": 219762040, "len_km": 136, "area_km2": 219 }, "geometry": { "type": "MultiPolygon", "coordinates": [ [ [ [ 121.991309684000043, 6.746232722000059 ], [ 121.979062093000024, 6.75488690800006 ], [ 121.964298521000046, 6.74552848600007 ], [ 121.952976604000014, 6.743815668000025 ], [ 121.941191084000025, 6.728076790000044 ], [ 121.946518385000104, 6.719032539000066 ], [ 121.965654537000077, 6.708936608000045 ], [ 121.97162801900005, 6.712509083000043 ], [ 121.981050769000035, 6.729571546000044 ], [ 121.977587959000061, 6.73492976500006 ], [ 121.991309684000043, 6.746232722000059 ] ] ], [ [ [ 122.032589305000101, 6.741121540000051 ], [ 122.013109413000066, 6.745754220000038 ], [ 121.998634325000012, 6.73746231600006 ], [ 121.982971364000036, 6.722971418000045 ], [ 121.979732088000105, 6.714409580000051 ], [ 121.959991354000067, 6.701281101000062 ], [ 121.952414320000116, 6.69936152300005 ], [ 121.940910372000076, 6.688674512000035 ], [ 121.941229320000062, 6.675835519000032 ], [ 121.929173456000058, 6.668565706000038 ], [ 121.916950669, 6.669903442000019 ], [ 121.917299577000108, 6.63746050800006 ], [ 121.924157980000018, 6.63582532700002 ], [ 121.926441496000038, 6.62185518700005 ], [ 121.941478562000057, 6.619609570000021 ], [ 121.943637691000063, 6.607719422000057 ], [ 121.941025226000093, 6.586892415000022 ], [ 121.935555742000034, 6.570645760000048 ], [ 121.953292949000129, 6.562327925000033 ], [ 121.962591196000062, 6.563836482000056 ], [ 122.042892914000049, 6.56481997900005 ], [ 122.040326105000062, 6.595145655000066 ], [ 122.034925144000127, 6.61583752900003 ], [ 122.03002564800012, 6.617820360000053 ], [ 122.036241, 6.642316900000025 ], [ 122.036717800000019, 6.653846200000031 ], [ 122.047530300000062, 6.657513700000038 ], [ 122.051534500000116, 6.667949200000066 ], [ 122.044292300000066, 6.682791300000076 ], [ 122.030621839000105, 6.701449177000029 ], [ 122.03570215600007, 6.71016990100003 ], [ 122.031237135000097, 6.721606987000029 ], [ 122.035099682, 6.728068570000062 ], [ 122.032589305000101, 6.741121540000051 ] ] ] ] } },
{ "type": "Feature", "properties": { "adm1_psgc": 1400000000, "adm2_psgc": 1400100000, "adm2_en": "Abra", "geo_level": "Prov", "len_crs": 286954, "area_crs": 3928807754, "len_km": 286, "area_km2": 3928 }, "geometry": { "type": "Polygon", "coordinates": [ [ [ 121.110672673000067, 17.684892269000041 ], [ 121.108834586000071, 17.739445818000032 ], [ 121.107269051000102, 17.749689166000053 ], [ 121.097754253000076, 17.792105583000019 ], [ 121.095409078000117, 17.807444379000064 ], [ 121.08274766500007, 17.83620884100003 ], [ 121.07739161500001, 17.842775292000059 ], [ 121.060553664000054, 17.847895117000064 ], [ 121.03641414300013, 17.84251865900006 ], [ 121.01914682000006, 17.841822682000039 ], [ 121.01063238100005, 17.844534031000023 ], [ 121.002466039000069, 17.853323841000076 ], [ 121.001162595000096, 17.866530141000052 ], [ 121.000191450000116, 17.903133044000072 ], [ 120.994345566000092, 17.924710094000034 ], [ 120.984689907000075, 17.94174900400003 ], [ 120.972008600000095, 17.946069066000067 ], [ 120.956330313000095, 17.958085839000027 ], [ 120.945469793000015, 17.959179393000056 ], [ 120.931259985000096, 17.973635974000043 ], [ 120.920395602000099, 17.95626482200003 ], [ 120.909973554000089, 17.949925270000048 ], [ 120.894585572000082, 17.951472294000038 ], [ 120.879379628000038, 17.957658047000049 ], [ 120.864944665000067, 17.961519929000076 ], [ 120.850204681000051, 17.962860961000043 ], [ 120.833694659000102, 17.959454283000071 ], [ 120.826042623000049, 17.95475861500006 ], [ 120.804588424000045, 17.929440252000063 ], [ 120.783752282000037, 17.911236471000052 ], [ 120.755531225000027, 17.903190151000043 ], [ 120.743652215000111, 17.901404344000071 ], [ 120.728249147000042, 17.892507978000026 ], [ 120.717849994000062, 17.873326176000035 ], [ 120.713090887, 17.859955993000028 ], [ 120.690868688000023, 17.834579642000051 ], [ 120.681853656000044, 17.830346956000025 ], [ 120.63328457800003, 17.819094975000045 ], [ 120.627555551000114, 17.81559922200006 ], [ 120.602225506000096, 17.809284779000055 ], [ 120.582793428000045, 17.799097519000039 ], [ 120.573958351000101, 17.78924116100006 ], [ 120.567725251000084, 17.776771937000031 ], [ 120.552652264000017, 17.753702276000066 ], [ 120.542743836000113, 17.735323652000037 ], [ 120.538764185000105, 17.722382364000055 ], [ 120.538770104000051, 17.713123117000062 ], [ 120.529687317000025, 17.692937735000037 ], [ 120.516385056000118, 17.649240339000077 ], [ 120.497818324000036, 17.625130266000042 ], [ 120.490742842000046, 17.598908939000069 ], [ 120.488095728000076, 17.584616799000059 ], [ 120.487584588000104, 17.566985840000026 ], [ 120.489645972000062, 17.553233664000061 ], [ 120.487538413000038, 17.544978136000054 ], [ 120.47573633200011, 17.534417844000071 ], [ 120.468167177000041, 17.514727060000041 ], [ 120.467786026000098, 17.49566518600005 ], [ 120.474415934000049, 17.484247811000042 ], [ 120.496032493000044, 17.487306537000048 ], [ 120.511593202000086, 17.498232664000049 ], [ 120.525307881000117, 17.499717088000068 ], [ 120.533743035000043, 17.498412544000079 ], [ 120.543336712000027, 17.492196233000076 ], [ 120.565490741000062, 17.50175551600006 ], [ 120.57589346400006, 17.491012723000036 ], [ 120.588891004000061, 17.492162257000068 ], [ 120.581659481000088, 17.471827468000072 ], [ 120.577860015000041, 17.430012811000037 ], [ 120.574865949000014, 17.423109443000044 ], [ 120.552014583000087, 17.385100037000029 ], [ 120.54280925400009, 17.37176406400004 ], [ 120.537813638000102, 17.356986044000053 ], [ 120.538610613000074, 17.343604767000045 ], [ 120.557525916000046, 17.316734222000036 ], [ 120.566759855000114, 17.307159984000059 ], [ 120.59021434400006, 17.308653242000045 ], [ 120.593611170000045, 17.310185620000027 ], [ 120.611949292000091, 17.302219217000076 ], [ 120.63616998800002, 17.275628543000032 ], [ 120.666491159000088, 17.26341849500005 ], [ 120.678400995000047, 17.256838869000031 ], [ 120.673083145000092, 17.24240648500006 ], [ 120.679876499000088, 17.235214805000059 ], [ 120.683469684000087, 17.22615385000006 ], [ 120.682034958000045, 17.21805789900003 ], [ 120.675996865000101, 17.211330383000075 ], [ 120.680013117000044, 17.198794214000028 ], [ 120.68144676200005, 17.18662150900008 ], [ 120.687213689000046, 17.184702805000029 ], [ 120.691625758000114, 17.172729916000041 ], [ 120.702760140000024, 17.174974877000064 ], [ 120.733682569000067, 17.167989204000037 ], [ 120.739607112000044, 17.159119152000073 ], [ 120.743660918000046, 17.161752933000059 ], [ 120.751333295000109, 17.155256325000039 ], [ 120.786224176000019, 17.158848836000054 ], [ 120.796195470000043, 17.161847805000036 ], [ 120.804746384000055, 17.17126978500005 ], [ 120.82752492300007, 17.181241395000026 ], [ 120.853153342000041, 17.187441957000033 ], [ 120.882312819000049, 17.188722620000021 ], [ 120.89104587700001, 17.19081856900004 ], [ 120.910759010000106, 17.213078086000053 ], [ 120.911899627000039, 17.24891692500006 ], [ 120.9179180430001, 17.267102484000077 ], [ 120.926322399000014, 17.273389456000071 ], [ 120.924828175000016, 17.284791053000049 ], [ 120.930238215000031, 17.294310680000027 ], [ 120.937854522000066, 17.315444943000045 ], [ 120.944740034, 17.322072849000051 ], [ 120.956224768000084, 17.340714356000031 ], [ 120.963372970000023, 17.367742754000062 ], [ 120.974229826000055, 17.379534546000059 ], [ 120.982509252000114, 17.382881326000078 ], [ 120.992074469000059, 17.400302743000051 ], [ 120.992811498000037, 17.41780664200007 ], [ 120.999377612000103, 17.432616061000033 ], [ 120.999187279000012, 17.465187627000027 ], [ 120.992801990000103, 17.478213962000041 ], [ 120.993617933000095, 17.486373683000068 ], [ 120.999779190000027, 17.494860908000071 ], [ 121.028104663000022, 17.507897295000081 ], [ 121.03788846100008, 17.518238143000076 ], [ 121.059393276000023, 17.528416694000043 ], [ 121.069926369000086, 17.547774894000042 ], [ 121.102092947000088, 17.549275671000029 ], [ 121.109023575000037, 17.553992790000052 ], [ 121.111559558000081, 17.576103395000072 ], [ 121.116910224000094, 17.586175561000065 ], [ 121.11109822100002, 17.598684629000047 ], [ 121.093955110000039, 17.606903579000065 ], [ 121.089186611000059, 17.613666139000028 ], [ 121.090397174000017, 17.621290806000044 ], [ 121.098311871000078, 17.63087930600005 ], [ 121.090458294000101, 17.643479373000048 ], [ 121.089810045000021, 17.670927555000048 ], [ 121.103287440000045, 17.67510097100006 ], [ 121.110672673000067, 17.684892269000041 ] ] ] } },
{ "type": "Feature", "properties": { "adm1_psgc": 1400000000, "adm2_psgc": 1401100000, "adm2_en": "Benguet", "geo_level": "Prov", "len_crs": 239663, "area_crs": 2834910329, "len_km": 239, "area_km2": 2834 }, "geometry": { "type": "Polygon", "coordinates": [ [ [ 120.785273853000035, 16.921335007000039 ], [ 120.770621284000086, 16.921185493000049 ], [ 120.75882434800009, 16.926498180000063 ], [ 120.74751261300004, 16.926550587000058 ], [ 120.738568886000053, 16.915983209000046 ], [ 120.669563, 16.911981 ], [ 120.660077764000093, 16.908990164000038 ], [ 120.65715485500003, 16.901457238000031 ], [ 120.644331706000116, 16.897367019000058 ], [ 120.624535940000115, 16.877777002000073 ], [ 120.613051106000057, 16.856985229000031 ], [ 120.610183557000028, 16.840016965000075 ], [ 120.58601613200004, 16.836661373000027 ], [ 120.585022532000053, 16.820095662000021 ], [ 120.589617441000087, 16.747182695000053 ], [ 120.599036249000065, 16.738317935000055 ], [ 120.574522211000058, 16.671264867000041 ], [ 120.565064884000094, 16.669766382000034 ], [ 120.541219833000014, 16.638014294000072 ], [ 120.517856678000044, 16.594691728000043 ], [ 120.512037734000032, 16.571698316000035 ], [ 120.517080502000113, 16.568623203000072 ], [ 120.516357943000116, 16.55802040400004 ], [ 120.512631362000107, 16.550257849000044 ], [ 120.488090299000064, 16.540866315000073 ], [ 120.478208390000077, 16.529996216000029 ], [ 120.47904665800003, 16.522822865000023 ], [ 120.467346390000102, 16.502706239000076 ], [ 120.471244890000108, 16.487610331000035 ], [ 120.473114912000014, 16.472720889000069 ], [ 120.469969887000047, 16.424879316000037 ], [ 120.466731366000104, 16.41773058200004 ], [ 120.461018004000039, 16.417714876000048 ], [ 120.453307493000011, 16.407515257000053 ], [ 120.453822480000113, 16.396986618000025 ], [ 120.444614374000011, 16.38612987700003 ], [ 120.469037159000095, 16.379756875000052 ], [ 120.484400411000038, 16.358889514000055 ], [ 120.480849905000028, 16.347608377000029 ], [ 120.494724172, 16.347753779000076 ], [ 120.496052320000103, 16.34065087800008 ], [ 120.490631497000109, 16.332446348000076 ], [ 120.499124768000129, 16.323063542000057 ], [ 120.497369650000095, 16.31297650700003 ], [ 120.500829506000073, 16.293355268000028 ], [ 120.50654804300008, 16.287193684000037 ], [ 120.510599752000076, 16.275798020000025 ], [ 120.512568636000083, 16.25984597900003 ], [ 120.516699384000063, 16.249475371000077 ], [ 120.512648716000058, 16.231447905000035 ], [ 120.520202945000065, 16.233441361000072 ], [ 120.542753623000053, 16.222234379000042 ], [ 120.558021002000032, 16.218416174000026 ], [ 120.628418151, 16.18062420900003 ], [ 120.632371857000066, 16.183949238000025 ], [ 120.658621739000068, 16.184813867000063 ], [ 120.681965583000078, 16.183926918000054 ], [ 120.697753236000054, 16.191001208000049 ], [ 120.768965908000041, 16.19803365700005 ], [ 120.783773702000076, 16.246740281000033 ], [ 120.80005260900009, 16.30484574400003 ], [ 120.813119883000027, 16.303560539000046 ], [ 120.815926528000105, 16.313149908000064 ], [ 120.828322541000034, 16.319698745000039 ], [ 120.845522981000045, 16.319500078000026 ], [ 120.860347224000066, 16.353388911000021 ], [ 120.863920017000055, 16.374813353000036 ], [ 120.871158446000081, 16.384243957000024 ], [ 120.878144824000074, 16.421579058000077 ], [ 120.889427, 16.436073 ], [ 120.883206335000082, 16.505391507000066 ], [ 120.886105436000079, 16.519241647000058 ], [ 120.892109725000068, 16.558460226000022 ], [ 120.904408995000026, 16.595359904000077 ], [ 120.929506148000073, 16.600053544000048 ], [ 120.915167948000075, 16.629962363000061 ], [ 120.904824254000118, 16.65839390300005 ], [ 120.894328518000066, 16.69284489700004 ], [ 120.893334633000109, 16.712343139000044 ], [ 120.893804437000085, 16.743587141000035 ], [ 120.898612104000108, 16.776322584000066 ], [ 120.892321812000091, 16.814869805000054 ], [ 120.893014454000081, 16.821064410000073 ], [ 120.886164533000056, 16.827413768000039 ], [ 120.87463829900004, 16.827334624000059 ], [ 120.864911640000059, 16.83344119700007 ], [ 120.856741026000023, 16.841856358000022 ], [ 120.856239300000098, 16.854523264000026 ], [ 120.852085033000108, 16.857546068000033 ], [ 120.851064851000046, 16.897935729000036 ], [ 120.841316387, 16.906636921000022 ], [ 120.82131214900005, 16.901669063000039 ], [ 120.811725297000066, 16.896213617000058 ], [ 120.796138207, 16.90044759500006 ], [ 120.785273853000035, 16.921335007000039 ] ] ] } },
{ "type": "Feature", "properties": { "adm1_psgc": 1400000000, "adm2_psgc": 1402700000, "adm2_en": "Ifugao", "geo_level": "Prov", "len_crs": 241017, "area_crs": 2506937851, "len_km": 241, "area_km2": 2506 }, "geometry": { "type": "Polygon", "coordinates": [ [ [ 121.567500181, 17.079056575000038 ], [ 121.487549784000066, 17.079485199000032 ], [ 121.417126610000068, 17.068019438000022 ], [ 121.402701925000088, 17.071855791000072 ], [ 121.373220900000106, 17.073493161000048 ], [ 121.348729348, 17.064332198000042 ], [ 121.285724363000085, 17.02712747400005 ], [ 121.260671936000122, 17.01628388600005 ], [ 121.244937618000122, 17.00585070000005 ], [ 121.22845718900011, 17.00609120200005 ], [ 121.214385038000046, 17.003306597000062 ], [ 121.189566555000056, 17.002994472000072 ], [ 121.16356277400007, 17.004286779000036 ], [ 121.145365111000046, 17.012346237000031 ], [ 121.116631436000034, 17.008416985000054 ], [ 121.107651136000086, 17.008846962000064 ], [ 121.07499735600004, 17.002940487000039 ], [ 121.032705947000068, 16.98976132600006 ], [ 121.022998198000096, 16.985088674000053 ], [ 121.008986314000026, 16.984268722000021 ], [ 120.993869969000116, 16.989062895000071 ], [ 120.984110008000016, 16.984235071000057 ], [ 120.971987357000117, 16.968866439000067 ], [ 120.965727566000069, 16.955652496000024 ], [ 120.963220579000094, 16.940686287000066 ], [ 120.95593068800008, 16.92393788500004 ], [ 120.94644349500004, 16.897973181000054 ], [ 120.922798011000069, 16.875224339000056 ], [ 120.921381359000065, 16.861439122000036 ], [ 120.91012830800004, 16.834113549000044 ], [ 120.893014454000081, 16.821064410000073 ], [ 120.892321812000091, 16.814869805000054 ], [ 120.898612104000108, 16.776322584000066 ], [ 120.893804437000085, 16.743587141000035 ], [ 120.893334633000109, 16.712343139000044 ], [ 120.894328518000066, 16.69284489700004 ], [ 120.904824254000118, 16.65839390300005 ], [ 120.915167948000075, 16.629962363000061 ], [ 120.929506148000073, 16.600053544000048 ], [ 120.939937462000117, 16.585082947000046 ], [ 120.947539986000038, 16.57919712100005 ], [ 120.973110894000115, 16.569449608000074 ], [ 120.98371653300002, 16.569470823000071 ], [ 121.02794433300005, 16.602274068000042 ], [ 121.035703052000045, 16.610006107000061 ], [ 121.072131626000115, 16.627830254000056 ], [ 121.105634175000091, 16.630561377000049 ], [ 121.135497763000103, 16.644747052000074 ], [ 121.152656578, 16.642093668000026 ], [ 121.160582866000041, 16.63868909200005 ], [ 121.169907304000048, 16.645897642000023 ], [ 121.176695740000014, 16.640269839000041 ], [ 121.196900267000061, 16.639026568000077 ], [ 121.214071073000028, 16.645740106000062 ], [ 121.22163417600008, 16.644468338000024 ], [ 121.231739463000054, 16.648580510000048 ], [ 121.236040504000016, 16.654163596000043 ], [ 121.243822736000084, 16.65130683000007 ], [ 121.259289483000074, 16.651784470000049 ], [ 121.26038281600006, 16.65833172900005 ], [ 121.276433284000049, 16.668528836000061 ], [ 121.286161282000094, 16.65692652500007 ], [ 121.29482832500004, 16.663304078000067 ], [ 121.291372404000072, 16.673553481000056 ], [ 121.293523464000032, 16.681738970000023 ], [ 121.288236500000053, 16.68623673400003 ], [ 121.293653557000084, 16.694119219000072 ], [ 121.304365543000017, 16.693060208000077 ], [ 121.313764566000046, 16.696882911000046 ], [ 121.315412599000084, 16.701307632000066 ], [ 121.31434472400008, 16.717911633000025 ], [ 121.320424787000093, 16.726835050000034 ], [ 121.330366847000064, 16.735431461000076 ], [ 121.333814969000059, 16.75193643800003 ], [ 121.326168365000072, 16.757541116000024 ], [ 121.331746610000096, 16.764860861000042 ], [ 121.344815097000037, 16.767646065000058 ], [ 121.343540995000012, 16.777540968000039 ], [ 121.336319908000078, 16.780500499000031 ], [ 121.339172640000015, 16.78847038300006 ], [ 121.344672659000025, 16.78902570300005 ], [ 121.354090181000075, 16.783638653000025 ], [ 121.362115751000033, 16.78934813100005 ], [ 121.375918018000107, 16.788450158000046 ], [ 121.37198409500003, 16.795425584000043 ], [ 121.386013170000084, 16.796678027000038 ], [ 121.394596220000054, 16.805247457000064 ], [ 121.401748112000078, 16.804870022000046 ], [ 121.419519451000042, 16.817469334000066 ], [ 121.439051698000071, 16.820722482000065 ], [ 121.444910804000074, 16.824525761000078 ], [ 121.458262657000077, 16.826283526000058 ], [ 121.473417144000123, 16.831616218000022 ], [ 121.479135364000072, 16.83597295800007 ], [ 121.502348616000063, 16.834543403000051 ], [ 121.521322340000111, 16.838934767000065 ], [ 121.531828115000053, 16.851337643000022 ], [ 121.531295320000041, 16.859584077000022 ], [ 121.538720256000047, 16.878562428000066 ], [ 121.548871579000092, 16.873689200000062 ], [ 121.556826752, 16.891442592000033 ], [ 121.558424331000097, 16.899086606000029 ], [ 121.568222435000052, 16.909511535000032 ], [ 121.568206333000035, 16.947958104000069 ], [ 121.563411692000045, 16.955169948000044 ], [ 121.560716872000057, 17.009457810000072 ], [ 121.568436737000084, 17.018527584000026 ], [ 121.571490821000125, 17.040943460000054 ], [ 121.568600048000022, 17.060962171000032 ], [ 121.567500181, 17.079056575000038 ] ] ] } },
{ "type": "Feature", "properties": { "adm1_psgc": 1400000000, "adm2_psgc": 1403200000, "adm2_en": "Kalinga", "geo_level": "Prov", "len_crs": 271958, "area_crs": 2825184043, "len_km": 271, "area_km2": 2825 }, "geometry": { "type": "Polygon", "coordinates": [ [ [ 121.534515247000058, 17.269512453000065 ], [ 121.530174788000082, 17.274919214000022 ], [ 121.533217002, 17.296518934000058 ], [ 121.538700115000097, 17.317268562000038 ], [ 121.548171317000069, 17.323746236000034 ], [ 121.559931277000032, 17.350483108000045 ], [ 121.582194548000075, 17.353559068000031 ], [ 121.593478226000116, 17.39691670600007 ], [ 121.606080692000091, 17.421432186000064 ], [ 121.629096215000132, 17.418319980000039 ], [ 121.627934809000081, 17.431389672000012 ], [ 121.637927048000051, 17.453543829000072 ], [ 121.644809345000112, 17.480184976000036 ], [ 121.647230678000042, 17.500483730000042 ], [ 121.639614542000118, 17.504361036000034 ], [ 121.633558729000015, 17.518265905000082 ], [ 121.625972931000106, 17.528587955000035 ], [ 121.632575108000083, 17.533221769000015 ], [ 121.614202603000081, 17.560316989000057 ], [ 121.603042844000015, 17.563412498000044 ], [ 121.599720091000108, 17.548195070000077 ], [ 121.576734162000079, 17.555490541000037 ], [ 121.573304522000072, 17.564788665000034 ], [ 121.546723013, 17.580621351000048 ], [ 121.533923252000022, 17.584324932000072 ], [ 121.52581727300003, 17.583678302000063 ], [ 121.514075936000054, 17.590183152000066 ], [ 121.496614159000046, 17.591042718000036 ], [ 121.491907662000031, 17.609354548000052 ], [ 121.487236036000027, 17.610048520000078 ], [ 121.488841523000033, 17.62598446100003 ], [ 121.484090594, 17.638499731000024 ], [ 121.485123663000081, 17.647321689000027 ], [ 121.472673771000032, 17.659530498000041 ], [ 121.477343506000025, 17.66774244800007 ], [ 121.466322002000098, 17.672321574000019 ], [ 121.458121150000025, 17.668617631000075 ], [ 121.457623968, 17.663079060000026 ], [ 121.449612956, 17.661005241000055 ], [ 121.440100002, 17.666039014000035 ], [ 121.436756047000017, 17.671347725000036 ], [ 121.439176462000091, 17.685619626000058 ], [ 121.436554892000117, 17.693226160000044 ], [ 121.43276072400009, 17.69065986500004 ], [ 121.416668518000051, 17.666664041000047 ], [ 121.381837133000104, 17.650711586000053 ], [ 121.371178225000108, 17.641694643000051 ], [ 121.34969516000001, 17.652796137000053 ], [ 121.298744571000057, 17.656108374000038 ], [ 121.304827836000086, 17.664634039000081 ], [ 121.296552127000055, 17.67974115200008 ], [ 121.284441033, 17.683695749000037 ], [ 121.266147986000092, 17.683203898000045 ], [ 121.253060850000111, 17.671175680000029 ], [ 121.251988565000033, 17.657723130000019 ], [ 121.240447479000068, 17.654378180000034 ], [ 121.231195203000084, 17.636298353000029 ], [ 121.2177268370001, 17.635887005000026 ], [ 121.200071431000083, 17.643362805000034 ], [ 121.176720484000043, 17.657100940000078 ], [ 121.168954073000023, 17.669929999000033 ], [ 121.146012599000073, 17.66329793500006 ], [ 121.143613601000084, 17.674121846000045 ], [ 121.132576031000113, 17.672342716000056 ], [ 121.120603675000098, 17.674340542000039 ], [ 121.117229600000101, 17.683613447000027 ], [ 121.110672673000067, 17.684892269000041 ], [ 121.103287440000045, 17.67510097100006 ], [ 121.089810045000021, 17.670927555000048 ], [ 121.090458294000101, 17.643479373000048 ], [ 121.098311871000078, 17.63087930600005 ], [ 121.090397174000017, 17.621290806000044 ], [ 121.089186611000059, 17.613666139000028 ], [ 121.093955110000039, 17.606903579000065 ], [ 121.11109822100002, 17.598684629000047 ], [ 121.116910224000094, 17.586175561000065 ], [ 121.111559558000081, 17.576103395000072 ], [ 121.109023575000037, 17.553992790000052 ], [ 121.102092947000088, 17.549275671000029 ], [ 121.069926369000086, 17.547774894000042 ], [ 121.059393276000023, 17.528416694000043 ], [ 121.03788846100008, 17.518238143000076 ], [ 121.028104663000022, 17.507897295000081 ], [ 120.999779190000027, 17.494860908000071 ], [ 120.993617933000095, 17.486373683000068 ], [ 120.992801990000103, 17.478213962000041 ], [ 120.999187279000012, 17.465187627000027 ], [ 120.999377612000103, 17.432616061000033 ], [ 120.992811498000037, 17.41780664200007 ], [ 120.992074469000059, 17.400302743000051 ], [ 120.982509252000114, 17.382881326000078 ], [ 120.974229826000055, 17.379534546000059 ], [ 120.963372970000023, 17.367742754000062 ], [ 120.956224768000084, 17.340714356000031 ], [ 120.944740034, 17.322072849000051 ], [ 120.937854522000066, 17.315444943000045 ], [ 120.930238215000031, 17.294310680000027 ], [ 120.924828175000016, 17.284791053000049 ], [ 120.926322399000014, 17.273389456000071 ], [ 120.9179180430001, 17.267102484000077 ], [ 120.911899627000039, 17.24891692500006 ], [ 120.943198942000109, 17.244172087000038 ], [ 120.948710222000045, 17.241077373000053 ], [ 121.000589439000024, 17.241411189000079 ], [ 121.03021587, 17.239744102000028 ], [ 121.053693004000024, 17.231019645000057 ], [ 121.068825396000079, 17.229444780000051 ], [ 121.083339798000125, 17.216087337000026 ], [ 121.088168522000046, 17.196828433000061 ], [ 121.100403856000071, 17.186487388000046 ], [ 121.115927326, 17.177645578000067 ], [ 121.132014519000109, 17.175423224000038 ], [ 121.159789031000059, 17.169494195000031 ], [ 121.180000356000065, 17.172262232000033 ], [ 121.185192172000029, 17.170837624000058 ], [ 121.199696305000089, 17.174169696000032 ], [ 121.214767759000097, 17.18103680300004 ], [ 121.226015451000094, 17.182766731000072 ], [ 121.24823630000003, 17.193514290000049 ], [ 121.25722663900001, 17.210712632000025 ], [ 121.260420452000076, 17.227466824000029 ], [ 121.27378764200013, 17.230986161000036 ], [ 121.286042871000078, 17.23152001700004 ], [ 121.2882245280001, 17.241259126000038 ], [ 121.292611641, 17.244221853000056 ], [ 121.303383068, 17.241337970000075 ], [ 121.31843397800003, 17.231134322000059 ], [ 121.328717896000072, 17.232170652000033 ], [ 121.338322010000056, 17.238830581000059 ], [ 121.341173320000053, 17.24512194600004 ], [ 121.351815090000059, 17.247008727000036 ], [ 121.364940528000034, 17.254438967000056 ], [ 121.376033218000103, 17.257487758000025 ], [ 121.39100294900004, 17.267413345000023 ], [ 121.400272030000124, 17.281527537000045 ], [ 121.40660645200002, 17.285513354000045 ], [ 121.470172576000095, 17.292494393000023 ], [ 121.485966384000093, 17.293187191000072 ], [ 121.505909524000131, 17.286560694000059 ], [ 121.514964601000088, 17.278042396000046 ], [ 121.534515247000058, 17.269512453000065 ] ] ] } },
{ "type": "Feature", "properties": { "adm1_psgc": 1400000000, "adm2_psgc": 1404400000, "adm2_en": "Mountain Province", "geo_level": "Prov", "len_crs": 260383, "area_crs": 2112907213, "len_km": 260, "area_km2": 2112 }, "geometry": { "type": "Polygon", "coordinates": [ [ [ 121.534515247000058, 17.269512453000065 ], [ 121.514964601000088, 17.278042396000046 ], [ 121.505909524000131, 17.286560694000059 ], [ 121.485966384000093, 17.293187191000072 ], [ 121.470172576000095, 17.292494393000023 ], [ 121.40660645200002, 17.285513354000045 ], [ 121.400272030000124, 17.281527537000045 ], [ 121.39100294900004, 17.267413345000023 ], [ 121.376033218000103, 17.257487758000025 ], [ 121.364940528000034, 17.254438967000056 ], [ 121.351815090000059, 17.247008727000036 ], [ 121.341173320000053, 17.24512194600004 ], [ 121.338322010000056, 17.238830581000059 ], [ 121.328717896000072, 17.232170652000033 ], [ 121.31843397800003, 17.231134322000059 ], [ 121.303383068, 17.241337970000075 ], [ 121.292611641, 17.244221853000056 ], [ 121.2882245280001, 17.241259126000038 ], [ 121.286042871000078, 17.23152001700004 ], [ 121.27378764200013, 17.230986161000036 ], [ 121.260420452000076, 17.227466824000029 ], [ 121.25722663900001, 17.210712632000025 ], [ 121.24823630000003, 17.193514290000049 ], [ 121.226015451000094, 17.182766731000072 ], [ 121.214767759000097, 17.18103680300004 ], [ 121.199696305000089, 17.174169696000032 ], [ 121.185192172000029, 17.170837624000058 ], [ 121.180000356000065, 17.172262232000033 ], [ 121.159789031000059, 17.169494195000031 ], [ 121.132014519000109, 17.175423224000038 ], [ 121.115927326, 17.177645578000067 ], [ 121.100403856000071, 17.186487388000046 ], [ 121.088168522000046, 17.196828433000061 ], [ 121.083339798000125, 17.216087337000026 ], [ 121.068825396000079, 17.229444780000051 ], [ 121.053693004000024, 17.231019645000057 ], [ 121.03021587, 17.239744102000028 ], [ 121.000589439000024, 17.241411189000079 ], [ 120.948710222000045, 17.241077373000053 ], [ 120.943198942000109, 17.244172087000038 ], [ 120.911899627000039, 17.24891692500006 ], [ 120.910759010000106, 17.213078086000053 ], [ 120.89104587700001, 17.19081856900004 ], [ 120.882312819000049, 17.188722620000021 ], [ 120.853153342000041, 17.187441957000033 ], [ 120.82752492300007, 17.181241395000026 ], [ 120.804746384000055, 17.17126978500005 ], [ 120.812355205000017, 17.155871674000025 ], [ 120.77482395200002, 17.108020993000022 ], [ 120.767612847000024, 17.066790583000053 ], [ 120.774795896000114, 17.036158508000028 ], [ 120.777079507000053, 17.017552260000059 ], [ 120.780091127000105, 17.016488273000046 ], [ 120.781478270000093, 16.962984348000077 ], [ 120.785273853000035, 16.921335007000039 ], [ 120.796138207, 16.90044759500006 ], [ 120.811725297000066, 16.896213617000058 ], [ 120.82131214900005, 16.901669063000039 ], [ 120.841316387, 16.906636921000022 ], [ 120.851064851000046, 16.897935729000036 ], [ 120.852085033000108, 16.857546068000033 ], [ 120.856239300000098, 16.854523264000026 ], [ 120.856741026000023, 16.841856358000022 ], [ 120.864911640000059, 16.83344119700007 ], [ 120.87463829900004, 16.827334624000059 ], [ 120.886164533000056, 16.827413768000039 ], [ 120.893014454000081, 16.821064410000073 ], [ 120.91012830800004, 16.834113549000044 ], [ 120.921381359000065, 16.861439122000036 ], [ 120.922798011000069, 16.875224339000056 ], [ 120.94644349500004, 16.897973181000054 ], [ 120.95593068800008, 16.92393788500004 ], [ 120.963220579000094, 16.940686287000066 ], [ 120.965727566000069, 16.955652496000024 ], [ 120.971987357000117, 16.968866439000067 ], [ 120.984110008000016, 16.984235071000057 ], [ 120.993869969000116, 16.989062895000071 ], [ 121.008986314000026, 16.984268722000021 ], [ 121.022998198000096, 16.985088674000053 ], [ 121.032705947000068, 16.98976132600006 ], [ 121.07499735600004, 17.002940487000039 ], [ 121.107651136000086, 17.008846962000064 ], [ 121.116631436000034, 17.008416985000054 ], [ 121.145365111000046, 17.012346237000031 ], [ 121.16356277400007, 17.004286779000036 ], [ 121.189566555000056, 17.002994472000072 ], [ 121.214385038000046, 17.003306597000062 ], [ 121.22845718900011, 17.00609120200005 ], [ 121.244937618000122, 17.00585070000005 ], [ 121.260671936000122, 17.01628388600005 ], [ 121.285724363000085, 17.02712747400005 ], [ 121.348729348, 17.064332198000042 ], [ 121.373220900000106, 17.073493161000048 ], [ 121.402701925000088, 17.071855791000072 ], [ 121.417126610000068, 17.068019438000022 ], [ 121.487549784000066, 17.079485199000032 ], [ 121.567500181, 17.079056575000038 ], [ 121.565719026000011, 17.099284737000065 ], [ 121.565604363000034, 17.120795691000065 ], [ 121.567158738000117, 17.135021686000069 ], [ 121.559902269000091, 17.144528349000041 ], [ 121.562665110000012, 17.15295057000003 ], [ 121.561398005000115, 17.183361080000054 ], [ 121.555392562000065, 17.187029092000049 ], [ 121.54913468000008, 17.196523808000052 ], [ 121.550501344000054, 17.208536063000054 ], [ 121.547696087000077, 17.214578156000073 ], [ 121.54676100100005, 17.227525497000045 ], [ 121.542783934000113, 17.247162222000043 ], [ 121.544975560000012, 17.264894462000029 ], [ 121.534515247000058, 17.269512453000065 ] ] ] } },
{ "type": "Feature", "properties": { "adm1_psgc": 1400000000, "adm2_psgc": 1408100000, "adm2_en": "Apayao", "geo_level": "Prov", "len_crs": 348199, "area_crs": 3989271372, "len_km": 348, "area_km2": 3989 }, "geometry": { "type": "Polygon", "coordinates": [ [ [ 121.436554892000117, 17.693226160000044 ], [ 121.431406350000088, 17.701014225000055 ], [ 121.428253291000033, 17.729608221000039 ], [ 121.424688607, 17.740361742000061 ], [ 121.416502685000069, 17.749347273000062 ], [ 121.414117883000017, 17.763193662000049 ], [ 121.388297315000045, 17.793630291000053 ], [ 121.373392402000036, 17.800851305000037 ], [ 121.35867264400008, 17.80464696600006 ], [ 121.334958619000076, 17.802725580000075 ], [ 121.321554352000021, 17.804230816000022 ], [ 121.311341711000068, 17.809270224000045 ], [ 121.31851544800007, 17.814975002000036 ], [ 121.324138655000084, 17.847130672000041 ], [ 121.33419859300011, 17.864568868000045 ], [ 121.346961776000057, 17.879415140000045 ], [ 121.352836965000066, 17.903187702000022 ], [ 121.357067463000021, 17.913196704000033 ], [ 121.357452119000087, 17.922368543000058 ], [ 121.341553492000116, 17.939658242000061 ], [ 121.315118209000048, 17.970783156000039 ], [ 121.326452525000036, 17.976867690000066 ], [ 121.320503033000023, 17.984501248000068 ], [ 121.324194607000081, 17.990057396000054 ], [ 121.331775914000104, 17.991224670000069 ], [ 121.33356928, 18.003563606000057 ], [ 121.337682967000106, 18.012235258000029 ], [ 121.344450202000075, 18.016938537000041 ], [ 121.349274636000018, 18.026755806000036 ], [ 121.346891438000071, 18.038610847000029 ], [ 121.364469416000034, 18.061619119000056 ], [ 121.427838, 18.035335404000023 ], [ 121.460359096000047, 18.049410337000037 ], [ 121.465672993000126, 18.104678719000045 ], [ 121.460513760000026, 18.12256199900002 ], [ 121.468931816, 18.12564935000006 ], [ 121.47512921100008, 18.140159116000063 ], [ 121.481891984000086, 18.144383671000071 ], [ 121.485076760000069, 18.15768055400002 ], [ 121.4825005040001, 18.16832630600004 ], [ 121.488785463000113, 18.217272336000065 ], [ 121.489483607000025, 18.238844983000028 ], [ 121.480590108000129, 18.263379838000048 ], [ 121.467913863000049, 18.262596828000024 ], [ 121.464626964000118, 18.284910661000026 ], [ 121.480223206000119, 18.306371174000049 ], [ 121.46684622600003, 18.307332271000064 ], [ 121.461256803000097, 18.31461976800006 ], [ 121.415834399000119, 18.32357207300004 ], [ 121.402382743000103, 18.340896047000054 ], [ 121.36965570100007, 18.357264118000046 ], [ 121.333041894000075, 18.377891204000036 ], [ 121.3186229800001, 18.38715477900007 ], [ 121.285557010000048, 18.388537952000032 ], [ 121.24884436800005, 18.428879903000048 ], [ 121.22654139600003, 18.436471329000032 ], [ 121.227702087000011, 18.44172040200004 ], [ 121.2257967500001, 18.472817545000051 ], [ 121.220860839, 18.483043994000067 ], [ 121.222081154000094, 18.500580942000056 ], [ 121.167863700000098, 18.521977657000036 ], [ 121.169231043000096, 18.539120576000069 ], [ 121.156003384000087, 18.543774998000064 ], [ 121.118480915000077, 18.543110654000039 ], [ 121.089064313000108, 18.495391214000048 ], [ 121.08905418300003, 18.527137542000041 ], [ 121.093500996000117, 18.541745912000067 ], [ 121.061365389000116, 18.539197991000037 ], [ 121.042779304000092, 18.528185766000028 ], [ 121.038808110000119, 18.50503012800004 ], [ 121.023473063000097, 18.498688611000034 ], [ 121.002873797, 18.466105643000045 ], [ 120.958673098000062, 18.46320241200004 ], [ 120.947043607000083, 18.420625793000049 ], [ 120.948363266000115, 18.381693430000041 ], [ 120.916666361000011, 18.28456025600007 ], [ 120.926764055000049, 18.241938255000036 ], [ 120.938790224000059, 18.220894881000049 ], [ 120.943167520000088, 18.216516776000049 ], [ 120.97006946800002, 18.181863920000069 ], [ 120.961904914000129, 18.166419763000025 ], [ 120.94987539300007, 18.139765720000071 ], [ 120.944558383000071, 18.12289432700004 ], [ 120.935532112000033, 18.106406868000018 ], [ 120.928141304000079, 18.088193385000068 ], [ 120.927885303000039, 18.079309269000074 ], [ 120.935461889000067, 18.068995150000031 ], [ 120.932988149000053, 18.057569600000022 ], [ 120.935841209000046, 18.048433540000076 ], [ 120.933395539000131, 18.02913028100005 ], [ 120.9277503080001, 18.020743286000023 ], [ 120.938122879000034, 18.01240294400003 ], [ 120.939314816000106, 18.005185315000059 ], [ 120.946945971000105, 17.99709437600006 ], [ 120.944833510000066, 17.989445019000065 ], [ 120.937721638000085, 17.98429870700005 ], [ 120.931259985000096, 17.973635974000043 ], [ 120.945469793000015, 17.959179393000056 ], [ 120.956330313000095, 17.958085839000027 ], [ 120.972008600000095, 17.946069066000067 ], [ 120.984689907000075, 17.94174900400003 ], [ 120.994345566000092, 17.924710094000034 ], [ 121.000191450000116, 17.903133044000072 ], [ 121.001162595000096, 17.866530141000052 ], [ 121.002466039000069, 17.853323841000076 ], [ 121.01063238100005, 17.844534031000023 ], [ 121.01914682000006, 17.841822682000039 ], [ 121.03641414300013, 17.84251865900006 ], [ 121.060553664000054, 17.847895117000064 ], [ 121.07739161500001, 17.842775292000059 ], [ 121.08274766500007, 17.83620884100003 ], [ 121.095409078000117, 17.807444379000064 ], [ 121.097754253000076, 17.792105583000019 ], [ 121.107269051000102, 17.749689166000053 ], [ 121.108834586000071, 17.739445818000032 ], [ 121.110672673000067, 17.684892269000041 ], [ 121.117229600000101, 17.683613447000027 ], [ 121.120603675000098, 17.674340542000039 ], [ 121.132576031000113, 17.672342716000056 ], [ 121.143613601000084, 17.674121846000045 ], [ 121.146012599000073, 17.66329793500006 ], [ 121.168954073000023, 17.669929999000033 ], [ 121.176720484000043, 17.657100940000078 ], [ 121.200071431000083, 17.643362805000034 ], [ 121.2177268370001, 17.635887005000026 ], [ 121.231195203000084, 17.636298353000029 ], [ 121.240447479000068, 17.654378180000034 ], [ 121.251988565000033, 17.657723130000019 ], [ 121.253060850000111, 17.671175680000029 ], [ 121.266147986000092, 17.683203898000045 ], [ 121.284441033, 17.683695749000037 ], [ 121.296552127000055, 17.67974115200008 ], [ 121.304827836000086, 17.664634039000081 ], [ 121.298744571000057, 17.656108374000038 ], [ 121.34969516000001, 17.652796137000053 ], [ 121.371178225000108, 17.641694643000051 ], [ 121.381837133000104, 17.650711586000053 ], [ 121.416668518000051, 17.666664041000047 ], [ 121.43276072400009, 17.69065986500004 ], [ 121.436554892000117, 17.693226160000044 ] ] ] } }
]
}
